nodenumber,    x-coordinate,    y-coordinate,  axial-velocity, radial-velocity,turb-kinetic-energy,  viscosity-turb,daxial-velocity-dx,dradial-velocity-dx,daxial-velocity-dy,dradial-velocity-dy
         1, 0.000000000E+00, 0.000000000E+00, 1.222713955E+00, 5.859699720E-04, 3.741335277E-02, 2.721569919E-03,-4.494504847E-01,-2.833355748E-03,-1.127637163E-01, 2.151420069E-01
         2, 4.239977228E-03, 5.192474540E-19, 1.220881372E+00, 5.734083291E-04, 3.726545114E-02, 2.719419020E-03,-4.268672461E-01,-4.453454240E-03,-1.138041602E-01, 2.104054362E-01
         3, 8.526594205E-03, 1.044206630E-18, 1.219140254E+00, 5.513029153E-04, 3.708531065E-02, 2.717172492E-03,-4.028157133E-01,-6.222880440E-03,-1.152064022E-01, 2.022926634E-01
         4, 1.286036397E-02, 1.574940357E-18, 1.217410428E+00, 5.198422944E-04, 3.690422256E-02, 2.715037411E-03,-3.895154154E-01,-8.275840120E-03,-1.167835472E-01, 1.908459801E-01
         5, 1.724180520E-02, 2.111512155E-18, 1.215776309E+00, 4.794282596E-04, 3.672205496E-02, 2.713019081E-03,-3.578358209E-01,-1.014553983E-02,-1.183049426E-01, 1.761656515E-01
         6, 2.167144228E-02, 2.653986243E-18, 1.214272872E+00, 4.310593832E-04, 3.653885181E-02, 2.711123497E-03,-3.216178514E-01,-1.160608541E-02,-1.197981181E-01, 1.586379251E-01
         7, 2.614980538E-02, 3.202427545E-18, 1.212922733E+00, 3.768164747E-04, 3.635469695E-02, 2.709352083E-03,-2.817091504E-01,-1.255836431E-02,-1.218675546E-01, 1.388423871E-01
         8, 3.067743046E-02, 3.756901702E-18, 1.211746540E+00, 3.185235957E-04, 3.616970902E-02, 2.707701941E-03,-2.381687091E-01,-1.321047746E-02,-1.233999055E-01, 1.172781807E-01
         9, 3.525485943E-02, 4.317475075E-18, 1.210762716E+00, 2.573133337E-04, 3.598404476E-02, 2.706166910E-03,-1.923332654E-01,-1.345588382E-02,-1.230052331E-01, 9.463074212E-02
        10, 3.988264011E-02, 4.884214755E-18, 1.209980634E+00, 1.958856949E-04, 3.579788916E-02, 2.704738512E-03,-1.461522165E-01,-1.300881000E-02,-1.214137392E-01, 7.197600983E-02
        11, 4.456132638E-02, 5.457188571E-18, 1.209404274E+00, 1.374523006E-04, 3.561143764E-02, 2.703406997E-03,-1.016129338E-01,-1.174678718E-02,-1.192050344E-01, 5.017950951E-02
        12, 4.929147819E-02, 6.036465100E-18, 1.209025446E+00, 8.500660539E-05, 3.542487924E-02, 2.702162567E-03,-5.999149640E-02,-1.048439517E-02,-1.102377299E-01, 2.990587108E-02
        13, 5.407366168E-02, 6.622113670E-18, 1.208821767E+00, 3.617824659E-05, 3.523839622E-02, 2.700997194E-03,-2.186057174E-02,-1.015192596E-02,-8.432904406E-02, 1.150371939E-02
        14, 5.890844919E-02, 7.214204374E-18, 1.208782950E+00,-9.948516249E-06, 3.505219012E-02, 2.699907157E-03, 7.859180503E-03,-8.872408071E-03,-7.106519343E-02,-4.019130523E-03
        15, 6.379641936E-02, 7.812808076E-18, 1.208884521E+00,-4.579759021E-05, 3.486647220E-02, 2.698894519E-03, 3.030012492E-02,-5.897639219E-03,-8.415082996E-02,-1.562377316E-02
        16, 6.873815720E-02, 8.417996419E-18, 1.209083522E+00,-6.854107707E-05, 3.468147125E-02, 2.697969261E-03, 4.787493675E-02,-3.392736788E-03,-9.575303674E-02,-2.382212227E-02
        17, 7.373425415E-02, 9.029841834E-18, 1.209349588E+00,-8.157324663E-05, 3.449748742E-02, 2.697152638E-03, 5.879422592E-02,-1.774249743E-03,-1.001326247E-01,-2.916100582E-02
        18, 7.878530818E-02, 9.648417548E-18, 1.209658350E+00,-8.691073115E-05, 3.431492560E-02, 2.696479567E-03, 6.408298249E-02,-3.127573808E-04,-1.006763626E-01,-3.162918075E-02
        19, 8.389192379E-02, 1.027379759E-17, 1.209982579E+00,-8.482271383E-05, 3.413431801E-02, 2.696000447E-03, 6.367395641E-02, 1.131452720E-03,-9.897660737E-02,-3.130795258E-02
        20, 8.905471218E-02, 1.090605682E-17, 1.210294381E+00,-7.537091959E-05, 3.395634831E-02, 2.695782722E-03, 5.803439559E-02, 2.554066196E-03,-9.458398571E-02,-2.838461124E-02
        21, 9.427429125E-02, 1.154527090E-17, 1.210568982E+00,-5.876731739E-05, 3.378187517E-02, 2.695912016E-03, 4.744874494E-02, 3.908015791E-03,-8.518525815E-02,-2.306094852E-02
        22, 9.955128568E-02, 1.219151634E-17, 1.210784722E+00,-3.625880475E-05, 3.361195450E-02, 2.696492659E-03, 3.290359333E-02, 4.362428018E-03,-6.880775062E-02,-1.569059513E-02
        23, 1.048863270E-01, 1.284487047E-17, 1.210925742E+00,-1.325321289E-05, 3.344785290E-02, 2.697647318E-03, 1.566240541E-02, 3.790803449E-03,-4.455270120E-02,-7.537103629E-03
        24, 1.102800539E-01, 1.350541150E-17, 1.210972893E+00, 3.900585808E-06, 3.329104855E-02, 2.699515584E-03,-8.709534224E-04, 3.048196123E-03,-3.123495903E-02, 4.563927280E-04
        25, 1.157331117E-01, 1.417321848E-17, 1.210913030E+00, 2.058091862E-05, 3.314323480E-02, 2.702252072E-03,-1.777461813E-02, 3.542617856E-03,-4.757787318E-02, 8.784813768E-03
        26, 1.212461531E-01, 1.484837134E-17, 1.210745431E+00, 4.567375560E-05, 3.300632978E-02, 2.706024017E-03,-3.828336124E-02, 5.192583062E-03,-7.704392955E-02, 1.854939844E-02
        27, 1.268198381E-01, 1.553095087E-17, 1.210461556E+00, 7.804534535E-05, 3.288247088E-02, 2.711007458E-03,-6.115110551E-02, 6.185944380E-03,-1.020888004E-01, 2.993052462E-02
        28, 1.324548335E-01, 1.622103879E-17, 1.210047891E+00, 1.133707918E-04, 3.277399217E-02, 2.717382099E-03,-8.558149260E-02, 6.342210831E-03,-1.200312101E-01, 4.208648900E-02
        29, 1.381518139E-01, 1.691871767E-17, 1.209492757E+00, 1.488353758E-04, 3.268340109E-02, 2.725325618E-03,-1.103397907E-01, 6.127387623E-03,-1.310782515E-01, 5.443407321E-02
        30, 1.439114611E-01, 1.762407102E-17, 1.208788225E+00, 1.832480306E-04, 3.261335325E-02, 2.735007487E-03,-1.349613782E-01, 5.875009937E-03,-1.382584333E-01, 6.670750579E-02
        31, 1.497344644E-01, 1.833718325E-17, 1.207930050E+00, 2.170770094E-04, 3.256661939E-02, 2.746582294E-03,-1.597609209E-01, 5.780646774E-03,-1.447343009E-01, 7.899945921E-02
        32, 1.556215207E-01, 1.905813972E-17, 1.206914526E+00, 2.511446946E-04, 3.254604019E-02, 2.760182697E-03,-1.849932288E-01, 5.792712780E-03,-1.518248666E-01, 9.146457211E-02
        33, 1.615733347E-01, 1.978702671E-17, 1.205736493E+00, 2.856968638E-04, 3.255447459E-02, 2.775912532E-03,-2.106060190E-01, 5.812346905E-03,-1.595094211E-01, 1.041247104E-01
        34, 1.675906186E-01, 2.052393146E-17, 1.204390220E+00, 3.206948592E-04, 3.259474620E-02, 2.793840583E-03,-2.365679688E-01, 5.815530594E-03,-1.676756111E-01, 1.169527273E-01
        35, 1.736740926E-01, 2.126894216E-17, 1.202870292E+00, 3.560960824E-04, 3.266958727E-02, 2.813995452E-03,-2.628658496E-01, 5.838311484E-03,-1.761422449E-01, 1.299269058E-01
        36, 1.798244849E-01, 2.202214798E-17, 1.201170983E+00, 3.920804078E-04, 3.278158011E-02, 2.836361976E-03,-2.894361351E-01, 5.848159790E-03,-1.848916157E-01, 1.430142706E-01
        37, 1.860425314E-01, 2.278363906E-17, 1.199287697E+00, 4.282419934E-04, 3.293310171E-02, 2.860879841E-03,-3.159614432E-01, 5.764537550E-03,-1.929438022E-01, 1.561112707E-01
        38, 1.923289765E-01, 2.355350654E-17, 1.197217339E+00, 4.641013501E-04, 3.312627174E-02, 2.887444451E-03,-3.424438019E-01, 5.665543299E-03,-2.002065919E-01, 1.692296201E-01
        39, 1.986845725E-01, 2.433184257E-17, 1.194955238E+00, 4.999312919E-04, 3.336290071E-02, 2.915910211E-03,-3.691440546E-01, 5.612226987E-03,-2.077844443E-01, 1.824475907E-01
        40, 2.051100800E-01, 2.511874029E-17, 1.192496099E+00, 5.358165746E-04, 3.364444456E-02, 2.946096508E-03,-3.959878032E-01, 5.552519254E-03,-2.156634428E-01, 1.957076090E-01
        41, 2.116062681E-01, 2.591429389E-17, 1.189835736E+00, 5.716154015E-04, 3.397197128E-02, 2.977795889E-03,-4.227660490E-01, 5.467384707E-03,-2.236629326E-01, 2.089334465E-01
        42, 2.181739143E-01, 2.671859858E-17, 1.186970855E+00, 6.071833530E-04, 3.434613964E-02, 3.010783877E-03,-4.493633591E-01, 5.363812768E-03,-2.316506611E-01, 2.220718933E-01
        43, 2.248138046E-01, 2.753175062E-17, 1.183898717E+00, 6.424120399E-04, 3.476718519E-02, 3.044829472E-03,-4.757054472E-01, 5.248068537E-03,-2.395418600E-01, 2.350860329E-01
        44, 2.315267336E-01, 2.835384733E-17, 1.180617032E+00, 6.772192770E-04, 3.523491374E-02, 3.079705489E-03,-5.017304485E-01, 5.122568144E-03,-2.472808009E-01, 2.479462301E-01
        45, 2.383135049E-01, 2.918498710E-17, 1.177123895E+00, 7.115253150E-04, 3.574870217E-02, 3.115197911E-03,-5.273859319E-01, 4.987540667E-03,-2.548215699E-01, 2.606245655E-01
        46, 2.451749307E-01, 3.002526941E-17, 1.173417774E+00, 7.452536909E-04, 3.630750547E-02, 3.151113536E-03,-5.526141840E-01, 4.844386340E-03,-2.621229853E-01, 2.730941227E-01
        47, 2.521118322E-01, 3.087479483E-17, 1.169497577E+00, 7.783426361E-04, 3.690986940E-02, 3.187285439E-03,-5.773606186E-01, 4.698565692E-03,-2.691409057E-01, 2.853269700E-01
        48, 2.591250396E-01, 3.173366503E-17, 1.165362589E+00, 8.107614158E-04, 3.755394670E-02, 3.223575979E-03,-6.015782850E-01, 4.546778322E-03,-2.758679086E-01, 2.972882344E-01
        49, 2.662153922E-01, 3.260198280E-17, 1.161012529E+00, 8.423935213E-04, 3.823751649E-02, 3.259877464E-03,-6.251979176E-01, 4.372863747E-03,-2.822413025E-01, 3.089302730E-01
        50, 2.733837388E-01, 3.347985206E-17, 1.156447751E+00, 8.730341560E-04, 3.895800726E-02, 3.296110744E-03,-6.481424456E-01, 4.176995027E-03,-2.881674990E-01, 3.202110622E-01
        51, 2.806309371E-01, 3.436737789E-17, 1.151669156E+00, 9.025609921E-04, 3.971252223E-02, 3.332222147E-03,-6.703584707E-01, 3.974120843E-03,-2.936352750E-01, 3.311103090E-01
        52, 2.879578547E-01, 3.526466650E-17, 1.146678098E+00, 9.309287629E-04, 4.049786610E-02, 3.368179282E-03,-6.917978510E-01, 3.771857368E-03,-2.986351977E-01, 3.416145165E-01
        53, 2.953653683E-01, 3.617182529E-17, 1.141476457E+00, 9.581166139E-04, 4.131057344E-02, 3.403966253E-03,-7.124005737E-01, 3.570860807E-03,-3.031470843E-01, 3.517066762E-01
        54, 3.028543646E-01, 3.708896282E-17, 1.136066722E+00, 9.840964760E-04, 4.214693990E-02, 3.439578785E-03,-7.320996871E-01, 3.368964983E-03,-3.071472293E-01, 3.613640687E-01
        55, 3.104257398E-01, 3.801618886E-17, 1.130452045E+00, 1.008821324E-03, 4.300305618E-02, 3.475019640E-03,-7.508273654E-01, 3.163480495E-03,-3.106129066E-01, 3.705608536E-01
        56, 3.180804002E-01, 3.895361439E-17, 1.124636252E+00, 1.032226902E-03, 4.387484465E-02, 3.510294597E-03,-7.685226309E-01, 2.953595481E-03,-3.135192871E-01, 3.792702495E-01
        57, 3.258192618E-01, 3.990135161E-17, 1.118623803E+00, 1.054249551E-03, 4.475809780E-02, 3.545409139E-03,-7.851250817E-01, 2.739593856E-03,-3.158528020E-01, 3.874567368E-01
        58, 3.336432509E-01, 4.085951393E-17, 1.112419827E+00, 1.074819843E-03, 4.564851942E-02, 3.580365957E-03,-8.005971850E-01, 2.520883772E-03,-3.176150675E-01, 3.951029365E-01
        59, 3.415533039E-01, 4.182821604E-17, 1.106029902E+00, 1.093852057E-03, 4.654176566E-02, 3.615163201E-03,-8.148987687E-01, 2.289030917E-03,-3.187929722E-01, 4.022050725E-01
        60, 3.495503675E-01, 4.280757387E-17, 1.099460423E+00, 1.111191938E-03, 4.743348530E-02, 3.649793424E-03,-8.279112271E-01, 2.051381042E-03,-3.193624835E-01, 4.086635302E-01
        61, 3.576353987E-01, 4.379770463E-17, 1.092718981E+00, 1.126860675E-03, 4.831936914E-02, 3.684243302E-03,-8.395949647E-01, 1.831784608E-03,-3.193322843E-01, 4.144625758E-01
        62, 3.658093653E-01, 4.479872684E-17, 1.085813056E+00, 1.140977271E-03, 4.919519103E-02, 3.718493595E-03,-8.500406934E-01, 1.621812302E-03,-3.187593014E-01, 4.196717107E-01
        63, 3.740732456E-01, 4.581076029E-17, 1.078749909E+00, 1.153481339E-03, 5.005683380E-02, 3.752519262E-03,-8.592584058E-01, 1.405443626E-03,-3.176824264E-01, 4.242738763E-01
        64, 3.824280285E-01, 4.683392610E-17, 1.071537447E+00, 1.164300125E-03, 5.090032455E-02, 3.786290267E-03,-8.671992669E-01, 1.186506458E-03,-3.161026911E-01, 4.282521597E-01
        65, 3.908747141E-01, 4.786834674E-17, 1.064184083E+00, 1.173397648E-03, 5.172187345E-02, 3.819772686E-03,-8.738501642E-01, 9.700996302E-04,-3.140290844E-01, 4.315973954E-01
        66, 3.994143131E-01, 4.891414601E-17, 1.056698580E+00, 1.180772797E-03, 5.251790537E-02, 3.852929728E-03,-8.792169061E-01, 7.599045640E-04,-3.114828658E-01, 4.343112389E-01
        67, 4.080478478E-01, 4.997144907E-17, 1.049089913E+00, 1.186450603E-03, 5.328508554E-02, 3.885722705E-03,-8.833221962E-01, 5.581723521E-04,-3.084933268E-01, 4.364041835E-01
        68, 4.167763514E-01, 5.104038247E-17, 1.041367146E+00, 1.190469648E-03, 5.402033971E-02, 3.918111959E-03,-8.861973510E-01, 3.649574633E-04,-3.050946759E-01, 4.378918715E-01
        69, 4.256008685E-01, 5.212107413E-17, 1.033539396E+00, 1.192866137E-03, 5.472086974E-02, 3.950057726E-03,-8.878741631E-01, 1.806394290E-04,-3.013182015E-01, 4.387887971E-01
        70, 4.345224552E-01, 5.321365340E-17, 1.025615805E+00, 1.193693897E-03, 5.538416554E-02, 3.981520926E-03,-8.883927883E-01, 7.762999288E-06,-2.971948653E-01, 4.391126145E-01
        71, 4.435421795E-01, 5.431825104E-17, 1.017605416E+00, 1.193030405E-03, 5.600801198E-02, 4.012463820E-03,-8.878071571E-01,-1.523371938E-04,-2.927615868E-01, 4.388885465E-01
        72, 4.526611207E-01, 5.543499925E-17, 1.009517073E+00, 1.190956624E-03, 5.659049054E-02, 4.042850527E-03,-8.861758375E-01,-3.003292844E-04,-2.880567394E-01, 4.381444258E-01
        73, 4.618803702E-01, 5.656403170E-17, 1.001359395E+00, 1.187551350E-03, 5.712997750E-02, 4.072647468E-03,-8.835577167E-01,-4.357731133E-04,-2.831141105E-01, 4.369084506E-01
        74, 4.712010315E-01, 5.770548350E-17, 9.931407446E-01, 1.182904774E-03, 5.762513997E-02, 4.101823720E-03,-8.800182680E-01,-5.590248980E-04,-2.779656822E-01, 4.352100607E-01
        75, 4.806242201E-01, 5.885949128E-17, 9.848691788E-01, 1.177086993E-03, 5.807492637E-02, 4.130351225E-03,-8.756057768E-01,-6.755867301E-04,-2.726486605E-01, 4.330721259E-01
        76, 4.901510638E-01, 6.002619313E-17, 9.765527016E-01, 1.170121458E-03, 5.847855643E-02, 4.158204960E-03,-8.703496438E-01,-7.843953146E-04,-2.671899444E-01, 4.305156635E-01
        77, 4.997827027E-01, 6.120572871E-17, 9.681991747E-01, 1.162102642E-03, 5.883551540E-02, 4.185363174E-03,-8.643190916E-01,-8.774992853E-04,-2.616118248E-01, 4.275811199E-01
        78, 5.095202896E-01, 6.239823918E-17, 9.598158439E-01, 1.153166619E-03, 5.914553881E-02, 4.211807291E-03,-8.576074369E-01,-9.567355018E-04,-2.559470578E-01, 4.243107188E-01
        79, 5.193649901E-01, 6.360386727E-17, 9.514094366E-01, 1.143394030E-03, 5.940858945E-02, 4.237521671E-03,-8.502766967E-01,-1.027499482E-03,-2.502246185E-01, 4.207304151E-01
        80, 5.293179822E-01, 6.482275726E-17, 9.429864144E-01, 1.132846490E-03, 5.962484076E-02, 4.262493608E-03,-8.423708499E-01,-1.090836607E-03,-2.444640645E-01, 4.168614312E-01
        81, 5.393804572E-01, 6.605505504E-17, 9.345529936E-01, 1.121581489E-03, 5.979466320E-02, 4.286713341E-03,-8.339333097E-01,-1.147205647E-03,-2.386817995E-01, 4.127245701E-01
        82, 5.495536195E-01, 6.730090810E-17, 9.261151583E-01, 1.109654324E-03, 5.991860906E-02, 4.310173962E-03,-8.250054628E-01,-1.196626838E-03,-2.328939020E-01, 4.083411010E-01
        83, 5.598386865E-01, 6.856046555E-17, 9.176786412E-01, 1.097126472E-03, 5.999739698E-02, 4.332871272E-03,-8.156341313E-01,-1.238354851E-03,-2.271155580E-01, 4.037352372E-01
        84, 5.702368893E-01, 6.983387812E-17, 9.092488301E-01, 1.084068301E-03, 6.003189531E-02, 4.354803582E-03,-8.058702368E-01,-1.272407879E-03,-2.213626538E-01, 3.989331256E-01
        85, 5.807494723E-01, 7.112129824E-17, 9.008307583E-01, 1.070545434E-03, 6.002310467E-02, 4.375971494E-03,-7.957645476E-01,-1.299300792E-03,-2.156496214E-01, 3.939597344E-01
        86, 5.913776937E-01, 7.242287997E-17, 8.924290851E-01, 1.056620550E-03, 5.997214084E-02, 4.396377688E-03,-7.853629279E-01,-1.320908638E-03,-2.099900755E-01, 3.888388405E-01
        87, 6.021228256E-01, 7.373877910E-17, 8.840481925E-01, 1.042330960E-03, 5.988021738E-02, 4.416026698E-03,-7.746933041E-01,-1.338382727E-03,-2.043934720E-01, 3.835835872E-01
        88, 6.129861539E-01, 7.506915313E-17, 8.756923177E-01, 1.027725547E-03, 5.974863399E-02, 4.434924832E-03,-7.637891687E-01,-1.349464315E-03,-1.988672412E-01, 3.782095915E-01
        89, 6.239689788E-01, 7.641416127E-17, 8.673653131E-01, 1.012876601E-03, 5.957876482E-02, 4.453080019E-03,-7.527024432E-01,-1.354216316E-03,-1.934228862E-01, 3.727433773E-01
        90, 6.350726148E-01, 7.777396449E-17, 8.590705989E-01, 9.978345589E-04, 5.937204109E-02, 4.470501487E-03,-7.414750997E-01,-1.354954647E-03,-1.880695615E-01, 3.672059651E-01
        91, 6.462983908E-01, 7.914872556E-17, 8.508113232E-01, 9.826351191E-04, 5.912993686E-02, 4.487199580E-03,-7.301334980E-01,-1.352973984E-03,-1.828119954E-01, 3.616109355E-01
        92, 6.576476503E-01, 8.053860899E-17, 8.425904497E-01, 9.673039426E-04, 5.885395918E-02, 4.503185689E-03,-7.186976751E-01,-1.348561704E-03,-1.776523835E-01, 3.559677904E-01
        93, 6.691217517E-01, 8.194378115E-17, 8.344107889E-01, 9.518711819E-04, 5.854564003E-02, 4.518472179E-03,-7.071884898E-01,-1.341242538E-03,-1.725931046E-01, 3.502871294E-01
        94, 6.807220682E-01, 8.336441019E-17, 8.262749488E-01, 9.363709578E-04, 5.820652805E-02, 4.533072268E-03,-6.956313150E-01,-1.330935308E-03,-1.676371313E-01, 3.445813194E-01
        95, 6.924499882E-01, 8.480066616E-17, 8.181853018E-01, 9.208354366E-04, 5.783817941E-02, 4.546999858E-03,-6.840494942E-01,-1.318544172E-03,-1.627879261E-01, 3.388620819E-01
        96, 7.043069153E-01, 8.625272094E-17, 8.101440374E-01, 9.052845406E-04, 5.744214890E-02, 4.560269376E-03,-6.724586638E-01,-1.304571086E-03,-1.580475057E-01, 3.331374347E-01
        97, 7.162942686E-01, 8.772074832E-17, 8.021532100E-01, 8.897434961E-04, 5.701998444E-02, 4.572895718E-03,-6.608777404E-01,-1.288096437E-03,-1.534163750E-01, 3.274169388E-01
        98, 7.284134827E-01, 8.920492401E-17, 7.942146258E-01, 8.742476726E-04, 5.657322169E-02, 4.584894157E-03,-6.493318022E-01,-1.269199587E-03,-1.488961690E-01, 3.217129341E-01
        99, 7.406660083E-01, 9.070542563E-17, 7.863298483E-01, 8.588216506E-04, 5.610337629E-02, 4.596280165E-03,-6.378397098E-01,-1.248962400E-03,-1.444881689E-01, 3.160344030E-01
       100, 7.530533116E-01, 9.222243276E-17, 7.785002836E-01, 8.434813703E-04, 5.561193802E-02, 4.607069348E-03,-6.264126458E-01,-1.228054174E-03,-1.401922155E-01, 3.103871806E-01
       101, 7.655768753E-01, 9.375612698E-17, 7.707272315E-01, 8.282375702E-04, 5.510036763E-02, 4.617277425E-03,-6.150596846E-01,-1.206421769E-03,-1.360067525E-01, 3.047755113E-01
       102, 7.782381981E-01, 9.530669183E-17, 7.630118803E-01, 8.131055621E-04, 5.457009457E-02, 4.626920225E-03,-6.037917248E-01,-1.184068437E-03,-1.319306297E-01, 2.992050484E-01
       103, 7.910387955E-01, 9.687431289E-17, 7.553552904E-01, 7.980955060E-04, 5.402251352E-02, 4.636013603E-03,-5.926162316E-01,-1.161408202E-03,-1.279629539E-01, 2.936795765E-01
       104, 8.039801995E-01, 9.845917779E-17, 7.477584584E-01, 7.832168746E-04, 5.345898200E-02, 4.644573383E-03,-5.815397135E-01,-1.138012706E-03,-1.241019987E-01, 2.882024709E-01
       105, 8.170639589E-01, 1.000614762E-16, 7.402222516E-01, 7.684878231E-04, 5.288081964E-02, 4.652615359E-03,-5.705749351E-01,-1.113660857E-03,-1.203467872E-01, 2.827802795E-01
       106, 8.302916397E-01, 1.016813999E-16, 7.327473606E-01, 7.539220530E-04, 5.228930530E-02, 4.660155183E-03,-5.597332166E-01,-1.088901151E-03,-1.166965473E-01, 2.774182967E-01
       107, 8.436648250E-01, 1.033191427E-16, 7.253343610E-01, 7.395274990E-04, 5.168567442E-02, 4.667208285E-03,-5.490204985E-01,-1.064101236E-03,-1.131495529E-01, 2.721194170E-01
       108, 8.571851153E-01, 1.049749008E-16, 7.179837497E-01, 7.253091693E-04, 5.107111831E-02, 4.673789885E-03,-5.384405773E-01,-1.039411735E-03,-1.097034801E-01, 2.668854611E-01
       109, 8.708541288E-01, 1.066488721E-16, 7.106959640E-01, 7.112707312E-04, 5.044678399E-02, 4.679914987E-03,-5.279955923E-01,-1.014925003E-03,-1.063561876E-01, 2.617177908E-01
       110, 8.846735014E-01, 1.083412572E-16, 7.034713971E-01, 6.974153819E-04, 4.981377410E-02, 4.685598383E-03,-5.176877063E-01,-9.904728398E-04,-1.031054565E-01, 2.566176707E-01
       111, 8.986448871E-01, 1.100522585E-16, 6.963103743E-01, 6.837504249E-04, 4.917314755E-02, 4.690854649E-03,-5.075221932E-01,-9.658652887E-04,-9.994918397E-02, 2.515876846E-01
       112, 9.127699581E-01, 1.117820808E-16, 6.892131130E-01, 6.702828446E-04, 4.852591931E-02, 4.695698108E-03,-4.975045113E-01,-9.413073917E-04,-9.688566390E-02, 2.466303615E-01
       113, 9.270504049E-01, 1.135309311E-16, 6.821797520E-01, 6.570158826E-04, 4.787305971E-02, 4.700142770E-03,-4.876373262E-01,-9.170010068E-04,-9.391290323E-02, 2.417469680E-01
       114, 9.414879366E-01, 1.152990188E-16, 6.752103747E-01, 6.439514634E-04, 4.721549485E-02, 4.704202335E-03,-4.779218263E-01,-8.930745571E-04,-9.102858107E-02, 2.369381743E-01
       115, 9.560842811E-01, 1.170865555E-16, 6.683050256E-01, 6.310893253E-04, 4.655410725E-02, 4.707890192E-03,-4.683575844E-01,-8.695578268E-04,-8.823043426E-02, 2.322039151E-01
       116, 9.708411854E-01, 1.188937550E-16, 6.614637250E-01, 6.184307199E-04, 4.588973702E-02, 4.711219433E-03,-4.589454361E-01,-8.462630978E-04,-8.551611577E-02, 2.275446051E-01
       117, 9.857604157E-01, 1.207208338E-16, 6.546864281E-01, 6.059790257E-04, 4.522318301E-02, 4.714202878E-03,-4.496876756E-01,-8.232136682E-04,-8.288343929E-02, 2.229614184E-01
       118, 1.000843758E+00, 1.225680104E-16, 6.479730350E-01, 5.937350652E-04, 4.455520324E-02, 4.716853024E-03,-4.405851242E-01,-8.005270901E-04,-8.033035926E-02, 2.184548236E-01
       119, 1.016093016E+00, 1.244355060E-16, 6.413234055E-01, 5.816992518E-04, 4.388651555E-02, 4.719182038E-03,-4.316378296E-01,-7.782953962E-04,-7.785487525E-02, 2.140248849E-01
       120, 1.031510016E+00, 1.263235440E-16, 6.347373658E-01, 5.698697465E-04, 4.321779863E-02, 4.721201766E-03,-4.228448687E-01,-7.565416533E-04,-7.545478146E-02, 2.096709786E-01
       121, 1.047096604E+00, 1.282323504E-16, 6.282147227E-01, 5.582461906E-04, 4.254969341E-02, 4.722923741E-03,-4.142055703E-01,-7.351673559E-04,-7.312794273E-02, 2.053928974E-01
       122, 1.062854644E+00, 1.301621537E-16, 6.217552449E-01, 5.468285554E-04, 4.188280434E-02, 4.724359207E-03,-4.057199768E-01,-7.141811246E-04,-7.087228995E-02, 2.011906377E-01
       123, 1.078786022E+00, 1.321131849E-16, 6.153586675E-01, 5.356161657E-04, 4.121770039E-02, 4.725519107E-03,-3.973874478E-01,-6.936451542E-04,-6.868580589E-02, 1.970639477E-01
       124, 1.094892646E+00, 1.340856774E-16, 6.090247012E-01, 5.246072321E-04, 4.055491591E-02, 4.726414080E-03,-3.892065229E-01,-6.735944184E-04,-6.656647769E-02, 1.930121990E-01
       125, 1.111176442E+00, 1.360798673E-16, 6.027530419E-01, 5.137999273E-04, 3.989495199E-02, 4.727054456E-03,-3.811758026E-01,-6.539881843E-04,-6.451232114E-02, 1.890347149E-01
       126, 1.127639360E+00, 1.380959933E-16, 5.965433611E-01, 5.031930430E-04, 3.923827783E-02, 4.727450304E-03,-3.732944320E-01,-6.348093844E-04,-6.252141835E-02, 1.851310255E-01
       127, 1.144283370E+00, 1.401342967E-16, 5.903953042E-01, 4.927849232E-04, 3.858533185E-02, 4.727611400E-03,-3.655613221E-01,-6.160784061E-04,-6.059193449E-02, 1.813005426E-01
       128, 1.161110464E+00, 1.421950214E-16, 5.843084966E-01, 4.825736079E-04, 3.793652275E-02, 4.727547214E-03,-3.579748526E-01,-5.978153373E-04,-5.872211024E-02, 1.775425252E-01
       129, 1.178122657E+00, 1.442784141E-16, 5.782825505E-01, 4.725566752E-04, 3.729223068E-02, 4.727266947E-03,-3.505332911E-01,-5.799970115E-04,-5.691014528E-02, 1.738561068E-01
       130, 1.195321983E+00, 1.463847241E-16, 5.723170624E-01, 4.627323830E-04, 3.665280855E-02, 4.726779513E-03,-3.432351729E-01,-5.626145634E-04,-5.515432630E-02, 1.702406008E-01
       131, 1.212710502E+00, 1.485142035E-16, 5.664116111E-01, 4.530982493E-04, 3.601858305E-02, 4.726093581E-03,-3.360787834E-01,-5.456813479E-04,-5.345293182E-02, 1.666951352E-01
       132, 1.230290295E+00, 1.506671072E-16, 5.605657651E-01, 4.436519780E-04, 3.538985577E-02, 4.725217576E-03,-3.290622393E-01,-5.291864133E-04,-5.180433819E-02, 1.632188347E-01
       133, 1.248063465E+00, 1.528436928E-16, 5.547790806E-01, 4.343910167E-04, 3.476690435E-02, 4.724159685E-03,-3.221837983E-01,-5.131263786E-04,-5.020693362E-02, 1.598107940E-01
       134, 1.266032141E+00, 1.550442209E-16, 5.490511017E-01, 4.253128837E-04, 3.414998349E-02, 4.722927863E-03,-3.154415739E-01,-4.975001351E-04,-4.865915662E-02, 1.564700760E-01
       135, 1.284198472E+00, 1.572689548E-16, 5.433813646E-01, 4.164147853E-04, 3.353932605E-02, 4.721529799E-03,-3.088334606E-01,-4.823010928E-04,-4.715949450E-02, 1.531956531E-01
       136, 1.302564632E+00, 1.595181607E-16, 5.377693993E-01, 4.076941813E-04, 3.293514405E-02, 4.719972936E-03,-3.023575654E-01,-4.675078795E-04,-4.570645290E-02, 1.499865880E-01
       137, 1.321132820E+00, 1.617921080E-16, 5.322147244E-01, 3.991485334E-04, 3.233762973E-02, 4.718264492E-03,-2.960120262E-01,-4.531253555E-04,-4.429857214E-02, 1.468419502E-01
       138, 1.339905258E+00, 1.640910686E-16, 5.267168533E-01, 3.907749343E-04, 3.174695644E-02, 4.716411468E-03,-2.897945918E-01,-4.391560186E-04,-4.293446686E-02, 1.437606653E-01
       139, 1.358884194E+00, 1.664153178E-16, 5.212752980E-01, 3.825705033E-04, 3.116327959E-02, 4.714420660E-03,-2.837031075E-01,-4.255875437E-04,-4.161279160E-02, 1.407416663E-01
       140, 1.378071897E+00, 1.687651338E-16, 5.158895657E-01, 3.745323866E-04, 3.058673758E-02, 4.712298656E-03,-2.777354727E-01,-4.124089424E-04,-4.033223960E-02, 1.377838909E-01
       141, 1.397470665E+00, 1.711407977E-16, 5.105591617E-01, 3.666578052E-04, 3.001745263E-02, 4.710051842E-03,-2.718895807E-01,-3.996040167E-04,-3.909150549E-02, 1.348863203E-01
       142, 1.417082820E+00, 1.735425939E-16, 5.052835869E-01, 3.589441183E-04, 2.945553172E-02, 4.707686411E-03,-2.661634013E-01,-3.871689840E-04,-3.788930498E-02, 1.320479863E-01
       143, 1.436910708E+00, 1.759708099E-16, 5.000623406E-01, 3.513884421E-04, 2.890106734E-02, 4.705208357E-03,-2.605547553E-01,-3.750990508E-04,-3.672444367E-02, 1.292678382E-01
       144, 1.456956703E+00, 1.784257363E-16, 4.948949217E-01, 3.439880424E-04, 2.835413832E-02, 4.702623488E-03,-2.550616085E-01,-3.633827562E-04,-3.559577927E-02, 1.265448512E-01
       145, 1.477223204E+00, 1.809076668E-16, 4.897808254E-01, 3.367401082E-04, 2.781481058E-02, 4.699937430E-03,-2.496819035E-01,-3.520159317E-04,-3.450216445E-02, 1.238779932E-01
       146, 1.497712636E+00, 1.834168986E-16, 4.847195485E-01, 3.296418395E-04, 2.728313786E-02, 4.697155631E-03,-2.444135074E-01,-3.409851739E-04,-3.344251114E-02, 1.212662206E-01
       147, 1.518427452E+00, 1.859537319E-16, 4.797105866E-01, 3.226906000E-04, 2.675916245E-02, 4.694283361E-03,-2.392544610E-01,-3.302799038E-04,-3.241574598E-02, 1.187085645E-01
       148, 1.539370132E+00, 1.885184704E-16, 4.747534338E-01, 3.158837154E-04, 2.624291582E-02, 4.691325724E-03,-2.342027586E-01,-3.198917599E-04,-3.142084056E-02, 1.162040465E-01
       149, 1.560543180E+00, 1.911114211E-16, 4.698475842E-01, 3.092186063E-04, 2.573441932E-02, 4.688287656E-03,-2.292565053E-01,-3.098132046E-04,-3.045680549E-02, 1.137517122E-01
       150, 1.581949133E+00, 1.937328942E-16, 4.649925294E-01, 3.026926080E-04, 2.523368473E-02, 4.685173937E-03,-2.244137182E-01,-3.000408017E-04,-2.952268126E-02, 1.113505997E-01
       151, 1.603590550E+00, 1.963832034E-16, 4.601877645E-01, 2.963030451E-04, 2.474071488E-02, 4.681989198E-03,-2.196723783E-01,-2.905659754E-04,-2.861755564E-02, 1.089997158E-01
       152, 1.625470023E+00, 1.990626661E-16, 4.554327843E-01, 2.900472926E-04, 2.425550420E-02, 4.678737928E-03,-2.150305752E-01,-2.813825763E-04,-2.774049010E-02, 1.066980829E-01
       153, 1.647590171E+00, 2.017716029E-16, 4.507270868E-01, 2.839226705E-04, 2.377803927E-02, 4.675424469E-03,-2.104861901E-01,-2.724841825E-04,-2.689060321E-02, 1.044446948E-01
       154, 1.669953640E+00, 2.045103380E-16, 4.460701754E-01, 2.779265935E-04, 2.330829939E-02, 4.672053015E-03,-2.060373865E-01,-2.638555159E-04,-2.606701252E-02, 1.022386450E-01
       155, 1.692563107E+00, 2.072791992E-16, 4.414615503E-01, 2.720566672E-04, 2.284625704E-02, 4.668627622E-03,-2.016824022E-01,-2.554919130E-04,-2.526891138E-02, 1.000790305E-01
       156, 1.715421279E+00, 2.100785178E-16, 4.369007162E-01, 2.663103005E-04, 2.239187832E-02, 4.665152206E-03,-1.974192184E-01,-2.473887187E-04,-2.449553248E-02, 9.796487984E-02
       157, 1.738530890E+00, 2.129086290E-16, 4.323871819E-01, 2.606850860E-04, 2.194512349E-02, 4.661630554E-03,-1.932461422E-01,-2.395350434E-04,-2.374606901E-02, 9.589531641E-02
       158, 1.761894707E+00, 2.157698713E-16, 4.279204534E-01, 2.551786041E-04, 2.150594731E-02, 4.658066331E-03,-1.891614347E-01,-2.319246583E-04,-2.301973088E-02, 9.386947122E-02
       159, 1.785515526E+00, 2.186625874E-16, 4.235000424E-01, 2.497885231E-04, 2.107429948E-02, 4.654463088E-03,-1.851632172E-01,-2.245466418E-04,-2.231579723E-02, 9.188647372E-02
       160, 1.809396174E+00, 2.215871233E-16, 4.191254631E-01, 2.445126204E-04, 2.065012505E-02, 4.650824251E-03,-1.812498527E-01,-2.173946073E-04,-2.163361077E-02, 8.994551661E-02
       161, 1.833539509E+00, 2.245438291E-16, 4.147962300E-01, 2.393485828E-04, 2.023336471E-02, 4.647153142E-03,-1.774196560E-01,-2.104725831E-04,-2.097254775E-02, 8.804572746E-02
       162, 1.857948421E+00, 2.275330587E-16, 4.105118632E-01, 2.342938533E-04, 1.982395512E-02, 4.643452971E-03,-1.736707152E-01,-2.037819780E-04,-2.033195719E-02, 8.618613139E-02
       163, 1.882625831E+00, 2.305551698E-16, 4.062718920E-01, 2.293459452E-04, 1.942182926E-02, 4.639726823E-03,-1.700011929E-01,-1.972975823E-04,-1.971109867E-02, 8.436587382E-02
       164, 1.907574692E+00, 2.336105241E-16, 4.020758495E-01, 2.245030024E-04, 1.902691683E-02, 4.635977673E-03,-1.664096122E-01,-1.910107462E-04,-1.910929842E-02, 8.258424209E-02
       165, 1.932797991E+00, 2.366994873E-16, 3.979232683E-01, 2.197627417E-04, 1.863914451E-02, 4.632208377E-03,-1.628943037E-01,-1.849258993E-04,-1.852598362E-02, 8.084042248E-02
       166, 1.958298746E+00, 2.398224291E-16, 3.938136909E-01, 2.151230783E-04, 1.825843623E-02, 4.628421681E-03,-1.594535856E-01,-1.790269868E-04,-1.796064624E-02, 7.913358218E-02
       167, 1.984080010E+00, 2.429797233E-16, 3.897466598E-01, 2.105820807E-04, 1.788471343E-02, 4.624620229E-03,-1.560861640E-01,-1.733156431E-04,-1.741269493E-02, 7.746304051E-02
       168, 2.010144867E+00, 2.461717477E-16, 3.857217176E-01, 2.061374617E-04, 1.751789532E-02, 4.620806565E-03,-1.527903944E-01,-1.677949148E-04,-1.688155628E-02, 7.582800241E-02
       169, 2.036496438E+00, 2.493988844E-16, 3.817384191E-01, 2.017870380E-04, 1.715789910E-02, 4.616983137E-03,-1.495644762E-01,-1.624535047E-04,-1.636675905E-02, 7.422761541E-02
       170, 2.063137876E+00, 2.526615196E-16, 3.777963257E-01, 1.975288316E-04, 1.680464021E-02, 4.613152297E-03,-1.464070486E-01,-1.572728916E-04,-1.586777845E-02, 7.266118624E-02
       171, 2.090072370E+00, 2.559600438E-16, 3.738949966E-01, 1.933612527E-04, 1.645803260E-02, 4.609316315E-03,-1.433169904E-01,-1.522491550E-04,-1.538411348E-02, 7.112807093E-02
       172, 2.117303143E+00, 2.592948517E-16, 3.700339896E-01, 1.892823475E-04, 1.611798881E-02, 4.605477370E-03,-1.402928232E-01,-1.473925159E-04,-1.491529028E-02, 6.962755756E-02
       173, 2.144833455E+00, 2.626663425E-16, 3.662128746E-01, 1.852900365E-04, 1.578442022E-02, 4.601637541E-03,-1.373327825E-01,-1.426935999E-04,-1.446085035E-02, 6.815890239E-02
       174, 2.172666600E+00, 2.660749197E-16, 3.624312310E-01, 1.813825973E-04, 1.545723725E-02, 4.597798818E-03,-1.344356631E-01,-1.381346587E-04,-1.402032244E-02, 6.672151549E-02
       175, 2.200805910E+00, 2.695209913E-16, 3.586886319E-01, 1.775585312E-04, 1.513634951E-02, 4.593963105E-03,-1.316003928E-01,-1.337147620E-04,-1.359327502E-02, 6.531480990E-02
       176, 2.229254752E+00, 2.730049697E-16, 3.549846546E-01, 1.738160569E-04, 1.482166596E-02, 4.590132221E-03,-1.288256059E-01,-1.294403348E-04,-1.317930563E-02, 6.393809717E-02
       177, 2.258016532E+00, 2.765272718E-16, 3.513188809E-01, 1.701532970E-04, 1.451309506E-02, 4.586307907E-03,-1.261100021E-01,-1.253048538E-04,-1.277798883E-02, 6.259072970E-02
       178, 2.287094691E+00, 2.800883192E-16, 3.476908968E-01, 1.665685501E-04, 1.421054486E-02, 4.582491837E-03,-1.234523455E-01,-1.213044779E-04,-1.238895853E-02, 6.127204121E-02
       179, 2.316492709E+00, 2.836885382E-16, 3.441002919E-01, 1.630599809E-04, 1.391392317E-02, 4.578685614E-03,-1.208514417E-01,-1.174364281E-04,-1.201183016E-02, 5.998140077E-02
       180, 2.346214107E+00, 2.873283596E-16, 3.405466603E-01, 1.596259221E-04, 1.362313766E-02, 4.574890771E-03,-1.183058714E-01,-1.136919149E-04,-1.164623818E-02, 5.871817195E-02
       181, 2.376262439E+00, 2.910082190E-16, 3.370296094E-01, 1.562648118E-04, 1.333809600E-02, 4.571108776E-03,-1.158142940E-01,-1.100653271E-04,-1.129183285E-02, 5.748176480E-02
       182, 2.406641303E+00, 2.947285568E-16, 3.335487492E-01, 1.529751656E-04, 1.305870595E-02, 4.567341034E-03,-1.133756894E-01,-1.065510090E-04,-1.094825450E-02, 5.627166662E-02
       183, 2.437354335E+00, 2.984898184E-16, 3.301036907E-01, 1.497555798E-04, 1.278487549E-02, 4.563588875E-03,-1.109889499E-01,-1.031459051E-04,-1.061515796E-02, 5.508734053E-02
       184, 2.468405209E+00, 3.022924539E-16, 3.266940499E-01, 1.466045925E-04, 1.251651285E-02, 4.559853552E-03,-1.086530274E-01,-9.985091190E-05,-1.029220401E-02, 5.392824450E-02
       185, 2.499797644E+00, 3.061369183E-16, 3.233194428E-01, 1.435206375E-04, 1.225352658E-02, 4.556136230E-03,-1.063669294E-01,-9.666620800E-05,-9.979088596E-03, 5.279379652E-02
       186, 2.531535395E+00, 3.100236719E-16, 3.199794900E-01, 1.405021330E-04, 1.199582568E-02, 4.552438003E-03,-1.041294530E-01,-9.358614584E-05,-9.675518042E-03, 5.168342455E-02
       187, 2.563622262E+00, 3.139531797E-16, 3.166738217E-01, 1.375476744E-04, 1.174331964E-02, 4.548759899E-03,-1.019394339E-01,-9.060323541E-05,-9.381206695E-03, 5.059661629E-02
       188, 2.596062084E+00, 3.179259122E-16, 3.134020725E-01, 1.346559473E-04, 1.149591857E-02, 4.545102905E-03,-9.979593539E-02,-8.771429468E-05,-9.095860588E-03, 4.953288925E-02
       189, 2.628858744E+00, 3.219423446E-16, 3.101638783E-01, 1.318256362E-04, 1.125353326E-02, 4.541467985E-03,-9.769798388E-02,-8.491659156E-05,-8.819194563E-03, 4.849176989E-02
       190, 2.662016168E+00, 3.260029579E-16, 3.069588802E-01, 1.290554617E-04, 1.101607517E-02, 4.537856047E-03,-9.564457648E-02,-8.220888483E-05,-8.550941727E-03, 4.747276573E-02
       191, 2.695538323E+00, 3.301082379E-16, 3.037867231E-01, 1.263440649E-04, 1.078345654E-02, 4.534267960E-03,-9.363475574E-02,-7.959082596E-05,-8.290844953E-03, 4.647537258E-02
       192, 2.729429221E+00, 3.342586759E-16, 3.006470570E-01, 1.236901033E-04, 1.055559036E-02, 4.530704526E-03,-9.166753770E-02,-7.705733895E-05,-8.038661231E-03, 4.549910676E-02
       193, 2.763692920E+00, 3.384547688E-16, 2.975395370E-01, 1.210923807E-04, 1.033239048E-02, 4.527166488E-03,-8.974199960E-02,-7.460343029E-05,-7.794147870E-03, 4.454352091E-02
       194, 2.798333519E+00, 3.426970187E-16, 2.944638213E-01, 1.185497400E-04, 1.011377161E-02, 4.523654528E-03,-8.785728485E-02,-7.222576424E-05,-7.557059657E-03, 4.360820035E-02
       195, 2.833355165E+00, 3.469859334E-16, 2.914195709E-01, 1.160610745E-04, 9.899649396E-03, 4.520169297E-03,-8.601254609E-02,-6.992471346E-05,-7.327175007E-03, 4.269273324E-02
       196, 2.868762049E+00, 3.513220261E-16, 2.884064502E-01, 1.136251370E-04, 9.689940422E-03, 4.516711425E-03,-8.420691643E-02,-6.769828607E-05,-7.104273046E-03, 4.179668370E-02
       197, 2.904558409E+00, 3.557058159E-16, 2.854241280E-01, 1.112408343E-04, 9.484562247E-03, 4.513281465E-03,-8.243953449E-02,-6.554316719E-05,-6.888146093E-03, 4.091960216E-02
       198, 2.940748529E+00, 3.601378273E-16, 2.824722774E-01, 1.089070048E-04, 9.283433434E-03, 4.509879938E-03,-8.070958110E-02,-6.345779945E-05,-6.678577150E-03, 4.006108030E-02
       199, 2.977336740E+00, 3.646185909E-16, 2.795505746E-01, 1.066225774E-04, 9.086473578E-03, 4.506507300E-03,-7.901628846E-02,-6.143900079E-05,-6.475364260E-03, 3.922074238E-02
       200, 3.014327421E+00, 3.691486428E-16, 2.766586987E-01, 1.043864741E-04, 8.893603318E-03, 4.503164001E-03,-7.735882991E-02,-5.948580415E-05,-6.278323499E-03, 3.839818791E-02
       201, 3.051725000E+00, 3.737285253E-16, 2.737963359E-01, 1.021976194E-04, 8.704744356E-03, 4.499850479E-03,-7.573634146E-02,-5.759557140E-05,-6.087267894E-03, 3.759300321E-02
       202, 3.089533952E+00, 3.783587866E-16, 2.709631774E-01, 1.000550139E-04, 8.519819458E-03, 4.496567128E-03,-7.414812647E-02,-5.576482317E-05,-5.902003274E-03, 3.680482802E-02
       203, 3.127758803E+00, 3.830399807E-16, 2.681589143E-01, 9.795770740E-05, 8.338752488E-03, 4.493314342E-03,-7.259346905E-02,-5.399196998E-05,-5.722352619E-03, 3.603331641E-02
       204, 3.166404127E+00, 3.877726679E-16, 2.653832433E-01, 9.590473463E-05, 8.161468395E-03, 4.490092448E-03,-7.107166348E-02,-5.227546210E-05,-5.548149982E-03, 3.527811103E-02
       205, 3.205474550E+00, 3.925574147E-16, 2.626358608E-01, 9.389516484E-05, 7.987893237E-03, 4.486901729E-03,-6.958211274E-02,-5.061376689E-05,-5.379222332E-03, 3.453888268E-02
       206, 3.244974747E+00, 3.973947937E-16, 2.599164654E-01, 9.192803794E-05, 7.817954168E-03, 4.483742424E-03,-6.812403057E-02,-4.900712686E-05,-5.215422240E-03, 3.381525490E-02
       207, 3.284909446E+00, 4.022853839E-16, 2.572247653E-01, 9.000235183E-05, 7.651579445E-03, 4.480614736E-03,-6.669668251E-02,-4.745338283E-05,-5.056592680E-03, 3.310687121E-02
       208, 3.325283428E+00, 4.072297706E-16, 2.545604701E-01, 8.811721976E-05, 7.488698455E-03, 4.477518863E-03,-6.529936821E-02,-4.594768100E-05,-4.902571012E-03, 3.241342327E-02
       209, 3.366101523E+00, 4.122285455E-16, 2.519232978E-01, 8.627186326E-05, 7.329241707E-03, 4.474454986E-03,-6.393144993E-02,-4.448872099E-05,-4.753214772E-03, 3.173458707E-02
       210, 3.407368617E+00, 4.172823070E-16, 2.493129631E-01, 8.446543261E-05, 7.173140863E-03, 4.471423298E-03,-6.259248963E-02,-4.307640869E-05,-4.608373409E-03, 3.107008665E-02
       211, 3.449089649E+00, 4.223916598E-16, 2.467291804E-01, 8.269709153E-05, 7.020328688E-03, 4.468423991E-03,-6.128177569E-02,-4.171039488E-05,-4.467926761E-03, 3.041958619E-02
       212, 3.491269612E+00, 4.275572155E-16, 2.441716756E-01, 8.096594358E-05, 6.870739054E-03, 4.465457227E-03,-5.999861846E-02,-4.038956183E-05,-4.331743432E-03, 2.978276093E-02
       213, 3.533913555E+00, 4.327795923E-16, 2.416401750E-01, 7.927117929E-05, 6.724306950E-03, 4.462523153E-03,-5.874242290E-02,-3.910962729E-05,-4.199679458E-03, 2.915933799E-02
       214, 3.577026581E+00, 4.380594153E-16, 2.391344126E-01, 7.761210291E-05, 6.580968467E-03, 4.459621909E-03,-5.751256248E-02,-3.787001304E-05,-4.071616769E-03, 2.854901926E-02
       215, 3.620613851E+00, 4.433973163E-16, 2.366541223E-01, 7.598791679E-05, 6.440660807E-03, 4.456753674E-03,-5.630866741E-02,-3.666939773E-05,-3.947424929E-03, 2.795156195E-02
       216, 3.664680580E+00, 4.487939343E-16, 2.341990333E-01, 7.439794769E-05, 6.303322256E-03, 4.453918536E-03,-5.513016640E-02,-3.550752288E-05,-3.827000610E-03, 2.736667360E-02
       217, 3.709232044E+00, 4.542499150E-16, 2.317688862E-01, 7.284136535E-05, 6.168892176E-03, 4.451116536E-03,-5.397636969E-02,-3.438333943E-05,-3.710228386E-03, 2.679406376E-02
       218, 3.754273574E+00, 4.597659115E-16, 2.293634239E-01, 7.131752545E-05, 6.037311016E-03, 4.448347691E-03,-5.284688606E-02,-3.329332060E-05,-3.596987270E-03, 2.623352003E-02
       219, 3.799810560E+00, 4.653425840E-16, 2.269823866E-01, 6.982573883E-05, 5.908520282E-03, 4.445611996E-03,-5.174116746E-02,-3.224061938E-05,-3.487177829E-03, 2.568475116E-02
       220, 3.845848454E+00, 4.709805999E-16, 2.246255254E-01, 6.836515575E-05, 5.782462519E-03, 4.442909430E-03,-5.065852317E-02,-3.122159927E-05,-3.380695871E-03, 2.514746351E-02
       221, 3.892392764E+00, 4.766806339E-16, 2.222925969E-01, 6.693526537E-05, 5.659081346E-03, 4.440239972E-03,-4.959859237E-02,-3.023278000E-05,-3.277438366E-03, 2.462145316E-02
       222, 3.939449061E+00, 4.824433684E-16, 2.199833504E-01, 6.553538659E-05, 5.538321425E-03, 4.437603630E-03,-4.856101324E-02,-2.927744216E-05,-3.177305789E-03, 2.410650603E-02
       223, 3.987022978E+00, 4.882694929E-16, 2.176975410E-01, 6.416478713E-05, 5.420128417E-03, 4.435000379E-03,-4.754512558E-02,-2.835308602E-05,-3.080214808E-03, 2.360232925E-02
       224, 4.035120208E+00, 4.941597047E-16, 2.154349340E-01, 6.282289737E-05, 5.304449007E-03, 4.432430197E-03,-4.655048410E-02,-2.745663282E-05,-2.986069130E-03, 2.310868978E-02
       225, 4.083746508E+00, 5.001147089E-16, 2.131952888E-01, 6.150916229E-05, 5.191230905E-03, 4.429893043E-03,-4.557680971E-02,-2.658763513E-05,-2.894768344E-03, 2.262542823E-02
       226, 4.132907697E+00, 5.061352182E-16, 2.109783656E-01, 6.022301325E-05, 5.080422804E-03, 4.427388895E-03,-4.462356764E-02,-2.574659353E-05,-2.806236870E-03, 2.215231996E-02
       227, 4.182609659E+00, 5.122219531E-16, 2.087839338E-01, 5.896381418E-05, 4.971974367E-03, 4.424917687E-03,-4.369028776E-02,-2.493326393E-05,-2.720392493E-03, 2.168912008E-02
       228, 4.232858342E+00, 5.183756420E-16, 2.066117619E-01, 5.773096993E-05, 4.865836225E-03, 4.422479313E-03,-4.277657071E-02,-2.414580679E-05,-2.637148831E-03, 2.123561541E-02
       229, 4.283659761E+00, 5.245970215E-16, 2.044616245E-01, 5.652392845E-05, 4.761959958E-03, 4.420073664E-03,-4.188191828E-02,-2.338362449E-05,-2.556430741E-03, 2.079159080E-02
       230, 4.335019996E+00, 5.308868362E-16, 2.023333004E-01, 5.534211433E-05, 4.660298091E-03, 4.417700639E-03,-4.100595160E-02,-2.264571678E-05,-2.478157315E-03, 2.035685453E-02
       231, 4.386945193E+00, 5.372458388E-16, 2.002265676E-01, 5.418502210E-05, 4.560804080E-03, 4.415360148E-03,-4.014835190E-02,-2.193026025E-05,-2.402253978E-03, 1.993122183E-02
       232, 4.439441567E+00, 5.436747905E-16, 1.981412042E-01, 5.305216093E-05, 4.463432294E-03, 4.413052068E-03,-3.930873705E-02,-2.123847656E-05,-2.328656724E-03, 1.951448619E-02
       233, 4.492515402E+00, 5.501744607E-16, 1.960769923E-01, 5.194292156E-05, 4.368137999E-03, 4.410776272E-03,-3.848666982E-02,-2.056864994E-05,-2.257290057E-03, 1.910646200E-02
       234, 4.546173048E+00, 5.567456272E-16, 1.940337190E-01, 5.085689607E-05, 4.274877348E-03, 4.408532656E-03,-3.768177275E-02,-1.991960283E-05,-2.188093289E-03, 1.870696133E-02
       235, 4.600420929E+00, 5.633890766E-16, 1.920111717E-01, 4.979353506E-05, 4.183607369E-03, 4.406321080E-03,-3.689371704E-02,-1.929124939E-05,-2.120996019E-03, 1.831581353E-02
       236, 4.655265537E+00, 5.701056038E-16, 1.900091404E-01, 4.875241661E-05, 4.094285946E-03, 4.404141379E-03,-3.612212843E-02,-1.868262479E-05,-2.055938813E-03, 1.793283633E-02
       237, 4.710713435E+00, 5.768960129E-16, 1.880274182E-01, 4.773302502E-05, 4.006871810E-03, 4.401993385E-03,-3.536665345E-02,-1.809357352E-05,-1.992856154E-03, 1.755785603E-02
       238, 4.766771260E+00, 5.837611165E-16, 1.860658004E-01, 4.673492953E-05, 3.921324521E-03, 4.399876892E-03,-3.462694477E-02,-1.752286219E-05,-1.931687632E-03, 1.719070691E-02
       239, 4.823445721E+00, 5.907017363E-16, 1.841240854E-01, 4.575766790E-05, 3.837604460E-03, 4.397791683E-03,-3.390267562E-02,-1.697093914E-05,-1.872378277E-03, 1.683121631E-02
       240, 4.880743601E+00, 5.977187028E-16, 1.822020722E-01, 4.480076353E-05, 3.755672811E-03, 4.395737546E-03,-3.319354271E-02,-1.643601239E-05,-1.814867972E-03, 1.647922846E-02
       241, 4.938671758E+00, 6.048128560E-16, 1.802995622E-01, 4.386385703E-05, 3.675491546E-03, 4.393714250E-03,-3.249920041E-02,-1.591793554E-05,-1.759106797E-03, 1.613458282E-02
       242, 4.997237124E+00, 6.119850449E-16, 1.784163606E-01, 4.294646361E-05, 3.597023419E-03, 4.391721567E-03,-3.181934339E-02,-1.541669154E-05,-1.705039818E-03, 1.579712890E-02
       243, 5.000000042E+00, 6.123234047E-16, 1.783293835E-01, 4.290455048E-05, 3.593440298E-03, 4.391630102E-03,-3.178828378E-02,-1.539402630E-05,-1.702593736E-03, 1.578171151E-02
       244, 5.056446710E+00, 6.192361278E-16, 1.765522726E-01, 4.204820430E-05, 3.520231950E-03, 4.389759270E-03,-3.115369082E-02,-1.493094636E-05,-1.652617107E-03, 1.546671176E-02
       245, 5.116307601E+00, 6.265669727E-16, 1.747071062E-01, 4.116866686E-05, 3.445081408E-03, 4.387827116E-03,-3.050191233E-02,-1.446081570E-05,-1.601789342E-03, 1.514317807E-02
       246, 5.176826962E+00, 6.339784568E-16, 1.728806731E-01, 4.030745041E-05, 3.371536802E-03, 4.385924865E-03,-2.986370620E-02,-1.400543170E-05,-1.552507825E-03, 1.482638669E-02
       247, 5.238012036E+00, 6.414714673E-16, 1.710727865E-01, 3.946418544E-05, 3.299563868E-03, 4.384052272E-03,-2.923880664E-02,-1.356438017E-05,-1.504726268E-03, 1.451619607E-02
       248, 5.299870145E+00, 6.490469009E-16, 1.692832608E-01, 3.863848606E-05, 3.229129058E-03, 4.382209092E-03,-2.862693301E-02,-1.313726647E-05,-1.458399077E-03, 1.421246950E-02
       249, 5.362408694E+00, 6.567056643E-16, 1.675119132E-01, 3.782999567E-05, 3.160199519E-03, 4.380395069E-03,-2.802780600E-02,-1.272344164E-05,-1.413482428E-03, 1.391507439E-02
       250, 5.425635167E+00, 6.644486740E-16, 1.657585622E-01, 3.703835748E-05, 3.092743085E-03, 4.378609931E-03,-2.744117122E-02,-1.232285641E-05,-1.369934478E-03, 1.362387561E-02
       251, 5.489557131E+00, 6.722768569E-16, 1.640230280E-01, 3.626320083E-05, 3.026728263E-03, 4.376853412E-03,-2.686676739E-02,-1.193492142E-05,-1.327713551E-03, 1.333874026E-02
       252, 5.554182237E+00, 6.801911498E-16, 1.623051329E-01, 3.550419690E-05, 2.962124222E-03, 4.375125223E-03,-2.630432811E-02,-1.155909439E-05,-1.286779340E-03, 1.305954644E-02
       253, 5.619518218E+00, 6.881924999E-16, 1.606047016E-01, 3.476099944E-05, 2.898900778E-03, 4.373425073E-03,-2.575360654E-02,-1.119538948E-05,-1.247092666E-03, 1.278616955E-02
       254, 5.685572896E+00, 6.962818648E-16, 1.589215603E-01, 3.403326202E-05, 2.837028381E-03, 4.371752653E-03,-2.521435547E-02,-1.084317140E-05,-1.208615852E-03, 1.251848020E-02
       255, 5.752354175E+00, 7.044602128E-16, 1.572555373E-01, 3.332067428E-05, 2.776478102E-03, 4.370107632E-03,-2.468633037E-02,-1.050190825E-05,-1.171313097E-03, 1.225636111E-02
       256, 5.819870048E+00, 7.127285226E-16, 1.556064629E-01, 3.262292134E-05, 2.717221627E-03, 4.368489700E-03,-2.416930177E-02,-1.017134263E-05,-1.135148700E-03, 1.199970125E-02
       257, 5.888128596E+00, 7.210877838E-16, 1.539741687E-01, 3.193969901E-05, 2.659231239E-03, 4.366898537E-03,-2.366304332E-02,-9.851221757E-06,-1.100088266E-03, 1.174838662E-02
       258, 5.957137988E+00, 7.295389969E-16, 1.523584882E-01, 3.127069535E-05, 2.602479810E-03, 4.365333828E-03,-2.316732487E-02,-9.541272585E-06,-1.066098435E-03, 1.150230259E-02
       259, 6.026906483E+00, 7.380831733E-16, 1.507592569E-01, 3.061561331E-05, 2.546940787E-03, 4.363795239E-03,-2.268192520E-02,-9.241076931E-06,-1.033147090E-03, 1.126133882E-02
       260, 6.097442431E+00, 7.467213357E-16, 1.491763118E-01, 2.997416158E-05, 2.492588184E-03, 4.362282433E-03,-2.220662974E-02,-8.950402029E-06,-1.001202697E-03, 1.102538932E-02
       261, 6.168754275E+00, 7.554545178E-16, 1.476094921E-01, 2.934605106E-05, 2.439396567E-03, 4.360795061E-03,-2.174122326E-02,-8.668833531E-06,-9.702347429E-04, 1.079434863E-02
       262, 6.240850550E+00, 7.642837650E-16, 1.460586384E-01, 2.873101597E-05, 2.387341047E-03, 4.359332780E-03,-2.128550485E-02,-8.395897175E-06,-9.402139812E-04, 1.056811648E-02
       263, 6.313739883E+00, 7.732101338E-16, 1.445235925E-01, 2.812879581E-05, 2.336397268E-03, 4.357895233E-03,-2.083928461E-02,-8.131578506E-06,-9.111116718E-04, 1.034659751E-02
       264, 6.387430999E+00, 7.822346928E-16, 1.430041973E-01, 2.753910772E-05, 2.286541390E-03, 4.356482082E-03,-2.040235616E-02,-7.875886324E-06,-8.828996680E-04, 1.012968972E-02
       265, 6.461932717E+00, 7.913585218E-16, 1.415002986E-01, 2.696167345E-05, 2.237750086E-03, 4.355092992E-03,-1.997450890E-02,-7.628282930E-06,-8.555512893E-04, 9.917289512E-03
       266, 6.537253954E+00, 8.005827130E-16, 1.400117443E-01, 2.639625051E-05, 2.190000528E-03, 4.353727601E-03,-1.955556274E-02,-7.388184300E-06,-8.290405551E-04, 9.709307176E-03
       267, 6.613403725E+00, 8.099083703E-16, 1.385383825E-01, 2.584260766E-05, 2.143270381E-03, 4.352385550E-03,-1.914534944E-02,-7.155542289E-06,-8.033418690E-04, 9.505658409E-03
       268, 6.690391143E+00, 8.193366099E-16, 1.370800623E-01, 2.530049217E-05, 2.097537784E-03, 4.351066478E-03,-1.874367932E-02,-6.930468162E-06,-7.784307423E-04, 9.306250168E-03
       269, 6.768225423E+00, 8.288685600E-16, 1.356366358E-01, 2.476964498E-05, 2.052781348E-03, 4.349770013E-03,-1.835035868E-02,-6.712557570E-06,-7.542832554E-04, 9.110987027E-03
       270, 6.846915880E+00, 8.385053616E-16, 1.342079569E-01, 2.424984082E-05, 2.008980145E-03, 4.348495755E-03,-1.796522126E-02,-6.501325498E-06,-7.308763835E-04, 8.919785438E-03
       271, 6.926471932E+00, 8.482481681E-16, 1.327938797E-01, 2.374086018E-05, 1.966113695E-03, 4.347243341E-03,-1.758810700E-02,-6.296684224E-06,-7.081876962E-04, 8.732565832E-03
       272, 6.999999954E+00, 8.572527538E-16, 1.315143850E-01, 2.328525129E-05, 1.927762545E-03, 4.346118069E-03,-1.725053772E-02,-6.115495551E-06,-6.880830425E-04, 8.564977827E-03
       273, 7.006903100E+00, 8.580981454E-16, 1.313942602E-01, 2.324247665E-05, 1.924161964E-03, 4.346012423E-03,-1.721884517E-02,-6.098484732E-06,-6.861955259E-04, 8.549243901E-03
       274, 7.088219012E+00, 8.680564724E-16, 1.300089558E-01, 2.275447143E-05, 1.883105344E-03, 4.344802656E-03,-1.685727433E-02,-5.906541492E-06,-6.648785816E-04, 8.369739048E-03
       275, 7.170429398E+00, 8.781243411E-16, 1.286378249E-01, 2.227662257E-05, 1.842924652E-03, 4.343613685E-03,-1.650323160E-02,-5.720751171E-06,-6.442161358E-04, 8.193970865E-03
       276, 7.253544099E+00, 8.883029563E-16, 1.272807284E-01, 2.180871071E-05, 1.803601116E-03, 4.342445162E-03,-1.615655083E-02,-5.540828106E-06,-6.241886414E-04, 8.021857943E-03
       277, 7.337573061E+00, 8.985935362E-16, 1.259375287E-01, 2.135053599E-05, 1.765116372E-03, 4.341296727E-03,-1.581708592E-02,-5.366379489E-06,-6.047769037E-04, 7.853326653E-03
       278, 7.422526342E+00, 9.089973126E-16, 1.246080885E-01, 2.090191247E-05, 1.727452450E-03, 4.340168016E-03,-1.548470048E-02,-5.197331621E-06,-5.859622776E-04, 7.688308523E-03
       279, 7.508414109E+00, 9.195155305E-16, 1.232922715E-01, 2.046263542E-05, 1.690591770E-03, 4.339058675E-03,-1.515924088E-02,-5.033795262E-06,-5.677263890E-04, 7.526728181E-03
       280, 7.595246641E+00, 9.301494488E-16, 1.219899439E-01, 2.003249361E-05, 1.654517128E-03, 4.337968341E-03,-1.484055015E-02,-4.875461420E-06,-5.500516325E-04, 7.368508530E-03
       281, 7.683034331E+00, 9.409003402E-16, 1.207009734E-01, 1.961130655E-05, 1.619211694E-03, 4.336896649E-03,-1.452849514E-02,-4.721944596E-06,-5.329211670E-04, 7.213582959E-03
       282, 7.771787686E+00, 9.517694914E-16, 1.194252283E-01, 1.919889890E-05, 1.584659002E-03, 4.335843247E-03,-1.422294625E-02,-4.573211521E-06,-5.163183349E-04, 7.061886608E-03
       283, 7.861517328E+00, 9.627582032E-16, 1.181625780E-01, 1.879508560E-05, 1.550842939E-03, 4.334807787E-03,-1.392376505E-02,-4.429186206E-06,-5.002270872E-04, 6.913351172E-03
       284, 7.952233996E+00, 9.738677909E-16, 1.169128933E-01, 1.839968803E-05, 1.517747741E-03, 4.333789921E-03,-1.363082030E-02,-4.289688364E-06,-4.846318140E-04, 6.767911183E-03
       285, 8.043948547E+00, 9.850995841E-16, 1.156760462E-01, 1.801253006E-05, 1.485357985E-03, 4.332789317E-03,-1.334398253E-02,-4.154636756E-06,-4.695173281E-04, 6.625502668E-03
       286, 8.136671958E+00, 9.964549270E-16, 1.144519104E-01, 1.763343328E-05, 1.453658579E-03, 4.331805632E-03,-1.306311716E-02,-4.023872533E-06,-4.548690386E-04, 6.486059518E-03
       287, 8.230415327E+00, 1.007935179E-15, 1.132403612E-01, 1.726223321E-05, 1.422634758E-03, 4.330838525E-03,-1.278810232E-02,-3.897113864E-06,-4.406729755E-04, 6.349520668E-03
       288, 8.325189873E+00, 1.019541713E-15, 1.120412745E-01, 1.689877794E-05, 1.392272076E-03, 4.329887662E-03,-1.251882732E-02,-3.774264096E-06,-4.269152730E-04, 6.215830696E-03
       289, 8.421006939E+00, 1.031275919E-15, 1.108545268E-01, 1.654290516E-05, 1.362556398E-03, 4.328952709E-03,-1.225517021E-02,-3.655377560E-06,-4.135823746E-04, 6.084929616E-03
       290, 8.517877992E+00, 1.043139202E-15, 1.096799965E-01, 1.619444585E-05, 1.333473893E-03, 4.328033344E-03,-1.199700635E-02,-3.540287278E-06,-4.006614353E-04, 5.956755480E-03
       291, 8.615814627E+00, 1.055132981E-15, 1.085175638E-01, 1.585324995E-05, 1.305011031E-03, 4.327129252E-03,-1.174422555E-02,-3.428709957E-06,-3.881398677E-04, 5.831253743E-03
       292, 8.714828566E+00, 1.067258691E-15, 1.073671091E-01, 1.551917664E-05, 1.277154572E-03, 4.326240119E-03,-1.149672080E-02,-3.320634643E-06,-3.760056012E-04, 5.708371155E-03
       293, 8.814931657E+00, 1.079517784E-15, 1.062285140E-01, 1.519207016E-05, 1.249891563E-03, 4.325365629E-03,-1.125437995E-02,-3.216005840E-06,-3.642466514E-04, 5.588052026E-03
       294, 8.916135883E+00, 1.091911727E-15, 1.051016616E-01, 1.487178811E-05, 1.223209327E-03, 4.324505479E-03,-1.101709447E-02,-3.114637240E-06,-3.528517255E-04, 5.470242596E-03
       295, 8.999999951E+00, 1.102182113E-15, 1.041875750E-01, 1.461475048E-05, 1.201805267E-03, 4.323812028E-03,-1.082666538E-02,-3.034120077E-06,-3.438011130E-04, 5.375696642E-03
       296, 9.018453354E+00, 1.104442003E-15, 1.039864362E-01, 1.455819130E-05, 1.197095466E-03, 4.323659362E-03,-1.078476290E-02,-3.016402913E-06,-3.418095973E-04, 5.354892521E-03
       297, 9.121896319E+00, 1.117110113E-15, 1.028827226E-01, 1.425114675E-05, 1.171537843E-03, 4.322826975E-03,-1.055728467E-02,-2.921269585E-06,-3.311094726E-04, 5.241951715E-03
       298, 9.226477155E+00, 1.129917572E-15, 1.017904069E-01, 1.395051102E-05, 1.146524587E-03, 4.322008022E-03,-1.033455657E-02,-2.829182216E-06,-3.207407831E-04, 5.131368988E-03
       299, 9.332208381E+00, 1.142865912E-15, 1.007093765E-01, 1.365615064E-05, 1.122044080E-03, 4.321202209E-03,-1.011647818E-02,-2.739975122E-06,-3.106934418E-04, 5.023094363E-03
       300, 9.439102651E+00, 1.155956685E-15, 9.963952001E-02, 1.336793747E-05, 1.098084955E-03, 4.320409254E-03,-9.902954736E-03,-2.653556917E-06,-3.009576339E-04, 4.917081102E-03
       301, 9.547172757E+00, 1.169191456E-15, 9.858072690E-02, 1.308574475E-05, 1.074636090E-03, 4.319628877E-03,-9.693892025E-03,-2.569857351E-06,-2.915239362E-04, 4.813282085E-03
       302, 9.656431635E+00, 1.182571809E-15, 9.753288779E-02, 1.280944780E-05, 1.051686602E-03, 4.318860807E-03,-9.489198623E-03,-2.488758375E-06,-2.823829501E-04, 4.711652569E-03
       303, 9.766892360E+00, 1.196099347E-15, 9.649589405E-02, 1.253892890E-05, 1.029225842E-03, 4.318104777E-03,-9.288783943E-03,-2.410225255E-06,-2.735258267E-04, 4.612147075E-03
       304, 9.878568153E+00, 1.209775687E-15, 9.546963841E-02, 1.227406175E-05, 1.007243390E-03, 4.317360522E-03,-9.092559209E-03,-2.334167292E-06,-2.649436709E-04, 4.514721646E-03
       305, 9.991472380E+00, 1.223602467E-15, 9.445401432E-02, 1.201473454E-05, 9.857290507E-04, 4.316627782E-03,-8.900437343E-03,-2.260503199E-06,-2.566282356E-04, 4.419332835E-03
       306, 1.010561855E+01, 1.237581341E-15, 9.344891659E-02, 1.176082695E-05, 9.646728468E-04, 4.315906293E-03,-8.712333891E-03,-2.189136538E-06,-2.485711221E-04, 4.325939233E-03
       307, 1.022102033E+01, 1.251713984E-15, 9.245424060E-02, 1.151223536E-05, 9.440650158E-04, 4.315195802E-03,-8.528165598E-03,-2.120013288E-06,-2.407647263E-04, 4.234498838E-03
       308, 1.033769154E+01, 1.266002085E-15, 9.146988311E-02, 1.126884156E-05, 9.238960050E-04, 4.314496062E-03,-8.347852392E-03,-2.053053971E-06,-2.332009633E-04, 4.144972993E-03
       309, 1.045564612E+01, 1.280447355E-15, 9.049574127E-02, 1.103054708E-05, 9.041564663E-04, 4.313806826E-03,-8.171312650E-03,-1.988228398E-06,-2.258727772E-04, 4.057319777E-03
       310, 1.057489820E+01, 1.295051524E-15, 8.953171404E-02, 1.079723301E-05, 8.848372526E-04, 4.313127859E-03,-7.998469082E-03,-1.925413147E-06,-2.187724379E-04, 3.971502098E-03
       311, 1.069546206E+01, 1.309816338E-15, 8.857770038E-02, 1.056881347E-05, 8.659294127E-04, 4.312458927E-03,-7.829244761E-03,-1.864588659E-06,-2.118935255E-04, 3.887480417E-03
       312, 1.081735212E+01, 1.324743565E-15, 8.763360116E-02, 1.034516807E-05, 8.474241878E-04, 4.311799801E-03,-7.663566359E-03,-1.805652281E-06,-2.052285242E-04, 3.805220001E-03
       313, 1.094058297E+01, 1.339834992E-15, 8.669931698E-02, 1.012622060E-05, 8.293130063E-04, 4.311150256E-03,-7.501358818E-03,-1.748599368E-06,-1.987717004E-04, 3.724681420E-03
       314, 1.099999988E+01, 1.347111464E-15, 8.625837908E-02, 1.002398310E-05, 8.208594678E-04, 4.310844942E-03,-7.425622015E-03,-1.722222014E-06,-1.957880995E-04, 3.687077537E-03
       315, 1.106516936E+01, 1.355092424E-15, 8.577475076E-02, 9.911847248E-06, 8.115874806E-04, 4.310510069E-03,-7.342552579E-03,-1.693290876E-06,-1.925156344E-04, 3.645832947E-03
       316, 1.119112620E+01, 1.370517688E-15, 8.485980459E-02, 9.701987525E-06, 7.942394023E-04, 4.309879018E-03,-7.187075353E-03,-1.639759704E-06,-1.864552946E-04, 3.568635590E-03
       317, 1.131846857E+01, 1.386112630E-15, 8.395438342E-02, 9.496508184E-06, 7.772607390E-04, 4.309256888E-03,-7.034861011E-03,-1.587886949E-06,-1.805833092E-04, 3.493059800E-03
       318, 1.144721170E+01, 1.401879117E-15, 8.305839076E-02, 9.295361385E-06, 7.606436297E-04, 4.308643464E-03,-6.885838144E-03,-1.537697299E-06,-1.748954134E-04, 3.419065762E-03
       319, 1.157737101E+01, 1.417819034E-15, 8.217173386E-02, 9.098407054E-06, 7.443803825E-04, 4.308038536E-03,-6.739944893E-03,-1.489001680E-06,-1.693841098E-04, 3.346628205E-03
       320, 1.170896206E+01, 1.433934291E-15, 8.129431736E-02, 8.905622113E-06, 7.284634691E-04, 4.307441900E-03,-6.597112507E-03,-1.441917433E-06,-1.640461065E-04, 3.275706885E-03
       321, 1.184200062E+01, 1.450226816E-15, 8.042605078E-02, 8.716844830E-06, 7.128855233E-04, 4.306853355E-03,-6.457283086E-03,-1.396228015E-06,-1.588735073E-04, 3.206280140E-03
       322, 1.197650261E+01, 1.466698558E-15, 7.956683965E-02, 8.532080572E-06, 6.976393353E-04, 4.306272702E-03,-6.320387883E-03,-1.352084071E-06,-1.538641735E-04, 3.138305233E-03
       323, 1.211248411E+01, 1.483351490E-15, 7.871659613E-02, 8.351141005E-06, 6.827178501E-04, 4.305699747E-03,-6.186373721E-03,-1.309205989E-06,-1.490096158E-04, 3.071765755E-03
       324, 1.224996142E+01, 1.500187604E-15, 7.787522631E-02, 8.174071242E-06, 6.681141627E-04, 4.305134298E-03,-6.055172241E-03,-1.267820571E-06,-1.443090703E-04, 3.006615751E-03
       325, 1.238895097E+01, 1.517208915E-15, 7.704264532E-02, 8.000644031E-06, 6.538215163E-04, 4.304576166E-03,-5.926734960E-03,-1.227572810E-06,-1.397530271E-04, 2.942845487E-03
       326, 1.252946941E+01, 1.534417460E-15, 7.621875947E-02, 7.830956598E-06, 6.398332971E-04, 4.304025164E-03,-5.800991771E-03,-1.188803769E-06,-1.353425856E-04, 2.880403053E-03
       327, 1.267153355E+01, 1.551815300E-15, 7.540348756E-02, 7.664723429E-06, 6.261430343E-04, 4.303481113E-03,-5.677899732E-03,-1.151034269E-06,-1.310667737E-04, 2.819287113E-03
       328, 1.281516039E+01, 1.569404516E-15, 7.459673567E-02, 7.502115468E-06, 6.127443927E-04, 4.302943829E-03,-5.557386349E-03,-1.114735225E-06,-1.269289738E-04, 2.759437711E-03
       329, 1.296036713E+01, 1.587187213E-15, 7.379842712E-02, 7.342766765E-06, 5.996311753E-04, 4.302413145E-03,-5.439415473E-03,-1.079285599E-06,-1.229160700E-04, 2.700864793E-03
       330, 1.299999959E+01, 1.592040789E-15, 7.358515855E-02, 7.300699550E-06, 5.961663857E-04, 4.302271480E-03,-5.408232030E-03,-1.070125518E-06,-1.218681487E-04, 2.685376840E-03
       331, 1.310717115E+01, 1.605165520E-15, 7.300846712E-02, 7.186946400E-06, 5.867973137E-04, 4.301888881E-03,-5.323909477E-03,-1.045355861E-06,-1.190344784E-04, 2.643496163E-03
       332, 1.325559001E+01, 1.623341588E-15, 7.222678499E-02, 7.034171906E-06, 5.742368726E-04, 4.301370876E-03,-5.210837618E-03,-1.012117129E-06,-1.152681682E-04, 2.587355561E-03
       333, 1.340564148E+01, 1.641717593E-15, 7.145328482E-02, 6.884847724E-06, 5.619440385E-04, 4.300858954E-03,-5.100115038E-03,-9.804613920E-07,-1.116274875E-04, 2.532354090E-03
       334, 1.355734351E+01, 1.660295734E-15, 7.068790399E-02, 6.738333703E-06, 5.499131249E-04, 4.300352939E-03,-4.991718101E-03,-9.493437849E-07,-1.080924473E-04, 2.478533143E-03
       335, 1.371071427E+01, 1.679078234E-15, 6.993054511E-02, 6.595209442E-06, 5.381385563E-04, 4.299852579E-03,-4.885551137E-03,-9.199101015E-07,-1.046783155E-04, 2.425781199E-03
       336, 1.386577210E+01, 1.698067342E-15, 6.918115662E-02, 6.454627323E-06, 5.266148664E-04, 4.299357441E-03,-4.781595991E-03,-8.908733782E-07,-1.013600664E-04, 2.374160427E-03
       337, 1.402253557E+01, 1.717265330E-15, 6.843963970E-02, 6.317390089E-06, 5.153366442E-04, 4.298866396E-03,-4.679745784E-03,-8.636173118E-07,-9.815907604E-05, 2.323531508E-03
       338, 1.418102344E+01, 1.736674496E-15, 6.770595694E-02, 6.182397863E-06, 5.042984141E-04, 4.298376203E-03,-4.579992015E-03,-8.365141555E-07,-9.504364883E-05, 2.273983375E-03
       339, 1.434125468E+01, 1.756297163E-15, 6.698000646E-02, 6.050751781E-06, 4.934941506E-04, 4.297877040E-03,-4.482231774E-03,-8.114128478E-07,-9.204419509E-05, 2.225344273E-03
       340, 1.450324845E+01, 1.776135680E-15, 6.626176308E-02, 5.921058891E-06, 4.829156299E-04, 4.297340661E-03,-4.386503490E-03,-7.852935431E-07,-8.911460766E-05, 2.177764982E-03
       341, 1.466702416E+01, 1.796192420E-15, 6.555111022E-02, 5.795166454E-06, 4.725464378E-04, 4.296695570E-03,-4.292872881E-03,-7.547010191E-07,-8.630536411E-05, 2.131038836E-03
       342, 1.483260141E+01, 1.816469784E-15, 6.484802826E-02, 5.672197678E-06, 4.623403225E-04, 4.295823227E-03,-4.202346877E-03,-7.333442039E-07,-8.358324152E-05, 2.086033454E-03
       343, 1.500000000E+01, 2.000000000E-15, 6.415258042E-02, 5.551422049E-06, 4.521410648E-04, 4.295023361E-03,-4.113393634E-03,-7.120431364E-07,-8.091275105E-05, 2.042062740E-03
       344, 5.000000042E+00, 5.204005374E-03, 1.783205831E-01, 8.478954060E-05, 3.593449387E-03, 4.391659181E-03,-3.178362003E-02,-3.042007229E-05,-3.398362974E-03, 1.601958557E-02
       345, 6.999999954E+00, 5.204005258E-03, 1.315108283E-01, 4.601804814E-05, 1.927766131E-03, 4.346135103E-03,-1.724914873E-02,-1.208545892E-05,-1.373498745E-03, 8.694485463E-03
       346, 8.999999951E+00, 5.204005335E-03, 1.041857978E-01, 2.888301259E-05, 1.201806867E-03, 4.323823081E-03,-1.082611496E-02,-5.996168345E-06,-6.862884638E-04, 5.457079757E-03
       347, 1.099999988E+01, 5.204005258E-03, 8.625736699E-02, 1.981038005E-05, 8.208602685E-04, 4.310852648E-03,-7.425362141E-03,-3.403553735E-06,-3.908335779E-04, 3.742926479E-03
       348, 1.299999959E+01, 5.204005103E-03, 7.358452857E-02, 1.442843679E-05, 5.961668249E-04, 4.302277143E-03,-5.408093870E-03,-2.115008752E-06,-2.432771803E-04, 2.726098556E-03
       349, 4.999999929E+00, 1.033966345E-02, 1.782946490E-01, 1.654893637E-04, 3.593475809E-03, 4.391744715E-03,-3.176987940E-02,-5.936493197E-05,-6.738121618E-03, 1.589534337E-02
       350, 6.999999954E+00, 1.033966345E-02, 1.315003474E-01, 8.982163094E-05, 1.927776637E-03, 4.346185278E-03,-1.724505602E-02,-2.358766317E-05,-2.723628512E-03, 8.628947431E-03
       351, 8.999999951E+00, 1.033966360E-02, 1.041805607E-01, 5.637747657E-05, 1.201811560E-03, 4.323855640E-03,-1.082449303E-02,-1.170358906E-05,-1.360968940E-03, 5.416468376E-03
       352, 1.099999988E+01, 1.033966345E-02, 8.625438447E-02, 3.866883517E-05, 8.208626190E-04, 4.310875352E-03,-7.424596341E-03,-6.643346645E-06,-7.750770187E-04, 3.715259703E-03
       353, 1.299999997E+01, 1.033966345E-02, 7.358267428E-02, 2.816397023E-05, 5.961681332E-04, 4.302293954E-03,-5.407686887E-03,-4.127981597E-06,-4.824610958E-04, 2.706056567E-03
       354, 4.999999929E+00, 1.540787221E-02, 1.782522792E-01, 2.446760574E-04, 3.593519176E-03, 4.391884576E-03,-3.174743337E-02,-8.774549847E-05,-1.002533399E-02, 1.574037515E-02
       355, 6.999999954E+00, 1.540787221E-02, 1.314832192E-01, 1.328193054E-04, 1.927793890E-03, 4.346267287E-03,-1.723836836E-02,-3.487340302E-05,-4.053083709E-03, 8.549049025E-03
       356, 8.999999951E+00, 1.540787243E-02, 1.041720015E-01, 8.337047597E-05, 1.201819276E-03, 4.323908869E-03,-1.082184245E-02,-1.730538441E-05,-2.025444946E-03, 5.367528956E-03
       357, 1.099999988E+01, 1.540787221E-02, 8.624950987E-02, 5.718495234E-05, 8.208664851E-04, 4.310912475E-03,-7.423344787E-03,-9.823735179E-06,-1.153547345E-03, 3.682139873E-03
       358, 1.299999997E+01, 1.540787221E-02, 7.357963995E-02, 4.165084407E-05, 5.961702556E-04, 4.302321238E-03,-5.407021454E-03,-6.104170085E-06,-7.180649409E-04, 2.682101771E-03
       359, 4.999999929E+00, 2.040951739E-02, 1.781941407E-01, 3.240255786E-04, 3.593578300E-03, 4.392076191E-03,-3.171664298E-02,-1.161477350E-04,-1.326517909E-02, 1.587466857E-02
       360, 6.999999954E+00, 2.040951739E-02, 1.314597116E-01, 1.759310603E-04, 1.927817589E-03, 4.346379780E-03,-1.722919139E-02,-4.618094256E-05,-5.364191440E-03, 8.627909454E-03
       361, 8.999999951E+00, 2.040951769E-02, 1.041602534E-01, 1.104424345E-04, 1.201829898E-03, 4.323981920E-03,-1.081820468E-02,-2.292096332E-05,-2.680933563E-03, 5.418717316E-03
       362, 1.099999988E+01, 2.040951739E-02, 8.624281874E-02, 7.575793397E-05, 8.208718131E-04, 4.310963438E-03,-7.421626963E-03,-1.301288423E-05,-1.526954486E-03, 3.717869509E-03
       363, 1.299999997E+01, 2.040951739E-02, 7.357547475E-02, 5.518016913E-05, 5.961731822E-04, 4.302358698E-03,-5.406108074E-03,-8.086464278E-06,-9.505369103E-04, 2.708382444E-03
       364, 4.999999929E+00, 2.534547320E-02, 1.781208920E-01, 4.021105746E-04, 3.593651203E-03, 4.392316915E-03,-3.167786549E-02,-1.440511491E-04,-1.645667040E-02, 1.580971499E-02
       365, 6.999999954E+00, 2.534547320E-02, 1.314300863E-01, 2.183879976E-04, 1.927847206E-03, 4.346521344E-03,-1.721762871E-02,-5.730662278E-05,-6.656778370E-03, 8.599780467E-03
       366, 8.999999951E+00, 2.534547358E-02, 1.041454460E-01, 1.371122344E-04, 1.201843229E-03, 4.324073913E-03,-1.081362029E-02,-2.844995210E-05,-3.327399369E-03, 5.403061714E-03
       367, 1.099999988E+01, 2.534547320E-02, 8.623438473E-02, 9.405831285E-05, 8.208785115E-04, 4.311027639E-03,-7.419461895E-03,-1.615397988E-05,-1.895293945E-03, 3.707863045E-03
       368, 1.299999997E+01, 2.534547320E-02, 7.357022441E-02, 6.851239482E-05, 5.961768653E-04, 4.302405900E-03,-5.404956818E-03,-1.003922567E-05,-1.179880942E-03, 2.701422359E-03
       369, 4.999999929E+00, 3.021660239E-02, 1.780331764E-01, 4.790746113E-04, 3.593736153E-03, 4.392604156E-03,-3.163145173E-02,-1.714997985E-04,-1.959931507E-02, 1.577976417E-02
       370, 6.999999954E+00, 3.021660239E-02, 1.313945982E-01, 2.602733159E-04, 1.927882312E-03, 4.346690620E-03,-1.720378149E-02,-6.827060536E-05,-7.930844683E-03, 8.591980722E-03
       371, 8.999999951E+00, 3.021660284E-02, 1.041277057E-01, 1.634336185E-04, 1.201859110E-03, 4.324184009E-03,-1.080812877E-02,-3.390296501E-05,-3.964888092E-03, 5.400550915E-03
       372, 1.099999988E+01, 3.021660239E-02, 8.622427933E-02, 1.121235146E-04, 8.208865102E-04, 4.311104509E-03,-7.416868073E-03,-1.925324057E-05,-2.258605778E-03, 3.707015009E-03
       373, 1.299999997E+01, 3.021660239E-02, 7.356393330E-02, 8.167499470E-05, 5.961812688E-04, 4.302462430E-03,-5.403577468E-03,-1.196645610E-05,-1.406127066E-03, 2.701185934E-03
       374, 4.999999929E+00, 3.502375636E-02, 1.779316228E-01, 5.548102869E-04, 3.593831221E-03, 4.392935292E-03,-3.157774613E-02,-1.984470221E-04,-2.269261394E-02, 1.573455228E-02
       375, 6.999999954E+00, 3.502375636E-02, 1.313534955E-01, 3.015344231E-04, 1.927922440E-03, 4.346886251E-03,-1.718774854E-02,-7.905727104E-05,-9.186369286E-03, 8.577264668E-03
       376, 8.999999951E+00, 3.502375688E-02, 1.041071551E-01, 1.893752017E-04, 1.201877377E-03, 4.324311377E-03,-1.080176859E-02,-3.927291317E-05,-4.593430733E-03, 5.394088317E-03
       377, 1.099999988E+01, 3.502375636E-02, 8.621257202E-02, 1.299326105E-04, 8.208957356E-04, 4.311193486E-03,-7.413863490E-03,-2.230684593E-05,-2.616920418E-03, 3.703599775E-03
       378, 1.299999997E+01, 3.502375636E-02, 7.355664452E-02, 9.465298073E-05, 5.961863551E-04, 4.302527884E-03,-5.401979534E-03,-1.386586082E-05,-1.629298977E-03, 2.699141152E-03
       379, 4.999999929E+00, 3.976777532E-02, 1.778168446E-01, 6.293581694E-04, 3.593934398E-03, 4.393307707E-03,-3.151708610E-02,-2.249002477E-04,-2.573621872E-02, 1.569102426E-02
       380, 6.999999954E+00, 3.976777532E-02, 1.313070198E-01, 3.421983651E-04, 1.927967118E-03, 4.347106904E-03,-1.716962623E-02,-8.967212053E-05,-1.042337247E-02, 8.564729819E-03
       381, 8.999999951E+00, 3.976777591E-02, 1.040839134E-01, 2.149554003E-04, 1.201897864E-03, 4.324455206E-03,-1.079457718E-02,-4.456310914E-05,-5.213074727E-03, 5.389356875E-03
       382, 1.099999988E+01, 3.976777532E-02, 8.619933022E-02, 1.474987643E-04, 8.209061150E-04, 4.311294022E-03,-7.410465629E-03,-2.531685727E-05,-2.970276398E-03, 3.701505435E-03
       383, 1.299999997E+01, 3.976777532E-02, 7.354839985E-02, 1.074561646E-04, 5.961920874E-04, 4.302601869E-03,-5.400172250E-03,-1.573880559E-05,-1.849424972E-03, 2.698116052E-03
       384, 4.999999929E+00, 4.444948847E-02, 1.776894400E-01, 7.027003424E-04, 3.594043595E-03, 4.393718795E-03,-3.144980177E-02,-2.508466614E-04,-2.872984837E-02, 1.564022243E-02
       385, 6.999999954E+00, 4.444948847E-02, 1.312554059E-01, 3.822599362E-04, 1.928015861E-03, 4.347351262E-03,-1.714950847E-02,-1.001123465E-04,-1.164188380E-02, 8.549443994E-03
       386, 8.999999951E+00, 4.444948913E-02, 1.040580964E-01, 2.401722420E-04, 1.201920402E-03, 4.324614697E-03,-1.078659098E-02,-4.977268535E-05,-5.823868264E-03, 5.383241492E-03
       387, 1.099999988E+01, 4.444948847E-02, 8.618461938E-02, 1.648211011E-04, 8.209175757E-04, 4.311405584E-03,-7.406691479E-03,-2.828294373E-05,-3.318711526E-03, 3.698588366E-03
       388, 1.299999997E+01, 4.444948847E-02, 7.353923988E-02, 1.200841200E-04, 5.961984292E-04, 4.302683999E-03,-5.398164583E-03,-1.758514030E-05,-2.066532459E-03, 2.696547392E-03
       389, 4.999999929E+00, 4.906971409E-02, 1.775499917E-01, 7.748368931E-04, 3.594156675E-03, 4.394165969E-03,-3.137621572E-02,-2.762807478E-04,-3.167331336E-02, 1.558525755E-02
       390, 6.999999954E+00, 4.906971409E-02, 1.311988822E-01, 4.217231361E-04, 1.928068181E-03, 4.347618030E-03,-1.712748673E-02,-1.103777328E-04,-1.284195236E-02, 8.533025843E-03
       391, 8.999999951E+00, 4.906971482E-02, 1.040298166E-01, 2.650293789E-04, 1.201944826E-03, 4.324789072E-03,-1.077784536E-02,-5.490199489E-05,-6.425865557E-03, 5.376740137E-03
       392, 1.099999988E+01, 4.906971409E-02, 8.616850303E-02, 1.819025492E-04, 8.209300457E-04, 4.311527647E-03,-7.402557541E-03,-3.120544847E-05,-3.662265930E-03, 3.695526779E-03
       393, 1.299999997E+01, 4.906971409E-02, 7.352920394E-02, 1.325391645E-04, 5.962053444E-04, 4.302773900E-03,-5.395965236E-03,-1.940513211E-05,-2.280649894E-03, 2.694925979E-03
       394, 4.999999929E+00, 5.362925975E-02, 1.773990672E-01, 8.457641091E-04, 3.594271474E-03, 4.394646672E-03,-3.129664270E-02,-3.011962762E-04,-3.456650220E-02, 1.552557270E-02
       395, 6.999999954E+00, 5.362925975E-02, 1.311376703E-01, 4.605894516E-04, 1.928123590E-03, 4.347905937E-03,-1.710365002E-02,-1.204675420E-04,-1.402364233E-02, 8.515114501E-03
       396, 8.999999951E+00, 5.362926055E-02, 1.039991829E-01, 2.895287636E-04, 1.201970970E-03, 4.324977568E-03,-1.076837475E-02,-5.995108105E-05,-7.019124852E-03, 5.369611049E-03
       397, 1.099999988E+01, 5.362925975E-02, 8.615104278E-02, 1.987448271E-04, 8.209434539E-04, 4.311659704E-03,-7.398079836E-03,-3.408452323E-05,-4.000980991E-03, 3.692149491E-03
       398, 1.299999997E+01, 5.362925975E-02, 7.351833019E-02, 1.448227163E-04, 5.962127976E-04, 4.302871208E-03,-5.393582656E-03,-2.119892278E-05,-2.491806135E-03, 2.693124913E-03
       399, 4.999999929E+00, 5.812892238E-02, 1.772372181E-01, 9.154823375E-04, 3.594385819E-03, 4.395158388E-03,-3.121138953E-02,-3.255891205E-04,-3.740937948E-02, 1.546175902E-02
       400, 6.999999954E+00, 5.812892238E-02, 1.310719859E-01, 4.988621241E-04, 1.928181598E-03, 4.348213740E-03,-1.707808490E-02,-1.303816351E-04,-1.518703308E-02, 8.495969287E-03
       401, 8.999999951E+00, 5.812892325E-02, 1.039663014E-01, 3.136733284E-04, 1.201998669E-03, 4.325179441E-03,-1.075821256E-02,-6.492023274E-05,-7.603708662E-03, 5.362000994E-03
       402, 1.099999988E+01, 5.812892238E-02, 8.613229839E-02, 2.153502813E-04, 8.209577302E-04, 4.311801259E-03,-7.393273910E-03,-3.692044396E-05,-4.334899536E-03, 3.688551553E-03
       403, 1.299999997E+01, 5.812892238E-02, 7.350665563E-02, 1.569366317E-04, 5.962207541E-04, 4.302975568E-03,-5.391025035E-03,-2.296672637E-05,-2.700030578E-03, 2.691211012E-03
       404, 4.999999929E+00, 6.256948846E-02, 1.770649809E-01, 9.839926095E-04, 3.594497544E-03, 4.395698642E-03,-3.112075490E-02,-3.494560122E-04,-4.020197979E-02, 1.539390414E-02
       405, 6.999999954E+00, 6.256948846E-02, 1.310020378E-01, 5.365443498E-04, 1.928241723E-03, 4.348540223E-03,-1.705087550E-02,-1.401199891E-04,-1.633221769E-02, 8.475578520E-03
       406, 8.999999951E+00, 6.256948940E-02, 1.039312747E-01, 3.374658639E-04, 1.202027760E-03, 4.325393967E-03,-1.074739122E-02,-6.980974851E-05,-8.179683216E-03, 5.353887242E-03
       407, 1.099999988E+01, 6.256948846E-02, 8.611232780E-02, 2.317211209E-04, 8.209728057E-04, 4.311951830E-03,-7.388154850E-03,-3.971347812E-05,-4.664065579E-03, 3.684711976E-03
       408, 1.299999997E+01, 6.256948846E-02, 7.349421612E-02, 1.688826495E-04, 5.962291796E-04, 4.303086636E-03,-5.388300321E-03,-2.470874613E-05,-2.905353021E-03, 2.689166731E-03
       409, 4.999999929E+00, 6.695173415E-02, 1.768828764E-01, 1.051297601E-03, 3.594604509E-03, 4.396265013E-03,-3.102502923E-02,-3.727948567E-04,-4.294440347E-02, 1.532227167E-02
       410, 6.999999954E+00, 6.695173415E-02, 1.309280291E-01, 5.736398215E-04, 1.928303485E-03, 4.348884198E-03,-1.702210350E-02,-1.496828328E-04,-1.745930211E-02, 8.454026886E-03
       411, 8.999999951E+00, 6.695173514E-02, 1.038942024E-01, 3.609093649E-04, 1.202058084E-03, 4.325620439E-03,-1.073594220E-02,-7.462000646E-05,-8.747118238E-03, 5.345307818E-03
       412, 1.099999988E+01, 6.695173415E-02, 8.609118719E-02, 2.478596561E-04, 8.209886128E-04, 4.312110947E-03,-7.382737286E-03,-4.246392510E-05,-4.988524258E-03, 3.680651541E-03
       413, 1.299999997E+01, 6.695173415E-02, 7.348104642E-02, 1.806625657E-04, 5.962380408E-04, 4.303204078E-03,-5.385416216E-03,-2.642520033E-05,-3.107803639E-03, 2.687004962E-03
       414, 4.999999929E+00, 7.127642538E-02, 1.766914102E-01, 1.117401204E-03, 3.594704610E-03, 4.396855137E-03,-3.092449462E-02,-3.956045523E-04,-4.563681220E-02, 1.524705669E-02
       415, 6.999999954E+00, 7.127642538E-02, 1.308501564E-01, 6.101525208E-04, 1.928366415E-03, 4.349244509E-03,-1.699184819E-02,-1.590705848E-04,-1.856840426E-02, 8.431364126E-03
       416, 8.999999951E+00, 7.127642644E-02, 1.038551812E-01, 3.840069066E-04, 1.202089485E-03, 4.325858171E-03,-1.072389605E-02,-7.935143647E-05,-9.306086653E-03, 5.336279441E-03
       417, 1.099999988E+01, 7.127642538E-02, 8.606893099E-02, 2.637682162E-04, 8.210050853E-04, 4.312278154E-03,-7.377035403E-03,-4.517210113E-05,-5.308321704E-03, 3.676376642E-03
       418, 1.299999997E+01, 7.127642538E-02, 7.346718021E-02, 1.922781747E-04, 5.962473053E-04, 4.303327568E-03,-5.382380188E-03,-2.811631315E-05,-3.307412930E-03, 2.684728223E-03
       419, 4.999999929E+00, 7.554431806E-02, 1.764910725E-01, 1.182308539E-03, 3.594795793E-03, 4.397466711E-03,-3.081942479E-02,-4.178849404E-04,-4.827942489E-02, 1.516848746E-02
       420, 6.999999954E+00, 7.554431806E-02, 1.307686106E-01, 6.460867507E-04, 1.928430055E-03, 4.349620031E-03,-1.696018645E-02,-1.682838549E-04,-1.965965309E-02, 8.407658095E-03
       421, 8.999999951E+00, 7.554431918E-02, 1.038143044E-01, 4.067616721E-04, 1.202121809E-03, 4.326106496E-03,-1.071128235E-02,-8.400452387E-05,-9.856664316E-03, 5.326830180E-03
       422, 1.099999988E+01, 7.554431806E-02, 8.604561196E-02, 2.794491705E-04, 8.210221589E-04, 4.312453010E-03,-7.371062948E-03,-4.783834196E-05,-5.623504953E-03, 3.671901453E-03
       423, 1.299999997E+01, 7.554431806E-02, 7.345265012E-02, 2.037312854E-04, 5.962569412E-04, 4.303456792E-03,-5.379199472E-03,-2.978231662E-05,-3.504211670E-03, 2.682344678E-03
       424, 4.999999929E+00, 7.975615815E-02, 1.762823387E-01, 1.246025925E-03, 3.594876066E-03, 4.398097496E-03,-3.071008507E-02,-4.396367665E-04,-5.087251351E-02, 1.508673291E-02
       425, 6.999999954E+00, 7.975615815E-02, 1.306835764E-01, 6.814471334E-04, 1.928493955E-03, 4.350009670E-03,-1.692719283E-02,-1.773234388E-04,-2.073318777E-02, 8.382949807E-03
       426, 8.999999951E+00, 7.975615934E-02, 1.037716628E-01, 4.291769545E-04, 1.202154908E-03, 4.326364765E-03,-1.069812980E-02,-8.857980827E-05,-1.039892977E-02, 5.316972721E-03
       427, 1.099999988E+01, 7.975615815E-02, 8.602128117E-02, 2.949049316E-04, 8.210397706E-04, 4.312635085E-03,-7.364833240E-03,-5.046300278E-05,-5.934121849E-03, 3.667230122E-03
       428, 1.299999997E+01, 7.975615815E-02, 7.343748775E-02, 2.150237241E-04, 5.962669177E-04, 4.303591443E-03,-5.375881080E-03,-3.142345074E-05,-3.698230879E-03, 2.679855425E-03
       429, 4.999999929E+00, 8.391268182E-02, 1.760656689E-01, 1.308560534E-03, 3.594943503E-03, 4.398745326E-03,-3.059673239E-02,-4.608614971E-04,-5.341639884E-02, 1.500207084E-02
       430, 6.999999954E+00, 8.391268182E-02, 1.305952329E-01, 7.162384673E-04, 1.928557683E-03, 4.350412368E-03,-1.689293952E-02,-1.861902664E-04,-2.178915684E-02, 8.357333007E-03
       431, 8.999999951E+00, 8.391268308E-02, 1.037273443E-01, 4.512560794E-04, 1.202188636E-03, 4.326632352E-03,-1.068446616E-02,-9.307786297E-05,-1.093296399E-02, 5.306750962E-03
       432, 1.099999988E+01, 8.391268182E-02, 8.599598811E-02, 3.101379059E-04, 8.210578595E-04, 4.312823964E-03,-7.358359182E-03,-5.304644830E-05,-6.240220948E-03, 3.662387501E-03
       433, 1.299999997E+01, 8.391268182E-02, 7.342172371E-02, 2.261573009E-04, 5.962772048E-04, 4.303731226E-03,-5.372431798E-03,-3.303995777E-05,-3.889501772E-03, 2.677276335E-03
       434, 4.999999929E+00, 8.801461558E-02, 1.758415088E-01, 1.369920934E-03, 3.594996258E-03, 4.399408103E-03,-3.047961533E-02,-4.815615567E-04,-5.591144689E-02, 1.491438686E-02
       435, 6.999999954E+00, 8.801461558E-02, 1.305037533E-01, 7.504659944E-04, 1.928620817E-03, 4.350827098E-03,-1.685749641E-02,-1.948854813E-04,-2.282771757E-02, 8.330719756E-03
       436, 8.999999951E+00, 8.801461690E-02, 1.036814337E-01, 4.730025641E-04, 1.202222854E-03, 4.326908647E-03,-1.067031835E-02,-9.749933115E-05,-1.145885019E-02, 5.296103652E-03
       437, 1.099999988E+01, 8.801461558E-02, 8.596978068E-02, 3.251506002E-04, 8.210763666E-04, 4.313019242E-03,-7.351653264E-03,-5.558907225E-05,-6.541851459E-03, 3.657329601E-03
       438, 1.299999997E+01, 8.801461558E-02, 7.340538763E-02, 2.371338853E-04, 5.962877734E-04, 4.303875853E-03,-5.368858201E-03,-3.463209407E-05,-4.078055737E-03, 2.674574583E-03
       439, 4.999999929E+00, 9.206267639E-02, 1.756102893E-01, 1.430115010E-03, 3.595032563E-03, 4.400083805E-03,-3.035897411E-02,-5.017393718E-04,-5.835804781E-02, 1.482465922E-02
       440, 6.999999954E+00, 9.206267639E-02, 1.304093055E-01, 7.841344284E-04, 1.928682954E-03, 4.351252867E-03,-1.682093116E-02,-2.034101367E-04,-2.384902873E-02, 8.303526352E-03
       441, 8.999999951E+00, 9.206267776E-02, 1.036340133E-01, 4.944195521E-04, 1.202257426E-03, 4.327193061E-03,-1.065571240E-02,-1.018447929E-04,-1.197667059E-02, 5.285260474E-03
       442, 1.099999988E+01, 9.206267639E-02, 8.594270526E-02, 3.399452500E-04, 8.210952345E-04, 4.313220530E-03,-7.344727578E-03,-5.809122733E-05,-6.839061493E-03, 3.652202498E-03
       443, 1.299999997E+01, 9.206267639E-02, 7.338850818E-02, 2.479551425E-04, 5.962985955E-04, 4.304025047E-03,-5.365166650E-03,-3.620008859E-05,-4.263923292E-03, 2.671851611E-03
       444, 4.999999929E+00, 9.605757177E-02, 1.753724271E-01, 1.489155654E-03, 3.595050743E-03, 4.400770486E-03,-3.023504075E-02,-5.214001201E-04,-6.076741536E-02, 1.473187433E-02
       445, 6.999999954E+00, 9.605757177E-02, 1.303120517E-01, 8.172505322E-04, 1.928743704E-03, 4.351688717E-03,-1.678330915E-02,-2.117660376E-04,-2.485779602E-02, 8.275244332E-03
       446, 8.999999951E+00, 9.605757321E-02, 1.035851628E-01, 5.155112838E-04, 1.202292221E-03, 4.327485027E-03,-1.064067350E-02,-1.061151243E-04,-1.248881908E-02, 5.273915447E-03
       447, 1.099999988E+01, 9.605757177E-02, 8.591480671E-02, 3.545247733E-04, 8.211144080E-04, 4.313427451E-03,-7.337593823E-03,-6.055341040E-05,-7.133227902E-03, 3.646801420E-03
       448, 1.299999997E+01, 9.605757177E-02, 7.337111313E-02, 2.586232051E-04, 5.963096439E-04, 4.304178540E-03,-5.361363303E-03,-3.774425118E-05,-4.447966634E-03, 2.668960548E-03
       449, 4.999999929E+00, 1.000000000E-01, 1.751283244E-01, 1.547054850E-03, 3.595049192E-03, 4.401466270E-03,-3.010803877E-02,-5.405485588E-04,-6.312203232E-02, 1.463701632E-02
       450, 6.999999954E+00, 1.000000000E-01, 1.302121486E-01, 8.498206216E-04, 1.928802694E-03, 4.352133720E-03,-1.674469352E-02,-2.199548497E-04,-2.584658395E-02, 8.246350366E-03
       451, 8.999999951E+00, 1.000000015E-01, 1.035349591E-01, 5.362817324E-04, 1.202327113E-03, 4.327783993E-03,-1.062522598E-02,-1.103111375E-04,-1.299150040E-02, 5.262352542E-03
       452, 1.099999988E+01, 1.000000000E-01, 8.588612841E-02, 3.688919101E-04, 8.211338338E-04, 4.313639640E-03,-7.330263303E-03,-6.297608370E-05,-7.422164955E-03, 3.641315822E-03
       453, 1.299999997E+01, 1.000000000E-01, 7.335322929E-02, 2.691400780E-04, 5.963208922E-04, 4.304336070E-03,-5.357454110E-03,-3.926487081E-05,-4.628816143E-03, 2.666037141E-03
       454, 4.999999929E+00, 1.037429218E-01, 1.748880246E-01, 1.601668566E-03, 3.595027704E-03, 4.402142404E-03,-2.998319607E-02,-5.584827275E-04,-6.531302526E-02, 1.454428819E-02
       455, 6.999999954E+00, 1.037429218E-01, 1.301137054E-01, 8.806336889E-04, 1.928857439E-03, 4.352569531E-03,-1.670667307E-02,-2.276735797E-04,-2.676949962E-02, 8.218085971E-03
       456, 8.999999951E+00, 1.037429233E-01, 1.034854667E-01, 5.559573037E-04, 1.202360651E-03, 4.328077646E-03,-1.061000523E-02,-1.142770054E-04,-1.346134707E-02, 5.251048554E-03
       457, 1.099999988E+01, 1.037429218E-01, 8.585784954E-02, 3.825110874E-04, 8.211527076E-04, 4.313848363E-03,-7.323037483E-03,-6.526911046E-05,-7.692430477E-03, 3.635960187E-03
       458, 1.299999997E+01, 1.037429218E-01, 7.333559197E-02, 2.791135156E-04, 5.963318758E-04, 4.304491157E-03,-5.353599817E-03,-4.070531183E-05,-4.798054243E-03, 2.663188274E-03
       459, 4.999999929E+00, 1.075400176E-01, 1.746357973E-01, 1.656706389E-03, 3.594983898E-03, 4.402842674E-03,-2.985234955E-02,-5.764238621E-04,-6.752707604E-02, 1.444644129E-02
       460, 6.999999954E+00, 1.075400176E-01, 1.300102726E-01, 9.117806698E-04, 1.928911349E-03, 4.353024549E-03,-1.666675860E-02,-2.354465858E-04,-2.770508533E-02, 8.188093925E-03
       461, 8.999999951E+00, 1.075400192E-01, 1.034334419E-01, 5.758726641E-04, 1.202394987E-03, 4.328385171E-03,-1.059401412E-02,-1.182819142E-04,-1.393832509E-02, 5.238984922E-03
       462, 1.099999988E+01, 1.075400176E-01, 8.582811631E-02, 3.963059765E-04, 8.211722512E-04, 4.314067273E-03,-7.315442835E-03,-6.758806944E-05,-7.967008343E-03, 3.630207730E-03
       463, 1.299999997E+01, 1.075400176E-01, 7.331704481E-02, 2.892198605E-04, 5.963433088E-04, 4.304653953E-03,-5.349547787E-03,-4.216328456E-05,-4.970071443E-03, 2.660105667E-03
       464, 4.999999929E+00, 1.113920715E-01, 1.743712847E-01, 1.712155776E-03, 3.594914642E-03, 4.403566647E-03,-2.971534167E-02,-5.943593095E-04,-6.977647834E-02, 1.434444725E-02
       465, 6.999999954E+00, 1.113920715E-01, 1.299016880E-01, 9.432607609E-04, 1.928963972E-03, 4.353499044E-03,-1.662489254E-02,-2.432716602E-04,-2.865866817E-02, 8.156868866E-03
       466, 8.999999951E+00, 1.113920731E-01, 1.033787995E-01, 5.960291357E-04, 1.202430039E-03, 4.328706892E-03,-1.057722779E-02,-1.223254786E-04,-1.442518432E-02, 5.226465420E-03
       467, 1.099999988E+01, 1.113920715E-01, 8.579687898E-02, 4.102781779E-04, 8.211924517E-04, 4.314296651E-03,-7.307467074E-03,-6.993297052E-05,-8.247492628E-03, 3.624264904E-03
       468, 1.299999997E+01, 1.113920715E-01, 7.329755637E-02, 2.994605860E-04, 5.963551927E-04, 4.304824688E-03,-5.345291315E-03,-4.363888251E-05,-5.145870786E-03, 2.656939005E-03
       469, 4.999999929E+00, 1.152998790E-01, 1.740941235E-01, 1.767999669E-03, 3.594816493E-03, 4.404313789E-03,-2.957201462E-02,-6.122740767E-04,-7.204094390E-02, 1.423774727E-02
       470, 6.999999954E+00, 1.152998790E-01, 1.297877863E-01, 9.750712603E-04, 1.929014801E-03, 4.353993264E-03,-1.658101642E-02,-2.511459119E-04,-2.962194883E-02, 8.124093634E-03
       471, 8.999999951E+00, 1.152998807E-01, 1.033214524E-01, 6.164270237E-04, 1.202465711E-03, 4.329043131E-03,-1.055962084E-02,-1.264070403E-04,-1.491776078E-02, 5.213289236E-03
       472, 1.099999988E+01, 1.152998790E-01, 8.576408645E-02, 4.244286627E-04, 8.212132922E-04, 4.314536782E-03,-7.299097621E-03,-7.230369002E-05,-8.531507640E-03, 3.617993776E-03
       473, 1.299999997E+01, 1.152998790E-01, 7.327709430E-02, 3.098367374E-04, 5.963675275E-04, 4.305003597E-03,-5.340823520E-03,-4.513212463E-05,-5.323972082E-03, 2.653587859E-03
       474, 4.999999929E+00, 1.192642470E-01, 1.738039449E-01, 1.824219157E-03, 3.594685715E-03, 4.405083442E-03,-2.942221022E-02,-6.301515467E-04,-7.431971486E-02, 1.412624995E-02
       475, 6.999999954E+00, 1.192642470E-01, 1.296683978E-01, 1.007209184E-03, 1.929063278E-03, 4.354507427E-03,-1.653507077E-02,-2.590661306E-04,-3.059482878E-02, 8.089786102E-03
       476, 8.999999951E+00, 1.192642488E-01, 1.032613110E-01, 6.370666834E-04, 1.202501896E-03, 4.329394203E-03,-1.054116728E-02,-1.305258688E-04,-1.541605936E-02, 5.199490663E-03
       477, 1.099999988E+01, 1.192642470E-01, 8.572968621E-02, 4.387585236E-04, 8.212347518E-04, 4.314787948E-03,-7.290321573E-03,-7.470009159E-05,-8.819073829E-03, 3.611427069E-03
       478, 1.299999997E+01, 1.192642470E-01, 7.325562535E-02, 3.203494880E-04, 5.963803122E-04, 4.305190917E-03,-5.336137337E-03,-4.664303301E-05,-5.504394877E-03, 2.650080245E-03
       479, 4.999999929E+00, 1.232859942E-01, 1.735003741E-01, 1.880793965E-03, 3.594518266E-03, 4.405874817E-03,-2.926577015E-02,-6.479743363E-04,-7.661196289E-02, 1.400986843E-02
       480, 6.999999954E+00, 1.232859942E-01, 1.295433494E-01, 1.039671039E-03, 1.929108788E-03, 4.355041720E-03,-1.648699513E-02,-2.670288847E-04,-3.157718756E-02, 8.053892572E-03
       481, 8.999999951E+00, 1.232859960E-01, 1.031982834E-01, 6.579482351E-04, 1.202538470E-03, 4.329760418E-03,-1.052184056E-02,-1.346811527E-04,-1.592007638E-02, 5.185037262E-03
       482, 1.099999988E+01, 1.232859942E-01, 8.569362428E-02, 4.532687270E-04, 8.212568055E-04, 4.315050438E-03,-7.281125701E-03,-7.712200352E-05,-9.110207657E-03, 3.604543629E-03
       483, 1.299999997E+01, 1.232859942E-01, 7.323311527E-02, 3.309999348E-04, 5.963935441E-04, 4.305386888E-03,-5.331225508E-03,-4.817161208E-05,-5.687156607E-03, 2.646401397E-03
       484, 4.999999929E+00, 1.273659511E-01, 1.731830312E-01, 1.937702476E-03, 3.594309775E-03, 4.406686979E-03,-2.910253619E-02,-6.657241675E-04,-7.891681059E-02, 1.388850046E-02
       485, 6.999999954E+00, 1.273659511E-01, 1.294124637E-01, 1.072452943E-03, 1.929150656E-03, 4.355596298E-03,-1.643672813E-02,-2.750305159E-04,-3.256889168E-02, 8.016376828E-03
       486, 8.999999951E+00, 1.273659530E-01, 1.031322754E-01, 6.790716727E-04, 1.202575297E-03, 4.330142080E-03,-1.050161353E-02,-1.388720096E-04,-1.642980404E-02, 5.169915470E-03
       487, 1.099999988E+01, 1.273659511E-01, 8.565584517E-02, 4.679602001E-04, 8.212794236E-04, 4.315324538E-03,-7.271496446E-03,-7.956922896E-05,-9.404924119E-03, 3.597338247E-03
       488, 1.299999997E+01, 1.273659511E-01, 7.320952885E-02, 3.417891682E-04, 5.964072189E-04, 4.305591756E-03,-5.326080579E-03,-4.971785657E-05,-5.872274154E-03, 2.642549500E-03
       489, 4.999999929E+00, 1.315049601E-01, 1.728515309E-01, 1.994921618E-03, 3.594055529E-03, 4.407518838E-03,-2.893235052E-02,-6.833818817E-04,-8.123333060E-02, 1.376203341E-02
       490, 6.999999954E+00, 1.315049601E-01, 1.292755596E-01, 1.105550535E-03, 1.929188144E-03, 4.356171272E-03,-1.638420747E-02,-2.830671243E-04,-3.356979412E-02, 7.977190262E-03
       491, 8.999999951E+00, 1.315049621E-01, 1.030631903E-01, 7.004368030E-04, 1.202612224E-03, 4.330539482E-03,-1.048045849E-02,-1.430974762E-04,-1.694523021E-02, 5.154102240E-03
       492, 1.099999988E+01, 1.315049601E-01, 8.561629188E-02, 4.828337876E-04, 8.213025715E-04, 4.315610534E-03,-7.261419913E-03,-8.204153904E-05,-9.703236642E-03, 3.589798628E-03
       493, 1.299999997E+01, 1.315049601E-01, 7.318482987E-02, 3.527182396E-04, 5.964213306E-04, 4.305805767E-03,-5.320694899E-03,-5.128174709E-05,-6.059763796E-03, 2.638517326E-03
       494, 4.999999929E+00, 1.357038760E-01, 1.725054829E-01, 2.052426821E-03, 3.593750451E-03, 4.408369141E-03,-2.875505600E-02,-7.009273886E-04,-8.356054477E-02, 1.363035948E-02
       495, 6.999999954E+00, 1.357038760E-01, 1.291324521E-01, 1.138958979E-03, 1.929220445E-03, 4.356766715E-03,-1.632936999E-02,-2.911345595E-04,-3.457973373E-02, 7.936288116E-03
       496, 8.999999951E+00, 1.357038781E-01, 1.029909289E-01, 7.220432533E-04, 1.202649079E-03, 4.330952907E-03,-1.045834714E-02,-1.473565062E-04,-1.746633819E-02, 5.137577579E-03
       497, 1.099999988E+01, 1.357038760E-01, 8.557490582E-02, 4.978902606E-04, 8.213262091E-04, 4.315908714E-03,-7.250881870E-03,-8.453867286E-05,-1.000515699E-02, 3.581914874E-03
       498, 1.299999997E+01, 1.357038760E-01, 7.315898106E-02, 3.637881697E-04, 5.964358713E-04, 4.306029170E-03,-5.315060616E-03,-5.286325053E-05,-6.249641162E-03, 2.634299536E-03
       499, 4.999999929E+00, 1.399635659E-01, 1.721444922E-01, 2.110191969E-03, 3.593389083E-03, 4.409236456E-03,-2.857049652E-02,-7.183396509E-04,-8.589742312E-02, 1.349337265E-02
       500, 6.999999954E+00, 1.399635659E-01, 1.289829521E-01, 1.172672931E-03, 1.929246677E-03, 4.357382651E-03,-1.627215169E-02,-2.992284126E-04,-3.559853474E-02, 7.893624190E-03
       501, 8.999999951E+00, 1.399635680E-01, 1.029153897E-01, 7.438904561E-04, 1.202685673E-03, 4.331382627E-03,-1.043525059E-02,-1.516479668E-04,-1.799310650E-02, 5.120320130E-03
       502, 1.099999988E+01, 1.399635659E-01, 8.553162686E-02, 5.131303073E-04, 8.213502904E-04, 4.316219361E-03,-7.239867742E-03,-8.706033537E-05,-1.031069516E-02, 3.573676037E-03
       503, 1.299999997E+01, 1.399635659E-01, 7.313194412E-02, 3.749999420E-04, 5.964508309E-04, 4.306262216E-03,-5.309169672E-03,-5.446231883E-05,-6.441921190E-03, 2.629889995E-03
       504, 4.999999929E+00, 1.442849094E-01, 1.717681594E-01, 2.168189355E-03, 3.592965563E-03, 4.410119161E-03,-2.837851727E-02,-7.355966666E-04,-8.824288301E-02, 1.335096880E-02
       505, 6.999999954E+00, 1.442849094E-01, 1.288268667E-01, 1.206686521E-03, 1.929265883E-03, 4.358019051E-03,-1.621248779E-02,-3.073440062E-04,-3.662600625E-02, 7.849152283E-03
       506, 8.999999951E+00, 1.442849115E-01, 1.028364684E-01, 7.659776411E-04, 1.202721795E-03, 4.331828899E-03,-1.041113939E-02,-1.559706339E-04,-1.852550865E-02, 5.102308519E-03
       507, 1.099999988E+01, 1.442849094E-01, 8.548639320E-02, 5.285545293E-04, 8.213747631E-04, 4.316542759E-03,-7.228362608E-03,-8.960619593E-05,-1.061985931E-02, 3.565071215E-03
       508, 1.299999997E+01, 1.442849094E-01, 7.310367964E-02, 3.863545018E-04, 5.964661971E-04, 4.306505160E-03,-5.303013801E-03,-5.607888833E-05,-6.636618079E-03, 2.625282653E-03
       509, 4.999999929E+00, 1.486687988E-01, 1.713760808E-01, 2.226389625E-03, 3.592473610E-03, 4.411015431E-03,-2.817896511E-02,-7.526754584E-04,-9.059578848E-02, 1.320304570E-02
       510, 6.999999954E+00, 1.486687988E-01, 1.286639990E-01, 1.240993331E-03, 1.929277022E-03, 4.358675835E-03,-1.615031274E-02,-3.154763840E-04,-3.766194172E-02, 7.802825590E-03
       511, 8.999999951E+00, 1.486688010E-01, 1.027540584E-01, 7.883038235E-04, 1.202757216E-03, 4.332291965E-03,-1.038598353E-02,-1.603231889E-04,-1.906351295E-02, 5.083520829E-03
       512, 1.099999988E+01, 1.486687988E-01, 8.543914142E-02, 5.441634358E-04, 8.213995680E-04, 4.316879187E-03,-7.216351201E-03,-9.217588654E-05,-1.093265563E-02, 3.556089140E-03
       513, 1.299999997E+01, 1.486687988E-01, 7.307414714E-02, 3.978527525E-04, 5.964819551E-04, 4.306758256E-03,-5.296584526E-03,-5.771287898E-05,-6.833745240E-03, 2.620471219E-03
       514, 4.999999929E+00, 1.531161394E-01, 1.709678491E-01, 2.284761731E-03, 3.591906501E-03, 4.411923224E-03,-2.797168892E-02,-7.695520738E-04,-9.295494989E-02, 1.304950361E-02
       515, 6.999999954E+00, 1.531161394E-01, 1.284941482E-01, 1.275586367E-03, 1.929278964E-03, 4.359352857E-03,-1.608556035E-02,-3.236203030E-04,-3.870611852E-02, 7.754597010E-03
       516, 8.999999951E+00, 1.531161417E-01, 1.026680504E-01, 8.108677929E-04, 1.202791680E-03, 4.332772048E-03,-1.035975242E-02,-1.647042141E-04,-1.960708221E-02, 5.063934814E-03
       517, 1.099999988E+01, 1.531161394E-01, 8.538980643E-02, 5.599574382E-04, 8.214246385E-04, 4.317228924E-03,-7.203817903E-03,-9.476900004E-05,-1.124908822E-02, 3.546718339E-03
       518, 1.299999997E+01, 1.531161394E-01, 7.304330499E-02, 4.094955528E-04, 5.964980873E-04, 4.307021761E-03,-5.289873154E-03,-5.936419345E-05,-7.033315236E-03, 2.615449275E-03
       519, 4.999999929E+00, 1.576278496E-01, 1.705430535E-01, 2.343272881E-03, 3.591257053E-03, 4.412840269E-03,-2.775653997E-02,-7.862015593E-04,-9.531912345E-02, 1.289024547E-02
       520, 6.999999954E+00, 1.576278496E-01, 1.283171098E-01, 1.310458040E-03, 1.929270488E-03, 4.360049908E-03,-1.601816377E-02,-3.317702238E-04,-3.975829726E-02, 7.704419141E-03
       521, 8.999999951E+00, 1.576278520E-01, 1.025783325E-01, 8.336681021E-04, 1.202824907E-03, 4.333269354E-03,-1.033241490E-02,-1.691121894E-04,-2.015617356E-02, 5.043527848E-03
       522, 1.099999988E+01, 1.576278496E-01, 8.533832139E-02, 5.759368440E-04, 8.214499000E-04, 4.317592239E-03,-7.190746742E-03,-9.738508817E-05,-1.156915901E-02, 3.536947084E-03
       523, 1.299999997E+01, 1.576278496E-01, 7.301111042E-02, 4.212837135E-04, 5.965145732E-04, 4.307295932E-03,-5.282870776E-03,-6.103271622E-05,-7.235339728E-03, 2.610210232E-03
       524, 4.999999929E+00, 1.622048611E-01, 1.701012800E-01, 2.401888491E-03, 3.590517598E-03, 4.413764051E-03,-2.753337232E-02,-8.025979405E-04,-9.768701068E-02, 1.272517705E-02
       525, 6.999999954E+00, 1.622048611E-01, 1.281326751E-01, 1.345600136E-03, 1.929250271E-03, 4.360766706E-03,-1.594805558E-02,-3.399203028E-04,-4.081822137E-02, 7.652244379E-03
       526, 8.999999951E+00, 1.622048635E-01, 1.024847901E-01, 8.567030547E-04, 1.202856593E-03, 4.333784064E-03,-1.030393929E-02,-1.735454879E-04,-2.071073815E-02, 5.022276958E-03
       527, 1.099999988E+01, 1.622048611E-01, 8.528461776E-02, 5.921018507E-04, 8.214752696E-04, 4.317969400E-03,-7.177121392E-03,-1.000236595E-04,-1.189286764E-02, 3.526763406E-03
       528, 1.299999997E+01, 1.622048611E-01, 7.297751949E-02, 4.332179940E-04, 5.965313892E-04, 4.307581025E-03,-5.275568261E-03,-6.271831246E-05,-7.439829425E-03, 2.604747348E-03
       529, 4.999999929E+00, 1.668481190E-01, 1.696421122E-01, 2.460572135E-03, 3.589679970E-03, 4.414691795E-03,-2.730204324E-02,-8.187142150E-04,-1.000572581E-01, 1.255420739E-02
       530, 6.999999954E+00, 1.668481190E-01, 1.279406319E-01, 1.381003792E-03, 1.929216887E-03, 4.361502892E-03,-1.587516788E-02,-3.480643801E-04,-4.188561649E-02, 7.598024940E-03
       531, 8.999999951E+00, 1.668481215E-01, 1.023873060E-01, 8.799706931E-04, 1.202886403E-03, 4.334316337E-03,-1.027429333E-02,-1.780023713E-04,-2.127072091E-02, 5.000158814E-03
       532, 1.099999988E+01, 1.668481190E-01, 8.522862522E-02, 6.084525398E-04, 8.215006547E-04, 4.318360666E-03,-7.162925174E-03,-1.026841777E-04,-1.222021133E-02, 3.516155081E-03
       533, 1.299999997E+01, 1.668481190E-01, 7.294248704E-02, 4.452990990E-04, 5.965485082E-04, 4.307877299E-03,-5.267956256E-03,-6.442082707E-05,-7.646794025E-03, 2.599053726E-03
       534, 4.999999929E+00, 1.715585821E-01, 1.691651312E-01, 2.519285497E-03, 3.588735477E-03, 4.415620449E-03,-2.706241361E-02,-8.345223508E-04,-1.024284573E-01, 1.237724926E-02
       535, 6.999999954E+00, 1.715585821E-01, 1.277407640E-01, 1.416659474E-03, 1.929168798E-03, 4.362258023E-03,-1.579943234E-02,-3.561959700E-04,-4.296019014E-02, 7.541712916E-03
       536, 8.999999951E+00, 1.715585846E-01, 1.022857604E-01, 9.034687857E-04, 1.202913972E-03, 4.334866303E-03,-1.024344426E-02,-1.824809848E-04,-2.183606035E-02, 4.977149749E-03
       537, 1.099999988E+01, 1.715585821E-01, 8.517027164E-02, 6.249888699E-04, 8.215259532E-04, 4.318766288E-03,-7.148141047E-03,-1.053660592E-04,-1.255118476E-02, 3.505109639E-03
       538, 1.299999997E+01, 1.715585821E-01, 7.290596671E-02, 4.575276749E-04, 5.965658994E-04, 4.308185010E-03,-5.260025183E-03,-6.614008380E-05,-7.856242153E-03, 2.593122310E-03
       539, 4.999999929E+00, 1.763372232E-01, 1.686699167E-01, 2.577988326E-03, 3.587674887E-03, 4.416546673E-03,-2.681434832E-02,-8.499932992E-04,-1.047991449E-01, 1.219421960E-02
       540, 6.999999954E+00, 1.763372232E-01, 1.275328516E-01, 1.452556943E-03, 1.929104349E-03, 4.363031566E-03,-1.572078026E-02,-3.643082530E-04,-4.404163114E-02, 7.483260362E-03
       541, 8.999999951E+00, 1.763372258E-01, 1.021800307E-01, 9.271948138E-04, 1.202938905E-03, 4.335434062E-03,-1.021135879E-02,-1.869793536E-04,-2.240668825E-02, 4.953225769E-03
       542, 1.099999988E+01, 1.763372232E-01, 8.510948309E-02, 6.417106699E-04, 8.215510521E-04, 4.319186509E-03,-7.132751620E-03,-1.080686715E-04,-1.288577995E-02, 3.493614367E-03
       543, 1.299999997E+01, 1.763372232E-01, 7.286791088E-02, 4.699043060E-04, 5.965835281E-04, 4.308504412E-03,-5.251765232E-03,-6.787588419E-05,-8.068181294E-03, 2.586945880E-03
       544, 4.999999929E+00, 1.811850290E-01, 1.681560469E-01, 2.636638389E-03, 3.586488404E-03, 4.417466820E-03,-2.655771680E-02,-8.650969758E-04,-1.071678032E-01, 1.200503976E-02
       545, 6.999999954E+00, 1.811850290E-01, 1.273166713E-01, 1.488685234E-03, 1.929021761E-03, 4.363822890E-03,-1.563914272E-02,-3.723940670E-04,-4.512960911E-02, 7.422619377E-03
       546, 8.999999951E+00, 1.811850317E-01, 1.020699916E-01, 9.511459578E-04, 1.202960770E-03, 4.336019682E-03,-1.017800311E-02,-1.914953782E-04,-2.298252940E-02, 4.928362573E-03
       547, 1.099999988E+01, 1.811850290E-01, 8.504618378E-02, 6.586176319E-04, 8.215758273E-04, 4.319621561E-03,-7.116739139E-03,-1.107913303E-04,-1.322398613E-02, 3.481656311E-03
       548, 1.299999997E+01, 1.811850290E-01, 7.282827066E-02, 4.824295102E-04, 5.966013549E-04, 4.308835758E-03,-5.243166366E-03,-6.962800639E-05,-8.282617726E-03, 2.580517044E-03
       549, 4.999999929E+00, 1.861030006E-01, 1.676230995E-01, 2.695191431E-03, 3.585165651E-03, 4.418376918E-03,-2.629239341E-02,-8.798022557E-04,-1.095328600E-01, 1.180963582E-02
       550, 6.999999954E+00, 1.861030006E-01, 1.270919960E-01, 1.525032629E-03, 1.928919125E-03, 4.364631260E-03,-1.555445058E-02,-3.804458993E-04,-4.622377395E-02, 7.359742209E-03
       551, 8.999999951E+00, 1.861030034E-01, 1.019555150E-01, 9.753190836E-04, 1.202979100E-03, 4.336623194E-03,-1.014334295E-02,-1.960268299E-04,-2.356350133E-02, 4.902535575E-03
       552, 1.099999988E+01, 1.861030006E-01, 8.498029602E-02, 6.757093040E-04, 8.216001422E-04, 4.320071662E-03,-7.100085498E-03,-1.135332979E-04,-1.356578959E-02, 3.469222281E-03
       553, 1.299999997E+01, 1.861030006E-01, 7.278699587E-02, 4.951037356E-04, 5.966193363E-04, 4.309179300E-03,-5.234218313E-03,-7.139620394E-05,-8.499556460E-03, 2.573828251E-03
       554, 4.999999929E+00, 1.910921536E-01, 1.670706520E-01, 2.753601129E-03, 3.583695650E-03, 4.419272654E-03,-2.601825799E-02,-8.940769665E-04,-1.118926891E-01, 1.160793873E-02
       555, 6.999999954E+00, 1.910921536E-01, 1.268585951E-01, 1.561586622E-03, 1.928794393E-03, 4.365455831E-03,-1.546663464E-02,-3.884558759E-04,-4.732375547E-02, 7.294581304E-03
       556, 8.999999951E+00, 1.910921564E-01, 1.018364703E-01, 9.997107280E-04, 1.202993390E-03, 4.337244592E-03,-1.010734356E-02,-2.005713456E-04,-2.414951407E-02, 4.875719911E-03
       557, 1.099999988E+01, 1.910921536E-01, 8.491174025E-02, 6.929850826E-04, 8.216238474E-04, 4.320537020E-03,-7.082772236E-03,-1.162937804E-04,-1.391117359E-02, 3.456298841E-03
       558, 1.299999997E+01, 1.910921536E-01, 7.274403499E-02, 5.079273555E-04, 5.966374234E-04, 4.309535282E-03,-5.224910568E-03,-7.318020460E-05,-8.719001170E-03, 2.566871790E-03
       559, 4.999999929E+00, 1.961535182E-01, 1.664982823E-01, 2.811819054E-03, 3.582066802E-03, 4.420149359E-03,-2.573519631E-02,-9.078879365E-04,-1.142456112E-01, 1.139988583E-02
       560, 6.999999954E+00, 1.961535182E-01, 1.266162347E-01, 1.598333902E-03, 1.928645373E-03, 4.366295634E-03,-1.537562575E-02,-3.964157511E-04,-4.842916295E-02, 7.227089378E-03
       561, 8.999999951E+00, 1.961535212E-01, 1.017127238E-01, 1.024317084E-03, 1.203003091E-03, 4.337883825E-03,-1.006996972E-02,-2.051264230E-04,-2.474046986E-02, 4.847890456E-03
       562, 1.099999988E+01, 1.961535182E-01, 8.484043497E-02, 7.104442044E-04, 8.216467795E-04, 4.321017826E-03,-7.064780539E-03,-1.190719258E-04,-1.426011817E-02, 3.442872319E-03
       563, 1.299999997E+01, 1.961535182E-01, 7.269933519E-02, 5.209006645E-04, 5.966555621E-04, 4.309903949E-03,-5.215232388E-03,-7.497970925E-05,-8.940954121E-03, 2.559639788E-03
       564, 4.999999929E+00, 2.012881397E-01, 1.659055693E-01, 2.869794636E-03, 3.580266875E-03, 4.421001986E-03,-2.544310051E-02,-9.212009343E-04,-1.165898947E-01, 1.118541861E-02
       565, 6.999999954E+00, 2.012881397E-01, 1.263646775E-01, 1.635260313E-03, 1.928469720E-03, 4.367149577E-03,-1.528135485E-02,-4.043169015E-04,-4.953958476E-02, 7.157219534E-03
       566, 8.999999951E+00, 2.012881427E-01, 1.015841393E-01, 1.049133986E-03, 1.203007613E-03, 4.338540794E-03,-1.003118581E-02,-2.096894157E-04,-2.533626292E-02, 4.819021851E-03
       567, 1.099999988E+01, 2.012881397E-01, 8.476629673E-02, 7.280857383E-04, 8.216687601E-04, 4.321514252E-03,-7.046091245E-03,-1.218668213E-04,-1.461260004E-02, 3.428928815E-03
       568, 1.299999997E+01, 2.012881397E-01, 7.265284223E-02, 5.340238735E-04, 5.966736925E-04, 4.310285536E-03,-5.205172794E-03,-7.679439064E-05,-9.165416087E-03, 2.552124199E-03
       569, 4.999999929E+00, 2.064970782E-01, 1.652920940E-01, 2.927475116E-03, 3.578282979E-03, 4.421825094E-03,-2.514186972E-02,-9.339809199E-04,-1.189237572E-01, 1.096449108E-02
       570, 6.999999954E+00, 2.064970782E-01, 1.261036831E-01, 1.672350835E-03, 1.928264932E-03, 4.368016426E-03,-1.518375314E-02,-4.121503185E-04,-5.065458790E-02, 7.084925356E-03
       571, 8.999999951E+00, 2.064970813E-01, 1.014505777E-01, 1.074156893E-03, 1.203006319E-03, 4.339215353E-03,-9.990955784E-03,-2.142575291E-04,-2.593677909E-02, 4.789088529E-03
       572, 1.099999988E+01, 2.064970782E-01, 8.468924010E-02, 7.459085769E-04, 8.216895951E-04, 4.322026454E-03,-7.026684845E-03,-1.246774906E-04,-1.496859243E-02, 3.414454205E-03
       573, 1.299999997E+01, 2.064970782E-01, 7.260450051E-02, 5.472971050E-04, 5.966917485E-04, 4.310680275E-03,-5.194720567E-03,-7.862389209E-05,-9.392386277E-03, 2.544316808E-03
       574, 4.999999929E+00, 2.117814095E-01, 1.646574393E-01, 2.984805557E-03, 3.576101561E-03, 4.422612832E-03,-2.483141050E-02,-9.461910644E-04,-1.212453661E-01, 1.073704587E-02
       575, 6.999999954E+00, 2.117814095E-01, 1.258330081E-01, 1.709589548E-03, 1.928028335E-03, 4.368894806E-03,-1.508275220E-02,-4.199066023E-04,-5.177371762E-02, 7.010161086E-03
       576, 8.999999951E+00, 2.117814126E-01, 1.013118974E-01, 1.099380875E-03, 1.202998521E-03, 4.339907297E-03,-9.949243237E-03,-2.188278154E-04,-2.654189565E-02, 4.758064741E-03
       577, 1.099999988E+01, 2.117814095E-01, 8.460917766E-02, 7.639114279E-04, 8.217090734E-04, 4.322554566E-03,-7.006541490E-03,-1.275028918E-04,-1.532806493E-02, 3.399434147E-03
       578, 1.299999997E+01, 2.117814095E-01, 7.255425300E-02, 5.607203883E-04, 5.967096574E-04, 4.311088389E-03,-5.183864248E-03,-8.046782595E-05,-9.621862260E-03, 2.536209239E-03
       579, 4.999999929E+00, 2.171422247E-01, 1.640011915E-01, 3.041728688E-03, 3.573708380E-03, 4.423358916E-03,-2.451163744E-02,-9.577956504E-04,-1.235528395E-01, 1.050307109E-02
       580, 6.999999954E+00, 2.171422247E-01, 1.255524060E-01, 1.746959608E-03, 1.927757085E-03, 4.369783184E-03,-1.497828409E-02,-4.275759503E-04,-5.289649710E-02, 6.932881536E-03
       581, 8.999999951E+00, 2.171422280E-01, 1.011679538E-01, 1.124800593E-03, 1.202983483E-03, 4.340616366E-03,-9.906011406E-03,-2.233971680E-04,-2.715148096E-02, 4.725924582E-03
       582, 1.099999988E+01, 2.171422247E-01, 8.452601999E-02, 7.820928048E-04, 8.217269658E-04, 4.323098698E-03,-6.985640993E-03,-1.303419145E-04,-1.569098335E-02, 3.383854079E-03
       583, 1.299999997E+01, 2.171422247E-01, 7.250204124E-02, 5.742936539E-04, 5.967273394E-04, 4.311510094E-03,-5.172592139E-03,-8.232577231E-05,-9.853839886E-03, 2.527792952E-03
       584, 4.999999929E+00, 2.225806310E-01, 1.633229406E-01, 3.098185048E-03, 3.571088503E-03, 4.424056615E-03,-2.418247364E-02,-9.687559656E-04,-1.258442500E-01, 1.026251127E-02
       585, 6.999999954E+00, 2.225806310E-01, 1.252616278E-01, 1.784443214E-03, 1.927448152E-03, 4.370679863E-03,-1.487028148E-02,-4.351481530E-04,-5.402242722E-02, 6.853042672E-03
       586, 8.999999951E+00, 2.225806343E-01, 1.010185997E-01, 1.150410288E-03, 1.202960409E-03, 4.341342232E-03,-9.861223209E-03,-2.279623165E-04,-2.776539428E-02, 4.692642000E-03
       587, 1.099999988E+01, 2.225806310E-01, 8.443967562E-02, 8.004510179E-04, 8.217430241E-04, 4.323658935E-03,-6.963962839E-03,-1.331933772E-04,-1.605730957E-02, 3.367699228E-03
       588, 1.299999997E+01, 2.225806310E-01, 7.244780532E-02, 5.880167286E-04, 5.967447071E-04, 4.311945595E-03,-5.160892299E-03,-8.419727766E-05,-1.008831320E-02, 2.519059251E-03
       589, 4.999999929E+00, 2.280977512E-01, 1.626222815E-01, 3.154113024E-03, 3.568226288E-03, 4.424698729E-03,-2.384385121E-02,-9.790313751E-04,-1.281176245E-01, 1.001535365E-02
       590, 6.999999954E+00, 2.280977512E-01, 1.249604216E-01, 1.822021584E-03, 1.927098314E-03, 4.371582970E-03,-1.475867783E-02,-4.426125793E-04,-5.515098629E-02, 6.770600572E-03
       591, 8.999999951E+00, 2.280977546E-01, 1.008636851E-01, 1.176203756E-03, 1.202928450E-03, 4.342084501E-03,-9.814841284E-03,-2.325198221E-04,-2.838348545E-02, 4.658190870E-03
       592, 1.099999988E+01, 2.280977512E-01, 8.435005104E-02, 8.189841641E-04, 8.217569796E-04, 4.324235334E-03,-6.941486190E-03,-1.360560246E-04,-1.642700136E-02, 3.350954626E-03
       593, 1.299999997E+01, 2.280977512E-01, 7.239148381E-02, 6.018893294E-04, 5.967616651E-04, 4.312395086E-03,-5.148752551E-03,-8.608185349E-05,-1.032527436E-02, 2.509999268E-03
       594, 4.999999929E+00, 2.336947247E-01, 1.618988141E-01, 3.209448431E-03, 3.565105381E-03, 4.425277573E-03,-2.349571193E-02,-9.885837669E-04,-1.303709461E-01, 9.761604439E-03
       595, 6.999999954E+00, 2.336947247E-01, 1.246485335E-01, 1.859674917E-03, 1.926704153E-03, 4.372490446E-03,-1.464340749E-02,-4.499581967E-04,-5.628162974E-02, 6.685514588E-03
       596, 8.999999951E+00, 2.336947282E-01, 1.007030575E-01, 1.202174338E-03, 1.202886692E-03, 4.342842703E-03,-9.766828023E-03,-2.370660728E-04,-2.900559463E-02, 4.622544917E-03
       597, 1.099999988E+01, 2.336947247E-01, 8.425705069E-02, 8.376901178E-04, 8.217685419E-04, 4.324827922E-03,-6.918189892E-03,-1.389285251E-04,-1.680001227E-02, 3.333605110E-03
       598, 1.299999997E+01, 2.336947247E-01, 7.233301383E-02, 6.159110581E-04, 5.967781093E-04, 4.312858750E-03,-5.136160473E-03,-8.797897471E-05,-1.056471352E-02, 2.500603972E-03
       599, 4.999999929E+00, 2.393727073E-01, 1.611521447E-01, 3.264124815E-03, 3.561708701E-03, 4.425784957E-03,-2.313800767E-02,-9.973723467E-04,-1.326021578E-01, 9.501229769E-03
       600, 6.999999954E+00, 2.393727073E-01, 1.243257070E-01, 1.897382379E-03, 1.926262040E-03, 4.373400037E-03,-1.452440588E-02,-4.571734805E-04,-5.741378989E-02, 6.597737311E-03
       601, 8.999999951E+00, 2.393727108E-01, 1.005365616E-01, 1.228314897E-03, 1.202834160E-03, 4.343616289E-03,-9.717145611E-03,-2.415972799E-04,-2.963155203E-02, 4.585678110E-03
       602, 1.099999988E+01, 2.393727073E-01, 8.416057691E-02, 8.565665199E-04, 8.217773977E-04, 4.325436691E-03,-6.894052487E-03,-1.418094675E-04,-1.717629142E-02, 3.315635346E-03
       603, 1.299999997E+01, 2.393727073E-01, 7.227233094E-02, 6.300813950E-04, 5.967939262E-04, 4.313336757E-03,-5.123103407E-03,-8.988807800E-05,-1.080661878E-02, 2.490864167E-03
       604, 4.999999929E+00, 2.451328714E-01, 1.603818869E-01, 3.318073515E-03, 3.558018445E-03, 4.426212168E-03,-2.277070106E-02,-1.005355271E-03,-1.348091641E-01, 9.234257804E-03
       605, 6.999999954E+00, 2.451328714E-01, 1.239916839E-01, 1.935122008E-03, 1.925768132E-03, 4.374309279E-03,-1.440160964E-02,-4.642467319E-04,-5.854687586E-02, 6.507243917E-03
       606, 8.999999951E+00, 2.451328750E-01, 1.003640396E-01, 1.254617806E-03, 1.202769808E-03, 4.344404624E-03,-9.665756065E-03,-2.461094682E-04,-3.026117764E-02, 4.547563824E-03
       607, 1.099999988E+01, 2.451328714E-01, 8.406052998E-02, 8.756107677E-04, 8.217832093E-04, 4.326061599E-03,-6.869052220E-03,-1.446973580E-04,-1.755578335E-02, 3.297029792E-03
       608, 1.299999997E+01, 2.451328714E-01, 7.220936916E-02, 6.443996928E-04, 5.968089928E-04, 4.313829258E-03,-5.109568458E-03,-9.180856018E-05,-1.105097610E-02, 2.480770524E-03
       609, 4.999999929E+00, 2.509764065E-01, 1.595876619E-01, 3.371223452E-03, 3.554016076E-03, 4.426549952E-03,-2.239376595E-02,-1.012490353E-03,-1.369898334E-01, 8.960694728E-03
       610, 6.999999954E+00, 2.509764065E-01, 1.236462041E-01, 1.972870838E-03, 1.925218363E-03, 4.375215491E-03,-1.427495678E-02,-4.711654660E-04,-5.968027373E-02, 6.413976685E-03
       611, 8.999999951E+00, 2.509764103E-01, 1.001853310E-01, 1.281074919E-03, 1.202692520E-03, 4.345206984E-03,-9.612621283E-03,-2.505984822E-04,-3.089428106E-02, 4.508177117E-03
       612, 1.099999988E+01, 2.509764065E-01, 8.395680808E-02, 8.948200038E-04, 8.217856132E-04, 4.326702561E-03,-6.843167055E-03,-1.475906195E-04,-1.793842789E-02, 3.277772858E-03
       613, 1.299999997E+01, 2.509764065E-01, 7.214406095E-02, 6.588651704E-04, 5.968231753E-04, 4.314336391E-03,-5.095542495E-03,-9.373977684E-05,-1.129776914E-02, 2.470313506E-03
       614, 4.999999929E+00, 2.569045194E-01, 1.587690999E-01, 3.423501226E-03, 3.549682331E-03, 4.426788496E-03,-2.200718795E-02,-1.018734627E-03,-1.391420010E-01, 8.680569155E-03
       615, 6.999999954E+00, 2.569045194E-01, 1.232890059E-01, 2.010604834E-03, 1.924608432E-03, 4.376115756E-03,-1.414438688E-02,-4.779167057E-04,-6.081334607E-02, 6.317908302E-03
       616, 8.999999951E+00, 2.569045233E-01, 1.000002728E-01, 1.307677566E-03, 1.202601105E-03, 4.346022544E-03,-9.557703089E-03,-2.550599392E-04,-3.153066113E-02, 4.467487187E-03
       617, 1.099999988E+01, 2.569045194E-01, 8.384930729E-02, 9.141911056E-04, 8.217842184E-04, 4.327359452E-03,-6.816374681E-03,-1.504875826E-04,-1.832415997E-02, 3.257848583E-03
       618, 1.299999997E+01, 2.569045194E-01, 7.207633722E-02, 6.734769054E-04, 5.968363291E-04, 4.314858273E-03,-5.081012151E-03,-9.568104055E-05,-1.154697925E-02, 2.459483583E-03
       619, 4.999999929E+00, 2.629184342E-01, 1.579258410E-01, 3.474831093E-03, 3.544997221E-03, 4.426917413E-03,-2.161096499E-02,-1.024044548E-03,-1.412634727E-01, 8.393916774E-03
       620, 6.999999954E+00, 2.629184342E-01, 1.229198266E-01, 2.048298594E-03, 1.923933800E-03, 4.377006918E-03,-1.400984123E-02,-4.844875350E-04,-6.194543203E-02, 6.219013338E-03
       621, 8.999999951E+00, 2.629184381E-01, 9.980869973E-02, 1.334416486E-03, 1.202494293E-03, 4.346850376E-03,-9.500963287E-03,-2.594893733E-04,-3.217010580E-02, 4.425479195E-03
       622, 1.099999988E+01, 2.629184342E-01, 8.373792161E-02, 9.337206719E-04, 8.217786053E-04, 4.328032100E-03,-6.788652534E-03,-1.533864966E-04,-1.871290943E-02, 3.237241370E-03
       623, 1.299999997E+01, 2.629184342E-01, 7.200612723E-02, 6.882338290E-04, 5.968482973E-04, 4.315395001E-03,-5.065963833E-03,-9.763161940E-05,-1.179858530E-02, 2.448270697E-03
       624, 4.999999929E+00, 2.690193927E-01, 1.570575358E-01, 3.525134994E-03, 3.539940036E-03, 4.426925723E-03,-2.120510788E-02,-1.028375951E-03,-1.433520274E-01, 8.100785566E-03
       625, 6.999999954E+00, 2.690193927E-01, 1.225384023E-01, 2.085925602E-03, 1.923189679E-03, 4.377885560E-03,-1.387126306E-02,-4.908642898E-04,-6.307584757E-02, 6.117238468E-03
       626, 8.999999951E+00, 2.690193968E-01, 9.961044382E-02, 1.361281917E-03, 1.202370732E-03, 4.347689442E-03,-9.442363714E-03,-2.638819812E-04,-3.281239190E-02, 4.382113079E-03
       627, 1.099999988E+01, 2.690193927E-01, 8.362254291E-02, 9.534050132E-04, 8.217683233E-04, 4.328720283E-03,-6.759977804E-03,-1.562854758E-04,-1.910460089E-02, 3.215933107E-03
       628, 1.299999997E+01, 2.690193927E-01, 7.193335866E-02, 7.031347151E-04, 5.968589109E-04, 4.315946649E-03,-5.050383717E-03,-9.959073443E-05,-1.205256360E-02, 2.436665704E-03
       629, 4.999999929E+00, 2.752086549E-01, 1.561638468E-01, 3.574332560E-03, 3.534489360E-03, 4.426801835E-03,-2.078964081E-02,-1.031684186E-03,-1.454054201E-01, 7.801234178E-03
       630, 6.999999954E+00, 2.752086549E-01, 1.221444683E-01, 2.123458230E-03, 1.922371025E-03, 4.378747997E-03,-1.372859769E-02,-4.970328339E-04,-6.420388547E-02, 6.012568678E-03
       631, 8.999999951E+00, 2.752086590E-01, 9.940533494E-02, 1.388263557E-03, 1.202228984E-03, 4.348538582E-03,-9.381866293E-03,-2.682327085E-04,-3.345728482E-02, 4.337370173E-03
       632, 1.099999988E+01, 2.752086549E-01, 8.350306099E-02, 9.732401165E-04, 8.217528898E-04, 4.329423725E-03,-6.730327458E-03,-1.591826376E-04,-1.949915358E-02, 3.193913512E-03
       633, 1.299999997E+01, 2.752086549E-01, 7.185795756E-02, 7.181781810E-04, 5.968679871E-04, 4.316513265E-03,-5.034257758E-03,-1.015575596E-04,-1.230888785E-02, 2.424655657E-03
       634, 4.999999929E+00, 2.814874987E-01, 1.552444491E-01, 3.622341141E-03, 3.528623080E-03, 4.426533536E-03,-2.036460186E-02,-1.033924075E-03,-1.474213862E-01, 7.495333092E-03
       635, 6.999999954E+00, 2.814874987E-01, 1.217377598E-01, 2.160867550E-03, 1.921472530E-03, 4.379590261E-03,-1.358179273E-02,-5.029786600E-04,-6.532881556E-02, 5.904968102E-03
       636, 8.999999951E+00, 2.814875029E-01, 9.919320068E-02, 1.415350333E-03, 1.202067518E-03, 4.349396515E-03,-9.319433097E-03,-2.725365009E-04,-3.410453835E-02, 4.291232415E-03
       637, 1.099999988E+01, 2.814874987E-01, 8.337936355E-02, 9.932217073E-04, 8.217317881E-04, 4.330142090E-03,-6.699678254E-03,-1.620759442E-04,-1.989648121E-02, 3.171157697E-03
       638, 1.299999997E+01, 2.814874987E-01, 7.177984832E-02, 7.333626471E-04, 5.968753292E-04, 4.317094873E-03,-5.017571693E-03,-1.035312153E-04,-1.256752894E-02, 2.412236818E-03
       639, 4.999999929E+00, 2.878572208E-01, 1.542990313E-01, 3.669075833E-03, 3.522318405E-03, 4.426107974E-03,-1.993004350E-02,-1.035050366E-03,-1.493976450E-01, 7.183163031E-03
       640, 6.999999954E+00, 2.878572208E-01, 1.213180116E-01, 2.198123391E-03, 1.920488615E-03, 4.380408086E-03,-1.343079827E-02,-5.086868070E-04,-6.644988494E-02, 5.794412199E-03
       641, 8.999999951E+00, 2.878572251E-01, 9.897386643E-02, 1.442530594E-03, 1.201884712E-03, 4.350261821E-03,-9.255026412E-03,-2.767879709E-04,-3.475389456E-02, 4.243659924E-03
       642, 1.099999988E+01, 2.878572208E-01, 8.325133621E-02, 1.013345203E-03, 8.217044654E-04, 4.330874983E-03,-6.668006763E-03,-1.649631270E-04,-2.029649170E-02, 3.147654368E-03
       643, 1.299999997E+01, 2.878572208E-01, 7.169895370E-02, 7.486863968E-04, 5.968807252E-04, 4.317691464E-03,-5.000311046E-03,-1.055107771E-04,-1.282845495E-02, 2.399390796E-03
       644, 4.999999929E+00, 2.943191364E-01, 1.533272971E-01, 3.714449507E-03, 3.515551888E-03, 4.425511644E-03,-1.948603303E-02,-1.035016763E-03,-1.513319029E-01, 6.864823602E-03
       645, 6.999999954E+00, 2.943191364E-01, 1.208849591E-01, 2.235194293E-03, 1.919413422E-03, 4.381196897E-03,-1.327556714E-02,-5.141418930E-04,-6.756631826E-02, 5.680876398E-03
       646, 8.999999951E+00, 2.943191408E-01, 9.874715551E-02, 1.469792112E-03, 1.201678842E-03, 4.351132941E-03,-9.188608805E-03,-2.809814929E-04,-3.540508356E-02, 4.194639964E-03
       647, 1.099999988E+01, 2.943191364E-01, 8.311886253E-02, 1.033605580E-03, 8.216703314E-04, 4.331621939E-03,-6.635289389E-03,-1.678419935E-04,-2.069908709E-02, 3.123390460E-03
       648, 1.299999997E+01, 2.943191364E-01, 7.161519478E-02, 7.641475598E-04, 5.968839475E-04, 4.318302998E-03,-4.982461131E-03,-1.074952665E-04,-1.309163095E-02, 2.386110726E-03
       649, 4.999999929E+00, 3.008745801E-01, 1.523289656E-01, 3.758372928E-03, 3.508299450E-03, 4.424730375E-03,-1.903265309E-02,-1.033779009E-03,-1.532218574E-01, 6.540435960E-03
       650, 6.999999954E+00, 3.008745801E-01, 1.204383381E-01, 2.272047494E-03, 1.918240811E-03, 4.381951792E-03,-1.311605504E-02,-5.193281097E-04,-6.867731803E-02, 5.564339782E-03
       651, 8.999999951E+00, 3.008745846E-01, 9.851288924E-02, 1.497121944E-03, 1.201448083E-03, 4.352008163E-03,-9.120143195E-03,-2.851112507E-04,-3.605782336E-02, 4.144143348E-03
       652, 1.099999988E+01, 3.008745801E-01, 8.298182403E-02, 1.053997500E-03, 8.216287557E-04, 4.332382424E-03,-6.601502392E-03,-1.707102121E-04,-2.110416339E-02, 3.098340970E-03
       653, 1.299999997E+01, 3.008745801E-01, 7.152849096E-02, 7.797439759E-04, 5.968847512E-04, 4.318929400E-03,-4.964007064E-03,-1.094836355E-04,-1.335701894E-02, 2.372390357E-03
       654, 4.999999929E+00, 3.075249055E-01, 1.513037729E-01, 3.800754771E-03, 3.500536413E-03, 4.423749322E-03,-1.857004701E-02,-1.031287299E-03,-1.550660031E-01, 6.210100735E-03
       655, 6.999999954E+00, 3.075249055E-01, 1.199778853E-01, 2.308648909E-03, 1.916964346E-03, 4.382667532E-03,-1.295222079E-02,-5.242292285E-04,-6.978206514E-02, 5.444783905E-03
       656, 8.999999951E+00, 3.075249101E-01, 9.827088710E-02, 1.524506468E-03, 1.201190503E-03, 4.352885619E-03,-9.049592918E-03,-2.891711952E-04,-3.671181966E-02, 4.092147974E-03
       657, 1.099999988E+01, 3.075249055E-01, 8.284010018E-02, 1.074515305E-03, 8.215790661E-04, 4.333155824E-03,-6.566621910E-03,-1.735652732E-04,-2.151161040E-02, 3.072496572E-03
       658, 1.299999997E+01, 3.075249055E-01, 7.143875998E-02, 7.954733109E-04, 5.968828740E-04, 4.319570557E-03,-4.944933768E-03,-1.114747885E-04,-1.362457776E-02, 2.358210458E-03
       659, 4.999999929E+00, 3.142714859E-01, 1.502514728E-01, 3.841501415E-03, 3.492237519E-03, 4.422552947E-03,-1.809819693E-02,-1.027501131E-03,-1.568597025E-01, 5.873920639E-03
       660, 6.999999954E+00, 3.142714859E-01, 1.195033391E-01, 2.344963105E-03, 1.915577299E-03, 4.383338525E-03,-1.278402656E-02,-5.288286032E-04,-7.087971939E-02, 5.322193465E-03
       661, 8.999999951E+00, 3.142714906E-01, 9.802096679E-02, 1.551931348E-03, 1.200904058E-03, 4.353763270E-03,-8.976921814E-03,-2.931550521E-04,-3.736676584E-02, 4.038630426E-03
       662, 1.099999988E+01, 3.142714859E-01, 8.269356848E-02, 1.095152929E-03, 8.215205464E-04, 4.333941445E-03,-6.530623988E-03,-1.764045911E-04,-2.192131153E-02, 3.045837684E-03
       663, 1.299999997E+01, 3.142714859E-01, 7.134591787E-02, 8.113330621E-04, 5.968780345E-04, 4.320226315E-03,-4.925225980E-03,-1.134675740E-04,-1.389426293E-02, 2.343566863E-03
       664, 4.999999929E+00, 3.211157144E-01, 1.491718382E-01, 3.880517225E-03, 3.483377005E-03, 4.421125023E-03,-1.761731767E-02,-1.022373872E-03,-1.586020993E-01, 5.532080316E-03
       665, 6.999999954E+00, 3.211157144E-01, 1.190144395E-01, 2.380953291E-03, 1.914072637E-03, 4.383958808E-03,-1.261143806E-02,-5.331091839E-04,-7.196942010E-02, 5.196556326E-03
       666, 8.999999951E+00, 3.211157192E-01, 9.776294442E-02, 1.579381521E-03, 1.200586587E-03, 4.354638898E-03,-8.902094301E-03,-2.970563148E-04,-3.802234278E-02, 3.983568608E-03
       667, 1.099999988E+01, 3.211157144E-01, 8.254210443E-02, 1.115903916E-03, 8.214524345E-04, 4.334738504E-03,-6.493484604E-03,-1.792254520E-04,-2.233314372E-02, 3.018348807E-03
       668, 1.299999997E+01, 3.211157144E-01, 7.124987899E-02, 8.273204788E-04, 5.968699312E-04, 4.320896477E-03,-4.904868264E-03,-1.154607747E-04,-1.416602657E-02, 2.328445824E-03
       669, 4.999999929E+00, 3.280590044E-01, 1.480646620E-01, 3.917705020E-03, 3.473928629E-03, 4.419448618E-03,-1.712765347E-02,-1.015855768E-03,-1.602925937E-01, 5.184778372E-03
       670, 6.999999954E+00, 3.280590044E-01, 1.185109287E-01, 2.416581294E-03, 1.912443022E-03, 4.384522038E-03,-1.243442478E-02,-5.370535308E-04,-7.305028670E-02, 5.067863788E-03
       671, 8.999999951E+00, 3.280590093E-01, 9.749663459E-02, 1.606841176E-03, 1.200235810E-03, 4.355510100E-03,-8.825075459E-03,-3.008682446E-04,-3.867821878E-02, 3.926940861E-03
       672, 1.099999988E+01, 3.280590044E-01, 8.238558161E-02, 1.136761402E-03, 8.213739196E-04, 4.335546127E-03,-6.455179701E-03,-1.820250264E-04,-2.274697717E-02, 2.990013358E-03
       673, 1.299999997E+01, 3.280590044E-01, 7.115055600E-02, 8.434325869E-04, 5.968582420E-04, 4.321580795E-03,-4.883845014E-03,-1.174531105E-04,-1.443981729E-02, 2.312837170E-03
       674, 4.999999929E+00, 3.351027897E-01, 1.469297580E-01, 3.952965778E-03, 3.463865689E-03, 4.417506086E-03,-1.662923574E-02,-1.007905109E-03,-1.619265532E-01, 4.832159598E-03
       675, 6.999999954E+00, 3.351027897E-01, 1.179925515E-01, 2.451807550E-03, 1.910680803E-03, 4.385021474E-03,-1.225296022E-02,-5.406438290E-04,-7.412141944E-02, 4.936110768E-03
       676, 8.999999951E+00, 3.351027947E-01, 9.722185058E-02, 1.634293733E-03, 1.199849323E-03, 4.356374272E-03,-8.745831124E-03,-3.045838684E-04,-3.933404949E-02, 3.868726423E-03
       677, 1.099999988E+01, 3.351027897E-01, 8.222387171E-02, 1.157718103E-03, 8.212841403E-04, 4.336363338E-03,-6.415685213E-03,-1.848003590E-04,-2.316267533E-02, 2.960815247E-03
       678, 1.299999997E+01, 3.351027897E-01, 7.104785987E-02, 8.596661705E-04, 5.968426223E-04, 4.322278973E-03,-4.862140472E-03,-1.194432357E-04,-1.471558005E-02, 2.296729600E-03
       679, 4.999999929E+00, 3.422485248E-01, 1.457669624E-01, 3.986198501E-03, 3.453161116E-03, 4.415279071E-03,-1.612228991E-02,-9.984739577E-04,-1.635024493E-01, 4.474393592E-03
       680, 6.999999954E+00, 3.422485248E-01, 1.174590561E-01, 2.486591094E-03, 1.908778020E-03, 4.385449964E-03,-1.206702210E-02,-5.438618961E-04,-7.518190023E-02, 4.801295928E-03
       681, 8.999999951E+00, 3.422485299E-01, 9.693840448E-02, 1.661721823E-03, 1.199424593E-03, 4.357228604E-03,-8.664327965E-03,-3.081959766E-04,-3.998947789E-02, 3.808905371E-03
       682, 1.099999988E+01, 3.422485248E-01, 8.205684455E-02, 1.178766299E-03, 8.211821823E-04, 4.337189055E-03,-6.374977102E-03,-1.875483693E-04,-2.358009466E-02, 2.930738331E-03
       683, 1.299999997E+01, 3.422485248E-01, 7.094169987E-02, 8.760177663E-04, 5.968227043E-04, 4.322990660E-03,-4.839738736E-03,-1.214297368E-04,-1.499325611E-02, 2.280112134E-03
       684, 4.999999929E+00, 3.494976853E-01, 1.445761346E-01, 4.017300590E-03, 3.441787525E-03, 4.412748497E-03,-1.560701873E-02,-9.875203865E-04,-1.650180690E-01, 4.111697593E-03
       685, 6.999999954E+00, 3.494976853E-01, 1.169101941E-01, 2.520889542E-03, 1.906726393E-03, 4.385799927E-03,-1.187659260E-02,-5.466891950E-04,-7.623079361E-02, 4.663421810E-03
       686, 8.999999951E+00, 3.494976905E-01, 9.664610740E-02, 1.689107270E-03, 1.198958953E-03, 4.358070067E-03,-8.580533585E-03,-3.116971213E-04,-4.064413431E-02, 3.747458733E-03
       687, 1.099999988E+01, 3.494976853E-01, 8.188436818E-02, 1.199897819E-03, 8.210670757E-04, 4.338022085E-03,-6.333031393E-03,-1.902658474E-04,-2.399908454E-02, 2.899766674E-03
       688, 1.299999997E+01, 3.494976853E-01, 7.083198363E-02, 8.924836520E-04, 5.967980955E-04, 4.323715443E-03,-4.816623773E-03,-1.234111310E-04,-1.527278284E-02, 2.262973583E-03
       689, 4.999999929E+00, 3.568517682E-01, 1.433571580E-01, 4.046167997E-03, 3.429717272E-03, 4.409894573E-03,-1.508364215E-02,-9.750009366E-04,-1.664712036E-01, 3.744295655E-03
       690, 6.999999954E+00, 3.568517682E-01, 1.163457211E-01, 2.554659093E-03, 1.904517328E-03, 4.386063343E-03,-1.168165859E-02,-5.491068560E-04,-7.726714772E-02, 4.522495049E-03
       691, 8.999999951E+00, 3.568517735E-01, 9.634476960E-02, 1.716431073E-03, 1.198449599E-03, 4.358895400E-03,-8.494416616E-03,-3.150796160E-04,-4.129763641E-02, 3.684368563E-03
       692, 1.099999988E+01, 3.568517682E-01, 8.170630888E-02, 1.221104026E-03, 8.209377927E-04, 4.338861115E-03,-6.289824211E-03,-1.929494524E-04,-2.441948717E-02, 2.867884508E-03
       693, 1.299999997E+01, 3.568517682E-01, 7.071861707E-02, 9.090598368E-04, 5.967683775E-04, 4.324452848E-03,-4.792779433E-03,-1.253858639E-04,-1.555409369E-02, 2.245302774E-03
       694, 4.999999929E+00, 3.643122920E-01, 1.421099419E-01, 4.072695286E-03, 3.416922534E-03, 4.406696792E-03,-1.455239862E-02,-9.608733024E-04,-1.678596780E-01, 3.372420088E-03
       695, 6.999999954E+00, 3.643122920E-01, 1.157653974E-01, 2.587854519E-03, 1.902141912E-03, 4.386231736E-03,-1.148221186E-02,-5.510957018E-04,-7.828999523E-02, 4.378526581E-03
       696, 8.999999951E+00, 3.643122975E-01, 9.603420071E-02, 1.743673384E-03, 1.197893586E-03, 4.359701103E-03,-8.405946819E-03,-3.183355362E-04,-4.194958923E-02, 3.619618027E-03
       697, 1.099999988E+01, 3.643122920E-01, 8.152253125E-02, 1.242375804E-03, 8.207932451E-04, 4.339704706E-03,-6.245331817E-03,-1.955957095E-04,-2.484113739E-02, 2.835076298E-03
       698, 1.299999997E+01, 3.643122920E-01, 7.060150445E-02, 9.257420509E-04, 5.967331051E-04, 4.325202334E-03,-4.768189464E-03,-1.273523077E-04,-1.583711802E-02, 2.227088483E-03
       699, 4.999999929E+00, 3.718807975E-01, 1.408344216E-01, 4.096775763E-03, 3.403375377E-03, 4.403133933E-03,-1.401354542E-02,-9.450960680E-04,-1.691813543E-01, 2.996319713E-03
       700, 6.999999954E+00, 3.718807975E-01, 1.151689884E-01, 2.620429164E-03, 1.899590917E-03, 4.386296162E-03,-1.127824934E-02,-5.526362707E-04,-7.929835451E-02, 4.231531858E-03
       701, 8.999999951E+00, 3.718808030E-01, 9.571420993E-02, 1.770813496E-03, 1.197287824E-03, 4.360483421E-03,-8.315095187E-03,-3.214567204E-04,-4.259958524E-02, 3.553191489E-03
       702, 1.099999988E+01, 3.718807975E-01, 8.133289829E-02, 1.263703542E-03, 8.206322818E-04, 4.340551282E-03,-6.199530651E-03,-1.982010073E-04,-2.526386260E-02, 2.801326756E-03
       703, 1.299999997E+01, 3.718807975E-01, 7.048054843E-02, 9.425257344E-04, 5.966918039E-04, 4.325963285E-03,-4.742837528E-03,-1.293087589E-04,-1.612178101E-02, 2.208319486E-03
       704, 4.999999929E+00, 3.795588474E-01, 1.395305602E-01, 4.118301631E-03, 3.389047841E-03, 4.399184069E-03,-1.346735877E-02,-9.276291190E-04,-1.704341373E-01, 2.616257663E-03
       705, 6.999999954E+00, 3.795588474E-01, 1.145562653E-01, 2.652334945E-03, 1.896854802E-03, 4.386247191E-03,-1.106977334E-02,-5.537088346E-04,-8.029123078E-02, 4.081530933E-03
       706, 8.999999951E+00, 3.795588530E-01, 9.538460625E-02, 1.797829817E-03, 1.196629071E-03, 4.361238338E-03,-8.221834045E-03,-3.244347705E-04,-4.324720449E-02, 3.485074587E-03
       707, 1.099999988E+01, 3.795588474E-01, 8.113727144E-02, 1.285077117E-03, 8.204536862E-04, 4.341399130E-03,-6.152397376E-03,-2.007615962E-04,-2.568748268E-02, 2.766620886E-03
       708, 1.299999997E+01, 3.795588474E-01, 7.035564998E-02, 9.594060274E-04, 5.966439701E-04, 4.326735010E-03,-4.716707216E-03,-1.312534362E-04,-1.640800357E-02, 2.188984572E-03
       709, 4.999999929E+00, 3.873480273E-01, 1.381983492E-01, 4.137164135E-03, 3.373912027E-03, 4.394824570E-03,-1.291413400E-02,-9.084335135E-04,-1.716159785E-01, 2.232511888E-03
       710, 6.999999954E+00, 3.873480273E-01, 1.139270052E-01, 2.683522360E-03, 1.893923714E-03, 4.386074898E-03,-1.085679176E-02,-5.542934210E-04,-8.126761754E-02, 3.928548659E-03
       711, 8.999999951E+00, 3.873480330E-01, 9.504519865E-02, 1.824699860E-03, 1.195913936E-03, 4.361961557E-03,-8.126137162E-03,-3.272610523E-04,-4.389201476E-02, 3.415254320E-03
       712, 1.099999988E+01, 3.873480273E-01, 8.093551069E-02, 1.306485881E-03, 8.202561732E-04, 4.342246384E-03,-6.103908921E-03,-2.032735864E-04,-2.611180987E-02, 2.730944016E-03
       713, 1.299999997E+01, 3.873480273E-01, 7.022670853E-02, 9.763777580E-04, 5.965890681E-04, 4.327516734E-03,-4.689782071E-03,-1.331844789E-04,-1.669570222E-02, 2.169072557E-03
       714, 4.999999929E+00, 3.952499456E-01, 1.368378096E-01, 4.153253736E-03, 3.357940187E-03, 4.390032121E-03,-1.235418565E-02,-8.874721943E-04,-1.727248812E-01, 1.845376574E-03
       715, 6.999999954E+00, 3.952499456E-01, 1.132809923E-01, 2.713940491E-03, 1.890787494E-03, 4.385768849E-03,-1.063931835E-02,-5.543698463E-04,-8.222649782E-02, 3.772614709E-03
       716, 8.999999951E+00, 3.952499515E-01, 9.469579636E-02, 1.851400227E-03, 1.195138867E-03, 4.362648497E-03,-8.027979859E-03,-3.299266984E-04,-4.453357171E-02, 3.343719144E-03
       717, 1.099999988E+01, 3.952499456E-01, 8.072747467E-02, 1.327918645E-03, 8.200383873E-04, 4.343091020E-03,-6.054042528E-03,-2.057329455E-04,-2.653664872E-02, 2.694281846E-03
       718, 1.299999997E+01, 3.952499456E-01, 7.009362187E-02, 9.934354322E-04, 5.965265297E-04, 4.328307597E-03,-4.662045600E-03,-1.350999451E-04,-1.698478901E-02, 2.148572289E-03
       719, 4.999999929E+00, 4.032662342E-01, 1.354489930E-01, 4.166460299E-03, 3.341104821E-03, 4.384782724E-03,-1.178784751E-02,-8.647097606E-04,-1.737589058E-01, 1.455159678E-03
       720, 6.999999954E+00, 4.032662342E-01, 1.126180178E-01, 2.743537015E-03, 1.887435684E-03, 4.385318087E-03,-1.041737289E-02,-5.539177301E-04,-8.316684559E-02, 3.613763977E-03
       721, 8.999999951E+00, 4.032662402E-01, 9.433620910E-02, 1.877906588E-03, 1.194300157E-03, 4.363294274E-03,-7.927339125E-03,-3.324226119E-04,-4.517141905E-02, 3.270459062E-03
       722, 1.099999988E+01, 4.032662342E-01, 8.051302071E-02, 1.349363664E-03, 8.197988993E-04, 4.343930848E-03,-6.002775802E-03,-2.081354975E-04,-2.696179599E-02, 2.656620487E-03
       723, 1.299999997E+01, 4.032662342E-01, 6.995628629E-02, 1.010573222E-03, 5.964557520E-04, 4.329106644E-03,-4.633481299E-03,-1.369978093E-04,-1.727517139E-02, 2.127472667E-03
       724, 4.999999929E+00, 4.113985483E-01, 1.340319827E-01, 4.176673260E-03, 3.323378780E-03, 4.379051721E-03,-1.121547259E-02,-8.401123871E-04,-1.747161741E-01, 1.062182687E-03
       725, 6.999999954E+00, 4.113985483E-01, 1.119378810E-01, 2.772258221E-03, 1.883857536E-03, 4.384711121E-03,-1.019098144E-02,-5.529165478E-04,-8.408762714E-02, 3.452035716E-03
       726, 8.999999951E+00, 4.113985544E-01, 9.396624732E-02, 1.904193671E-03, 1.193393931E-03, 4.363893688E-03,-7.824193733E-03,-3.347394714E-04,-4.580508885E-02, 3.195465721E-03
       727, 1.099999988E+01, 4.113985483E-01, 8.029200496E-02, 1.370808621E-03, 8.195362041E-04, 4.344763503E-03,-5.950086760E-03,-2.104769208E-04,-2.738704059E-02, 2.617946506E-03
       728, 1.299999997E+01, 4.113985483E-01, 6.981459652E-02, 1.027784952E-03, 5.963760962E-04, 4.329912820E-03,-4.604072676E-03,-1.388759607E-04,-1.756675212E-02, 2.105762668E-03
       729, 4.999999929E+00, 4.196485673E-01, 1.325868943E-01, 4.183781836E-03, 3.304735374E-03, 4.372813808E-03,-1.063743327E-02,-8.136485382E-04,-1.755948738E-01, 6.667827186E-04
       730, 6.999999954E+00, 4.196485673E-01, 1.112403900E-01, 2.800049027E-03, 1.880042017E-03, 4.383935913E-03,-9.960176550E-03,-5.513458256E-04,-8.498780266E-02, 3.287479255E-03
       731, 8.999999951E+00, 4.196485735E-01, 9.358572252E-02, 1.930235251E-03, 1.192416151E-03, 4.364441219E-03,-7.718524349E-03,-3.368677340E-04,-4.643410178E-02, 3.118732494E-03
       732, 1.099999988E+01, 4.196485673E-01, 8.006428253E-02, 1.392240615E-03, 8.192487176E-04, 4.345586435E-03,-5.895953888E-03,-2.127527470E-04,-2.781216361E-02, 2.578246962E-03
       733, 1.299999997E+01, 4.196485673E-01, 6.966844584E-02, 1.045064093E-03, 5.962868860E-04, 4.330724967E-03,-4.573803269E-03,-1.407322014E-04,-1.785942921E-02, 2.083431374E-03
       734, 4.999999929E+00, 4.280179948E-01, 1.311138767E-01, 4.187675238E-03, 3.285148478E-03, 4.366043052E-03,-1.005412111E-02,-7.852888758E-04,-1.763932624E-01, 2.693114514E-04
       735, 6.999999954E+00, 4.280179948E-01, 1.105253616E-01, 2.826853046E-03, 1.875977824E-03, 4.382979872E-03,-9.724999227E-03,-5.491856055E-04,-8.586639793E-02, 3.120146847E-03
       736, 8.999999951E+00, 4.280180012E-01, 9.319444747E-02, 1.956004129E-03, 1.191362610E-03, 4.364931002E-03,-7.610313656E-03,-3.387976403E-04,-4.705796745E-02, 3.040254573E-03
       737, 1.099999988E+01, 4.280179948E-01, 7.982970755E-02, 1.413646141E-03, 8.189347745E-04, 4.346396898E-03,-5.840356189E-03,-2.149583605E-04,-2.823693819E-02, 2.537509459E-03
       738, 1.299999997E+01, 4.280179948E-01, 6.951772608E-02, 1.062403745E-03, 5.961874056E-04, 4.331541814E-03,-4.542656675E-03,-1.425642447E-04,-1.815309580E-02, 2.060467990E-03
       739, 4.999999929E+00, 4.365085591E-01, 1.296131133E-01, 4.188242891E-03, 3.264592654E-03, 4.358712920E-03,-9.465946734E-03,-7.550065176E-04,-1.771096725E-01,-1.298665493E-04
       740, 6.999999954E+00, 4.365085591E-01, 1.097926225E-01, 2.852612530E-03, 1.871653396E-03, 4.381829839E-03,-9.485504110E-03,-5.464139805E-04,-8.672247571E-02, 2.950085703E-03
       741, 8.999999951E+00, 4.365085656E-01, 9.279223657E-02, 1.981472132E-03, 1.190228932E-03, 4.365356825E-03,-7.499546475E-03,-3.405192202E-04,-4.767618480E-02, 2.960029070E-03
       742, 1.099999988E+01, 4.365085591E-01, 7.958813333E-02, 1.435011080E-03, 8.185926254E-04, 4.347191946E-03,-5.783273248E-03,-2.170889971E-04,-2.866112959E-02, 2.495722187E-03
       743, 1.299999997E+01, 4.365085591E-01, 6.936232766E-02, 1.079796626E-03, 5.960768985E-04, 4.332361974E-03,-4.510616571E-03,-1.443697136E-04,-1.844764009E-02, 2.036861853E-03
       744, 4.999999929E+00, 4.451220135E-01, 1.280848226E-01, 4.185374665E-03, 3.243043267E-03, 4.350796296E-03,-8.873339778E-03,-7.227773653E-04,-1.777425156E-01,-5.303699350E-04
       745, 6.999999954E+00, 4.451220135E-01, 1.090420101E-01, 2.877268370E-03, 1.867056925E-03, 4.380472079E-03,-9.241701401E-03,-5.430107084E-04,-8.755418959E-02, 2.777353773E-03
       746, 8.999999951E+00, 4.451220201E-01, 9.237890610E-02, 2.006610095E-03, 1.189010567E-03, 4.365712109E-03,-7.386209889E-03,-3.420223020E-04,-4.828824242E-02, 2.878055118E-03
       747, 1.099999988E+01, 4.451220135E-01, 7.933941248E-02, 1.456320681E-03, 8.182204345E-04, 4.347968414E-03,-5.724685284E-03,-2.191397441E-04,-2.908449516E-02, 2.452873983E-03
       748, 1.299999997E+01, 4.451220135E-01, 6.920213968E-02, 1.097235062E-03, 5.959545654E-04, 4.333183933E-03,-4.477666744E-03,-1.461461387E-04,-1.874294528E-02, 2.012602456E-03
       749, 4.999999929E+00, 4.538601367E-01, 1.265292590E-01, 4.178961145E-03, 3.220476607E-03, 4.342265514E-03,-8.276748510E-03,-6.885797285E-04,-1.782902868E-01,-9.318114316E-04
       750, 6.999999954E+00, 4.538601367E-01, 1.082733725E-01, 2.900760227E-03, 1.862176384E-03, 4.378892278E-03,-8.993690902E-03,-5.389544340E-04,-8.836122973E-02, 2.602032687E-03
       751, 8.999999951E+00, 4.538601435E-01, 9.195427458E-02, 2.031387857E-03, 1.187702792E-03, 4.365989899E-03,-7.270293363E-03,-3.432965210E-04,-4.889361903E-02, 2.794333961E-03
       752, 1.099999988E+01, 4.538601367E-01, 7.908339707E-02, 1.477559551E-03, 8.178162765E-04, 4.348722918E-03,-5.664573216E-03,-2.211055399E-04,-2.950678437E-02, 2.408954373E-03
       753, 1.299999997E+01, 4.538601367E-01, 6.903704995E-02, 1.114710975E-03, 5.958195628E-04, 4.334006045E-03,-4.443791118E-03,-1.478909573E-04,-1.903888945E-02, 1.987679480E-03
       754, 4.999999929E+00, 4.627247331E-01, 1.249467137E-01, 4.168893801E-03, 3.196870020E-03, 4.333092386E-03,-7.676640074E-03,-6.523956435E-04,-1.787515687E-01,-1.333773613E-03
       755, 6.999999954E+00, 4.627247331E-01, 1.074865697E-01, 2.923026697E-03, 1.856999539E-03, 4.377075532E-03,-8.741565158E-03,-5.342247779E-04,-8.914299714E-02, 2.424208747E-03
       756, 8.999999951E+00, 4.627247400E-01, 9.151816306E-02, 2.055774250E-03, 1.186300710E-03, 4.366182850E-03,-7.151788866E-03,-3.443313269E-04,-4.949178394E-02, 2.708869045E-03
       757, 1.099999988E+01, 4.627247331E-01, 7.881993874E-02, 1.498711636E-03, 8.173781350E-04, 4.349451836E-03,-5.602918721E-03,-2.229811740E-04,-2.992773881E-02, 2.363953618E-03
       758, 1.299999997E+01, 4.627247331E-01, 6.886694502E-02, 1.132215869E-03, 5.956710009E-04, 4.334826528E-03,-4.408973784E-03,-1.496015112E-04,-1.933534553E-02, 1.962082828E-03
       759, 4.999999929E+00, 4.717176332E-01, 1.233375153E-01, 4.155065486E-03, 3.172202034E-03, 4.323248234E-03,-7.073498924E-03,-6.142092284E-04,-1.791250364E-01,-1.735878482E-03
       760, 6.999999954E+00, 4.717176332E-01, 1.066814739E-01, 2.944005206E-03, 1.851513957E-03, 4.375006337E-03,-8.485350077E-03,-5.288025676E-04,-8.989757604E-02, 2.243949796E-03
       761, 8.999999951E+00, 4.717176402E-01, 9.107039550E-02, 2.079737102E-03, 1.184799252E-03, 4.366283214E-03,-7.030690995E-03,-3.451159942E-04,-5.008219761E-02, 2.621666112E-03
       762, 1.099999988E+01, 4.717176332E-01, 7.854888889E-02, 1.519760211E-03, 8.169038993E-04, 4.350151304E-03,-5.539704301E-03,-2.247612882E-04,-3.034709234E-02, 2.317862775E-03
       763, 1.299999997E+01, 4.717176332E-01, 6.869171030E-02, 1.149740817E-03, 5.955079423E-04, 4.335643448E-03,-4.373199029E-03,-1.512750461E-04,-1.963218128E-02, 1.935802644E-03
       764, 4.999999929E+00, 4.808406941E-01, 1.217020307E-01, 4.137370188E-03, 3.146452488E-03, 4.312703929E-03,-6.467829253E-03,-5.740186126E-04,-1.794094410E-01,-2.137547353E-03
       765, 6.999999954E+00, 4.808406941E-01, 1.058579706E-01, 2.963631927E-03, 1.845707050E-03, 4.372668592E-03,-8.225147152E-03,-5.226664007E-04,-9.062424404E-02, 2.061334989E-03
       766, 8.999999951E+00, 4.808407013E-01, 9.061079910E-02, 2.103243223E-03, 1.183193171E-03, 4.366282829E-03,-6.906997105E-03,-3.456396318E-04,-5.066431219E-02, 2.532733299E-03
       767, 1.099999988E+01, 4.808406941E-01, 7.827009882E-02, 1.540687867E-03, 8.163913628E-04, 4.350817198E-03,-5.474913350E-03,-2.264403771E-04,-3.076457106E-02, 2.270673744E-03
       768, 1.299999997E+01, 4.808406941E-01, 6.851123012E-02, 1.167276455E-03, 5.953293997E-04, 4.336454721E-03,-4.336451371E-03,-1.529087100E-04,-1.992925914E-02, 1.908829335E-03
       769, 4.999999929E+00, 4.900957997E-01, 1.200406657E-01, 4.115705754E-03, 3.119602673E-03, 4.301429924E-03,-5.860148439E-03,-5.318598934E-04,-1.796036585E-01,-2.538643816E-03
       770, 6.999999954E+00, 4.900957997E-01, 1.050159584E-01, 2.981842011E-03, 1.839566086E-03, 4.370045592E-03,-7.961047642E-03,-5.157969298E-04,-9.132197659E-02, 1.876464509E-03
       771, 8.999999951E+00, 4.900958070E-01, 9.013920465E-02, 2.126258412E-03, 1.181477050E-03, 4.366173105E-03,-6.780707431E-03,-3.458911982E-04,-5.123757206E-02, 2.442081232E-03
       772, 1.099999988E+01, 4.900957997E-01, 7.798341994E-02, 1.561476496E-03, 8.158382201E-04, 4.351445131E-03,-5.408530218E-03,-2.280127898E-04,-3.117989349E-02, 2.222379332E-03
       773, 1.299999997E+01, 4.900957997E-01, 6.832538777E-02, 1.184812960E-03, 5.951343346E-04, 4.337258098E-03,-4.298715589E-03,-1.544995524E-04,-2.022643628E-02, 1.881153589E-03
       774, 4.999999929E+00, 4.994848611E-01, 1.183538654E-01, 4.089969466E-03, 3.091635458E-03, 4.289396299E-03,-5.250995196E-03,-4.875660321E-04,-1.797066894E-01,-2.938414163E-03
       775, 6.999999954E+00, 4.994848611E-01, 1.041553509E-01, 2.998569645E-03, 1.833078225E-03, 4.367120026E-03,-7.693150864E-03,-5.081743448E-04,-9.198975828E-02, 1.689439589E-03
       776, 8.999999951E+00, 4.994848686E-01, 8.965544696E-02, 2.148747455E-03, 1.179645299E-03, 4.365945014E-03,-6.651825216E-03,-3.458595138E-04,-5.180141450E-02, 2.349723150E-03
       777, 1.099999988E+01, 4.994848611E-01, 7.768870390E-02, 1.582107281E-03, 8.152420658E-04, 4.352030436E-03,-5.340540285E-03,-2.294727309E-04,-3.159277062E-02, 2.172973303E-03
       778, 1.299999997E+01, 4.994848611E-01, 6.813406560E-02, 1.202340047E-03, 5.949216551E-04, 4.338051157E-03,-4.259976759E-03,-1.560445234E-04,-2.052356451E-02, 1.852766420E-03
       779, 4.999999929E+00, 5.090098173E-01, 1.166421144E-01, 4.060056989E-03, 3.062535434E-03, 4.276572803E-03,-4.640926574E-03,-4.412053936E-04,-1.797175843E-01,-3.336380125E-03
       780, 6.999999954E+00, 5.090098173E-01, 1.032760760E-01, 3.013748090E-03, 1.826230542E-03, 4.363873976E-03,-7.421564332E-03,-4.997794807E-04,-9.262658616E-02, 1.500366055E-03
       781, 8.999999951E+00, 5.090098249E-01, 8.915936515E-02, 2.170674127E-03, 1.177692158E-03, 4.365589075E-03,-6.520356825E-03,-3.455332796E-04,-5.235527039E-02, 2.255674934E-03
       782, 1.099999988E+01, 5.090098173E-01, 7.738580283E-02, 1.602560684E-03, 8.146003918E-04, 4.352568156E-03,-5.270930026E-03,-2.308142638E-04,-3.200290610E-02, 2.122450432E-03
       783, 1.299999997E+01, 5.090098173E-01, 6.793714513E-02, 1.219846951E-03, 5.946902145E-04, 4.338831298E-03,-4.220220295E-03,-1.575404723E-04,-2.082049027E-02, 1.823659207E-03
       784, 4.999999929E+00, 5.186726350E-01, 1.149059384E-01, 4.025874271E-03, 3.032289045E-03, 4.262928900E-03,-4.030514217E-03,-3.929513848E-04,-1.796354989E-01,-3.732417051E-03
       785, 6.999999954E+00, 5.186726350E-01, 1.023780778E-01, 3.027309754E-03, 1.819010062E-03, 4.360288918E-03,-7.146403874E-03,-4.905935216E-04,-9.323147153E-02, 1.309356893E-03
       786, 8.999999951E+00, 5.186726428E-01, 8.865080315E-02, 2.192001197E-03, 1.175611702E-03, 4.365095345E-03,-6.386311873E-03,-3.449010736E-04,-5.289856490E-02, 2.159955219E-03
       787, 1.099999988E+01, 5.186726350E-01, 7.707456951E-02, 1.622816438E-03, 8.139105863E-04, 4.353053034E-03,-5.199687088E-03,-2.320313125E-04,-3.240999640E-02, 2.070806565E-03
       788, 1.299999997E+01, 5.186726350E-01, 6.773450712E-02, 1.237322418E-03, 5.944388093E-04, 4.339595732E-03,-4.179431976E-03,-1.589841478E-04,-2.111705464E-02, 1.793823717E-03
       789, 4.999999929E+00, 5.284753098E-01, 1.131459039E-01, 3.987331179E-03, 3.000884720E-03, 4.248433817E-03,-3.420342493E-03,-3.426613058E-04,-1.794597381E-01,-4.125659081E-03
       790, 6.999999954E+00, 5.284753098E-01, 1.014613163E-01, 3.039186276E-03, 1.811403792E-03, 4.356345728E-03,-6.867793744E-03,-4.805982037E-04,-9.380344203E-02, 1.116531463E-03
       791, 8.999999951E+00, 5.284753176E-01, 8.812961001E-02, 2.212690436E-03, 1.173397843E-03, 4.364453409E-03,-6.249703348E-03,-3.439514079E-04,-5.343071824E-02, 2.062584953E-03
       792, 1.099999988E+01, 5.284753098E-01, 7.675485760E-02, 1.642853531E-03, 8.131699316E-04, 4.353479499E-03,-5.126800362E-03,-2.331176654E-04,-3.281373094E-02, 2.018038676E-03
       793, 1.299999997E+01, 5.284753098E-01, 6.752603167E-02, 1.254754694E-03, 5.941661775E-04, 4.340341471E-03,-4.137597997E-03,-1.603721971E-04,-2.141309330E-02, 1.763252127E-03
       794, 4.999999929E+00, 5.384198657E-01, 1.113626184E-01, 3.944335815E-03, 2.968313009E-03, 4.233056596E-03,-2.811008162E-03,-2.903438615E-04,-1.791897229E-01,-4.515773933E-03
       795, 6.999999954E+00, 5.384198657E-01, 1.005257687E-01, 3.049308608E-03, 1.803398761E-03, 4.352024679E-03,-6.585866713E-03,-4.697757695E-04,-9.434154351E-02, 9.220158757E-04
       796, 8.999999951E+00, 5.384198737E-01, 8.759564038E-02, 2.232702622E-03, 1.171044336E-03, 4.363652367E-03,-6.110547731E-03,-3.426726517E-04,-5.395114636E-02, 1.963589541E-03
       797, 1.099999988E+01, 5.384198657E-01, 7.642652183E-02, 1.662650204E-03, 8.123756033E-04, 4.353841657E-03,-5.052260057E-03,-2.340669788E-04,-3.321379235E-02, 1.964144929E-03
       798, 1.299999997E+01, 5.384198657E-01, 6.731159835E-02, 1.272131508E-03, 5.938709969E-04, 4.341065320E-03,-4.094704999E-03,-1.617011662E-04,-2.170843653E-02, 1.731937055E-03
       799, 4.999999929E+00, 5.485083564E-01, 1.095567309E-01, 3.896800960E-03, 2.934566717E-03, 4.216766147E-03,-2.203128825E-03,-2.360495692E-04,-1.788249704E-01,-4.902265000E-03
       800, 6.999999954E+00, 5.485083564E-01, 9.957142971E-02, 3.057607114E-03, 1.794982052E-03, 4.347305452E-03,-6.300764150E-03,-4.581092499E-04,-9.484484202E-02, 7.259436275E-04
       801, 8.999999951E+00, 5.485083646E-01, 8.704875488E-02, 2.251997581E-03, 1.168544781E-03, 4.362680826E-03,-5.968865103E-03,-3.410534359E-04,-5.445928231E-02, 1.862999607E-03
       802, 1.099999988E+01, 5.485083564E-01, 7.608941825E-02, 1.682183939E-03, 8.115246691E-04, 4.354133277E-03,-4.976057774E-03,-2.348727809E-04,-3.360985668E-02, 1.909124736E-03
       803, 1.299999997E+01, 5.485083564E-01, 6.709108626E-02, 1.289440068E-03, 5.935518835E-04, 4.341763867E-03,-4.050740116E-03,-1.629674994E-04,-2.200290927E-02, 1.699871604E-03
       804, 4.999999929E+00, 5.587428652E-01, 1.077289321E-01, 3.844644213E-03, 2.899641031E-03, 4.199531306E-03,-1.597332540E-03,-1.797935902E-04,-1.783651165E-01,-5.284588202E-03
       805, 6.999999954E+00, 5.587428652E-01, 9.859831224E-02, 3.064011672E-03, 1.786140850E-03, 4.342167142E-03,-6.012636055E-03,-4.455823372E-04,-9.531242601E-02, 5.284541529E-04
       806, 8.999999951E+00, 5.587428735E-01, 8.648882057E-02, 2.270534193E-03, 1.165892634E-03, 4.361526888E-03,-5.824688370E-03,-3.390814344E-04,-5.495458708E-02, 1.760841324E-03
       807, 1.099999988E+01, 5.587428652E-01, 7.574340447E-02, 1.701431451E-03, 8.106140877E-04, 4.354347782E-03,-4.898186583E-03,-2.355284768E-04,-3.400159366E-02, 1.852978813E-03
       808, 1.299999997E+01, 5.587428652E-01, 6.686437421E-02, 1.306667046E-03, 5.932073897E-04, 4.342433473E-03,-4.005691017E-03,-1.641675395E-04,-2.229633109E-02, 1.667049409E-03
       809, 4.999999929E+00, 5.691255055E-01, 1.058799549E-01, 3.787787654E-03, 2.863533642E-03, 4.181320892E-03,-9.942602821E-04,-1.216070071E-04,-1.778099245E-01,-5.662233572E-03
       810, 6.999999954E+00, 5.691255055E-01, 9.760644811E-02, 3.068451770E-03, 1.776862478E-03, 4.336588268E-03,-5.721641102E-03,-4.321794117E-04,-9.574340839E-02, 3.296930367E-04
       811, 8.999999951E+00, 5.691255139E-01, 8.591571132E-02, 2.288270320E-03, 1.163081211E-03, 4.360178145E-03,-5.678024710E-03,-3.367447826E-04,-5.543626644E-02, 1.657145287E-03
       812, 1.099999988E+01, 5.691255055E-01, 7.538833988E-02, 1.720368687E-03, 8.096407089E-04, 4.354478232E-03,-4.818641102E-03,-2.360273543E-04,-3.438866695E-02, 1.795709240E-03
       813, 1.299999997E+01, 5.691255055E-01, 6.663134081E-02, 1.323798565E-03, 5.928360030E-04, 4.343070260E-03,-3.959545948E-03,-1.652975285E-04,-2.258851629E-02, 1.633464662E-03
       814, 4.999999929E+00, 5.796584212E-01, 1.040105738E-01, 3.726158246E-03, 2.826244868E-03, 4.162103766E-03,-3.945648322E-04,-6.152229494E-05,-1.771592755E-01,-6.034676197E-03
       815, 6.999999954E+00, 5.796584212E-01, 9.659588865E-02, 3.070856623E-03, 1.767134448E-03, 4.330546782E-03,-5.427946700E-03,-4.178858448E-04,-9.613692834E-02, 1.298130345E-04
       816, 8.999999951E+00, 5.796584298E-01, 8.532930835E-02, 2.305162931E-03, 1.160103699E-03, 4.358621667E-03,-5.528910544E-03,-3.340324911E-04,-5.590372359E-02, 1.551950415E-03
       817, 1.099999988E+01, 5.796584212E-01, 7.502408591E-02, 1.738970815E-03, 8.086012724E-04, 4.354517320E-03,-4.737417574E-03,-2.363625892E-04,-3.477073448E-02, 1.737319522E-03
       818, 1.299999997E+01, 5.796584212E-01, 6.639186461E-02, 1.340820195E-03, 5.924361442E-04, 4.343670105E-03,-3.912293779E-03,-1.663536084E-04,-2.287927392E-02, 1.599112139E-03
       819, 4.999999929E+00, 5.903437875E-01, 1.021216055E-01, 3.659688201E-03, 2.787777773E-03, 4.141848898E-03, 2.010901083E-04, 4.206057120E-07,-1.764131766E-01,-6.401386604E-03
       820, 6.999999954E+00, 5.903437875E-01, 9.556670525E-02, 3.071155293E-03, 1.756944502E-03, 4.324020085E-03,-5.131728994E-03,-4.026879400E-04,-9.649215335E-02,-7.102635009E-05
       821, 8.999999951E+00, 5.903437963E-01, 8.472950065E-02, 2.321168098E-03, 1.156953166E-03, 4.356844001E-03,-5.377400041E-03,-3.309335799E-04,-5.635670148E-02, 1.445299167E-03
       822, 1.099999988E+01, 5.903437875E-01, 7.465050630E-02, 1.757212227E-03, 8.074924089E-04, 4.354457355E-03,-4.654513940E-03,-2.365272526E-04,-3.514744875E-02, 1.677814648E-03
       823, 1.299999997E+01, 5.903437875E-01, 6.614582425E-02, 1.357716936E-03, 5.920061663E-04, 4.344228628E-03,-3.863924047E-03,-1.673318223E-04,-2.316840783E-02, 1.563987237E-03
       824, 4.999999929E+00, 6.011838108E-01, 1.002139085E-01, 3.588315388E-03, 2.748138268E-03, 4.120525429E-03, 7.920309044E-04, 6.417658404E-05,-1.755717598E-01,-6.761829540E-03
       825, 6.999999954E+00, 6.011838108E-01, 9.451899004E-02, 3.069276822E-03, 1.746280666E-03, 4.316985039E-03,-4.833172847E-03,-3.865730164E-04,-9.680828108E-02,-2.726597848E-04
       826, 8.999999951E+00, 6.011838198E-01, 8.411618541E-02, 2.336241071E-03, 1.153622566E-03, 4.354831157E-03,-5.223518523E-03,-3.274363877E-04,-5.679447541E-02, 1.337239619E-03
       827, 1.099999988E+01, 6.011838108E-01, 7.426746739E-02, 1.775066531E-03, 8.063106401E-04, 4.354290249E-03,-4.569929924E-03,-2.365143179E-04,-3.551845718E-02, 1.617201151E-03
       828, 1.299999997E+01, 6.011838108E-01, 6.589309858E-02, 1.374473213E-03, 5.915443527E-04, 4.344741178E-03,-3.814427007E-03,-1.682281150E-04,-2.345571679E-02, 1.528086019E-03
       829, 4.999999929E+00, 6.121807297E-01, 9.828838327E-02, 3.511983735E-03, 2.707335220E-03, 4.098102741E-03, 1.377574934E-03, 1.296944209E-04,-1.746352841E-01,-7.115467024E-03
       830, 6.999999954E+00, 6.121807297E-01, 9.345285641E-02, 3.065150351E-03, 1.735131298E-03, 4.309417986E-03,-4.532471821E-03,-3.695296140E-04,-9.708454150E-02,-4.749137658E-04
       831, 8.999999951E+00, 6.121807388E-01, 8.348926845E-02, 2.350336280E-03, 1.150104756E-03, 4.352568605E-03,-5.067312694E-03,-3.235286430E-04,-5.721630464E-02, 1.227814306E-03
       832, 1.099999988E+01, 6.121807297E-01, 7.387483835E-02, 1.792506553E-03, 8.050523795E-04, 4.354007515E-03,-4.483667106E-03,-2.363166685E-04,-3.588340249E-02, 1.555487169E-03
       833, 1.299999997E+01, 6.121807297E-01, 6.563356685E-02, 1.391072865E-03, 5.910489165E-04, 4.345202827E-03,-3.763793678E-03,-1.690383352E-04,-2.374099455E-02, 1.491405262E-03
       834, 4.999999929E+00, 6.233368149E-01, 9.634597157E-02, 3.430643630E-03, 2.665380545E-03, 4.074550521E-03, 1.957031570E-03, 1.969167952E-04,-1.736041358E-01,-7.461758614E-03
       835, 6.999999954E+00, 6.233368149E-01, 9.236843962E-02, 3.058705291E-03, 1.723485140E-03, 4.301294768E-03,-4.229828091E-03,-3.515471378E-04,-9.732019838E-02,-6.776138503E-04
       836, 8.999999951E+00, 6.233368242E-01, 8.284866474E-02, 2.363407278E-03, 1.146392505E-03, 4.350041276E-03,-4.908830855E-03,-3.191992234E-04,-5.762169131E-02, 1.117071875E-03
       837, 1.099999988E+01, 6.233368149E-01, 7.347249149E-02, 1.809504340E-03, 8.037139339E-04, 4.353600244E-03,-4.395729002E-03,-2.359271086E-04,-3.624192308E-02, 1.492682506E-03
       838, 1.299999997E+01, 6.233368149E-01, 6.536710883E-02, 1.407499137E-03, 5.905179992E-04, 4.345608357E-03,-3.712015893E-03,-1.697582372E-04,-2.402402999E-02, 1.453942497E-03
       839, 4.999999929E+00, 6.346543703E-01, 9.438765648E-02, 3.344252330E-03, 2.622289291E-03, 4.049838841E-03, 2.529703288E-03, 2.657798896E-04,-1.724788287E-01,-7.800162240E-03
       840, 6.999999954E+00, 6.346543703E-01, 9.126589729E-02, 3.049871388E-03, 1.711331374E-03, 4.292590746E-03,-3.925452539E-03,-3.326171013E-04,-9.751455229E-02,-8.805674647E-04
       841, 8.999999951E+00, 6.346543798E-01, 8.219429884E-02, 2.375406898E-03, 1.142478512E-03, 4.347233551E-03,-4.748125827E-03,-3.144369986E-04,-5.801005441E-02, 1.005069190E-03
       842, 1.099999988E+01, 6.346543703E-01, 7.306030258E-02, 1.826031158E-03, 8.022915049E-04, 4.353059104E-03,-4.306121142E-03,-2.353383661E-04,-3.659365348E-02, 1.428798638E-03
       843, 1.299999997E+01, 6.346543703E-01, 6.509360502E-02, 1.423734673E-03, 5.899496696E-04, 4.345952249E-03,-3.659086347E-03,-1.703834834E-04,-2.430460719E-02, 1.415696026E-03
       844, 4.999999929E+00, 6.461357329E-01, 9.241446190E-02, 3.252774382E-03, 2.578079720E-03, 4.023938220E-03, 3.094886875E-03, 3.362133331E-04,-1.712600061E-01,-8.130134996E-03
       845, 6.999999954E+00, 6.461357329E-01, 9.014541000E-02, 3.038579095E-03, 1.698659676E-03, 4.283280824E-03,-3.619564224E-03,-3.127305154E-04,-9.766694045E-02,-1.083609018E-03
       846, 8.999999951E+00, 6.461357425E-01, 8.152610537E-02, 2.386287246E-03, 1.138355415E-03, 4.344129262E-03,-4.585254948E-03,-3.092309459E-04,-5.838081809E-02, 8.918631074E-04
       847, 1.099999988E+01, 6.461357329E-01, 7.263815110E-02, 1.842057500E-03, 8.007811912E-04, 4.352374325E-03,-4.214851144E-03,-2.345431153E-04,-3.693822477E-02, 1.363848715E-03
       848, 1.299999997E+01, 6.461357329E-01, 6.481293677E-02, 1.439761508E-03, 5.893419229E-04, 4.346228672E-03,-3.604998651E-03,-1.709096465E-04,-2.458250562E-02, 1.376664965E-03
       849, 4.999999929E+00, 6.577832735E-01, 9.042745200E-02, 3.156182043E-03, 2.532773368E-03, 3.996819708E-03, 3.651874669E-03, 4.081402163E-04,-1.699484407E-01,-8.451134542E-03
       850, 6.999999954E+00, 6.577832735E-01, 8.900718174E-02, 3.024759284E-03, 1.685460273E-03, 4.273339475E-03,-3.312391533E-03,-2.918880789E-04,-9.777673508E-02,-1.286445660E-03
       851, 8.999999951E+00, 6.577832833E-01, 8.084402950E-02, 2.395999756E-03, 1.134015817E-03, 4.340711692E-03,-4.420280146E-03,-3.035702710E-04,-5.873341288E-02, 7.775151819E-04
       852, 1.099999988E+01, 6.577832735E-01, 7.220592060E-02, 1.857553088E-03, 7.991789914E-04, 4.351535689E-03,-4.121928795E-03,-2.335339434E-04,-3.727526500E-02, 1.297847863E-03
       853, 1.299999997E+01, 6.577832735E-01, 6.452498653E-02, 1.455561060E-03, 5.886926806E-04, 4.346431474E-03,-3.549747378E-03,-1.713322127E-04,-2.485750024E-02, 1.336849295E-03
       854, 4.999999929E+00, 6.695993975E-01, 8.842773067E-02, 3.054455695E-03, 2.486395103E-03, 3.968454957E-03, 4.199955748E-03, 4.814770001E-04,-1.685450347E-01,-8.762620468E-03
       855, 6.999999954E+00, 6.695993975E-01, 8.785144045E-02, 3.008345439E-03, 1.671724001E-03, 4.262740769E-03,-3.004169034E-03,-2.700924467E-04,-9.784336017E-02,-1.489107998E-03
       856, 8.999999951E+00, 6.695994075E-01, 8.014802740E-02, 2.404495239E-03, 1.129452290E-03, 4.336963576E-03,-4.253268000E-03,-2.974444406E-04,-5.906727677E-02, 6.620903971E-04
       857, 1.099999988E+01, 6.695993975E-01, 7.176349898E-02, 1.872486891E-03, 7.974808071E-04, 4.350532522E-03,-4.027366126E-03,-2.323035475E-04,-3.760439968E-02, 1.230815044E-03
       858, 1.299999997E+01, 6.695993975E-01, 6.422963799E-02, 1.471114127E-03, 5.879997894E-04, 4.346554168E-03,-3.493328121E-03,-1.716465849E-04,-2.512936173E-02, 1.296249912E-03
       859, 4.999999929E+00, 6.815865448E-01, 8.641644085E-02, 2.947584265E-03, 2.438973167E-03, 3.938816299E-03, 4.738417105E-03, 5.561332741E-04,-1.670508190E-01,-9.064055362E-03
       860, 6.999999954E+00, 6.815865448E-01, 8.667843831E-02, 2.989268971E-03, 1.657442365E-03, 4.251458402E-03,-2.695142705E-03,-2.472772910E-04,-9.786628932E-02,-1.691078591E-03
       861, 8.999999951E+00, 6.815865550E-01, 7.943806672E-02, 2.411723941E-03, 1.124657408E-03, 4.332867097E-03,-4.084289802E-03,-2.908431926E-04,-5.938185628E-02, 5.456573947E-04
       862, 1.099999988E+01, 6.815865448E-01, 7.131077884E-02, 1.886827149E-03, 7.956824466E-04, 4.349353686E-03,-3.931181176E-03,-2.308443948E-04,-3.792531418E-02, 1.162767860E-03
       863, 1.299999997E+01, 6.815865448E-01, 6.392677627E-02, 1.486400880E-03, 5.872610210E-04, 4.346589923E-03,-3.435737544E-03,-1.718480865E-04,-2.539785665E-02, 1.254868659E-03
       864, 4.999999929E+00, 6.937471908E-01, 8.439476374E-02, 2.835565646E-03, 2.390539209E-03, 3.907876828E-03, 5.266544979E-03, 6.320115073E-04,-1.654669524E-01,-9.354905634E-03
       865, 6.999999954E+00, 6.937471908E-01, 8.548845223E-02, 2.967461000E-03, 1.642607595E-03, 4.239465729E-03,-2.385565314E-03,-2.235012523E-04,-9.784501314E-02,-1.892302859E-03
       866, 8.999999951E+00, 6.937472012E-01, 7.871412708E-02, 2.417635597E-03, 1.119623755E-03, 4.328403896E-03,-3.913421623E-03,-2.837565996E-04,-5.967660756E-02, 4.282886200E-04
       867, 1.099999988E+01, 6.937471908E-01, 7.084765776E-02, 1.900541316E-03, 7.937796284E-04, 4.347987567E-03,-3.833384002E-03,-2.291488941E-04,-3.823752865E-02, 1.093723569E-03
       868, 1.299999997E+01, 6.937471908E-01, 6.361628817E-02, 1.501400862E-03, 5.864740725E-04, 4.346531553E-03,-3.376973430E-03,-1.719319658E-04,-2.566274763E-02, 1.212708359E-03
       869, 4.999999929E+00, 7.060838467E-01, 8.236391793E-02, 2.718407115E-03, 2.341128296E-03, 3.875610475E-03, 5.783626316E-03, 7.090070202E-04,-1.637947221E-01,-9.634642519E-03
       870, 6.999999954E+00, 7.060838467E-01, 8.428178458E-02, 2.942861011E-03, 1.627212710E-03, 4.226735795E-03,-2.075695034E-03,-1.988037474E-04,-9.777906984E-02,-2.092704264E-03
       871, 8.999999951E+00, 7.060838572E-01, 7.797620048E-02, 2.422179502E-03, 1.114343952E-03, 4.323555070E-03,-3.740744363E-03,-2.761751374E-04,-5.995099739E-02, 3.100605134E-04
       872, 1.099999988E+01, 7.060838467E-01, 7.037403869E-02, 1.913596112E-03, 7.917679879E-04, 4.346422069E-03,-3.733989011E-03,-2.272097811E-04,-3.854054356E-02, 1.023705861E-03
       873, 1.299999997E+01, 7.060838467E-01, 6.329806235E-02, 1.516092982E-03, 5.856365660E-04, 4.346371504E-03,-3.317034739E-03,-1.718934003E-04,-2.592379358E-02, 1.169772846E-03
       874, 4.999999929E+00, 7.185990599E-01, 8.032515844E-02, 2.596125753E-03, 2.290778922E-03, 3.841992096E-03, 6.288950246E-03, 7.870081079E-04,-1.620355426E-01,-9.902743636E-03
       875, 6.999999954E+00, 7.185990599E-01, 8.305876324E-02, 2.915407371E-03, 1.611251575E-03, 4.213241376E-03,-1.765799420E-03,-1.731138495E-04,-9.766807517E-02,-2.291742778E-03
       876, 8.999999951E+00, 7.185990706E-01, 7.722429184E-02, 2.425304577E-03, 1.108810680E-03, 4.318301183E-03,-3.566343778E-03,-2.680896237E-04,-6.020450444E-02, 1.910528495E-04
       877, 1.099999988E+01, 7.185990599E-01, 6.988983032E-02, 1.925957571E-03, 7.896430835E-04, 4.344644609E-03,-3.633031868E-03,-2.250196424E-04,-3.883426057E-02, 9.527433523E-04
       878, 1.299999997E+01, 7.185990599E-01, 6.297198952E-02, 1.530455515E-03, 5.847460493E-04, 4.346101848E-03,-3.255921661E-03,-1.717275021E-04,-2.618074996E-02, 1.126067020E-03
       879, 4.999999929E+00, 7.312954149E-01, 7.827977565E-02, 2.468748857E-03, 2.239532990E-03, 3.806997550E-03, 6.781809452E-03, 8.658960247E-04,-1.601909547E-01,-1.015869450E-02
       880, 6.999999954E+00, 7.312954149E-01, 8.181974177E-02, 2.885037380E-03, 1.594718959E-03, 4.198955016E-03,-1.456152772E-03,-1.464567431E-04,-9.751168171E-02,-2.489449143E-03
       881, 8.999999951E+00, 7.312954258E-01, 7.645841941E-02, 2.426959437E-03, 1.103016699E-03, 4.312622269E-03,-3.390310515E-03,-2.594913309E-04,-6.043662034E-02, 7.134903084E-05
       882, 1.099999988E+01, 7.312954149E-01, 6.939494735E-02, 1.937591087E-03, 7.874004002E-04, 4.342642108E-03,-3.530534725E-03,-2.225711053E-04,-3.911828188E-02, 8.808655542E-04
       883, 1.299999997E+01, 7.312954149E-01, 6.263796273E-02, 1.544466101E-03, 5.837999963E-04, 4.345714265E-03,-3.193635668E-03,-1.714293230E-04,-2.643336902E-02, 1.081596905E-03
       884, 4.999999929E+00, 7.441755335E-01, 7.622909413E-02, 2.336314338E-03, 2.187435789E-03, 3.770603786E-03, 7.261501477E-03, 9.455447967E-04,-1.582626225E-01,-1.040198965E-02
       885, 6.999999954E+00, 7.441755335E-01, 8.056510000E-02, 2.851692530E-03, 1.577610602E-03, 4.183849065E-03,-1.147038317E-03,-1.188445644E-04,-9.730958019E-02,-2.685472822E-03
       886, 8.999999951E+00, 7.441755445E-01, 7.567861524E-02, 2.427092476E-03, 1.096954876E-03, 4.306497846E-03,-3.212740142E-03,-2.503720581E-04,-6.064685067E-02,-4.896343434E-05
       887, 1.099999988E+01, 7.441755335E-01, 6.888931085E-02, 1.948461385E-03, 7.850353565E-04, 4.340400983E-03,-3.426517234E-03,-2.198566655E-04,-3.939204838E-02, 8.080979872E-04
       888, 1.299999997E+01, 7.441755335E-01, 6.229587753E-02, 1.558101746E-03, 5.827958084E-04, 4.345200043E-03,-3.130179568E-03,-1.709938617E-04,-2.668140005E-02, 1.036369672E-03
       889, 4.999999929E+00, 7.572420753E-01, 7.417447138E-02, 2.198871127E-03, 2.134535947E-03, 3.732788925E-03, 7.727330194E-03, 1.025821033E-03,-1.562523322E-01,-1.063213355E-02
       890, 6.999999954E+00, 7.572420753E-01, 7.929524423E-02, 2.815316130E-03, 1.559923265E-03, 4.167895725E-03,-8.387446658E-04,-9.028460360E-05,-9.706152059E-02,-2.879610716E-03
       891, 8.999999951E+00, 7.572420866E-01, 7.488492563E-02, 2.425651943E-03, 1.090618211E-03, 4.299906920E-03,-3.033733163E-03,-2.407241149E-04,-6.083471616E-02,-1.697935970E-04
       892, 1.099999988E+01, 7.572420753E-01, 6.837284864E-02, 1.958532490E-03, 7.825433138E-04, 4.337907148E-03,-3.321012319E-03,-2.168689635E-04,-3.965526371E-02, 7.344703655E-04
       893, 1.299999997E+01, 7.572420753E-01, 6.194563227E-02, 1.571338824E-03, 5.817308152E-04, 4.344550056E-03,-3.065557557E-03,-1.704160640E-04,-2.692458965E-02, 9.903936405E-04
       894, 4.999999929E+00, 7.704977387E-01, 7.211729651E-02, 2.056479563E-03, 2.080885375E-03, 3.693532351E-03, 8.178607450E-03, 1.106583987E-03,-1.541619902E-01,-1.084864164E-02
       895, 6.999999954E+00, 7.704977387E-01, 7.801060741E-02, 2.775854189E-03, 1.541654795E-03, 4.151067095E-03,-5.315672731E-04,-6.078850581E-05,-9.676730538E-02,-3.071611584E-03
       896, 8.999999951E+00, 7.704977502E-01, 7.407741157E-02, 2.422586036E-03, 1.083999860E-03, 4.292828003E-03,-2.853395031E-03,-2.305403695E-04,-6.099975365E-02,-2.910462868E-04
       897, 1.099999988E+01, 7.704977387E-01, 6.784549567E-02, 1.967767838E-03, 7.799195843E-04, 4.335146005E-03,-3.214052434E-03,-2.136009340E-04,-3.990755368E-02, 6.600183704E-04
       898, 1.299999997E+01, 7.704977387E-01, 6.158712828E-02, 1.584153079E-03, 5.806022766E-04, 4.343754767E-03,-2.999775272E-03,-1.696908384E-04,-2.716268207E-02, 9.436782321E-04
       899, 4.999999929E+00, 7.839452610E-01, 7.005898875E-02, 1.909211784E-03, 2.026539186E-03, 3.652814796E-03, 8.614654689E-03, 1.187685804E-03,-1.519936214E-01,-1.105104200E-02
       900, 6.999999954E+00, 7.839452610E-01, 7.671164936E-02, 2.733255343E-03, 1.522804175E-03, 4.133335215E-03,-2.258077072E-04,-3.036965734E-05,-9.642679009E-02,-3.261235914E-03
       901, 8.999999951E+00, 7.839452727E-01, 7.325614916E-02, 2.417842996E-03, 1.077093169E-03, 4.285239125E-03,-2.671836127E-03,-2.198143939E-04,-6.114151732E-02,-4.126244135E-04
       902, 1.099999988E+01, 7.839452610E-01, 6.730719431E-02, 1.976130283E-03, 7.771594393E-04, 4.332102444E-03,-3.105672867E-03,-2.100454577E-04,-4.014854651E-02, 5.847779185E-04
       903, 1.299999997E+01, 7.839452610E-01, 6.122027017E-02, 1.596519629E-03, 5.794073842E-04, 4.342804206E-03,-2.932839846E-03,-1.688130690E-04,-2.739541947E-02, 8.962345186E-04
       904, 4.999999929E+00, 7.975874190E-01, 6.800099590E-02, 1.757152093E-03, 1.971555606E-03, 3.610618432E-03, 9.034804377E-03, 1.268971594E-03,-1.497493656E-01,-1.123887687E-02
       905, 6.999999954E+00, 7.975874190E-01, 7.539885689E-02, 2.687471217E-03, 1.503371585E-03, 4.114672119E-03, 7.822657339E-05, 9.557486665E-07,-9.603988526E-02,-3.448234351E-03
       906, 8.999999951E+00, 7.975874309E-01, 7.242123005E-02, 2.411371178E-03, 1.069891695E-03, 4.277117849E-03,-2.489171787E-03,-2.085401649E-04,-6.125957943E-02,-5.344235095E-04
       907, 1.099999988E+01, 7.975874190E-01, 6.675789477E-02, 1.983582131E-03, 7.742581195E-04, 4.328760838E-03,-2.995911789E-03,-2.061955644E-04,-4.037787382E-02, 5.087871858E-04
       908, 1.299999997E+01, 7.975874190E-01, 6.084496606E-02, 1.608412985E-03, 5.781432639E-04, 4.341687971E-03,-2.864759953E-03,-1.677777853E-04,-2.762254251E-02, 8.480759556E-04
       909, 4.999999929E+00, 8.114270298E-01, 6.594479273E-02, 1.600397314E-03, 1.915995861E-03, 3.566926959E-03, 9.438401286E-03, 1.350279316E-03,-1.474314740E-01,-1.141170371E-02
       910, 6.999999954E+00, 8.114270298E-01, 7.407274388E-02, 2.638456618E-03, 1.483358451E-03, 4.095049882E-03, 3.802226382E-04, 3.316906940E-05,-9.560655703E-02,-3.632357151E-03
       911, 8.999999951E+00, 8.114270419E-01, 7.157276185E-02, 2.403119234E-03, 1.062389243E-03, 4.268441290E-03,-2.305522168E-03,-1.967130052E-04,-6.135353242E-02,-6.563468673E-04
       912, 1.099999988E+01, 8.114270298E-01, 6.619755546E-02, 1.990085171E-03, 7.712108450E-04, 4.325105046E-03,-2.884810305E-03,-2.020444257E-04,-4.059517128E-02, 4.320867273E-04
       913, 1.299999997E+01, 8.114270298E-01, 6.046112785E-02, 1.619807056E-03, 5.768069784E-04, 4.340395213E-03,-2.795549206E-03,-1.665796657E-04,-2.784387585E-02, 7.992138570E-04
       914, 4.999999929E+00, 8.254669514E-01, 6.389187920E-02, 1.439057141E-03, 1.859924050E-03, 3.521725706E-03, 9.824803952E-03, 1.431439649E-03,-1.450423046E-01,-1.156909601E-02
       915, 6.999999954E+00, 8.254669514E-01, 7.273385138E-02, 2.586169802E-03, 1.462767497E-03, 4.074440679E-03, 6.798624475E-04, 6.624896068E-05,-9.512682815E-02,-3.813351421E-03
       916, 8.999999951E+00, 8.254669637E-01, 7.071086850E-02, 2.393036044E-03, 1.054579891E-03, 4.259186133E-03,-2.121012512E-03,-1.843275468E-04,-6.142298640E-02,-7.782537971E-04
       917, 1.099999988E+01, 8.254669514E-01, 6.562614334E-02, 1.995600718E-03, 7.680128269E-04, 4.321118409E-03,-2.772412495E-03,-1.975853852E-04,-4.080007930E-02, 3.547194294E-04
       918, 1.299999997E+01, 8.254669514E-01, 6.006867146E-02, 1.630675097E-03, 5.753955292E-04, 4.338914632E-03,-2.725209108E-03,-1.652135324E-04,-2.805891508E-02, 7.496600672E-04
       919, 4.999999929E+00, 8.397100830E-01, 6.184377874E-02, 1.273254469E-03, 1.803407001E-03, 3.475001724E-03, 1.019338630E-02, 1.512276159E-03,-1.425843197E-01,-1.171064421E-02
       920, 6.999999954E+00, 8.397100830E-01, 7.138274757E-02, 2.530572713E-03, 1.441602792E-03, 4.052816833E-03, 9.768232639E-04, 1.001713189E-04,-9.460077856E-02,-3.990962443E-03
       921, 8.999999951E+00, 8.397100955E-01, 6.983569072E-02, 2.381071650E-03, 1.046458026E-03, 4.249328657E-03,-1.935772853E-03,-1.713887327E-04,-6.146757805E-02,-9.000951467E-04
       922, 1.099999988E+01, 8.397100830E-01, 6.504363428E-02, 2.000089653E-03, 7.646592789E-04, 4.316783756E-03,-2.658765462E-03,-1.928119709E-04,-4.099224364E-02, 2.767304788E-04
       923, 1.299999997E+01, 8.397100830E-01, 5.966751715E-02, 1.640989777E-03, 5.739058628E-04, 4.337234469E-03,-2.653759104E-03,-1.636741517E-04,-2.826752406E-02, 6.994347484E-04
       924, 4.999999929E+00, 8.541593657E-01, 5.980203628E-02, 1.103125723E-03, 1.746514108E-03, 3.426743891E-03, 1.054353923E-02, 1.592605651E-03,-1.400600816E-01,-1.183595728E-02
       925, 6.999999954E+00, 8.541593657E-01, 7.002002775E-02, 2.471631248E-03, 1.419869796E-03, 4.030150877E-03, 1.270778108E-03, 1.349091777E-04,-9.402854614E-02,-4.164933628E-03
       926, 8.999999951E+00, 8.541593784E-01, 6.894738623E-02, 2.367175892E-03, 1.038018371E-03, 4.238844755E-03,-1.749937116E-03,-1.578773614E-04,-6.148696701E-02,-1.021699785E-03
       927, 1.099999988E+01, 8.541593657E-01, 6.445001345E-02, 2.003512469E-03, 7.611454301E-04, 4.312083403E-03,-2.543919363E-03,-1.877179512E-04,-4.117131613E-02, 1.981676728E-04
       928, 1.299999997E+01, 8.541593657E-01, 5.925758978E-02, 1.650723263E-03, 5.723348733E-04, 4.335342496E-03,-2.581224141E-03,-1.619563511E-04,-2.846964363E-02, 6.485586834E-04
       929, 4.999999929E+00, 8.688177834E-01, 5.776821635E-02, 9.288211479E-04, 1.689317152E-03, 3.376943016E-03, 1.087467179E-02, 1.672238337E-03,-1.374722468E-01,-1.194466401E-02
       930, 6.999999954E+00, 8.688177834E-01, 6.864631419E-02, 2.409315513E-03, 1.397575400E-03, 4.006415609E-03, 1.561396237E-03, 1.704326649E-04,-9.341032732E-02,-4.335007245E-03
       931, 8.999999951E+00, 8.688177964E-01, 6.804613025E-02, 2.351297606E-03, 1.029256020E-03, 4.227709962E-03,-1.563644449E-03,-1.437828590E-04,-6.148082524E-02,-1.142932078E-03
       932, 1.099999988E+01, 8.688177834E-01, 6.384527567E-02, 2.005829327E-03, 7.574665386E-04, 4.306999157E-03,-2.427927441E-03,-1.822973178E-04,-4.133695537E-02, 1.190810937E-04
       933, 1.299999997E+01, 8.688177834E-01, 5.883881905E-02, 1.659847156E-03, 5.706794039E-04, 4.333226015E-03,-2.507610609E-03,-1.600551344E-04,-2.866477707E-02, 5.970483474E-04
       934, 4.999999929E+00, 8.836883630E-01, 5.574390104E-02, 7.505050963E-04, 1.631890108E-03, 3.325591962E-03, 1.118621219E-02, 1.750977725E-03,-1.348235599E-01,-1.203641371E-02
       935, 6.999999954E+00, 8.836883630E-01, 6.726225607E-02, 2.343600088E-03, 1.374727965E-03, 3.981584156E-03, 1.848343640E-03, 2.067089455E-04,-9.274637761E-02,-4.500924935E-03
       936, 8.999999951E+00, 8.836883762E-01, 6.713211589E-02, 2.333389022E-03, 1.020166474E-03, 4.215899479E-03,-1.377039703E-03,-1.291442348E-04,-6.144885300E-02,-1.263758319E-03
       937, 1.099999988E+01, 8.836883630E-01, 6.322942576E-02, 2.007000098E-03, 7.536179056E-04, 4.301512324E-03,-2.310846052E-03,-1.765443147E-04,-4.148882745E-02, 3.952292248E-05
       938, 1.299999997E+01, 8.836883630E-01, 5.841113980E-02, 1.668332471E-03, 5.689362548E-04, 4.330871844E-03,-2.432938623E-03,-1.579652071E-04,-2.885270874E-02, 5.449221101E-04
       939, 4.999999929E+00, 8.987741753E-01, 5.373068791E-02, 5.683562944E-04, 1.574308931E-03, 3.272685768E-03, 1.147760885E-02, 1.828620530E-03,-1.321168459E-01,-1.211087655E-02
       940, 6.999999954E+00, 8.987741753E-01, 6.586852917E-02, 2.274464288E-03, 1.351337352E-03, 3.955630034E-03, 2.131283529E-03, 2.437021287E-04,-9.203701193E-02,-4.662428105E-03
       941, 8.999999951E+00, 8.987741887E-01, 6.620555435E-02, 2.313404193E-03, 1.010745666E-03, 4.203388206E-03,-1.190271514E-03,-1.139499899E-04,-6.139078182E-02,-1.383971663E-03
       942, 1.099999988E+01, 8.987741753E-01, 6.260247892E-02, 2.006984428E-03, 7.495948902E-04, 4.295603715E-03,-2.192734689E-03,-1.704535017E-04,-4.162660654E-02,-4.045203205E-05
       943, 1.299999997E+01, 8.987741753E-01, 5.797449235E-02, 1.676149692E-03, 5.671021876E-04, 4.328266323E-03,-2.357230254E-03,-1.556816317E-04,-2.903319059E-02, 4.922027512E-04
       944, 4.999999929E+00, 9.140783356E-01, 5.173018798E-02, 3.825681041E-04, 1.516651328E-03, 3.218221793E-03, 1.174833171E-02, 1.904956805E-03,-1.293550047E-01,-1.216774412E-02
       945, 6.999999954E+00, 9.140783356E-01, 6.446583571E-02, 2.201892435E-03, 1.327414957E-03, 3.928527212E-03, 2.409876864E-03, 2.813731777E-04,-9.128260483E-02,-4.819258307E-03
       946, 8.999999951E+00, 9.140783492E-01, 6.526667520E-02, 2.291296224E-03, 1.000990003E-03, 4.190150771E-03,-1.003492262E-03,-9.817943194E-05,-6.130637113E-02,-1.503464461E-03
       947, 1.099999988E+01, 9.140783356E-01, 6.196446108E-02, 2.005741791E-03, 7.453929253E-04, 4.289253650E-03,-2.073655997E-03,-1.640197567E-04,-4.174997567E-02,-1.207865258E-04
       948, 1.299999997E+01, 9.140783356E-01, 5.752882270E-02, 1.683268820E-03, 5.651739308E-04, 4.325395301E-03,-2.280508264E-03,-1.531994558E-04,-2.920596258E-02, 4.389147711E-04
       949, 4.999999929E+00, 9.296040040E-01, 4.974402354E-02, 1.933487643E-04, 1.458996512E-03, 3.162199885E-03, 1.199787341E-02, 1.979770626E-03,-1.265410038E-01,-1.220673062E-02
       950, 6.999999954E+00, 9.296040040E-01, 6.305490397E-02, 2.125874131E-03, 1.302973728E-03, 3.900250176E-03, 2.683782924E-03, 3.196798467E-04,-9.048359072E-02,-4.971157675E-03
       951, 8.999999951E+00, 9.296040179E-01, 6.431572663E-02, 2.267019581E-03, 9.908963936E-04, 4.176161561E-03,-8.168592137E-04,-8.184646328E-05,-6.119540195E-02,-1.622122950E-03
       952, 1.099999988E+01, 9.296040040E-01, 6.131540925E-02, 2.003231562E-03, 7.410075338E-04, 4.282441974E-03,-1.953675788E-03,-1.572382931E-04,-4.185862734E-02,-2.014210133E-04
       953, 1.299999997E+01, 9.296040040E-01, 5.707408289E-02, 1.689659377E-03, 5.631481860E-04, 4.322244140E-03,-2.202797368E-03,-1.505137504E-04,-2.937076638E-02, 3.850832214E-04
       954, 4.999999929E+00, 9.453543867E-01, 4.777382604E-02, 9.216170549E-07, 1.401429465E-03, 3.104622432E-03, 1.222574762E-02, 2.052839819E-03,-1.236778609E-01,-1.222757113E-02
       955, 6.999999954E+00, 9.453543867E-01, 6.163648796E-02, 2.046404523E-03, 1.278028187E-03, 3.870773999E-03, 2.952659901E-03, 3.585766556E-04,-8.964046393E-02,-5.117869581E-03
       956, 8.999999951E+00, 9.453544008E-01, 6.335297580E-02, 2.240530518E-03, 9.804622839E-04, 4.161394761E-03,-6.305338930E-04,-6.495504081E-05,-6.105768027E-02,-1.739799218E-03
       957, 1.099999988E+01, 9.453543867E-01, 6.065537186E-02, 1.999413076E-03, 7.364343454E-04, 4.275148065E-03,-1.832863039E-03,-1.501047390E-04,-4.195226430E-02,-2.822936870E-04
       958, 1.299999997E+01, 9.453543867E-01, 5.661023128E-02, 1.695290432E-03, 5.610216347E-04, 4.318797708E-03,-2.124124273E-03,-1.476196880E-04,-2.952734590E-02, 3.307347280E-04
       959, 4.999999929E+00, 9.613327362E-01, 4.582123421E-02,-1.944746361E-04, 1.344054572E-03, 3.045495054E-03, 1.243148858E-02, 2.123935653E-03,-1.207686313E-01,-1.223002160E-02
       960, 6.999999954E+00, 9.613327362E-01, 6.021136696E-02, 1.963484583E-03, 1.252594445E-03, 3.840074405E-03, 3.216165496E-03, 3.980148616E-04,-8.875377872E-02,-5.259139293E-03
       961, 8.999999951E+00, 9.613327505E-01, 6.237870906E-02, 2.211786808E-03, 9.696856902E-04, 4.145824390E-03,-4.446816639E-04,-4.751047224E-05,-6.089304428E-02,-1.856361043E-03
       962, 1.099999988E+01, 9.613327362E-01, 5.998440910E-02, 1.994245703E-03, 7.316691147E-04, 4.267350847E-03,-1.711289907E-03,-1.426150078E-04,-4.203060005E-02,-3.633404246E-04
       963, 1.299999997E+01, 9.613327362E-01, 5.613723283E-02, 1.700130632E-03, 5.587909453E-04, 4.315040378E-03,-2.044517713E-03,-1.445125310E-04,-2.967544774E-02, 2.758977826E-04
       964, 4.999999929E+00, 9.775423519E-01, 4.388789192E-02,-3.925857351E-04, 1.286977995E-03, 2.984826276E-03, 1.261465717E-02, 2.192823535E-03,-1.178164256E-01,-1.221386346E-02
       965, 6.999999954E+00, 9.775423519E-01, 5.878034502E-02, 1.877121371E-03, 1.226690205E-03, 3.808127843E-03, 3.473957527E-03, 4.379423911E-04,-8.782414904E-02,-5.394714421E-03
       966, 8.999999951E+00, 9.775423664E-01, 6.139323211E-02, 2.180747951E-03, 9.585652313E-04, 4.129424336E-03,-2.594718973E-04,-2.951886150E-05,-6.070136038E-02,-1.971669462E-03
       967, 1.099999988E+01, 9.775423519E-01, 5.930259327E-02, 1.987688926E-03, 7.267077391E-04, 4.259028803E-03,-1.589031689E-03,-1.347657863E-04,-4.209336003E-02,-4.444955031E-04
       968, 1.299999997E+01, 9.775423519E-01, 5.565505941E-02, 1.704148237E-03, 5.564527806E-04, 4.310956033E-03,-1.964008483E-03,-1.411877556E-04,-2.981482161E-02, 2.206031009E-04
       969, 4.999999929E+00, 9.939865811E-01, 4.197544570E-02,-5.931417332E-04, 1.230288716E-03, 2.922626717E-03, 1.277484384E-02, 2.259263480E-03,-1.148244164E-01,-1.217890526E-02
       970, 6.999999954E+00, 9.939865811E-01, 5.734425046E-02, 1.787328308E-03, 1.200334765E-03, 3.774911553E-03, 3.725694542E-03, 4.783037768E-04,-8.685224825E-02,-5.524345357E-03
       971, 8.999999951E+00, 9.939865959E-01, 6.039687017E-02, 2.147375306E-03, 9.471001607E-04, 4.112168401E-03,-7.507763506E-05,-1.098781976E-05,-6.048252494E-02,-2.085584360E-03
       972, 1.099999988E+01, 9.939865811E-01, 5.861000909E-02, 1.979702420E-03, 7.215462776E-04, 4.250159995E-03,-1.466166853E-03,-1.265536057E-04,-4.214028059E-02,-5.256865731E-04
       973, 1.299999997E+01, 9.939865811E-01, 5.516369009E-02, 1.707311157E-03, 5.540038063E-04, 4.306528061E-03,-1.882629448E-03,-1.376407226E-04,-2.994522090E-02, 1.648814118E-04
       974, 4.999999929E+00, 1.010668820E+00, 4.008554228E-02,-7.958568751E-04, 1.174071371E-03, 2.858909686E-03, 1.291166654E-02, 2.323010507E-03,-1.117958160E-01,-1.212498166E-02
       975, 6.999999954E+00, 1.010668820E+00, 5.590393520E-02, 1.694125448E-03, 1.173549012E-03, 3.740403643E-03, 3.971036487E-03, 5.190401263E-04,-8.583880864E-02,-5.647785779E-03
       976, 8.999999951E+00, 1.010668835E+00, 5.938996817E-02, 2.111632275E-03, 9.352903978E-04, 4.094030344E-03, 1.083245290E-04, 8.073669436E-06,-6.023646471E-02,-2.197963007E-03
       977, 1.099999988E+01, 1.010668820E+00, 5.790675403E-02, 1.970246271E-03, 7.161809705E-04, 4.240722079E-03,-1.342777084E-03,-1.179801562E-04,-4.217111192E-02,-6.068412283E-04
       978, 1.299999997E+01, 1.010668820E+00, 5.466311147E-02, 1.709586953E-03, 5.514406996E-04, 4.301739360E-03,-1.800415620E-03,-1.338671491E-04,-3.006640286E-02, 1.087651492E-04
       979, 4.999999929E+00, 1.027592512E+00, 3.821982634E-02,-1.000429478E-03, 1.118410471E-03, 2.793691566E-03, 1.302476954E-02, 2.383814609E-03,-1.087338589E-01,-1.205195212E-02
       980, 6.999999954E+00, 1.027592512E+00, 5.446027411E-02, 1.597539742E-03, 1.146355409E-03, 3.704583162E-03, 4.209645386E-03, 5.600891325E-04,-8.478462094E-02,-5.764793357E-03
       981, 8.999999951E+00, 1.027592528E+00, 5.837289085E-02, 2.073484471E-03, 9.231365585E-04, 4.074983922E-03, 2.905546710E-04, 2.765515390E-05,-5.996313756E-02,-2.308661126E-03
       982, 1.099999988E+01, 1.027592512E+00, 5.719293858E-02, 1.959281140E-03, 7.106082586E-04, 4.230692324E-03,-1.218946714E-03,-1.090375631E-04,-4.218561973E-02,-6.879144255E-04
       983, 1.299999997E+01, 1.027592512E+00, 5.415331793E-02, 1.710942918E-03, 5.487601583E-04, 4.296572343E-03,-1.717404143E-03,-1.298630292E-04,-3.017812923E-02, 5.229077209E-05
       984, 4.999999929E+00, 1.044761154E+00, 3.637993842E-02,-1.206541802E-03, 1.063390093E-03, 2.726991970E-03, 1.311382283E-02, 2.441420445E-03,-1.056417883E-01,-1.195969977E-02
       985, 6.999999954E+00, 1.044761154E+00, 5.301416427E-02, 1.497605305E-03, 1.118777978E-03, 3.667430171E-03, 4.441186015E-03, 6.013850804E-04,-8.369053363E-02,-5.875130456E-03
       986, 8.999999951E+00, 1.044761169E+00, 5.734602280E-02, 2.032899892E-03, 9.106399839E-04, 4.055002940E-03, 4.714297348E-04, 4.774468613E-05,-5.966253296E-02,-2.417532806E-03
       987, 1.099999988E+01, 1.044761154E+00, 5.646868655E-02, 1.946766826E-03, 7.048248039E-04, 4.220047636E-03,-1.094763705E-03,-9.971308066E-05,-4.218358210E-02,-7.687715606E-04
       988, 1.299999997E+01, 1.044761154E+00, 5.363431195E-02, 1.711346124E-03, 5.459589105E-04, 4.291008939E-03,-1.633634288E-03,-1.256242495E-04,-3.028016693E-02,-4.505193756E-06
       989, 4.999999929E+00, 1.062178289E+00, 3.456751288E-02,-1.413859924E-03, 1.009093555E-03, 2.658833902E-03, 1.317852142E-02, 2.495567002E-03,-1.025228448E-01,-1.184813017E-02
       990, 6.999999954E+00, 1.062178289E+00, 5.156652415E-02, 1.394363666E-03, 1.090842270E-03, 3.628925826E-03, 4.665326570E-03, 6.428588137E-04,-8.255745205E-02,-5.978564611E-03
       991, 8.999999951E+00, 1.062178305E+00, 5.630976858E-02, 1.989849104E-03, 8.978027688E-04, 4.034061296E-03, 6.507637513E-04, 6.832876495E-05,-5.933467250E-02,-2.524430783E-03
       992, 1.099999988E+01, 1.062178289E+00, 5.573413539E-02, 1.932663971E-03, 6.988275103E-04, 4.208764580E-03,-9.703193271E-04,-9.002695779E-05,-4.216478913E-02,-8.493831970E-04
       993, 1.299999997E+01, 1.062178289E+00, 5.310610441E-02, 1.710763433E-03, 5.430337248E-04, 4.285030601E-03,-1.549147517E-03,-1.211470633E-04,-3.037228831E-02,-6.158525060E-05
       994, 4.999999929E+00, 1.079847516E+00, 3.278417603E-02,-1.622033589E-03, 9.556031036E-04, 2.589243942E-03, 1.321858489E-02, 2.545987674E-03,-9.938025538E-02,-1.171716994E-02
       995, 6.999999954E+00, 1.079847516E+00, 5.011829281E-02, 1.287864027E-03, 1.062575333E-03, 3.589052453E-03, 4.881739341E-03, 6.844377082E-04,-8.138633733E-02,-6.074868996E-03
       996, 8.999999951E+00, 1.079847532E+00, 5.526455272E-02, 1.944305423E-03, 8.846277874E-04, 4.012133035E-03, 8.283680704E-04, 8.939228739E-05,-5.897961033E-02,-2.629206626E-03
       997, 1.099999988E+01, 1.079847516E+00, 5.498943649E-02, 1.916935961E-03, 6.926135438E-04, 4.196819402E-03,-8.457071689E-04,-7.998011548E-05,-4.212904658E-02,-9.296779341E-04
       998, 1.299999997E+01, 1.079847516E+00, 5.256871488E-02, 1.709161563E-03, 5.399814212E-04, 4.278618315E-03,-1.463987480E-03,-1.164279211E-04,-3.045427161E-02,-1.189093068E-04
       999, 4.999999929E+00, 1.097772482E+00, 3.103154435E-02,-1.830696072E-03, 9.029995984E-04, 2.518252453E-03, 1.323375631E-02, 2.592410552E-03,-9.621722091E-02,-1.156676588E-02
      1000, 6.999999954E+00, 1.097772482E+00, 4.867042888E-02, 1.178163513E-03, 1.034005669E-03, 3.547793629E-03, 5.090101409E-03, 7.260456800E-04,-8.017820518E-02,-6.163822932E-03
      1001, 8.999999951E+00, 1.097772499E+00, 5.421081967E-02, 1.896245101E-03, 8.711187183E-04, 3.989192398E-03, 1.004051615E-03, 1.109184976E-04,-5.859743363E-02,-2.731710991E-03
      1002, 1.099999988E+01, 1.097772482E+00, 5.423475539E-02, 1.899545724E-03, 6.861803539E-04, 4.184188062E-03,-7.210236291E-04,-6.955716733E-05,-4.207618119E-02,-1.009522122E-03
      1003, 1.299999997E+01, 1.097772482E+00, 5.202217189E-02, 1.706507136E-03, 5.367988818E-04, 4.271752604E-03,-1.378200026E-03,-1.114635219E-04,-3.052590148E-02,-1.764357754E-04
      1004, 4.999999929E+00, 1.115956889E+00, 2.931122293E-02,-2.039464013E-03, 8.513622051E-04, 2.445893818E-03, 1.322380014E-02, 2.634558219E-03,-9.303690034E-02,-1.139688308E-02
      1005, 6.999999954E+00, 1.115956889E+00, 4.722390968E-02, 1.065327413E-03, 1.005163187E-03, 3.505134267E-03, 5.290095353E-03, 7.676032340E-04,-7.893412454E-02,-6.245212577E-03
      1006, 8.999999951E+00, 1.115956906E+00, 5.314903379E-02, 1.845647519E-03, 8.572800670E-04, 3.965213874E-03, 1.177621151E-03, 1.328889456E-04,-5.818826298E-02,-2.831793874E-03
      1007, 1.099999988E+01, 1.115956889E+00, 5.347027194E-02, 1.880456230E-03, 6.795256948E-04, 4.170846256E-03,-5.963682712E-04,-5.876508311E-05,-4.200603426E-02,-1.088880915E-03
      1008, 1.299999997E+01, 1.115956889E+00, 5.146651326E-02, 1.702766740E-03, 5.334830631E-04, 4.264413545E-03,-1.291833203E-03,-1.062508120E-04,-3.058696939E-02,-2.341216556E-04
      1009, 4.999999929E+00, 1.134404493E+00, 2.762480410E-02,-2.247937233E-03, 8.007680948E-04, 2.372206724E-03, 1.318849893E-02, 2.672146862E-03,-8.984239227E-02,-1.120750190E-02
      1010, 6.999999954E+00, 1.134404493E+00, 4.577973013E-02, 9.494294144E-04, 9.760791436E-04, 3.461060700E-03, 5.481409922E-03, 8.090275087E-04,-7.765521605E-02,-6.318831593E-03
      1011, 8.999999951E+00, 1.134404510E+00, 5.207967925E-02, 1.792495374E-03, 8.431171863E-04, 3.940172260E-03, 1.348881558E-03, 1.552834474E-04,-5.775225265E-02,-2.929304869E-03
      1012, 1.099999988E+01, 1.134404493E+00, 5.269618065E-02, 1.859632056E-03, 6.726476464E-04, 4.156769451E-03,-4.718436805E-04,-4.760643979E-05,-4.191846134E-02,-1.167647074E-03
      1013, 1.299999997E+01, 1.134404493E+00, 5.090178633E-02, 1.697906970E-03, 5.300310074E-04, 4.256580772E-03,-1.204937279E-03,-1.007870214E-04,-3.063727420E-02,-2.919219435E-04
      1014, 4.999999929E+00, 1.153119101E+00, 2.597386652E-02,-2.455698481E-03, 7.512921538E-04, 2.297234485E-03, 1.312764992E-02, 2.704885313E-03,-8.663671633E-02,-1.099861394E-02
      1015, 6.999999954E+00, 1.153119101E+00, 4.433890166E-02, 8.305518288E-04, 9.467860803E-04, 3.415560771E-03, 5.663740683E-03, 8.502322789E-04,-7.634265016E-02,-6.384481581E-03
      1016, 8.999999951E+00, 1.153119119E+00, 5.100325990E-02, 1.736774880E-03, 8.286362951E-04, 3.914042713E-03, 1.517636118E-03, 1.780800446E-04,-5.728959085E-02,-3.024093428E-03
      1017, 1.099999988E+01, 1.153119101E+00, 5.191269086E-02, 1.837038780E-03, 6.655446356E-04, 4.141932914E-03,-3.475549104E-04,-3.608373047E-05,-4.181333743E-02,-1.245739288E-03
      1018, 1.299999997E+01, 1.153119101E+00, 5.032804825E-02, 1.691894511E-03, 5.264398555E-04, 4.248233499E-03,-1.117564675E-03,-9.506973475E-05,-3.067662276E-02,-3.497916734E-04
      1019, 4.999999929E+00, 1.172104580E+00, 2.435997445E-02,-2.662313113E-03, 7.030067084E-04, 2.221025436E-03, 1.304106142E-02, 2.732474179E-03,-8.342279498E-02,-1.077021839E-02
      1020, 6.999999954E+00, 1.172104580E+00, 4.290245109E-02, 7.087858099E-04, 9.173177508E-04, 3.368623931E-03, 5.836790641E-03, 8.911279643E-04,-7.499764504E-02,-6.441972466E-03
      1021, 8.999999951E+00, 1.172104598E+00, 4.992029909E-02, 1.678475959E-03, 8.138444929E-04, 3.886800814E-03, 1.683686815E-03, 2.012549644E-04,-5.680049990E-02,-3.116009123E-03
      1022, 1.099999988E+01, 1.172104580E+00, 5.112002691E-02, 1.812643239E-03, 6.582154574E-04, 4.126311748E-03,-2.236097037E-04,-2.420037066E-05,-4.169055532E-02,-1.323067388E-03
      1023, 1.299999997E+01, 1.172104580E+00, 4.974536628E-02, 1.684696176E-03, 5.227068601E-04, 4.239350527E-03,-1.029770101E-03,-8.909722915E-05,-3.070482873E-02,-4.076771695E-04
      1024, 4.999999929E+00, 1.191364850E+00, 2.278467754E-02,-2.867328699E-03, 6.559812644E-04, 2.143633407E-03, 1.292854825E-02, 2.754606051E-03,-8.020343206E-02,-1.052231564E-02
      1025, 6.999999954E+00, 1.191364850E+00, 4.147141943E-02, 5.842315663E-04, 8.877090423E-04, 3.320241332E-03, 6.000270850E-03, 9.316216700E-04,-7.362146426E-02,-6.491122909E-03
      1026, 8.999999951E+00, 1.191364868E+00, 4.883133949E-02, 1.617592444E-03, 7.987497740E-04, 3.858422619E-03, 1.846834649E-03, 2.247825805E-04,-5.628523640E-02,-3.204901938E-03
      1027, 1.099999988E+01, 1.191364850E+00, 5.031842834E-02, 1.786413574E-03, 6.506592955E-04, 4.109880929E-03,-1.001183162E-04,-1.196058767E-05,-4.155002628E-02,-1.399542187E-03
      1028, 1.299999997E+01, 1.191364850E+00, 4.915381805E-02, 1.676279175E-03, 5.188293980E-04, 4.229910264E-03,-9.416103069E-04,-8.287155633E-05,-3.072171601E-02,-4.655364667E-04
      1029, 4.999999929E+00, 1.210903887E+00, 2.124951110E-02,-3.070274447E-03, 6.102822683E-04, 2.065118289E-03, 1.278992571E-02, 2.770960084E-03,-7.698128855E-02,-1.025489642E-02
      1030, 6.999999954E+00, 1.210903887E+00, 4.004686065E-02, 4.569985643E-04, 8.579958881E-04, 3.270405937E-03, 6.153900993E-03, 9.716172648E-04,-7.221541420E-02,-6.531760840E-03
      1031, 8.999999951E+00, 1.210903906E+00, 4.773694283E-02, 1.554122272E-03, 7.833610363E-04, 3.828884729E-03, 2.006879979E-03, 2.486353846E-04,-5.574409137E-02,-3.290622576E-03
      1032, 1.099999988E+01, 1.210903887E+00, 4.950815001E-02, 1.758319389E-03, 6.428757425E-04, 4.092615340E-03, 2.280655819E-05, 6.304885262E-07,-4.139168061E-02,-1.475071879E-03
      1033, 1.299999997E+01, 1.210903887E+00, 4.855349175E-02, 1.666610973E-03, 5.148049845E-04, 4.219890740E-03,-8.531441556E-04,-7.638075372E-05,-3.072711970E-02,-5.233253400E-04
      1034, 4.999999929E+00, 1.230725728E+00, 1.975599691E-02,-3.270660495E-03, 5.659728900E-04, 1.985546739E-03, 1.262499979E-02, 2.781207267E-03,-7.375884983E-02,-9.967954738E-03
      1035, 6.999999954E+00, 1.230725728E+00, 3.862984046E-02, 3.272057200E-04, 8.282151755E-04, 3.219112638E-03, 6.297409871E-03, 1.011015434E-03,-7.078084116E-02,-6.563723817E-03
      1036, 8.999999951E+00, 1.230725746E+00, 4.663768958E-02, 1.488067691E-03, 7.676880889E-04, 3.798164348E-03, 2.163622853E-03, 2.727839601E-04,-5.517739019E-02,-3.373022760E-03
      1037, 1.099999988E+01, 1.230725728E+00, 4.868946226E-02, 1.728331870E-03, 6.348648204E-04, 4.074489814E-03, 1.450499098E-04, 1.356683031E-05,-4.121546801E-02,-1.549563751E-03
      1038, 1.299999997E+01, 1.230725728E+00, 4.794448641E-02, 1.655658365E-03, 5.106312872E-04, 4.209269634E-03,-7.644330372E-04,-6.962292185E-05,-3.072088177E-02,-5.809585896E-04
      1039, 4.999999929E+00, 1.250834464E+00, 1.830564505E-02,-3.467977462E-03, 5.231128337E-04, 1.904993045E-03, 1.243355832E-02, 2.785003767E-03,-7.053839337E-02,-9.661464747E-03
      1040, 6.999999954E+00, 1.250834464E+00, 3.722143496E-02, 1.949815844E-04, 7.984046463E-04, 3.166358373E-03, 6.430535820E-03, 1.049713709E-03,-6.931912862E-02,-6.586859452E-03
      1041, 8.999999951E+00, 1.250834482E+00, 4.553417866E-02, 1.419435454E-03, 7.517416554E-04, 3.766239349E-03, 2.316863355E-03, 2.971969573E-04,-5.458549253E-02,-3.451955530E-03
      1042, 1.099999988E+01, 1.250834464E+00, 4.786265100E-02, 1.696423926E-03, 6.266269992E-04, 4.055479174E-03, 2.664945307E-04, 2.684146767E-05,-4.102135798E-02,-1.622923784E-03
      1043, 1.299999997E+01, 1.250834464E+00, 4.732691220E-02, 1.643389221E-03, 5.063061396E-04, 4.198024284E-03,-6.755405337E-04,-6.261404179E-05,-3.070285246E-02,-6.384191652E-04
      1044, 4.999999929E+00, 1.271234248E+00, 1.689995629E-02,-3.661694931E-03, 4.817581796E-04, 1.823540201E-03, 1.221536119E-02, 2.781980797E-03,-6.732195945E-02,-9.335346970E-03
      1045, 6.999999954E+00, 1.271234248E+00, 3.582272937E-02, 6.046451803E-05, 7.686030689E-04, 3.112142263E-03, 6.553026918E-03, 1.087606442E-03,-6.783169068E-02,-6.601025129E-03
      1046, 8.999999951E+00, 1.271234267E+00, 4.442702703E-02, 1.348237020E-03, 7.355333735E-04, 3.733088339E-03, 2.466401962E-03, 3.218410694E-04,-5.396879224E-02,-3.527275549E-03
      1047, 1.099999988E+01, 1.271234248E+00, 4.702801777E-02, 1.662570319E-03, 6.181632164E-04, 4.035558276E-03, 3.870211465E-04, 4.044645838E-05,-4.080934025E-02,-1.695056947E-03
      1048, 1.299999997E+01, 1.271234248E+00, 4.670089060E-02, 1.629773243E-03, 5.018275561E-04, 4.186131722E-03,-5.865318463E-04,-5.534661426E-05,-3.067289366E-02,-6.956438546E-04
      1049, 4.999999929E+00, 1.291929293E+00, 1.554042565E-02,-3.851259930E-03, 4.419612596E-04, 1.741281258E-03, 1.197012678E-02, 2.771751446E-03,-6.411130781E-02,-8.989489933E-03
      1050, 6.999999954E+00, 1.291929293E+00, 3.443481682E-02,-7.619712133E-05, 7.388564740E-04, 3.056465966E-03, 6.664640310E-03, 1.124584631E-03,-6.631996412E-02,-6.606087304E-03
      1051, 8.999999951E+00, 1.291929312E+00, 4.331686928E-02, 1.274488753E-03, 7.190757922E-04, 3.698690727E-03, 2.612039917E-03, 3.466810108E-04,-5.332771715E-02,-3.598839428E-03
      1052, 1.099999988E+01, 1.291929293E+00, 4.618587987E-02, 1.626747809E-03, 6.094748942E-04, 4.014702054E-03, 5.065085545E-04, 5.437285460E-05,-4.057942508E-02,-1.765867271E-03
      1053, 1.299999997E+01, 1.291929293E+00, 4.606655467E-02, 1.614779618E-03, 4.971937455E-04, 4.173568688E-03,-4.974741157E-04,-4.781492181E-05,-3.063088096E-02,-7.525522869E-04
      1054, 4.999999929E+00, 1.312923873E+00, 1.422854713E-02,-4.036095588E-03, 4.037705725E-04, 1.658321009E-03, 1.169751658E-02, 2.753904129E-03,-6.090787041E-02,-8.623735918E-03
      1055, 6.999999954E+00, 1.312923873E+00, 3.305879710E-02,-2.148447993E-04, 7.092174690E-04, 2.999333855E-03, 6.765143803E-03, 1.160536258E-03,-6.478541282E-02,-6.601923140E-03
      1056, 8.999999951E+00, 1.312923892E+00, 4.220435713E-02, 1.198212118E-03, 7.023823639E-04, 3.663026789E-03, 2.753579612E-03, 3.716795071E-04,-5.266272880E-02,-3.666506063E-03
      1057, 1.099999988E+01, 1.312923873E+00, 4.533657030E-02, 1.588935297E-03, 6.005639566E-04, 3.992885565E-03, 6.248337725E-04, 6.861067211E-05,-4.033164362E-02,-1.835258007E-03
      1058, 1.299999997E+01, 1.312923873E+00, 4.542404913E-02, 1.598377808E-03, 4.924031265E-04, 4.160311665E-03,-4.084369071E-04,-4.002373039E-05,-3.057669966E-02,-8.091141080E-04
      1059, 4.999999929E+00, 1.334222322E+00, 1.296581993E-02,-4.215598879E-03, 3.672307417E-04, 1.574778148E-03, 1.139711439E-02, 2.727990051E-03,-5.771270531E-02,-8.237830030E-03
      1060, 6.999999954E+00, 1.334222322E+00, 3.169577520E-02,-3.553096778E-04, 6.797328549E-04, 2.940752339E-03, 6.854318243E-03, 1.195346680E-03,-6.322953506E-02,-6.588422321E-03
      1061, 8.999999951E+00, 1.334222342E+00, 4.109015898E-02, 1.119433876E-03, 6.854674329E-04, 3.626077745E-03, 2.890824970E-03, 3.967972876E-04,-5.197432211E-02,-3.730136962E-03
      1062, 1.099999988E+01, 1.334222322E+00, 4.448043786E-02, 1.549113967E-03, 5.914328453E-04, 3.970084040E-03, 7.418721947E-04, 8.314885946E-05,-4.006604819E-02,-1.903131777E-03
      1063, 1.299999997E+01, 1.334222322E+00, 4.477353070E-02, 1.580538504E-03, 4.874543421E-04, 4.146336902E-03,-3.194917094E-04,-3.197397194E-05,-3.051024538E-02,-8.652554085E-04
      1064, 4.999999929E+00, 1.355829040E+00, 1.175375619E-02,-4.389137685E-03, 3.323825210E-04, 1.490788004E-03, 1.106840563E-02, 2.693532495E-03,-5.452642111E-02,-7.831476483E-03
      1065, 6.999999954E+00, 1.355829040E+00, 3.034685971E-02,-4.974125061E-04, 6.504437942E-04, 2.880729846E-03, 6.931957111E-03, 1.228898568E-03,-6.165385686E-02,-6.565486817E-03
      1066, 8.999999951E+00, 1.355829060E+00, 3.997495929E-02, 1.038186276E-03, 6.683462206E-04, 3.587825824E-03, 3.023581826E-03, 4.219930814E-04,-5.126302479E-02,-3.789596559E-03
      1067, 1.099999988E+01, 1.355829040E+00, 4.361784703E-02, 1.507267441E-03, 5.820845343E-04, 3.946272934E-03, 8.574977579E-04, 9.797526902E-05,-3.978271253E-02,-1.969390727E-03
      1068, 1.299999997E+01, 1.355829040E+00, 4.411516820E-02, 1.561233186E-03, 4.823462737E-04, 4.131620446E-03,-2.307118445E-04,-2.366758489E-05,-3.043142692E-02,-9.209195369E-04
      1069, 4.999999929E+00, 1.377748487E+00, 1.059389106E-02,-4.556049153E-03, 2.992628504E-04, 1.406506069E-03, 1.071075046E-02, 2.649970512E-03,-5.134914689E-02,-7.404096381E-03
      1070, 6.999999954E+00, 1.377748487E+00, 2.901316134E-02,-6.409635085E-04, 6.213915774E-04, 2.819277425E-03, 6.997865923E-03, 1.261071858E-03,-6.005992156E-02,-6.533030126E-03
      1071, 8.999999951E+00, 1.377748507E+00, 3.885945800E-02, 9.545072429E-04, 6.510348056E-04, 3.548254343E-03, 3.151658311E-03, 4.472236131E-04,-5.052939686E-02,-3.844752533E-03
      1072, 1.099999988E+01, 1.377748487E+00, 4.274917803E-02, 1.463381923E-03, 5.725225435E-04, 3.921427972E-03, 9.715831151E-04, 1.130766291E-04,-3.948173206E-02,-2.033936687E-03
      1073, 1.299999997E+01, 1.377748487E+00, 4.344914273E-02, 1.540434329E-03, 4.770780562E-04, 4.116138174E-03,-1.421725257E-04,-1.510682859E-05,-3.034016508E-02,-9.760434971E-04
      1074, 4.999999929E+00, 1.399985190E+00, 9.487793545E-03,-4.715631715E-03, 2.679049667E-04, 1.322112543E-03, 1.032337653E-02, 2.596738790E-03,-4.818050033E-02,-6.955241146E-03
      1075, 6.999999954E+00, 1.399985190E+00, 2.769579163E-02,-7.857622662E-04, 5.926174844E-04, 2.756408882E-03, 7.051862109E-03, 1.291743692E-03,-5.844928442E-02,-6.490976787E-03
      1076, 8.999999951E+00, 1.399985211E+00, 3.774436989E-02, 8.684405639E-04, 6.335501001E-04, 3.507347778E-03, 3.274865252E-03, 4.724436028E-04,-4.977403000E-02,-3.895476130E-03
      1077, 1.099999988E+01, 1.399985190E+00, 4.187482664E-02, 1.417446357E-03, 5.627509499E-04, 3.895525210E-03, 1.083999819E-03, 1.284385176E-04,-3.916322401E-02,-2.096671344E-03
      1078, 1.299999997E+01, 1.399985190E+00, 4.277564784E-02, 1.518115452E-03, 4.716490921E-04, 4.099865825E-03,-5.395075501E-05,-6.294653917E-06,-3.023639344E-02,-1.030564884E-03
      1079, 4.999999929E+00, 1.422543741E+00, 8.437080106E-03,-4.867139784E-03, 2.383385636E-04, 1.237818226E-03, 9.905319950E-03, 2.533164132E-03,-4.501943072E-02,-6.484092963E-03
      1080, 6.999999954E+00, 1.422543741E+00, 2.639586154E-02,-9.315976003E-04, 5.641626415E-04, 2.692140909E-03, 7.093774939E-03, 1.320788477E-03,-5.682350784E-02,-6.439262211E-03
      1081, 8.999999951E+00, 1.422543762E+00, 3.663042388E-02, 7.800360691E-04, 6.159098221E-04, 3.465091848E-03, 3.393016560E-03, 4.976057767E-04,-4.899754679E-02,-3.941642499E-03
      1082, 1.099999988E+01, 1.422543741E+00, 4.099520415E-02, 1.369452576E-03, 5.527743986E-04, 3.868541083E-03, 1.194618513E-03, 1.440453367E-04,-3.882732768E-02,-2.157496416E-03
      1083, 1.299999997E+01, 1.422543741E+00, 4.209488964E-02, 1.494251243E-03, 4.660590657E-04, 4.082779038E-03, 3.387473105E-05, 2.765414465E-06,-3.012005862E-02,-1.084419472E-03
      1084, 4.999999929E+00, 1.445428798E+00, 7.443432267E-03,-5.009786865E-03, 2.105900053E-04, 1.153872219E-03, 9.455413369E-03, 2.458498584E-03,-4.186423748E-02,-5.989588455E-03
      1085, 6.999999954E+00, 1.445428798E+00, 2.511448018E-02,-1.078247458E-03, 5.360678777E-04, 2.626493245E-03, 7.123445258E-03, 1.348077878E-03,-5.518415595E-02,-6.377832407E-03
      1086, 8.999999951E+00, 1.445428820E+00, 3.551836231E-02, 6.893498073E-04, 5.981324628E-04, 3.421473593E-03, 3.505929611E-03, 5.226608806E-04,-4.820059980E-02,-3.983130997E-03
      1087, 1.099999988E+01, 1.445428798E+00, 4.011073720E-02, 1.319395465E-03, 5.425981111E-04, 3.840452465E-03, 1.303309131E-03, 1.598802894E-04,-3.847420445E-02,-2.216313832E-03
      1088, 1.299999997E+01, 1.445428798E+00, 4.140708695E-02, 1.468817656E-03, 4.603079570E-04, 4.064853385E-03, 1.212235429E-04, 1.206921278E-05,-2.999112062E-02,-1.137542360E-03
      1089, 4.999999929E+00, 1.468645087E+00, 6.508611979E-03,-5.142733024E-03, 1.846825771E-04, 1.070572021E-03, 8.972299954E-03, 2.371944072E-03,-3.871267397E-02,-5.470731187E-03
      1090, 6.999999954E+00, 1.468645087E+00, 2.385275362E-02,-1.225478797E-03, 5.083735795E-04, 2.559488841E-03, 7.140725041E-03, 1.373480749E-03,-5.353278861E-02,-6.306643350E-03
      1091, 8.999999951E+00, 1.468645109E+00, 3.440894015E-02, 5.964442176E-04, 5.802372500E-04, 3.376481462E-03, 3.613425612E-03, 5.475576942E-04,-4.738387056E-02,-4.019825470E-03
      1092, 1.099999988E+01, 1.468645087E+00, 3.922186762E-02, 1.267273108E-03, 5.322278920E-04, 3.811236724E-03, 1.409941107E-03, 1.759253579E-04,-3.810403792E-02,-2.273025921E-03
      1093, 1.299999997E+01, 1.468645087E+00, 4.071247137E-02, 1.441792024E-03, 4.543960552E-04, 4.046064413E-03, 2.080137177E-04, 2.161193051E-05,-2.984955306E-02,-1.189867710E-03
      1094, 4.999999929E+00, 1.492197403E+00, 5.634477363E-03,-5.265075201E-03, 1.606367383E-04, 9.882767682E-04, 8.454420683E-03, 2.272559561E-03,-3.556197602E-02,-4.926093345E-03
      1095, 6.999999954E+00, 1.492197403E+00, 2.261178373E-02,-1.373047457E-03, 4.811195459E-04, 2.491154060E-03, 7.145476721E-03, 1.396863011E-03,-5.187095490E-02,-6.225660155E-03
      1096, 8.999999951E+00, 1.492197425E+00, 3.330292422E-02, 5.013882949E-04, 5.622441075E-04, 3.330105400E-03, 3.715329953E-03, 5.722430457E-04,-4.654806834E-02,-4.051614518E-03
      1097, 1.099999988E+01, 1.492197403E+00, 3.832905219E-02, 1.213086953E-03, 5.216701341E-04, 3.780871784E-03, 1.514383588E-03, 1.921612849E-04,-3.771703395E-02,-2.327535601E-03
      1098, 1.299999997E+01, 1.492197403E+00, 4.001128737E-02, 1.413153169E-03, 4.483239716E-04, 4.026387684E-03, 2.941618059E-04, 3.138808027E-05,-2.969534350E-02,-1.241328955E-03
      1099, 4.999999929E+00, 1.516090608E+00, 4.822995593E-03,-5.375846170E-03, 1.384703238E-04, 9.074245794E-04, 7.900102617E-03, 2.159377526E-03,-3.240918963E-02,-4.354279845E-03
      1100, 6.999999954E+00, 1.516090608E+00, 2.139266722E-02,-1.520698022E-03, 4.543448455E-04, 2.421518889E-03, 7.137572280E-03, 1.418087493E-03,-5.020018595E-02,-6.134856001E-03
      1101, 8.999999951E+00, 1.516090631E+00, 3.220109232E-02, 4.042577507E-04, 5.441736096E-04, 3.282336950E-03, 3.811472547E-03, 5.966618246E-04,-4.569392892E-02,-4.078391762E-03
      1102, 1.099999988E+01, 1.516090608E+00, 3.743276243E-02, 1.156841968E-03, 5.109318206E-04, 3.749336181E-03, 1.616505655E-03, 2.085675562E-04,-3.731342064E-02,-2.379746575E-03
      1103, 1.299999997E+01, 1.516090608E+00, 3.930379236E-02, 1.382881515E-03, 4.420926524E-04, 4.005798814E-03, 3.795829646E-04, 4.139147722E-05,-2.952849369E-02,-1.291858825E-03
      1104, 4.999999929E+00, 1.540329637E+00, 4.076242799E-03,-5.474010451E-03, 1.181985831E-04, 8.285550639E-04, 7.307743358E-03, 2.031393814E-03,-2.925187901E-02,-3.753945665E-03
      1105, 6.999999954E+00, 1.540329637E+00, 2.019649473E-02,-1.668163651E-03, 4.280876755E-04, 2.350617197E-03, 7.116892077E-03, 1.437013743E-03,-4.852198703E-02,-6.034211098E-03
      1106, 8.999999951E+00, 1.540329660E+00, 3.110423241E-02, 3.051351677E-04, 5.260469315E-04, 3.233169350E-03, 3.901688162E-03, 6.207570037E-04,-4.482221302E-02,-4.100056074E-03
      1107, 1.099999988E+01, 1.540329637E+00, 3.653348433E-02, 1.098546796E-03, 5.000205265E-04, 3.716609130E-03, 1.716176557E-03, 2.251223856E-04,-3.689344827E-02,-2.429563537E-03
      1108, 1.299999997E+01, 1.540329637E+00, 3.859025673E-02, 1.350959206E-03, 4.357033905E-04, 3.984273522E-03, 4.641910567E-04, 5.161521670E-05,-2.934901980E-02,-1.341389452E-03
      1109, 4.999999929E+00, 1.564919496E+00, 3.396379697E-03,-5.558468567E-03, 9.983385349E-05, 7.523380693E-04, 6.676199835E-03, 1.887698558E-03,-2.608942576E-02,-3.124227162E-03
      1110, 6.999999954E+00, 1.564919496E+00, 1.902435018E-02,-1.815165899E-03, 4.023852257E-04, 2.278487036E-03, 7.083323289E-03, 1.453497696E-03,-4.683782898E-02,-5.923710983E-03
      1111, 8.999999951E+00, 1.564919519E+00, 3.001314164E-02, 2.041101486E-04, 5.078857961E-04, 3.182597658E-03, 3.985816702E-03, 6.444696500E-04,-4.393370464E-02,-4.116511812E-03
      1112, 1.099999988E+01, 1.564919496E+00, 3.563171801E-02, 1.038213915E-03, 4.889444160E-04, 3.682670586E-03, 1.813265942E-03, 2.418027020E-04,-3.645738922E-02,-2.476892374E-03
      1113, 1.299999997E+01, 1.564919496E+00, 3.787096388E-02, 1.317370226E-03, 4.291578366E-04, 3.961787672E-03, 5.478987585E-04, 6.205165298E-05,-2.915695268E-02,-1.389852473E-03
      1114, 4.999999929E+00, 1.589865261E+00, 2.785578720E-03,-5.628075476E-03, 8.338452144E-05, 6.796090548E-04, 6.005526650E-03, 1.727692273E-03,-2.292542672E-02,-2.465444788E-03
      1115, 6.999999954E+00, 1.589865261E+00, 1.787731031E-02,-1.961414472E-03, 3.772735471E-04, 2.205170993E-03, 7.036757997E-03, 1.467391375E-03,-4.514913836E-02,-5.803345556E-03
      1116, 8.999999951E+00, 1.589865284E+00, 2.892862553E-02, 1.012794592E-04, 4.897124149E-04, 3.130618877E-03, 4.063703481E-03, 6.677389791E-04,-4.302920891E-02,-4.127668969E-03
      1117, 1.099999988E+01, 1.589865261E+00, 3.472797740E-02, 9.758597901E-04, 4.777122394E-04, 3.647501306E-03, 1.907644099E-03, 2.585841392E-04,-3.600553781E-02,-2.521640371E-03
      1118, 1.299999997E+01, 1.589865261E+00, 3.714621019E-02, 1.282100518E-03, 4.224580098E-04, 3.938317319E-03, 6.306176717E-04, 7.269237888E-05,-2.895233802E-02,-1.437179154E-03
      1119, 4.999999929E+00, 1.615172084E+00, 2.245864773E-03,-5.681685224E-03, 6.885271269E-05, 6.114097589E-04, 5.298269661E-03, 1.551481033E-03,-1.977174234E-02,-1.780411542E-03
      1120, 6.999999954E+00, 1.615172084E+00, 1.675644449E-02,-2.106606957E-03, 3.527874279E-04, 2.130716610E-03, 6.977090866E-03, 1.478541387E-03,-4.345728794E-02,-5.673100628E-03
      1121, 8.999999951E+00, 1.615172108E+00, 2.785149699E-02,-3.252830310E-06, 4.715509993E-04, 3.077232067E-03, 4.135198904E-03, 6.905022818E-04,-4.210954775E-02,-4.133442766E-03
      1122, 1.099999988E+01, 1.615172084E+00, 3.382278987E-02, 9.115050343E-04, 4.663333254E-04, 3.611082922E-03, 1.999182202E-03, 2.754410289E-04,-3.553821009E-02,-2.563716420E-03
      1123, 1.299999997E+01, 1.615172084E+00, 3.641630504E-02, 1.245138108E-03, 4.156063069E-04, 3.913838762E-03, 7.122584403E-04, 8.352820504E-05,-2.873523655E-02,-1.483300507E-03
      1124, 4.999999929E+00, 1.640845191E+00, 1.778815054E-03,-5.718241358E-03, 5.622990039E-05, 5.490287299E-04, 4.561481271E-03, 1.360540495E-03,-1.665460182E-02,-1.076294635E-03
      1125, 6.999999954E+00, 1.640845191E+00, 1.566281480E-02,-2.250428299E-03, 3.289602772E-04, 2.055176896E-03, 6.904216166E-03, 1.486789716E-03,-4.176358292E-02,-5.532965210E-03
      1126, 8.999999951E+00, 1.640845215E+00, 2.678257550E-02,-1.093751939E-04, 4.534308553E-04, 3.022438743E-03, 4.200158600E-03, 7.126949276E-04,-4.117555831E-02,-4.133753824E-03
      1127, 1.099999988E+01, 1.640845191E+00, 3.291669577E-02, 8.451745563E-04, 4.548175732E-04, 3.573398003E-03, 2.087752559E-03, 2.923463964E-04,-3.505574360E-02,-2.603031233E-03
      1128, 1.299999997E+01, 1.640845191E+00, 3.568157071E-02, 1.206473231E-03, 4.086055115E-04, 3.888328588E-03, 7.927308749E-04, 9.454914050E-05,-2.850572416E-02,-1.528147383E-03
      1129, 4.999999929E+00, 1.666889884E+00, 1.385061308E-03,-5.736928656E-03, 4.548951407E-05, 4.940291014E-04, 3.809380471E-03, 1.158538095E-03,-1.362227260E-02,-3.675914561E-04
      1130, 6.999999954E+00, 1.666889884E+00, 1.459747661E-02,-2.392550684E-03, 3.058240192E-04, 1.978610941E-03, 6.818024024E-03, 1.491973179E-03,-4.006924721E-02,-5.382928858E-03
      1131, 8.999999951E+00, 1.666889908E+00, 2.572268617E-02,-2.169685244E-04, 4.353816203E-04, 2.966242648E-03, 4.258444949E-03, 7.342505918E-04,-4.022809737E-02,-4.128529444E-03
      1132, 1.099999988E+01, 1.666889884E+00, 3.201024805E-02, 7.768977138E-04, 4.431754400E-04, 3.534430130E-03, 2.173228861E-03, 3.092719573E-04,-3.455849700E-02,-2.639497548E-03
      1133, 1.299999997E+01, 1.666889884E+00, 3.494234235E-02, 1.166098454E-03, 4.014588011E-04, 3.861763730E-03, 8.719440829E-04, 1.057443752E-04,-2.826389208E-02,-1.571650585E-03
      1134, 4.999999929E+00, 1.693311540E+00, 1.063577702E-03,-5.737412068E-03, 3.657610188E-05, 4.482414714E-04, 3.065673901E-03, 9.524315569E-04,-1.075070954E-02, 3.232064318E-04
      1135, 6.999999954E+00, 1.693311540E+00, 1.356147953E-02,-2.532632797E-03, 2.834089990E-04, 1.901084679E-03, 6.718396380E-03, 1.493918800E-03,-3.837541141E-02,-5.222958592E-03
      1136, 8.999999951E+00, 1.693311565E+00, 2.467265855E-02,-3.259060366E-04, 4.174286744E-04, 2.908649305E-03, 4.309927713E-03, 7.551013269E-04,-3.926804165E-02,-4.117704057E-03
      1137, 1.099999988E+01, 1.693311540E+00, 3.110401170E-02, 7.067084614E-04, 4.314179268E-04, 3.494163963E-03, 2.255486431E-03, 3.261881179E-04,-3.404684972E-02,-2.673030345E-03
      1138, 1.299999997E+01, 1.693311540E+00, 3.419896787E-02, 1.124008810E-03, 3.941697535E-04, 3.834121517E-03, 9.498066058E-04, 1.171022632E-04,-2.800984696E-02,-1.613741000E-03
      1139, 4.999999929E+00, 1.720115616E+00, 8.108798985E-04,-5.720080302E-03, 2.939235015E-05, 4.136927526E-04, 2.363501323E-03, 7.517639386E-04,-8.141172178E-03, 9.622643852E-04
      1140, 6.999999954E+00, 1.720115616E+00, 1.255586883E-02,-2.670318866E-03, 2.617439014E-04, 1.822671817E-03, 6.605201631E-03, 1.492445277E-03,-3.668309355E-02,-5.053009797E-03
      1141, 8.999999951E+00, 1.720115642E+00, 2.363332565E-02,-4.360531724E-04, 3.995962467E-04, 2.849666394E-03, 4.354483514E-03, 7.751775406E-04,-3.829628226E-02,-4.101218856E-03
      1142, 1.099999988E+01, 1.720115616E+00, 3.019856331E-02, 6.346454959E-04, 4.195565617E-04, 3.452585322E-03, 2.334402478E-03, 3.430639781E-04,-3.352120147E-02,-2.703547037E-03
      1143, 1.299999997E+01, 1.720115616E+00, 3.345180781E-02, 1.080201919E-03, 3.867423524E-04, 3.805379727E-03, 1.026226561E-03, 1.286103073E-04,-2.774371093E-02,-1.654349743E-03
      1144, 4.999999929E+00, 1.747307647E+00, 6.204421375E-04,-5.686256850E-03, 2.378847699E-05, 3.924486243E-04, 1.740084816E-03, 5.685139022E-04,-5.900284155E-03, 1.513950962E-03
      1145, 6.999999954E+00, 1.747307647E+00, 1.158168768E-02,-2.805238075E-03, 2.408556852E-04, 1.743455002E-03, 6.478288476E-03, 1.487361929E-03,-3.499317931E-02,-4.873025285E-03
      1146, 8.999999951E+00, 1.747307673E+00, 2.260552282E-02,-5.472675023E-04, 3.819086527E-04, 2.789304063E-03, 4.391995684E-03, 7.944079741E-04,-3.731372055E-02,-4.079021471E-03
      1147, 1.099999988E+01, 1.747307647E+00, 2.929449046E-02, 5.607523985E-04, 4.076033797E-04, 3.409681261E-03, 2.409856339E-03, 3.598673376E-04,-3.298197172E-02,-2.730967681E-03
      1148, 1.299999997E+01, 1.747307647E+00, 3.270123518E-02, 1.034678125E-03, 3.791809909E-04, 3.775516648E-03, 1.101111790E-03, 1.402551440E-04,-2.746562168E-02,-1.693408291E-03
      1149, 4.999999929E+00, 1.774893249E+00, 4.828543632E-04,-5.638318085E-03, 1.956135603E-05, 3.863741739E-04, 1.226415834E-03, 4.150799576E-04,-4.105629878E-03, 1.950606528E-03
      1150, 6.999999954E+00, 1.774893249E+00, 1.063998000E-02,-2.937003391E-03, 2.207695349E-04, 1.663527269E-03, 6.337478517E-03, 1.478463667E-03,-3.330640277E-02,-4.682911383E-03
      1151, 8.999999951E+00, 1.774893275E+00, 2.159008683E-02,-6.593986250E-04, 3.643902135E-04, 2.727575046E-03, 4.422354282E-03, 8.127196978E-04,-3.632126532E-02,-4.051065812E-03
      1152, 1.099999988E+01, 1.774893249E+00, 2.839239117E-02, 4.850777733E-04, 3.955709004E-04, 3.365440151E-03, 2.481729719E-03, 3.765647035E-04,-3.242959904E-02,-2.755215158E-03
      1153, 1.299999997E+01, 1.774893249E+00, 3.194763533E-02, 9.874406183E-04, 3.714904741E-04, 3.744511129E-03, 1.174370007E-03, 1.520225303E-04,-2.717573245E-02,-1.730848603E-03
      1154, 4.999999929E+00, 1.802878116E+00, 3.869032996E-04,-5.579340603E-03, 1.646914090E-05, 3.968562666E-04, 8.367684037E-04, 2.964652100E-04,-2.776046628E-03, 2.258296070E-03
      1155, 6.999999954E+00, 1.802878116E+00, 9.731794206E-03,-3.065210048E-03, 2.015088310E-04, 1.582993870E-03, 6.182558166E-03, 1.465532441E-03,-3.162331700E-02,-4.482558548E-03
      1156, 8.999999951E+00, 1.802878143E+00, 2.058785489E-02,-7.722880703E-04, 3.470651741E-04, 2.664494801E-03, 4.445456030E-03, 8.300381176E-04,-3.531982997E-02,-4.017311983E-03
      1157, 1.099999988E+01, 1.802878116E+00, 2.749287327E-02, 4.076753817E-04, 3.834721030E-04, 3.319851764E-03, 2.549906923E-03, 3.931213002E-04,-3.186454042E-02,-2.776215368E-03
      1158, 1.299999997E+01, 1.802878116E+00, 3.119140567E-02, 9.384955722E-04, 3.636760204E-04, 3.712342647E-03, 1.245908958E-03, 1.638973326E-04,-2.687421206E-02,-1.766603249E-03
      1159, 4.999999929E+00, 1.831268029E+00, 3.212591392E-04,-5.512519429E-03, 1.425923219E-05, 4.245638826E-04, 5.646761493E-04, 2.113310149E-04,-1.864958875E-03, 2.445949107E-03
      1160, 6.999999954E+00, 1.831268029E+00, 8.858188159E-03,-3.189434625E-03, 1.830951425E-04, 1.501974583E-03, 6.013266692E-03, 1.448322758E-03,-2.994427366E-02,-4.271759783E-03
      1161, 8.999999951E+00, 1.831268056E+00, 1.959966373E-02,-8.857692008E-04, 3.299576205E-04, 2.600081658E-03, 4.461204158E-03, 8.462869553E-04,-3.431032926E-02,-3.977726043E-03
      1162, 1.099999988E+01, 1.831268029E+00, 2.659655379E-02, 3.286042733E-04, 3.713203982E-04, 3.272907366E-03, 2.614275076E-03, 4.095010802E-04,-3.128727040E-02,-2.793897384E-03
      1163, 1.299999997E+01, 1.831268029E+00, 3.043295551E-02, 8.878522692E-04, 3.557432605E-04, 3.678991358E-03, 1.315636586E-03, 1.758635174E-04,-2.656124480E-02,-1.800605557E-03
      1164, 4.999999929E+00, 1.860068850E+00, 2.760652910E-04,-5.440747215E-03, 1.269874516E-05, 4.693349137E-04, 3.886792738E-04, 1.552900144E-04,-1.283056634E-03, 2.536906243E-03
      1165, 6.999999954E+00, 1.860068850E+00, 8.020234802E-03,-3.309231389E-03, 1.655482416E-04, 1.420606670E-03, 5.829291479E-03, 1.426578958E-03,-2.826940696E-02,-4.050332727E-03
      1166, 8.999999951E+00, 1.860068877E+00, 1.862634870E-02,-9.996671114E-04, 3.130913964E-04, 2.534356982E-03, 4.469508132E-03, 8.613882083E-04,-3.329367585E-02,-3.932279654E-03
      1167, 1.099999988E+01, 1.860068850E+00, 2.570405828E-02, 2.479289123E-04, 3.591295979E-04, 3.224599812E-03, 2.674724319E-03, 4.256667359E-04,-3.069828017E-02,-2.808193589E-03
      1168, 1.299999997E+01, 1.860068850E+00, 2.967270576E-02, 8.355232317E-04, 3.476982357E-04, 3.644438168E-03, 1.383461193E-03, 1.879041434E-04,-2.623703042E-02,-1.832789775E-03
      1169, 4.999999929E+00, 1.889286525E+00, 2.437680847E-04,-5.366313915E-03, 1.159547737E-05, 5.302489053E-04, 2.823923534E-04, 1.209741859E-04,-9.324018149E-04, 2.558544120E-03
      1170, 6.999999954E+00, 1.889286525E+00, 7.219029184E-03,-3.424129059E-03, 1.488861423E-04, 1.339048641E-03, 5.630246359E-03, 1.400008801E-03,-2.659857133E-02,-3.817982135E-03
      1171, 8.999999951E+00, 1.889286554E+00, 1.766874299E-02,-1.113798521E-03, 2.964900207E-04, 2.467345366E-03, 4.470283251E-03, 8.752620761E-04,-3.227077643E-02,-3.880949607E-03
      1172, 1.099999988E+01, 1.889286525E+00, 2.481602013E-02, 1.657193009E-04, 3.469138829E-04, 3.174923654E-03, 2.731147985E-03, 4.415797058E-04,-3.009807665E-02,-2.819039808E-03
      1173, 1.299999997E+01, 1.889286525E+00, 2.891108863E-02, 7.815243503E-04, 3.395473939E-04, 3.608664791E-03, 1.449291609E-03, 2.000013547E-04,-2.590178398E-02,-1.863091217E-03
      1174, 4.999999929E+00, 1.918927090E+00, 2.191484545E-04,-5.290836441E-03, 1.080447804E-05, 6.058596449E-04, 2.222870148E-04, 1.014591427E-04,-7.305652226E-04, 2.535388434E-03
      1175, 6.999999954E+00, 1.918927090E+00, 6.455697912E-03,-3.533631680E-03, 1.331251654E-04, 1.257485135E-03, 5.415658731E-03, 1.368291960E-03,-2.493132143E-02,-3.574294818E-03
      1176, 8.999999951E+00, 1.918927118E+00, 1.672767690E-02,-1.227971652E-03, 2.801766050E-04, 2.399074834E-03, 4.463450127E-03, 8.878268626E-04,-3.124252761E-02,-3.823717273E-03
      1177, 1.099999988E+01, 1.918927090E+00, 2.393307988E-02, 8.205109789E-05, 3.346877674E-04, 3.123875247E-03, 2.783442778E-03, 4.572001886E-04,-2.948718112E-02,-2.826375451E-03
      1178, 1.299999997E+01, 1.918927090E+00, 2.814854735E-02, 7.258750106E-04, 3.312975842E-04, 3.571653814E-03, 1.513037366E-03, 2.121363754E-04,-2.555573567E-02,-1.891446391E-03
      1179, 4.999999929E+00, 1.948996664E+00, 1.988650300E-04,-5.215370054E-03, 1.022341823E-05, 6.944823928E-04, 1.909583794E-04, 9.143323682E-05,-6.188745156E-04, 2.485398822E-03
      1180, 6.999999954E+00, 1.948996664E+00, 5.731408518E-03,-3.637213198E-03, 1.182800277E-04, 1.176133223E-03, 5.184969997E-03, 1.331074231E-03,-2.326692911E-02,-3.318858320E-03
      1181, 8.999999951E+00, 1.948996693E+00, 1.580397723E-02,-1.341986099E-03, 2.641737732E-04, 2.329577095E-03, 4.448933964E-03, 8.989988423E-04,-3.020981126E-02,-3.760567895E-03
      1182, 1.099999988E+01, 1.948996664E+00, 2.305588449E-02,-2.994264656E-06, 3.224669993E-04, 3.071452945E-03, 2.831508659E-03, 4.724870876E-04,-2.886612592E-02,-2.830143312E-03
      1183, 1.299999997E+01, 1.948996664E+00, 2.738553577E-02, 6.685982195E-04, 3.229560494E-04, 3.533388770E-03, 1.574608868E-03, 2.242895078E-04,-2.519913064E-02,-1.917793142E-03
      1184, 4.999999929E+00, 1.979501456E+00, 1.808860798E-04,-5.140565855E-03, 9.783027199E-06, 7.944303193E-04, 1.768933121E-04, 8.729093407E-05,-5.596936301E-04, 2.420386051E-03
      1185, 6.999999954E+00, 1.979501456E+00, 5.047379872E-03,-3.734311291E-03, 1.043639492E-04, 1.095250614E-03, 4.937517070E-03, 1.287947014E-03,-2.160435270E-02,-3.051095835E-03
      1186, 8.999999951E+00, 1.979501486E+00, 1.489846678E-02,-1.455632667E-03, 2.485035829E-04, 2.258887828E-03, 4.426663670E-03, 9.086920885E-04,-2.917348933E-02,-3.691489787E-03
      1187, 1.099999988E+01, 1.979501456E+00, 2.218508676E-02,-8.932945913E-05, 3.102708092E-04, 3.017657459E-03, 2.875248973E-03, 4.873980333E-04,-2.823545370E-02,-2.830289679E-03
      1188, 1.299999997E+01, 1.979501456E+00, 2.662251805E-02, 6.097207295E-04, 3.145304170E-04, 3.493854197E-03, 1.633917566E-03, 2.364401309E-04,-2.483222877E-02,-1.942070798E-03
      1189, 4.999999929E+00, 2.010447767E+00, 1.640146533E-04,-5.066810600E-03, 9.437390158E-06, 9.041467796E-04, 1.729886025E-04, 8.675671343E-05,-5.303634304E-04, 2.347587962E-03
      1190, 6.999999954E+00, 2.010447767E+00, 4.404893629E-03,-3.824324949E-03, 9.138877041E-05, 1.015146363E-03, 4.672535515E-03, 1.238472878E-03,-1.994227012E-02,-2.770360785E-03
      1191, 8.999999951E+00, 2.010447797E+00, 1.401196405E-02,-1.568693182E-03, 2.331874498E-04, 2.187047019E-03, 4.396570686E-03, 9.168179527E-04,-2.813439851E-02,-3.616471603E-03
      1192, 1.099999988E+01, 2.010447767E+00, 2.132134454E-02,-1.768611572E-04, 2.981186467E-04, 2.962491505E-03, 2.914571278E-03, 5.018895361E-04,-2.759572108E-02,-2.826765083E-03
      1193, 1.299999997E+01, 2.010447767E+00, 2.585996818E-02, 5.492731607E-04, 3.060286882E-04, 3.453035721E-03, 1.690876136E-03, 2.485667024E-04,-2.445530433E-02,-1.964220335E-03
      1194, 4.999999929E+00, 2.041841986E+00, 1.475586656E-04,-4.994327482E-03, 9.156228733E-06, 1.022241387E-03, 1.750133533E-04, 8.844651239E-05,-5.177001837E-04, 2.271277455E-03
      1195, 6.999999954E+00, 2.041841986E+00, 3.805303406E-03,-3.906610256E-03, 7.936505738E-05, 9.361948215E-04, 4.389185149E-03, 1.182168533E-03,-1.827920044E-02,-2.475939323E-03
      1196, 8.999999951E+00, 2.041842016E+00, 1.314528305E-02,-1.680940210E-03, 2.182460763E-04, 2.114099366E-03, 4.358587648E-03, 9.232848022E-04,-2.709334364E-02,-3.535502986E-03
      1197, 1.099999988E+01, 2.041841986E+00, 2.046531984E-02,-2.654899453E-04, 2.860270514E-04, 2.905959452E-03, 2.949387743E-03, 5.159170350E-04,-2.694749834E-02,-2.819524558E-03
      1198, 1.299999997E+01, 2.041841986E+00, 2.509836962E-02, 4.872901196E-04, 2.974592250E-04, 3.410920122E-03, 1.745398646E-03, 2.606467592E-04,-2.406864567E-02,-1.984184511E-03
      1199, 4.999999929E+00, 2.073690596E+00, 1.311240349E-04,-4.923241170E-03, 8.919462715E-06, 1.147459061E-03, 1.804735350E-04, 9.152737774E-05,-5.141217369E-04, 2.193938755E-03
      1200, 6.999999954E+00, 2.073690596E+00, 3.250039072E-03,-3.980477296E-03, 6.830215467E-05, 8.588537413E-04, 4.086612032E-03, 1.118529040E-03,-1.661374158E-02,-2.167109686E-03
      1201, 8.999999951E+00, 2.073690627E+00, 1.229923348E-02,-1.792136855E-03, 2.036993836E-04, 2.040094763E-03, 4.312646430E-03, 9.279989804E-04,-2.605109036E-02,-3.448575216E-03
      1202, 1.099999988E+01, 2.073690596E+00, 1.961767805E-02,-3.551102410E-04, 2.740119332E-04, 2.848067749E-03, 2.979614935E-03, 5.294348721E-04,-2.629136559E-02,-2.808527478E-03
      1203, 1.299999997E+01, 2.073690596E+00, 2.433821479E-02, 4.238103157E-04, 2.888307353E-04, 3.367495414E-03, 1.797400727E-03, 2.726569207E-04,-2.367255480E-02,-2.001907989E-03
      1204, 4.999999929E+00, 2.106000175E+00, 1.144920605E-04,-4.853617241E-03, 8.713613379E-06, 1.278610137E-03, 1.878816538E-04, 9.549146385E-05,-5.152402804E-04, 2.117019293E-03
      1205, 6.999999954E+00, 2.106000175E+00, 2.740599314E-03,-4.045190340E-03, 5.820811243E-05, 7.836874608E-04, 3.764086486E-03, 1.047063097E-03,-1.494505431E-02,-1.843282485E-03
      1206, 8.999999951E+00, 2.106000206E+00, 1.147462108E-02,-1.902036431E-03, 1.895664508E-04, 1.965088888E-03, 4.258676399E-03, 9.308617424E-04,-2.500835780E-02,-3.355673010E-03
      1207, 1.099999988E+01, 2.106000175E+00, 1.877908709E-02,-4.456102092E-04, 2.620892755E-04, 2.788825166E-03, 3.005173726E-03, 5.423962677E-04,-2.562791026E-02,-2.793737398E-03
      1208, 1.299999997E+01, 2.106000175E+00, 2.358000462E-02, 3.588766759E-04, 2.801522562E-04, 3.322750929E-03, 1.846799738E-03, 2.845728931E-04,-2.326734692E-02,-2.017337468E-03
      1209, 4.999999929E+00, 2.138777393E+00, 9.754880021E-05,-4.785485191E-03, 8.529493136E-06, 1.414493377E-03, 1.963232578E-04, 1.000186754E-04,-5.184649299E-04, 2.041377242E-03
      1210, 6.999999954E+00, 2.138777393E+00, 2.278521027E-03,-4.099974734E-03, 4.908936027E-05, 7.113958368E-04, 3.421271291E-03, 9.673728988E-04,-1.327374954E-02,-1.504264204E-03
      1211, 8.999999951E+00, 2.138777425E+00, 1.067224831E-02,-2.010381871E-03, 1.758654590E-04, 1.889143920E-03, 4.196601803E-03, 9.317693604E-04,-2.396580960E-02,-3.256773288E-03
      1212, 1.099999988E+01, 2.138777393E+00, 1.795021668E-02,-5.368716776E-04, 2.502750849E-04, 2.728242917E-03, 3.025989291E-03, 5.547533202E-04,-2.495772545E-02,-2.775121939E-03
      1213, 1.299999997E+01, 2.138777393E+00, 2.282424802E-02, 2.925364547E-04, 2.714331354E-04, 3.276677405E-03, 1.893514925E-03, 2.963694750E-04,-2.285334988E-02,-2.030421804E-03
      1214, 4.999999929E+00, 2.172029020E+00, 8.024480062E-05,-4.718851639E-03, 8.360734223E-06, 1.553818144E-03, 2.052087060E-04, 1.048945218E-04,-5.222188224E-04, 1.967537021E-03
      1215, 6.999999954E+00, 2.172029020E+00, 1.865306105E-03,-4.144036570E-03, 4.094991660E-05, 6.428486127E-04, 3.058702539E-03, 8.792987552E-04,-1.160342551E-02,-1.150728326E-03
      1216, 8.999999951E+00, 2.172029053E+00, 9.892915492E-03,-2.116905250E-03, 1.626136439E-04, 1.812329424E-03, 4.126338472E-03, 9.306140387E-04,-2.292404348E-02,-3.151847759E-03
      1217, 1.099999988E+01, 2.172029020E+00, 1.713173760E-02,-6.287700519E-04, 2.385853393E-04, 2.666334787E-03, 3.041991079E-03, 5.664570091E-04,-2.428140808E-02,-2.752652721E-03
      1218, 1.299999997E+01, 2.172029020E+00, 2.207146137E-02, 2.248413420E-04, 2.626830106E-04, 3.229267077E-03, 1.937467567E-03, 3.080205648E-04,-2.243090357E-02,-2.041112133E-03
      1219, 4.999999929E+00, 2.205761922E+00, 6.257206090E-05,-4.653707825E-03, 8.202848146E-06, 1.695142776E-03, 2.141332683E-04, 1.099616351E-04,-5.255067551E-04, 1.895833078E-03
      1220, 6.999999954E+00, 2.205761922E+00, 1.502276187E-03,-4.176604664E-03, 3.378981192E-05, 5.791224935E-04, 2.678580040E-03, 7.831710231E-04,-9.943106274E-03,-7.849911344E-04
      1221, 8.999999951E+00, 2.205761955E+00, 9.137422381E-03,-2.221327170E-03, 1.498272569E-04, 1.734723438E-03, 4.047790370E-03, 9.272808621E-04,-2.188358037E-02,-3.040854754E-03
      1222, 1.099999988E+01, 2.205761922E+00, 1.632432091E-02,-7.211742327E-04, 2.270359352E-04, 2.603117269E-03, 3.053112720E-03, 5.774571837E-04,-2.359955683E-02,-2.726305228E-03
      1223, 1.299999997E+01, 2.205761922E+00, 2.132216799E-02, 1.558475671E-04, 2.539117870E-04, 3.180513783E-03, 1.978581109E-03, 3.194991637E-04,-2.200035914E-02,-2.049361964E-03
      1224, 4.999999929E+00, 2.239983065E+00, 4.455064529E-05,-4.590033877E-03, 8.052617768E-06, 1.836828030E-03, 2.227988254E-04, 1.150927952E-04,-5.276761213E-04, 1.826490373E-03
      1225, 6.999999954E+00, 2.239983065E+00, 1.190318278E-03,-4.197007552E-03, 2.760230668E-05, 5.215334604E-04, 2.285904128E-03, 6.801694124E-04,-8.310649945E-03,-4.121152075E-04
      1226, 8.999999951E+00, 2.239983098E+00, 8.406570277E-03,-2.323355859E-03, 1.375215349E-04, 1.656413841E-03, 3.960845511E-03, 9.216478406E-04,-2.084485083E-02,-2.923739835E-03
      1227, 1.099999988E+01, 2.239983065E+00, 1.552863729E-02,-8.139465286E-04, 2.156426341E-04, 2.538609723E-03, 3.059291877E-03, 5.877025383E-04,-2.291276996E-02,-2.696058601E-03
      1228, 1.299999997E+01, 2.239983065E+00, 2.057689754E-02, 8.561599965E-05, 2.451296132E-04, 3.130413079E-03, 2.016781292E-03, 3.307773987E-04,-2.156207833E-02,-2.055127261E-03
      1229, 4.999999929E+00, 2.274699515E+00, 2.622074123E-05,-4.527801213E-03, 7.907698581E-06, 1.976999649E-03, 2.309699972E-04, 1.201777521E-04,-5.282813752E-04, 1.759670173E-03
      1230, 6.999999954E+00, 2.274699515E+00, 9.294910519E-04,-4.204796391E-03, 2.236952620E-05, 4.716493457E-04, 1.889787743E-03, 5.728130135E-04,-6.736366498E-03,-4.119998544E-05
      1231, 8.999999951E+00, 2.274699549E+00, 7.701164819E-03,-2.422686398E-03, 1.257106827E-04, 1.577500053E-03, 3.865370064E-03, 9.135822652E-04,-1.980818096E-02,-2.800415334E-03
      1232, 1.099999988E+01, 2.274699515E+00, 1.474535640E-02,-9.069425660E-04, 2.044210098E-04, 2.472834548E-03, 3.060470005E-03, 5.971405661E-04,-2.222164285E-02,-2.661895354E-03
      1233, 1.299999997E+01, 2.274699515E+00, 1.983618550E-02, 1.421224984E-05, 2.363472944E-04, 3.078962307E-03, 2.051996064E-03, 3.418264958E-04,-2.111643175E-02,-2.058366310E-03
      1234, 4.999999929E+00, 2.309918441E+00, 7.637850088E-06,-4.466973892E-03, 7.766352888E-06, 2.113550956E-03, 2.384502955E-04, 1.251169474E-04,-5.270071796E-04, 1.695494419E-03
      1235, 6.999999954E+00, 2.309918441E+00, 7.185121111E-04,-4.199913150E-03, 1.805657855E-05, 4.312594230E-04, 1.504218766E-03, 4.653050991E-04,-5.264582825E-03, 3.142606567E-04
      1236, 8.999999951E+00, 2.309918476E+00, 7.022019447E-03,-2.518998983E-03, 1.144078657E-04, 1.498095200E-03, 3.761205212E-03, 9.029396841E-04,-1.877378393E-02,-2.670781875E-03
      1237, 1.099999988E+01, 2.309918441E+00, 1.397514627E-02,-1.000011189E-03, 1.933863947E-04, 2.405817381E-03, 3.056592032E-03, 6.057175072E-04,-2.152676533E-02,-2.623801048E-03
      1238, 1.299999997E+01, 2.309918441E+00, 1.910057260E-02,-5.829322674E-05, 2.275777861E-04, 3.026160956E-03, 2.084155577E-03, 3.526167568E-04,-2.066379755E-02,-2.059039737E-03
      1239, 4.999999929E+00, 2.345647117E+00,-1.113031900E-05,-4.407509446E-03, 7.627268057E-06, 2.244169091E-03, 2.450704235E-04, 1.298164173E-04,-5.236283863E-04, 1.634058157E-03
      1240, 6.999999954E+00, 2.345647117E+00, 5.542535398E-04,-4.182853816E-03, 1.460533873E-05, 4.022752889E-04, 1.147235700E-03, 3.626366199E-04,-3.949235171E-03, 6.361307355E-04
      1241, 8.999999951E+00, 2.345647152E+00, 6.369959520E-03,-2.611956715E-03, 1.036252166E-04, 1.418328840E-03, 3.648157688E-03, 8.895633742E-04,-1.774173202E-02,-2.534711304E-03
      1242, 1.099999988E+01, 2.345647117E+00, 1.321867281E-02,-1.092994351E-03, 1.825538277E-04, 2.337587323E-03, 3.047605925E-03, 6.133782499E-04,-2.082871875E-02,-2.581763885E-03
      1243, 1.299999997E+01, 2.345647117E+00, 1.837060427E-02,-1.318250352E-04, 2.188349329E-04, 2.972010650E-03, 2.113192832E-03, 3.631176484E-04,-2.020456298E-02,-2.057111046E-03
      1244, 4.999999929E+00, 2.381892919E+00,-3.000616691E-05,-4.349359448E-03, 7.489434160E-06, 2.366416756E-03, 2.506839419E-04, 1.341848800E-04,-5.179926344E-04, 1.575433766E-03
      1245, 6.999999954E+00, 2.381892919E+00, 4.315119797E-04,-4.154781660E-03, 1.193066306E-05, 3.865498167E-04, 8.371760398E-04, 2.712260245E-04,-2.841105860E-03, 9.070525415E-04
      1246, 8.999999951E+00, 2.381892955E+00, 5.745828047E-03,-2.701205302E-03, 9.337385598E-05, 1.338350467E-03, 3.525990207E-03, 8.732835672E-04,-1.671193506E-02,-2.392006912E-03
      1247, 1.099999988E+01, 2.381892919E+00, 1.247659943E-02,-1.185726986E-03, 1.719380030E-04, 2.268177205E-03, 3.033462138E-03, 6.200662659E-04,-2.012807266E-02,-2.535773986E-03
      1248, 1.299999997E+01, 2.381892919E+00, 1.764682994E-02,-2.063027675E-04, 2.101309003E-04, 2.916514647E-03, 2.139044057E-03, 3.732978531E-04,-1.973912543E-02,-2.052546917E-03
      1249, 4.999999929E+00, 2.418663334E+00,-4.890428601E-05,-4.292470099E-03, 7.352062835E-06, 2.477859047E-03, 2.551673667E-04, 1.381353164E-04,-5.100137294E-04, 1.519670157E-03
      1250, 6.999999954E+00, 2.418663334E+00, 3.433227936E-04,-4.117507256E-03, 9.922544380E-06, 3.856308737E-04, 5.872170495E-04, 1.964556648E-04,-1.970781176E-03, 1.115313803E-03
      1251, 8.999999951E+00, 2.418663370E+00, 5.150491895E-03,-2.786370951E-03, 8.366392748E-05, 1.258333999E-03, 3.394420596E-03, 8.539077127E-04,-1.568414312E-02,-2.242454660E-03
      1252, 1.099999988E+01, 2.418663334E+00, 1.174958668E-02,-1.278036851E-03, 1.615532203E-04, 2.197623901E-03, 3.014112944E-03, 6.257231085E-04,-1.942538145E-02,-2.485821888E-03
      1253, 1.299999997E+01, 2.418663334E+00, 1.692980235E-02,-2.816409309E-04, 2.014769223E-04, 2.859678034E-03, 2.161648528E-03, 3.831252623E-04,-1.926789036E-02,-2.045317078E-03
      1254, 4.999999929E+00, 2.455965953E+00,-6.773350917E-05,-4.236782897E-03, 7.214528404E-06, 2.576198556E-03, 2.584220047E-04, 1.415889575E-04,-4.996672447E-04, 1.466792266E-03
      1255, 6.999999954E+00, 2.455965953E+00, 2.818483572E-04,-4.073199680E-03, 8.455841556E-06, 4.005019621E-04, 4.011243784E-04, 1.395597952E-04,-1.336724644E-03, 1.257530516E-03
      1256, 8.999999951E+00, 2.455965989E+00, 4.584848648E-03,-2.867056076E-03, 7.450464696E-05, 1.178483578E-03, 3.253111296E-03, 8.312198559E-04,-1.465792600E-02,-2.085782814E-03
      1257, 1.099999988E+01, 2.455965953E+00, 1.103829215E-02,-1.369744316E-03, 1.514133377E-04, 2.125968692E-03, 2.989511513E-03, 6.302887227E-04,-1.872118009E-02,-2.431899719E-03
      1258, 1.299999997E+01, 2.455965953E+00, 1.622007691E-02,-3.577488749E-04, 1.928842750E-04, 2.801508093E-03, 2.180948486E-03, 3.925669661E-04,-1.879126907E-02,-2.035394163E-03
      1259, 4.999999929E+00, 2.493808480E+00,-8.639897478E-05,-4.182235394E-03, 7.076326976E-06, 2.659460225E-03, 2.603772476E-04, 1.444795053E-04,-4.869885414E-04, 1.416798067E-03
      1260, 6.999999954E+00, 2.493808480E+00, 2.395374110E-04,-4.024008132E-03, 7.404992545E-06, 4.313877952E-04, 2.728418694E-04, 9.944258289E-05,-9.070002748E-04, 1.340936528E-03
      1261, 8.999999951E+00, 2.493808517E+00, 4.049834836E-03,-2.942836910E-03, 6.590436266E-05, 1.099041093E-03, 3.101662780E-03, 8.049832666E-04,-1.363266425E-02,-1.921649979E-03
      1262, 1.099999988E+01, 2.493808480E+00, 1.034337050E-02,-1.460662229E-03, 1.415317267E-04, 2.053257709E-03, 2.959610800E-03, 6.337014107E-04,-1.801597950E-02,-2.374000051E-03
      1263, 1.299999997E+01, 2.493808480E+00, 1.551821105E-02,-4.345307168E-04, 1.843642703E-04, 2.742014414E-03, 2.196889167E-03, 4.015892454E-04,-1.830967749E-02,-2.022753659E-03
      1264, 4.999999929E+00, 2.532198730E+00,-1.048043616E-04,-4.128762209E-03, 6.937051379E-06, 2.726171287E-03, 2.609951808E-04, 1.467555997E-04,-4.720751796E-04, 1.369653208E-03
      1265, 6.999999954E+00, 2.532198730E+00, 2.100509376E-04,-3.971801680E-03, 6.657930648E-06, 4.777044905E-04, 1.903093656E-04, 7.323175373E-05,-6.334252859E-04, 1.378444172E-03
      1266, 8.999999951E+00, 2.532198767E+00, 3.546434106E-03,-3.013260787E-03, 5.787062228E-05, 1.020295955E-03, 2.939616151E-03, 7.749340826E-04,-1.260757348E-02,-1.749671969E-03
      1267, 1.099999988E+01, 2.532198730E+00, 9.665473664E-03,-1.550595606E-03, 1.319212310E-04, 1.979542465E-03, 2.924362413E-03, 6.358962112E-04,-1.731026202E-02,-2.312110973E-03
      1268, 1.299999997E+01, 2.532198730E+00, 1.482476361E-02,-5.118852692E-04, 1.759282201E-04, 2.681209018E-03, 2.209418794E-03, 4.101575737E-04,-1.782353495E-02,-2.007373879E-03
      1269, 4.999999929E+00, 2.571144629E+00,-1.228544151E-04,-4.076296284E-03, 6.796376828E-06, 2.775530154E-03, 2.602749822E-04, 1.483825430E-04,-4.550905008E-04, 1.325287100E-03
      1270, 6.999999954E+00, 2.571144629E+00, 1.886507055E-04,-3.918018461E-03, 6.124293289E-06, 5.381897391E-04, 1.402750529E-04, 5.714212916E-05,-4.675852983E-04, 1.383787273E-03
      1271, 8.999999951E+00, 2.571144667E+00, 3.075684451E-03,-3.077842710E-03, 5.041023476E-05, 9.425978176E-04, 2.766463720E-03, 7.407849919E-04,-1.158176063E-02,-1.569415167E-03
      1272, 1.099999988E+01, 2.571144629E+00, 9.005251326E-03,-1.639341213E-03, 1.225941289E-04, 1.904880501E-03, 2.883714956E-03, 6.368053284E-04,-1.660447549E-02,-2.246217353E-03
      1273, 1.299999997E+01, 2.571144629E+00, 1.414029424E-02,-5.897059678E-04, 1.675873993E-04, 2.619106489E-03, 2.218488535E-03, 4.182366084E-04,-1.733326277E-02,-1.989235885E-03
      1274, 4.999999929E+00, 2.610654221E+00,-1.404577309E-04,-4.024770363E-03, 6.654054361E-06, 2.807517537E-03, 2.582561127E-04, 1.493456817E-04,-4.362636065E-04, 1.283590951E-03
      1275, 6.999999954E+00, 2.610654221E+00, 1.721086555E-04,-3.863656910E-03, 5.736867532E-06, 6.111648069E-04, 1.115509190E-04, 4.786535609E-05,-3.705628073E-04, 1.368608479E-03
      1276, 8.999999951E+00, 2.610654260E+00, 2.638682118E-03,-3.136063017E-03, 4.352930566E-05, 8.663730433E-04, 2.581682605E-03, 7.022324874E-04,-1.055435446E-02,-1.380437483E-03
      1277, 1.099999988E+01, 2.610654221E+00, 8.363351715E-03,-1.726687237E-03, 1.135621002E-04, 1.829336179E-03, 2.837612077E-03, 6.363581494E-04,-1.589902655E-02,-2.176300381E-03
      1278, 1.299999997E+01, 2.610654221E+00, 1.346536280E-02,-6.678807984E-04, 1.593530087E-04, 2.555724115E-03, 2.224052415E-03, 4.257901751E-04,-1.683928281E-02,-1.968323360E-03
      1279, 4.999999929E+00, 2.650735663E+00,-1.575295960E-04,-3.974118581E-03, 6.509909449E-06, 2.822893074E-03, 2.550187708E-04, 1.496537850E-04,-4.158825334E-04, 1.244419378E-03
      1280, 6.999999954E+00, 2.650735663E+00, 1.583675983E-04,-3.809363946E-03, 5.448450098E-06, 6.948212644E-04, 9.607641872E-05, 4.293265509E-05,-3.152752189E-04, 1.341205004E-03
      1281, 8.999999951E+00, 2.650735703E+00, 2.236577837E-03,-3.187367007E-03, 3.723320694E-05, 7.921457912E-04, 2.384807788E-03, 6.589772517E-04,-9.524764196E-03,-1.182358842E-03
      1282, 1.099999988E+01, 2.650735663E+00, 7.740422718E-03,-1.812412775E-03, 1.048361989E-04, 1.752981657E-03, 2.785990323E-03, 6.344793882E-04,-1.519427426E-02,-2.102333683E-03
      1283, 1.299999997E+01, 2.650735663E+00, 1.280052885E-02,-7.462922204E-04, 1.512361376E-04, 2.491082049E-03, 2.226067176E-03, 4.327812375E-04,-1.634201580E-02,-1.944622434E-03
      1284, 4.999999929E+00, 2.691397234E+00,-1.739945952E-04,-3.924278035E-03, 6.363843132E-06, 2.823117596E-03, 2.506801966E-04, 1.493392533E-04,-3.942802533E-04, 1.207594206E-03
      1285, 6.999999954E+00, 2.691397234E+00, 1.461727593E-04,-3.755538362E-03, 5.227032921E-06, 7.874395999E-04, 8.858454187E-05, 4.069501712E-05,-2.845042981E-04, 1.306973674E-03
      1286, 8.999999951E+00, 2.691397274E+00, 1.870557622E-03,-3.231168993E-03, 3.152641325E-05, 7.205644058E-04, 2.175575406E-03, 6.107654992E-04,-8.493158403E-03,-9.750037039E-04
      1287, 1.099999988E+01, 2.691397234E+00, 7.137113396E-03,-1.896287228E-03, 9.642683111E-05, 1.675898105E-03, 2.728776304E-03, 6.310902421E-04,-1.449052051E-02,-2.024281047E-03
      1288, 1.299999997E+01, 2.691397234E+00, 1.214635111E-02,-8.248170847E-04, 1.432477270E-04, 2.425203491E-03, 2.224492080E-03, 4.391718641E-04,-1.584187956E-02,-1.918121485E-03
      1289, 4.999999929E+00, 2.732647329E+00,-1.897886851E-04,-3.875190237E-03, 6.215833135E-06, 2.810164060E-03, 2.453858799E-04, 1.484529096E-04,-3.718139017E-04, 1.172914673E-03
      1290, 6.999999954E+00, 2.732647329E+00, 1.347776670E-04,-3.702418153E-03, 5.051261324E-06, 8.875061583E-04, 8.583446254E-05, 4.011507643E-05,-2.678894694E-04, 1.269210845E-03
      1291, 8.999999951E+00, 2.732647370E+00, 1.541795056E-03,-3.266864872E-03, 2.641209133E-05, 6.524330172E-04, 1.954181114E-03, 5.574669890E-04,-7.461296117E-03,-7.586518565E-04
      1292, 1.099999988E+01, 2.732647329E+00, 6.554076050E-03,-1.978069621E-03, 8.834374014E-05, 1.598177214E-03, 2.665883730E-03, 6.261032573E-04,-1.378800291E-02,-1.942087664E-03
      1293, 1.299999997E+01, 2.732647329E+00, 1.150338704E-02,-9.033265451E-04, 1.353985322E-04, 2.358114896E-03, 2.219288634E-03, 4.449231620E-04,-1.533928700E-02,-1.888810868E-03
      1294, 4.999999929E+00, 2.774494467E+00,-2.048604623E-04,-3.826802080E-03, 6.065932240E-06, 2.786257843E-03, 2.392937277E-04, 1.470570374E-04,-3.488378720E-04, 1.140169629E-03
      1295, 6.999999954E+00, 2.774494467E+00, 1.237435958E-04,-3.650141884E-03, 4.906920207E-06, 9.937433488E-04, 8.589273767E-05, 4.056277892E-05,-2.593738893E-04, 1.229866960E-03
      1296, 8.999999951E+00, 2.774494508E+00, 1.251354956E-03,-3.293859541E-03, 2.189126842E-05, 5.887463288E-04, 1.721709521E-03, 4.992076561E-04,-6.433865315E-03,-5.344665612E-04
      1297, 1.099999988E+01, 2.774494467E+00, 5.991968670E-03,-2.057507121E-03, 8.059599922E-05, 1.519923111E-03, 2.597210773E-03, 6.194254417E-04,-1.308688683E-02,-1.855696014E-03
      1298, 1.299999997E+01, 2.774494467E+00, 1.087219248E-02,-9.816859561E-04, 1.276990867E-04, 2.289846213E-03, 2.210420244E-03, 4.499952462E-04,-1.483464387E-02,-1.856682491E-03
      1299, 4.999999929E+00, 2.816947288E+00,-2.191711765E-04,-3.779066410E-03, 5.914261826E-06, 2.753599638E-03, 2.325653245E-04, 1.452192248E-04,-3.256871957E-04, 1.109153383E-03
      1300, 6.999999954E+00, 2.816947288E+00, 1.128142217E-04,-3.598788190E-03, 4.784480865E-06, 1.105085543E-03, 8.761769175E-05, 4.165993338E-05,-2.554511867E-04, 1.190077298E-03
      1301, 8.999999951E+00, 2.816947330E+00, 1.000021776E-03,-3.311618586E-03, 1.796134424E-05, 5.307216415E-04, 1.480768080E-03, 4.365743473E-04,-5.420391847E-03,-3.050928438E-04
      1302, 1.099999988E+01, 2.816947288E+00, 5.451458134E-03,-2.134333977E-03, 7.319201192E-05, 1.441254760E-03, 2.522633314E-03, 6.109560157E-04,-1.238724623E-02,-1.765017248E-03
      1303, 1.299999997E+01, 2.816947288E+00, 1.025332134E-02,-1.059754747E-03, 1.201596670E-04, 2.220431163E-03, 2.197851803E-03, 4.543468805E-04,-1.432834653E-02,-1.821728624E-03
      1304, 4.999999929E+00, 2.860014560E+00,-2.326935360E-04,-3.731941707E-03, 5.761000309E-06, 2.714122988E-03, 2.253353560E-04, 1.429973906E-04,-3.026197845E-04, 1.079690739E-03
      1305, 6.999999954E+00, 2.860014560E+00, 1.018409440E-04,-3.548399799E-03, 4.677477037E-06, 1.220628835E-03, 9.033092839E-05, 4.317839179E-05,-2.540822645E-04, 1.150500936E-03
      1306, 8.999999951E+00, 2.860014603E+00, 7.880287233E-04,-3.319751570E-03, 1.461371179E-05, 4.798156872E-04, 1.236260430E-03, 3.708696088E-04,-4.437426750E-03,-7.547817787E-05
      1307, 1.099999988E+01, 2.860014560E+00, 4.933224422E-03,-2.208271135E-03, 6.613952204E-05, 1.362309040E-03, 2.442001332E-03, 6.005843579E-04,-1.168905604E-02,-1.669933877E-03
      1308, 1.299999997E+01, 2.860014560E+00, 9.647325423E-03,-1.137386253E-03, 1.127902589E-04, 2.149907569E-03, 2.181549080E-03, 4.579357636E-04,-1.382077906E-02,-1.783943167E-03
      1309, 4.999999929E+00, 2.903705176E+00,-2.454098157E-04,-3.685390922E-03, 5.606368308E-06, 2.669376045E-03, 2.177088708E-04, 1.404368923E-04,-2.798250384E-04, 1.051638947E-03
      1310, 6.999999954E+00, 2.903705176E+00, 9.073941703E-05,-3.498997735E-03, 4.581455197E-06, 1.339571645E-03, 9.362121799E-05, 4.497753368E-05,-2.540633183E-04, 1.111522571E-03
      1311, 8.999999951E+00, 2.903705219E+00, 6.146905231E-04,-3.318133438E-03, 1.183044415E-05, 4.377060106E-04, 9.959603948E-04, 3.043641805E-04,-3.509844003E-03, 1.469277758E-04
      1312, 1.099999988E+01, 2.903705176E+00, 4.437965114E-03,-2.279023889E-03, 5.944563300E-05, 1.283244669E-03, 2.355136100E-03, 5.881876267E-04,-1.099218777E-02,-1.570314244E-03
      1313, 1.299999997E+01, 2.903705176E+00, 9.054754415E-03,-1.214427634E-03, 1.056005246E-04, 2.078317750E-03, 2.161478014E-03, 4.607183881E-04,-1.331231012E-02,-1.743320630E-03
      1314, 4.999999929E+00, 2.948028158E+00,-2.573095765E-04,-3.639380771E-03, 5.450614235E-06, 2.620543808E-03, 2.097747031E-04, 1.375764674E-04,-2.574560673E-04, 1.024875624E-03
      1315, 6.999999954E+00, 2.948028158E+00, 7.946446832E-05,-3.450589589E-03, 4.493300027E-06, 1.461155894E-03, 9.723057180E-05, 4.696723908E-05,-2.546663592E-04, 1.073369613E-03
      1316, 8.999999951E+00, 2.948028202E+00, 4.780144924E-04,-3.307027867E-03, 9.580556964E-06, 4.062123755E-04, 7.702801507E-04, 2.400711533E-04,-2.669369570E-03, 3.515952417E-04
      1317, 1.099999988E+01, 2.948028158E+00, 3.966400804E-03,-2.346279333E-03, 5.311683611E-05, 1.204247266E-03, 2.261822812E-03, 5.736268640E-04,-1.029639245E-02,-1.465981278E-03
      1318, 1.299999997E+01, 2.948028158E+00, 8.476155964E-03,-1.290719611E-03, 9.859977291E-05, 2.005708992E-03, 2.137603955E-03, 4.626490422E-04,-1.280329007E-02,-1.699852301E-03
      1319, 4.999999929E+00, 2.992992659E+00,-2.683880154E-04,-3.593881181E-03, 5.294004141E-06, 2.568580411E-03, 2.016027643E-04, 1.344486474E-04,-2.356205641E-04, 9.992938623E-04
      1320, 6.999999954E+00, 2.992992659E+00, 6.799564506E-05,-3.403174291E-03, 4.410798838E-06, 1.584612821E-03, 1.009887339E-04, 4.908609344E-05,-2.554361675E-04, 1.036179375E-03
      1321, 8.999999951E+00, 2.992992703E+00, 3.744526011E-04,-3.287178651E-03, 7.817237833E-06, 3.871413593E-04, 5.704903688E-04, 1.816937037E-04,-1.948169425E-03, 5.277119048E-04
      1322, 1.099999988E+01, 2.992992659E+00, 3.519281447E-03,-2.409704620E-03, 4.715904752E-05, 1.125535894E-03, 2.161806965E-03, 5.567501420E-04,-9.601295679E-03,-1.356723845E-03
      1323, 1.299999997E+01, 2.992992659E+00, 7.912075982E-03,-1.366096142E-03, 9.179693164E-05, 1.932134113E-03, 2.109890612E-03, 4.636801727E-04,-1.229404675E-02,-1.653528172E-03
      1324, 4.999999929E+00, 3.038607963E+00,-2.786454875E-04,-3.548865091E-03, 5.136817631E-06, 2.514364111E-03, 1.932657654E-04, 1.310900391E-04,-2.144205690E-04, 9.747872336E-04
      1325, 6.999999954E+00, 3.038607963E+00, 5.632886636E-05,-3.356744852E-03, 4.332357098E-06, 1.709115071E-03, 1.047755393E-04, 5.128850861E-05,-2.560755119E-04, 1.000037826E-03
      1326, 8.999999951E+00, 3.038608008E+00, 2.990232717E-04,-3.259846118E-03, 6.478065437E-06, 3.820616011E-04, 4.056662697E-04, 1.327784848E-04,-1.368823347E-03, 6.672199923E-04
      1327, 1.099999988E+01, 3.038607963E+00, 3.097392922E-03,-2.468944444E-03, 4.157765129E-05, 1.047371549E-03, 2.054793152E-03, 5.373874768E-04,-8.906405211E-03,-1.242293582E-03
      1328, 1.299999997E+01, 3.038607963E+00, 7.363059177E-03,-1.440384209E-03, 8.520052248E-05, 1.857652164E-03, 2.078298788E-03, 4.637622904E-04,-1.178488115E-02,-1.604336069E-03
      1329, 4.999999929E+00, 3.084883491E+00,-2.880878968E-04,-3.504308987E-03, 4.979348350E-06, 2.458775669E-03, 1.848480311E-04, 1.275478585E-04,-1.939686331E-04, 9.512390731E-04
      1330, 6.999999954E+00, 3.084883491E+00, 4.447158518E-05,-3.311289892E-03, 4.256809865E-06, 1.833735526E-03, 1.084993087E-04, 5.353709033E-05,-2.563797665E-04, 9.650022360E-04
      1331, 8.999999951E+00, 3.084883537E+00, 2.458738968E-04,-3.226633370E-03, 5.489602506E-06, 3.920509434E-04, 2.797657926E-04, 9.470914008E-05,-9.360317796E-04, 7.662928623E-04
      1332, 1.099999988E+01, 3.084883491E+00, 2.701563371E-03,-2.523618374E-03, 3.637754296E-05, 9.700682028E-04, 1.940448781E-03, 5.153523126E-04,-8.211134755E-03,-1.122407130E-03
      1333, 1.299999997E+01, 3.084883491E+00, 6.829649835E-03,-1.513403392E-03, 7.881863982E-05, 1.782329282E-03, 2.042784967E-03, 4.628427062E-04,-1.127606315E-02,-1.552259209E-03
      1334, 4.999999929E+00, 3.131828798E+00,-2.967273571E-04,-3.460193489E-03, 4.821904919E-06, 2.402663268E-03, 1.764414260E-04, 1.238765664E-04,-1.743805299E-04, 9.285281431E-04
      1335, 6.999999954E+00, 3.131828798E+00, 3.243998799E-05,-3.266794449E-03, 4.183294706E-06, 1.957411853E-03, 1.120843358E-04, 5.579827381E-05,-2.561993387E-04, 9.311141754E-04
      1336, 8.999999951E+00, 3.131828845E+00, 2.091189711E-04,-3.189193865E-03, 4.775553607E-06, 4.174850885E-04, 1.906627463E-04, 6.710341687E-05,-6.351817625E-04, 8.277387445E-04
      1337, 1.099999988E+01, 3.131828798E+00, 2.332667851E-03,-2.573318587E-03, 3.156316287E-05, 8.940071188E-04, 1.818418903E-03, 4.904443332E-04,-7.514866377E-03,-9.967625358E-04
      1338, 1.299999997E+01, 3.131828798E+00, 6.312392911E-03,-1.584965449E-03, 7.265893326E-05, 1.706239741E-03, 2.003299369E-03, 4.608667081E-04,-1.076782497E-02,-1.497274000E-03
      1339, 4.999999929E+00, 3.179453579E+00,-3.045821694E-04,-3.416503541E-03, 4.664808339E-06, 2.346738297E-03, 1.681320401E-04, 1.201296384E-04,-1.557541037E-04, 9.065419561E-04
      1340, 6.999999954E+00, 3.179453579E+00, 2.025737295E-05,-3.223240384E-03, 4.111164589E-06, 2.078921650E-03, 1.154637094E-04, 5.803988450E-05,-2.554183523E-04, 8.984065202E-04
      1341, 8.999999951E+00, 3.179453626E+00, 1.836154123E-04,-3.149025137E-03, 4.265465397E-06, 4.579467171E-04, 1.318466937E-04, 4.858456658E-05,-4.390406155E-04, 8.587177908E-04
      1342, 1.099999988E+01, 3.179453579E+00, 1.991628648E-03,-2.617608683E-03, 2.713849952E-05, 8.196552844E-04, 1.688361483E-03, 4.624589184E-04,-6.817079452E-03,-8.650741975E-04
      1343, 1.299999997E+01, 3.179453579E+00, 5.811835540E-03,-1.654873757E-03, 6.672859466E-05, 1.629467271E-03, 1.959784193E-03, 4.577733591E-04,-1.026035665E-02,-1.439345710E-03
      1344, 4.999999929E+00, 3.227767668E+00,-3.116758055E-04,-3.373227925E-03, 4.508384530E-06, 2.291484799E-03, 1.599869817E-04, 1.163505421E-04,-1.381505942E-04, 8.851901770E-04
      1345, 6.999999954E+00, 3.227767668E+00, 7.953190562E-06,-3.180606558E-03, 4.039927164E-06, 2.196872413E-03, 1.185754057E-04, 6.022978763E-05,-2.539429134E-04, 8.669070819E-04
      1346, 8.999999951E+00, 3.227767716E+00, 1.653774694E-04,-3.107325588E-03, 3.900744762E-06, 5.123052793E-04, 9.527640161E-05, 3.691926031E-05,-3.175698533E-04, 8.675388340E-04
      1347, 1.099999988E+01, 3.227767668E+00, 1.679406438E-03,-2.656025056E-03, 2.310702755E-05, 7.475887464E-04, 1.550019341E-03, 4.312074244E-04,-6.117596260E-03,-7.271440946E-04
      1348, 1.299999997E+01, 3.227767668E+00, 5.328528828E-03,-1.722922128E-03, 6.103435007E-05, 1.552106701E-03, 1.912171629E-03, 4.534982381E-04,-9.753799947E-03,-1.378438775E-03
      1349, 4.999999929E+00, 3.276781041E+00,-3.180351719E-04,-3.330358259E-03, 4.352953801E-06, 2.237136749E-03, 1.520472018E-04, 1.125677582E-04,-1.215867718E-04, 8.644105519E-04
      1350, 6.999999954E+00, 3.276781041E+00,-4.437567107E-06,-3.138868908E-03, 3.969201256E-06, 2.309709266E-03, 1.213605191E-04, 6.233509460E-05,-2.516953710E-04, 8.366405708E-04
      1351, 8.999999951E+00, 3.276781090E+00, 1.516060764E-04,-3.064952658E-03, 3.636667622E-06, 5.789453831E-04, 7.367413275E-05, 2.997280251E-05,-2.450760598E-04, 8.618015805E-04
      1352, 1.099999988E+01, 3.276781041E+00, 1.396973933E-03,-2.688083396E-03, 1.947152045E-05, 6.785211964E-04, 1.403354167E-03, 3.965571022E-04,-5.417019510E-03,-5.829930907E-04
      1353, 1.299999997E+01, 3.276781041E+00, 4.863030292E-03,-1.788894224E-03, 5.558245717E-05, 1.474266037E-03, 1.860379290E-03, 4.479721452E-04,-9.248235426E-03,-1.314493854E-03
      1354, 4.999999929E+00, 3.326503821E+00,-3.236886464E-04,-3.287887831E-03, 4.198820507E-06, 2.183721928E-03, 1.443277409E-04, 1.087944193E-04,-1.060389209E-04, 8.441670834E-04
      1355, 6.999999954E+00, 3.326503821E+00,-1.687484587E-05,-3.098000442E-03, 3.898685999E-06, 2.415747093E-03, 1.237632167E-04, 6.432197914E-05,-2.486124038E-04, 8.076293282E-04
      1356, 8.999999951E+00, 3.326503871E+00, 1.404748623E-04,-3.022475364E-03, 3.441200150E-06, 6.560522622E-04, 6.155047152E-05, 2.608646692E-05,-2.028817650E-04, 8.471641344E-04
      1357, 1.099999988E+01, 3.326503821E+00, 1.145258633E-03,-2.713294557E-03, 1.623364180E-05, 6.133368856E-04, 1.248777494E-03, 3.585013479E-04,-4.717462720E-03,-4.330884201E-04
      1358, 1.299999997E+01, 3.326503821E+00, 4.415907003E-03,-1.852563158E-03, 5.037870904E-05, 1.396069092E-03, 1.804308267E-03, 4.411187409E-04,-8.743678446E-03,-1.247436995E-03
      1359, 4.999999929E+00, 3.376946275E+00,-3.286644062E-04,-3.245810557E-03, 4.046265489E-06, 2.131137420E-03, 1.368245022E-04, 1.050314105E-04,-9.145628629E-05, 8.244432252E-04
      1360, 6.999999954E+00, 3.376946275E+00,-2.931401137E-05,-3.057971264E-03, 3.828140548E-06, 2.513230215E-03, 1.257316494E-04, 6.615646736E-05,-2.446452314E-04, 7.798922905E-04
      1361, 8.999999951E+00, 3.376946325E+00, 1.308503312E-04,-2.980250694E-03, 3.292326694E-06, 7.418546270E-04, 5.520550697E-05, 2.411323998E-05,-1.787504304E-04, 8.274262205E-04
      1362, 1.099999988E+01, 3.376946275E+00, 9.250354261E-04,-2.731196170E-03, 1.339317613E-05, 5.531241346E-04, 1.087511650E-03, 3.172755117E-04,-4.023655608E-03,-2.786941911E-04
      1363, 1.299999997E+01, 3.376946275E+00, 3.987738991E-03,-1.913689472E-03, 4.542844448E-05, 1.317658850E-03, 1.743840358E-03, 4.328540879E-04,-8.240073587E-03,-1.177183188E-03
      1364, 4.999999929E+00, 3.428118819E+00,-3.329893969E-04,-3.204120266E-03, 3.895542149E-06, 2.079221886E-03, 1.295231483E-04, 1.012723241E-04,-7.777608816E-05, 8.052332369E-04
      1365, 6.999999954E+00, 3.428118819E+00,-4.170641793E-05,-3.018748668E-03, 3.757368761E-06, 2.600418904E-03, 1.272193204E-04, 6.780545380E-05,-2.397610728E-04, 7.534432254E-04
      1366, 8.999999951E+00, 3.428118870E+00, 1.220498595E-04,-2.938494603E-03, 3.175241156E-06, 8.347736173E-04, 5.231550871E-05, 2.331737928E-05,-1.651684227E-04, 8.049563644E-04
      1367, 1.099999988E+01, 3.428118819E+00, 7.367474676E-04,-2.741407241E-03, 1.094673421E-05, 4.992005900E-04, 9.220763616E-04, 2.735114249E-04,-3.344376290E-03,-1.223545385E-04
      1368, 1.299999997E+01, 3.428118819E+00, 3.579123506E-03,-1.972019406E-03, 4.073656477E-05, 1.239201777E-03, 1.678832912E-03, 4.230833436E-04,-7.737281795E-03,-1.103615009E-03
      1369, 4.999999929E+00, 3.480032020E+00,-3.366888636E-04,-3.162810337E-03, 3.746875686E-06, 2.027806888E-03, 1.224054188E-04, 9.750763586E-05,-6.493309462E-05, 7.865354899E-04
      1370, 6.999999954E+00, 3.480032020E+00,-5.400012462E-05,-2.980297352E-03, 3.686207356E-06, 2.675700886E-03, 1.281869467E-04, 6.923777672E-05,-2.339454756E-04, 7.282888945E-04
      1371, 8.999999951E+00, 3.480032072E+00, 1.136684892E-04,-2.897334279E-03, 3.080049698E-06, 9.334802885E-04, 5.147803851E-05, 2.324634456E-05,-1.576891780E-04, 7.811747100E-04
      1372, 1.099999988E+01, 3.480032020E+00, 5.802439391E-04,-2.743711476E-03, 8.885822292E-06, 4.531141032E-04, 7.567733967E-04, 2.284247699E-04,-2.693727067E-03, 3.169971313E-05
      1373, 1.299999997E+01, 3.480032020E+00, 3.190680036E-03,-2.027283519E-03, 3.630755733E-05, 1.160893385E-03, 1.609115994E-03, 4.117025542E-04,-7.235075376E-03,-1.026594158E-03
      1374, 4.999999929E+00, 3.532696599E+00,-3.397862223E-04,-3.121873566E-03, 3.600464416E-06, 1.976745307E-03, 1.154531308E-04, 9.372724067E-05,-5.286543160E-05, 7.683486660E-04
      1375, 6.999999954E+00, 3.532696599E+00,-6.614081091E-05,-2.942579740E-03, 3.614518974E-06, 2.737724229E-03, 1.286048752E-04, 7.042572872E-05,-2.272054568E-04, 7.044266623E-04
      1376, 8.999999951E+00, 3.532696651E+00, 1.054673528E-04,-2.856842908E-03, 3.000113729E-06, 1.036890236E-03, 5.186186037E-05, 2.362757611E-05,-1.537241124E-04, 7.569131389E-04
      1377, 1.099999988E+01, 3.532696599E+00, 4.544637780E-04,-2.738160402E-03, 7.194407703E-06, 4.165965363E-04, 5.978414498E-04, 1.838508631E-04,-2.091225260E-03, 1.773496844E-04
      1378, 1.299999997E+01, 3.532696599E+00, 2.823055712E-03,-2.079194541E-03, 3.214552485E-05, 1.082965450E-03, 1.534489821E-03, 3.985952817E-04,-6.733137690E-03,-9.459530537E-04
      1379, 4.999999929E+00, 3.586123430E+00,-3.423031987E-04,-3.081302199E-03, 3.456482148E-06, 1.925922549E-03, 1.086509720E-04, 8.992219494E-05,-4.151834262E-05, 7.506694548E-04
      1380, 6.999999954E+00, 3.586123430E+00,-7.807293883E-05,-2.905556483E-03, 3.542188399E-06, 2.785534139E-03, 1.284559156E-04, 7.134677843E-05,-2.195727158E-04, 6.818421729E-04
      1381, 8.999999951E+00, 3.586123483E+00, 9.730589344E-05,-2.817061258E-03, 2.930931778E-06, 1.144125025E-03, 5.297518237E-05, 2.429759746E-05,-1.517687040E-04, 7.326547030E-04
      1382, 1.099999988E+01, 3.586123430E+00, 3.571608330E-04,-2.725162751E-03, 5.846611617E-06, 3.914487911E-04, 4.528025825E-04, 1.420341106E-04,-1.559117157E-03, 3.071136749E-04
      1383, 1.299999997E+01, 3.586123430E+00, 2.476930948E-03,-2.127445151E-03, 2.825421770E-05, 1.005695388E-03, 1.454724806E-03, 3.836326695E-04,-6.231070640E-03,-8.614965596E-04
      1384, 4.999999929E+00, 3.640323547E+00,-3.442600989E-04,-3.041088051E-03, 3.315080847E-06, 1.875257509E-03, 1.019871522E-04, 8.608556719E-05,-3.084455958E-05, 7.334914241E-04
      1385, 6.999999954E+00, 3.640323547E+00,-8.974114844E-05,-2.869187104E-03, 3.469121364E-06, 2.818685567E-03, 1.277378390E-04, 7.198544370E-05,-2.111058791E-04, 6.605071403E-04
      1386, 8.999999951E+00, 3.640323601E+00, 8.910190900E-05,-2.778010645E-03, 2.869409034E-06, 1.254460989E-03, 5.452400350E-05, 2.515748003E-05,-1.509407818E-04, 7.086791555E-04
      1387, 1.099999988E+01, 3.640323547E+00, 2.848429547E-04,-2.705541554E-03, 4.805725558E-06, 3.793511760E-04, 3.287422629E-04, 1.055365910E-04,-1.116592216E-03, 4.144592061E-04
      1388, 1.299999997E+01, 3.640323547E+00, 2.153024446E-03,-2.171705799E-03, 2.463706439E-05, 9.294184524E-04, 1.369566791E-03, 3.666740767E-04,-5.728421531E-03,-7.730074172E-04
      1389, 4.999999929E+00, 3.695308141E+00,-3.456760637E-04,-3.001222663E-03, 3.176393178E-06, 1.824698648E-03, 9.545289413E-05, 8.221241261E-05,-2.080315054E-05, 7.168052437E-04
      1390, 6.999999954E+00, 3.695308141E+00,-1.010918354E-04,-2.833430810E-03, 3.395245390E-06, 2.837316077E-03, 1.264651131E-04, 7.233493930E-05,-2.018912343E-04, 6.403773904E-04
      1391, 8.999999951E+00, 3.695308196E+00, 8.080829703E-05,-2.739700571E-03, 2.813385578E-06, 1.367276357E-03, 5.632875585E-05, 2.614602051E-05,-1.507143904E-04, 6.851488394E-04
      1392, 1.099999988E+01, 3.695308141E+00, 2.330524147E-04,-2.680481010E-03, 4.025799513E-06, 3.816228464E-04, 2.301665250E-04, 7.609197338E-05,-7.732350931E-04, 4.952758509E-04
      1393, 1.299999997E+01, 3.695308141E+00, 1.852096097E-03,-2.211623005E-03, 2.129719018E-05, 8.545435362E-04, 1.278752574E-03, 3.475709338E-04,-5.224743902E-03,-6.802620174E-04
      1394, 4.999999929E+00, 3.751088567E+00,-3.465693004E-04,-2.961697449E-03, 3.040534766E-06, 1.774218486E-03, 8.904238353E-05, 7.829961694E-05,-1.135895203E-05, 7.005993358E-04
      1395, 6.999999954E+00, 3.751088567E+00,-1.120748184E-04,-2.798247428E-03, 3.320511970E-06, 2.842156024E-03, 1.246692368E-04, 7.239806712E-05,-1.920410546E-04, 6.213929696E-04
      1396, 8.999999951E+00, 3.751088623E+00, 7.239956583E-05,-2.702133192E-03, 2.761331270E-06, 1.482001290E-03, 5.827596184E-05, 2.722386128E-05,-1.507681401E-04, 6.621583929E-04
      1397, 1.099999988E+01, 3.751088567E+00, 1.969561812E-04,-2.651322538E-03, 3.456055332E-06, 3.989857322E-04, 1.576298878E-04, 5.395425678E-05,-5.254426460E-04, 5.492350401E-04
      1398, 1.299999997E+01, 3.751088567E+00, 1.574944857E-03,-2.246818977E-03, 1.823740596E-05, 7.815734371E-04, 1.182044319E-03, 3.261761577E-04,-4.719719474E-03,-5.830645137E-04
      1399, 4.999999929E+00, 3.807676344E+00,-3.469573025E-04,-2.922503816E-03, 2.907606102E-06, 1.723808172E-03, 8.275233635E-05, 7.434586988E-05,-2.481487403E-06, 6.848601243E-04
      1400, 6.999999954E+00, 3.807676344E+00,-1.226449418E-04,-2.763598347E-03, 3.244899230E-06, 2.834457442E-03, 1.223968190E-04, 7.218696266E-05,-1.816872714E-04, 6.034795043E-04
      1401, 8.999999951E+00, 3.807676401E+00, 6.386401215E-05,-2.665305914E-03, 2.712146648E-06, 1.598072201E-03, 6.029021232E-05, 2.836411695E-05,-1.508986630E-04, 6.397635912E-04
      1402, 1.099999988E+01, 3.807676344E+00, 1.720297610E-04,-2.619358909E-03, 3.046763907E-06, 4.314084835E-04, 1.080147851E-04, 3.851207371E-05,-3.584133950E-04, 5.799765530E-04
      1403, 1.299999997E+01, 3.807676344E+00, 1.322396516E-03,-2.276894116E-03, 1.546013566E-05, 7.111302845E-04, 1.079297233E-03, 3.023639198E-04,-4.213384337E-03,-4.813136967E-04
      1404, 4.999999929E+00, 3.865083157E+00,-3.468569999E-04,-2.883633285E-03, 2.777694100E-06, 1.673472827E-03, 7.658092694E-05, 7.035120685E-05, 5.856603737E-06, 6.695727840E-04
      1405, 6.999999954E+00, 3.865083157E+00,-1.327633937E-04,-2.729447408E-03, 3.168414003E-06, 2.815845045E-03, 1.197092422E-04, 7.172289914E-05,-1.709800386E-04, 5.865507844E-04
      1406, 8.999999951E+00, 3.865083215E+00, 5.519919381E-05,-2.629212871E-03, 2.665031242E-06, 1.714890276E-03, 6.231784301E-05, 2.954680511E-05,-1.509710004E-04, 6.179981389E-04
      1407, 1.099999988E+01, 3.865083157E+00, 1.545501059E-04,-2.585691182E-03, 2.754338016E-06, 4.780987029E-04, 7.619824745E-05, 2.846524992E-05,-2.521645772E-04, 5.928754139E-04
      1408, 1.299999997E+01, 3.865083157E+00, 1.095272677E-03,-2.301435121E-03, 1.296722932E-05, 6.439861422E-04, 9.705821043E-04, 2.760665786E-04,-3.706523724E-03,-3.751227418E-04
      1409, 4.999999929E+00, 3.923320860E+00,-3.462848603E-04,-2.845077554E-03, 2.650873429E-06, 1.623227862E-03, 7.052748372E-05, 6.631649761E-05, 1.367986790E-05, 6.547222261E-04
      1410, 6.999999954E+00, 3.923320860E+00,-1.423984365E-04,-2.695761588E-03, 3.091092317E-06, 2.788107413E-03, 1.166718243E-04, 7.103135584E-05,-1.600652207E-04, 5.705181978E-04
      1411, 8.999999951E+00, 3.923320919E+00, 4.640932024E-05,-2.593845759E-03, 2.619395101E-06, 1.831784010E-03, 6.431740364E-05, 3.075554772E-05,-1.508901475E-04, 5.968835089E-04
      1412, 1.099999988E+01, 3.923320860E+00, 1.417698226E-04,-2.551150631E-03, 2.544038083E-06, 5.376606642E-04, 5.688052400E-05, 2.229482794E-05,-1.874987571E-04, 5.934549521E-04
      1413, 1.299999997E+01, 3.923320860E+00, 8.943274996E-04,-2.320032965E-03, 1.075957940E-05, 5.810970304E-04, 8.563902034E-04, 2.473388977E-04,-3.201310726E-03,-2.650217167E-04
      1414, 4.999999929E+00, 3.982401480E+00,-3.452570067E-04,-2.806828542E-03, 2.527207616E-06, 1.573096182E-03, 6.459254425E-05, 6.224354582E-05, 2.101013250E-05, 6.402925469E-04
      1415, 6.999999954E+00, 3.982401480E+00,-1.515255492E-04,-2.662511059E-03, 3.012997513E-06, 2.752977687E-03, 1.133460371E-04, 7.013766356E-05,-1.490698856E-04, 5.552982246E-04
      1416, 8.999999951E+00, 3.982401540E+00, 3.750376076E-05,-2.559194259E-03, 2.574798329E-06, 1.947976211E-03, 6.625405881E-05, 3.197555408E-05,-1.505846010E-04, 5.764346932E-04
      1417, 1.099999988E+01, 3.982401480E+00, 1.318287093E-04,-2.516309909E-03, 2.390169362E-06, 6.083596318E-04, 4.571157368E-05, 1.870926250E-05,-1.493250569E-04, 5.862217443E-04
      1418, 1.299999997E+01, 3.982401480E+00, 7.201341641E-04,-2.332316920E-03, 8.836427377E-06, 5.236349518E-04, 7.379382364E-04, 2.164549523E-04,-2.702231285E-03,-1.522502593E-04
      1419, 4.999999929E+00, 4.042337217E+00,-3.437892986E-04,-2.768878485E-03, 2.406749953E-06, 1.523106108E-03, 5.877711678E-05, 5.813535717E-05, 2.786819798E-05, 6.262672749E-04
      1420, 6.999999954E+00, 4.042337217E+00,-1.601267855E-04,-2.629669091E-03, 2.934215977E-06, 2.711960972E-03, 1.097890366E-04, 6.906624292E-05,-1.381066752E-04, 5.408145489E-04
      1421, 8.999999951E+00, 4.042337277E+00, 2.849621424E-05,-2.525246233E-03, 2.530909051E-06, 2.062556625E-03, 6.809629957E-05, 3.319237926E-05,-1.499967635E-04, 5.566635067E-04
      1422, 1.099999988E+01, 4.042337217E+00, 1.235430213E-04,-2.481538137E-03, 2.274700763E-06, 6.883919213E-04, 3.959718886E-05, 1.676282549E-05,-1.272384132E-04, 5.743606008E-04
      1423, 1.299999997E+01, 4.042337217E+00, 5.729036905E-04,-2.338010258E-03, 7.194242427E-06, 4.730063734E-04, 6.175477287E-04, 1.840388953E-04,-2.217166960E-03,-3.914575459E-05
      1424, 4.999999929E+00, 4.103140447E+00,-3.418973333E-04,-2.731219958E-03, 2.289544283E-06, 1.473289886E-03, 5.308465503E-05, 5.399434460E-05, 3.427509237E-05, 6.126302157E-04
      1425, 6.999999954E+00, 4.103140447E+00,-1.681895802E-04,-2.597211711E-03, 2.854851352E-06, 2.666259781E-03, 1.060463144E-04, 6.783649101E-05,-1.272602367E-04, 5.270035479E-04
      1426, 8.999999951E+00, 4.103140508E+00, 1.940426659E-05,-2.491987782E-03, 2.487473703E-06, 2.174462596E-03, 6.981407777E-05, 3.439119201E-05,-1.490774490E-04, 5.375804617E-04
      1427, 1.099999988E+01, 4.103140447E+00, 1.161893555E-04,-2.447062492E-03, 2.185373028E-06, 7.760826860E-04, 3.652631792E-05, 1.582752441E-05,-1.146409283E-04, 5.599283987E-04
      1428, 1.299999997E+01, 4.103140447E+00, 4.522360819E-04,-2.337011084E-03, 5.825136988E-06, 4.308379492E-04, 4.989408007E-04, 1.511929430E-04,-1.758115871E-03, 7.069042032E-05
      1429, 4.999999929E+00, 4.164823726E+00,-3.395965917E-04,-2.693845905E-03, 2.175625673E-06, 1.423682626E-03, 4.751521638E-05, 4.982474062E-05, 4.024032285E-05, 5.993654204E-04
      1430, 6.999999954E+00, 4.164823726E+00,-1.757056149E-04,-2.565117067E-03, 2.775018953E-06, 2.616819148E-03, 1.021531209E-04, 6.646312909E-05,-1.165908676E-04, 5.138132154E-04
      1431, 8.999999951E+00, 4.164823788E+00, 1.024916597E-05,-2.459403216E-03, 2.444295707E-06, 2.282471341E-03, 7.137787897E-05, 3.555641922E-05,-1.477830660E-04, 5.191956723E-04
      1432, 1.099999988E+01, 4.164823726E+00, 1.093356236E-04,-2.413018337E-03, 2.113967925E-06, 8.699883409E-04, 3.526266696E-05, 1.550967240E-05,-1.075571205E-04, 5.441819447E-04
      1433, 1.299999997E+01, 4.164823726E+00, 3.568496338E-04,-2.329478844E-03, 4.715036113E-06, 3.989056067E-04, 3.871747537E-04, 1.193415203E-04,-1.340559164E-03, 1.721967510E-04
      1434, 4.999999929E+00, 4.227399792E+00,-3.369025526E-04,-2.656749652E-03, 2.065021034E-06, 1.374321548E-03, 4.207036066E-05, 4.563132828E-05, 4.578212943E-05, 5.864572293E-04
      1435, 6.999999954E+00, 4.227399792E+00,-1.826700753E-04,-2.533365157E-03, 2.694842126E-06, 2.564454229E-03, 9.814179394E-05, 6.496068045E-05,-1.061500979E-04, 5.011949677E-04
      1436, 8.999999951E+00, 4.227399855E+00, 1.055689650E-06,-2.427475002E-03, 2.401219879E-06, 2.385207404E-03, 7.275848669E-05, 3.667169392E-05,-1.460747350E-04, 5.015191345E-04
      1437, 1.099999988E+01, 4.227399792E+00, 1.027264201E-04,-2.379484318E-03, 2.054982518E-06, 9.689213602E-04, 3.506834082E-05, 1.557036183E-05,-1.036559888E-04, 5.278647002E-04
      1438, 1.299999997E+01, 4.227399792E+00, 2.844009241E-04,-2.315904050E-03, 3.842241139E-06, 3.789894568E-04, 2.878125983E-04, 9.029191489E-05,-9.805090743E-04, 2.599977851E-04
      1439, 4.999999929E+00, 4.290881567E+00,-3.338302752E-04,-2.619924933E-03, 1.957749657E-06, 1.325245468E-03, 3.675633148E-05, 4.141712799E-05, 5.093086485E-05, 5.738900187E-04
      1440, 6.999999954E+00, 4.290881567E+00,-1.890816161E-04,-2.501937948E-03, 2.614451309E-06, 2.509977239E-03, 9.404819608E-05, 6.334713717E-05,-9.599123980E-05, 4.890971776E-04
      1441, 8.999999951E+00, 4.290881631E+00,-8.147989711E-06,-2.396183693E-03, 2.358120670E-06, 2.481169522E-03, 7.392726735E-05, 3.771991384E-05,-1.439185978E-04, 4.845605631E-04
      1442, 1.099999988E+01, 4.290881567E+00, 9.621131681E-05,-2.346504864E-03, 2.004704812E-06, 1.071927806E-03, 3.550786744E-05, 1.586662061E-05,-1.015842600E-04, 5.114092746E-04
      1443, 1.299999997E+01, 4.290881567E+00, 2.315429647E-04,-2.297127325E-03, 3.177363750E-06, 3.726593489E-04, 2.054327860E-04, 6.582673360E-05,-6.896749849E-04, 3.299344145E-04
      1444, 4.999999929E+00, 4.355282160E+00,-3.303946250E-04,-2.583365931E-03, 1.853823715E-06, 1.276494426E-03, 3.157441291E-05, 3.718829950E-05, 5.569429291E-05, 5.616481945E-04
      1445, 6.999999954E+00, 4.355282160E+00,-1.949428432E-04,-2.470819827E-03, 2.533984922E-06, 2.454240461E-03, 8.991465748E-05, 6.164592903E-05,-8.617397278E-05, 4.774625134E-04
      1446, 8.999999951E+00, 4.355282225E+00,-1.733049606E-05,-2.365507897E-03, 2.314894392E-06, 2.568785338E-03, 7.485688463E-05, 3.868357684E-05,-1.412868576E-04, 4.683285888E-04
      1447, 1.099999988E+01, 4.355282160E+00, 8.970194774E-05,-2.314103946E-03, 1.960600085E-06, 1.178242881E-03, 3.632364240E-05, 1.631289749E-05,-1.005543905E-04, 4.950654442E-04
      1448, 1.299999997E+01, 4.355282160E+00, 1.942895680E-04,-2.274232645E-03, 2.685357595E-06, 3.810279656E-04, 1.421865202E-04, 4.670555517E-05,-4.711568376E-04, 3.800304268E-04
      1449, 4.999999929E+00, 4.420614869E+00,-3.266106743E-04,-2.547067303E-03, 1.753248742E-06, 1.228109452E-03, 2.652709296E-05, 3.295047648E-05, 6.007964876E-05, 5.497163159E-04
      1450, 6.999999954E+00, 4.420614869E+00,-2.002608096E-04,-2.439998034E-03, 2.453589975E-06, 2.398072925E-03, 8.578710810E-05, 5.988404406E-05,-7.675926645E-05, 4.662313884E-04
      1451, 8.999999951E+00, 4.420614935E+00,-2.645754639E-05,-2.335424303E-03, 2.271454087E-06, 2.646493928E-03, 7.552230683E-05, 3.954535530E-05,-1.381592409E-04, 4.528296299E-04
      1452, 1.099999988E+01, 4.420614869E+00, 8.314687128E-05,-2.282293260E-03, 1.920912281E-06, 1.287239937E-03, 3.736132976E-05, 1.685742788E-05,-1.001029496E-04, 4.789769740E-04
      1453, 1.299999997E+01, 4.420614869E+00, 1.685846911E-04,-2.248360795E-03, 2.329358365E-06, 4.045367056E-04, 9.722502741E-05, 3.279395721E-05,-3.184616251E-04, 4.114243356E-04
      1454, 4.999999929E+00, 4.486893186E+00,-3.224934028E-04,-2.511024207E-03, 1.656024101E-06, 1.180132407E-03, 2.161850332E-05, 2.870858963E-05, 6.410511259E-05, 5.380795577E-04
      1455, 6.999999954E+00, 4.486893186E+00,-2.050469769E-04,-2.409462764E-03, 2.373420584E-06, 2.342163376E-03, 8.170807745E-05, 5.808756911E-05,-6.779827305E-05, 4.553492093E-04
      1456, 8.999999951E+00, 4.486893253E+00,-3.549237965E-05,-2.305907795E-03, 2.227725202E-06, 2.712849848E-03, 7.590202942E-05, 4.028873636E-05,-1.345247950E-04, 4.380667726E-04
      1457, 1.099999988E+01, 4.486893186E+00, 7.651696309E-05,-2.251077035E-03, 1.884406396E-06, 1.398380420E-03, 3.852631390E-05, 1.746815274E-05,-9.995221497E-05, 4.632264089E-04
      1458, 1.299999997E+01, 4.486893186E+00, 1.508439225E-04,-2.220551820E-03, 2.074937759E-06, 4.428516890E-04, 6.744313689E-05, 2.341498868E-05,-2.185273309E-04, 4.275115904E-04
      1459, 4.999999929E+00, 4.554130797E+00,-3.180576543E-04,-2.475232287E-03, 1.562143420E-06, 1.132605878E-03, 1.685157099E-05, 2.446927531E-05, 6.778496833E-05, 5.267234731E-04
      1460, 6.999999954E+00, 4.554130797E+00,-2.093164477E-04,-2.379206792E-03, 2.293633923E-06, 2.286969799E-03, 7.770989719E-05, 5.627726013E-05,-5.932258773E-05, 4.447728514E-04
      1461, 8.999999951E+00, 4.554130865E+00,-4.439635774E-05,-2.276931654E-03, 2.183642963E-06, 2.766644427E-03, 7.597957385E-05, 4.089892610E-05,-1.303841697E-04, 4.240384061E-04
      1462, 1.099999988E+01, 4.554130797E+00, 6.979694066E-05,-2.220454844E-03, 1.850201149E-06, 1.511167377E-03, 3.975848290E-05, 1.812442141E-05,-9.993130817E-05, 4.478610536E-04
      1463, 1.299999997E+01, 4.554130797E+00, 1.382641488E-04,-2.191642675E-03, 1.893179057E-06, 4.949241697E-04, 4.888549817E-05, 1.748498724E-05,-1.565159823E-04, 4.324171935E-04
      1464, 4.999999929E+00, 4.622341587E+00,-3.133182104E-04,-2.439687719E-03, 1.471595018E-06, 1.085573118E-03, 1.222976169E-05, 2.023910430E-05, 7.113191498E-05, 5.156337241E-04
      1465, 6.999999954E+00, 4.622341587E+00,-2.130866832E-04,-2.349224756E-03, 2.214384745E-06, 2.232701929E-03, 7.381144180E-05, 5.446623134E-05,-5.134075288E-05, 4.344733366E-04
      1466, 8.999999951E+00, 4.622341656E+00,-5.312977397E-05,-2.248467875E-03, 2.139151452E-06, 2.807032290E-03, 7.574512770E-05, 4.136386200E-05,-1.257519194E-04, 4.107366435E-04
      1467, 1.099999988E+01, 4.622341587E+00, 6.298044651E-05,-2.190423226E-03, 1.817659061E-06, 1.625102875E-03, 4.101758815E-05, 1.881208764E-05,-9.993109051E-05, 4.329080328E-04
      1468, 1.299999997E+01, 4.622341587E+00, 1.288626809E-04,-2.162237121E-03, 1.761833790E-06, 5.592024624E-04, 3.790916027E-05, 1.393389872E-05,-1.195144513E-04, 4.299263508E-04
      1469, 4.999999929E+00, 4.691539642E+00,-3.082898246E-04,-2.404387224E-03, 1.384362326E-06, 1.039078017E-03, 7.756702388E-06, 1.602527343E-05, 7.415804483E-05, 5.047962195E-04
      1470, 6.999999954E+00, 4.691539642E+00,-2.163761190E-04,-2.319512340E-03, 2.135820123E-06, 2.179369253E-03, 7.001898627E-05, 5.266010815E-05,-4.384132707E-05, 4.244345546E-04
      1471, 8.999999951E+00, 4.691539712E+00,-6.165285919E-05,-2.220487628E-03, 2.094203927E-06, 2.833641443E-03, 7.519706468E-05, 4.167520100E-05,-1.206581710E-04, 3.981458166E-04
      1472, 1.099999988E+01, 4.691539642E+00, 5.606720641E-05,-2.160976619E-03, 1.786313187E-06, 1.739648961E-03, 4.227467467E-05, 1.952058530E-05,-9.987814451E-05, 4.183830885E-04
      1473, 1.299999997E+01, 4.691539642E+00, 1.213404047E-04,-2.132736660E-03, 1.664876012E-06, 6.339113642E-04, 3.173570466E-05, 1.192503256E-05,-9.802108174E-05, 4.229084402E-04
      1474, 4.999999929E+00, 4.761739250E+00,-3.029872369E-04,-2.369328099E-03, 1.300424263E-06, 9.931650771E-04, 3.436217545E-06, 1.183544689E-05, 7.687489345E-05, 4.941971993E-04
      1475, 6.999999954E+00, 4.761739250E+00,-2.192030333E-04,-2.290065570E-03, 2.058075685E-06, 2.126857454E-03, 6.632972595E-05, 5.085880615E-05,-3.679970187E-05, 4.146496006E-04
      1476, 8.999999951E+00, 4.761739321E+00,-6.992694245E-05,-2.192961825E-03, 2.048764099E-06, 2.846642467E-03, 7.434292153E-05, 4.182912141E-05,-1.151491646E-04, 3.862417625E-04
      1477, 1.099999988E+01, 4.761739250E+00, 4.906140865E-05,-2.132107863E-03, 1.755817475E-06, 1.854191794E-03, 4.350701742E-05, 2.024115805E-05,-9.971967177E-05, 4.042957713E-04
      1478, 1.299999997E+01, 4.761739250E+00, 1.148900186E-04,-2.103393292E-03, 1.591255405E-06, 7.172993362E-04, 2.848049676E-05, 1.087532473E-05,-8.576764579E-05, 4.132966664E-04
      1479, 4.999999929E+00, 4.832954907E+00,-2.974252001E-04,-2.334508231E-03, 1.219755625E-06, 9.478794105E-04,-7.275492288E-07, 7.677926280E-06, 7.929315761E-05, 4.838230685E-04
      1480, 6.999999954E+00, 4.832954907E+00,-2.215848330E-04,-2.260880345E-03, 1.981273706E-06, 2.074999331E-03, 6.273587770E-05, 4.905881921E-05,-3.018514563E-05, 4.051167004E-04
      1481, 8.999999951E+00, 4.832954979E+00,-7.791569164E-05,-2.165861765E-03, 2.002808044E-06, 2.846755069E-03, 7.319954957E-05, 4.182685395E-05,-1.092858326E-04, 3.749912386E-04
      1482, 1.099999988E+01, 4.832954907E+00, 4.197080339E-05,-2.103808462E-03, 1.725912545E-06, 1.968009287E-03, 4.469512811E-05, 2.096578365E-05,-9.941474201E-05, 3.906524988E-04
      1483, 1.299999997E+01, 4.832954907E+00, 1.090261817E-04,-2.074358846E-03, 1.533531385E-06, 8.077967411E-04, 2.695747117E-05, 1.041093784E-05,-7.889295635E-05, 4.023009589E-04
      1484, 4.999999929E+00, 4.905201321E+00,-2.916185200E-04,-2.299926146E-03, 1.142327440E-06, 9.032667431E-04,-4.730257009E-06, 3.561728670E-06, 8.142292955E-05, 4.736600523E-04
      1485, 6.999999954E+00, 4.905201321E+00,-2.235377282E-04,-2.231952184E-03, 1.905522782E-06, 2.023624048E-03, 5.922793507E-05, 4.725518442E-05,-2.396602502E-05, 3.958359981E-04
      1486, 8.999999951E+00, 4.905201394E+00,-8.558629602E-05,-2.139159844E-03, 1.956326228E-06, 2.835176455E-03, 7.179395712E-05, 4.167526031E-05,-1.031451173E-04, 3.643523499E-04
      1487, 1.099999988E+01, 4.905201321E+00, 3.480622605E-05,-2.076068680E-03, 1.696401685E-06, 2.080243463E-03, 4.582099355E-05, 2.168651097E-05,-9.892925096E-05, 3.774583625E-04
      1488, 1.299999997E+01, 4.905201321E+00, 1.034621912E-04,-2.045722131E-03, 1.486733742E-06, 9.040822686E-04, 2.645191134E-05, 1.030219217E-05,-7.511303595E-05, 3.906449886E-04
      1489, 4.999999929E+00, 4.978493410E+00,-2.855820626E-04,-2.265581057E-03, 1.068107314E-06, 8.593734137E-04,-8.567420048E-06,-5.034493082E-07, 8.327400444E-05, 4.636945736E-04
      1490, 6.999999954E+00, 4.978493410E+00,-2.250766854E-04,-2.203276156E-03, 1.830918530E-06, 1.972583756E-03, 5.579675073E-05, 4.544282543E-05,-1.811289380E-05, 3.868074855E-04
      1491, 8.999999951E+00, 4.978493484E+00,-9.291041126E-05,-2.112830178E-03, 1.909325066E-06, 2.813434151E-03, 7.015826105E-05, 4.138483965E-05,-9.680743734E-05, 3.542786280E-04
      1492, 1.099999988E+01, 4.978493410E+00, 2.758136694E-05,-2.048877552E-03, 1.667133725E-06, 2.189879884E-03, 4.686709716E-05, 2.239506489E-05,-9.823313831E-05, 3.647181242E-04
      1493, 1.299999997E+01, 4.978493410E+00, 9.803000241E-05,-2.017533658E-03, 1.447532100E-06, 1.005083783E-03, 2.654231867E-05, 1.041152314E-05,-7.310276870E-05, 3.787511147E-04
      1494, 4.999999929E+00, 5.052846308E+00,-2.793307764E-04,-2.231472888E-03, 9.970597541E-07, 8.162463817E-04,-1.223406976E-05,-4.507083160E-06, 8.485525239E-05, 4.539131953E-04
      1495, 6.999999954E+00, 5.052846308E+00,-2.262155436E-04,-2.174846912E-03, 1.757544787E-06, 1.921763637E-03, 5.243458803E-05, 4.361731608E-05,-1.259980361E-05, 3.780299421E-04
      1496, 8.999999951E+00, 5.052846383E+00,-9.986476201E-05,-2.086848911E-03, 1.861827377E-06, 2.783186740E-03, 6.832682048E-05, 4.096829375E-05,-9.035115347E-05, 3.447220940E-04
      1497, 1.099999988E+01, 5.052846308E+00, 2.031267157E-05,-2.022222840E-03, 1.637990638E-06, 2.295737828E-03, 4.781594726E-05, 2.308264109E-05,-9.729900610E-05, 3.524366645E-04
      1498, 1.299999997E+01, 5.052846308E+00, 9.263149572E-05,-1.989821084E-03, 1.413672469E-06, 1.109943262E-03, 2.698142907E-05, 1.065707117E-05,-7.209682393E-05, 3.668625950E-04
      1499, 4.999999929E+00, 5.128275369E+00,-2.728797687E-04,-2.197602329E-03, 9.291464784E-07, 7.739332290E-04,-1.572461123E-05,-8.437602298E-06, 8.617429400E-05, 4.443021988E-04
      1500, 6.999999954E+00, 5.128275369E+00,-2.269671937E-04,-2.146658775E-03, 1.685474937E-06, 1.871082262E-03, 4.913542119E-05, 4.177518512E-05,-7.404477276E-06, 3.695006405E-04
      1501, 8.999999951E+00, 5.128275446E+00,-1.064311625E-04,-2.061194435E-03, 1.813871354E-06, 2.746018098E-03, 6.633466152E-05, 4.043955889E-05,-8.385208267E-05, 3.356356734E-04
      1502, 1.099999988E+01, 5.128275369E+00, 1.301929809E-05,-1.996090969E-03, 1.608878451E-06, 2.396475601E-03, 4.864995916E-05, 2.373984027E-05,-9.610168963E-05, 3.406190883E-04
      1503, 1.299999997E+01, 5.128275369E+00, 8.720976165E-05,-1.962598464E-03, 1.383608410E-06, 1.217967086E-03, 2.762327610E-05, 1.098992993E-05,-7.165046023E-05, 3.551186959E-04
      1504, 4.999999929E+00, 5.204796170E+00,-2.662443730E-04,-2.163970914E-03, 8.643267005E-07, 7.324821549E-04,-1.903283102E-05,-1.228227177E-05, 8.723785155E-05, 4.348474444E-04
      1505, 6.999999954E+00, 5.204796170E+00,-2.273437692E-04,-2.118705847E-03, 1.614773180E-06, 1.820487443E-03, 4.589488314E-05, 3.991395623E-05,-2.508002609E-06, 3.612153976E-04
      1506, 8.999999951E+00, 5.204796248E+00,-1.125959970E-04,-2.035847302E-03, 1.765508079E-06, 2.703285233E-03, 6.421142402E-05, 3.981063189E-05,-7.737073942E-05, 3.269781781E-04
      1507, 1.099999988E+01, 5.204796170E+00, 5.723070756E-06,-1.970466962E-03, 1.579720554E-06, 2.490616196E-03, 4.935163128E-05, 2.435674618E-05,-9.461854289E-05, 3.292705213E-04
      1508, 1.299999997E+01, 5.204796170E+00, 8.173242355E-05,-1.935871704E-03, 1.356262824E-06, 1.328573396E-03, 2.838029758E-05, 1.138041200E-05,-7.150170481E-05, 3.435987649E-04
      1509, 4.999999929E+00, 5.282424513E+00,-2.594402072E-04,-2.130581105E-03, 8.025573957E-07, 6.919419659E-04,-2.215171618E-05,-1.602701115E-05, 8.805167999E-05, 4.255344227E-04
      1510, 6.999999954E+00, 5.282424513E+00,-2.273568218E-04,-2.090982108E-03, 1.545495631E-06, 1.769950686E-03, 4.271005804E-05, 3.803208044E-05, 2.105701614E-06, 3.531688143E-04
      1511, 8.999999951E+00, 5.282424591E+00,-1.183494292E-04,-2.010789830E-03, 1.716798261E-06, 2.656069931E-03, 6.198065572E-05, 3.909082469E-05,-7.095232308E-05, 3.187156868E-04
      1512, 1.099999988E+01, 5.282424513E+00,-1.551615863E-06,-1.945334401E-03, 1.550452602E-06, 2.576596988E-03, 4.990394428E-05, 2.492308513E-05,-9.283018598E-05, 3.183957533E-04
      1513, 1.299999997E+01, 5.282424513E+00, 7.618199605E-05,-1.909641741E-03, 1.330874083E-06, 1.441241557E-03, 2.919854700E-05, 1.180998565E-05,-7.149301786E-05, 3.323477678E-04
      1514, 4.999999929E+00, 5.361176426E+00,-2.524832527E-04,-2.097436378E-03, 7.437935318E-07, 6.523620447E-04,-2.507346875E-05,-1.965625168E-05, 8.862057077E-05, 4.163480458E-04
      1515, 6.999999954E+00, 5.361176426E+00,-2.270174670E-04,-2.063481508E-03, 1.477691251E-06, 1.719461829E-03, 3.957918665E-05, 3.612877996E-05, 6.450448345E-06, 3.453545272E-04
      1516, 8.999999951E+00, 5.361176506E+00,-1.236846212E-04,-1.986005784E-03, 1.667809287E-06, 2.605245522E-03, 5.966180143E-05, 3.828791831E-05,-6.463191468E-05, 3.108188674E-04
      1517, 1.099999988E+01, 5.361176426E+00,-8.777978409E-06,-1.920675414E-03, 1.521018959E-06, 2.652847637E-03, 5.029101504E-05, 2.542850507E-05,-9.072168197E-05, 3.079986147E-04
      1518, 1.299999997E+01, 5.361176426E+00, 7.055031236E-05,-1.883906389E-03, 1.306895807E-06, 1.555465098E-03, 3.004339380E-05, 1.226653920E-05,-7.152680264E-05, 3.213909821E-04
      1519, 4.999999929E+00, 5.441068173E+00,-2.453899197E-04,-2.064541333E-03, 6.879882635E-07, 6.137922965E-04,-2.778955636E-05,-2.315286547E-05, 8.894852585E-05, 4.072730917E-04
      1520, 6.999999954E+00, 5.441068173E+00,-2.263365022E-04,-2.036198039E-03, 1.411402611E-06, 1.669024480E-03, 3.650146767E-05, 3.420390376E-05, 1.053823166E-05, 3.377655687E-04
      1521, 8.999999951E+00, 5.441068255E+00,-1.285973764E-04,-1.961480265E-03, 1.618613611E-06, 2.551610524E-03, 5.727400582E-05, 3.741019665E-05,-5.844160748E-05, 3.032591507E-04
      1522, 1.099999988E+01, 5.441068173E+00,-1.592715267E-05,-1.896470738E-03, 1.491370809E-06, 2.717897268E-03, 5.049896440E-05, 2.586303710E-05,-8.828401811E-05, 2.980810925E-04
      1523, 1.299999997E+01, 5.441068173E+00, 6.483530661E-05,-1.858661394E-03, 1.283930711E-06, 1.670707980E-03, 3.089122925E-05, 1.274159121E-05,-7.153999260E-05, 3.107425559E-04
      1524, 4.999999929E+00, 5.522116252E+00,-2.381771219E-04,-2.031901756E-03, 6.350930844E-07, 5.762830609E-04,-3.029055610E-05,-2.649806773E-05, 8.903848792E-05, 3.982931954E-04
      1525, 6.999999954E+00, 5.522116252E+00,-2.253244991E-04,-2.009125797E-03, 1.346666520E-06, 1.618652422E-03, 3.347680744E-05, 3.225787597E-05, 1.437970749E-05, 3.303941584E-04
      1526, 8.999999951E+00, 5.522116334E+00,-1.330863169E-04,-1.937199907E-03, 1.569288756E-06, 2.495998202E-03, 5.483970560E-05, 3.646866802E-05,-5.241674671E-05, 2.960048454E-04
      1527, 1.099999988E+01, 5.522116252E+00,-2.296865149E-05,-1.872699853E-03, 1.461465047E-06, 2.770500593E-03, 5.051689377E-05, 2.621763054E-05,-8.551570928E-05, 2.886422596E-04
      1528, 1.299999997E+01, 5.522116252E+00, 5.903916684E-05,-1.833901032E-03, 1.261686248E-06, 1.786363698E-03, 3.172460918E-05, 1.322862551E-05,-7.148943224E-05, 3.004104055E-04
      1529, 4.999999929E+00, 5.604337398E+00,-2.308623799E-04,-1.999524817E-03, 5.850579283E-07, 5.398849802E-04,-3.256617658E-05,-2.967132227E-05, 8.889225874E-05, 3.893930900E-04
      1530, 6.999999954E+00, 5.604337398E+00,-2.239918627E-04,-1.982259053E-03, 1.283514547E-06, 1.568366883E-03, 3.050517940E-05, 3.029157023E-05, 1.798510932E-05, 3.232330517E-04
      1531, 8.999999951E+00, 5.604337482E+00,-1.371533791E-04,-1.913153289E-03, 1.519918105E-06, 2.439286470E-03, 5.238543504E-05, 3.547758146E-05,-4.659700352E-05, 2.890209832E-04
      1532, 1.099999988E+01, 5.604337398E+00,-2.987099182E-05,-1.849341225E-03, 1.431263667E-06, 2.809768513E-03, 5.033794697E-05, 2.648475004E-05,-8.242440686E-05, 2.796775531E-04
      1533, 1.299999997E+01, 5.604337398E+00, 5.316729123E-05,-1.809618422E-03, 1.239944332E-06, 1.901717258E-03, 3.252938665E-05, 1.372208602E-05,-7.134342363E-05, 2.903993869E-04
      1534, 4.999999929E+00, 5.687748590E+00,-2.234639167E-04,-1.967418979E-03, 5.378311924E-07, 5.046487938E-04,-3.460529432E-05,-3.265029696E-05, 8.851076283E-05, 3.805531529E-04
      1535, 6.999999954E+00, 5.687748590E+00,-2.223488620E-04,-1.955592204E-03, 1.221973453E-06, 1.518194532E-03, 2.758862744E-05, 2.830585986E-05, 2.136402636E-05, 3.162732081E-04
      1536, 8.999999951E+00, 5.687748675E+00,-1.408041722E-04,-1.889331209E-03, 1.470591131E-06, 2.382304914E-03, 4.993910081E-05, 3.445277038E-05,-4.102152700E-05, 2.822712974E-04
      1537, 1.099999988E+01, 5.687748590E+00,-3.660249258E-05,-1.826372614E-03, 1.400734100E-06, 2.835284482E-03, 4.996029470E-05, 2.665898483E-05,-7.902814472E-05, 2.711772075E-04
      1538, 1.299999997E+01, 5.687748590E+00, 4.722771600E-05,-1.785805658E-03, 1.218540315E-06, 2.015910933E-03, 3.329302005E-05, 1.421676120E-05,-7.107687911E-05, 2.807124423E-04
      1539, 4.999999929E+00, 5.772367054E+00,-2.160007431E-04,-1.935594620E-03, 4.933597167E-07, 4.706250762E-04,-3.639595181E-05,-3.541065247E-05, 8.789408609E-05, 3.717623645E-04
      1540, 6.999999954E+00, 5.772367054E+00,-2.204058713E-04,-1.929120019E-03, 1.162065575E-06, 1.468166048E-03, 2.472644427E-05, 2.630318267E-05, 2.451555803E-05, 3.095092553E-04
      1541, 8.999999951E+00, 5.772367140E+00,-1.440478149E-04,-1.865726767E-03, 1.421402017E-06, 2.325707999E-03, 4.752536911E-05, 3.340884592E-05,-3.572140323E-05, 2.757256677E-04
      1542, 1.099999988E+01, 5.772367054E+00,-4.313221952E-05,-1.803771552E-03, 1.369850329E-06, 2.847180970E-03, 4.938777559E-05, 2.673758473E-05,-7.535588618E-05, 2.631274444E-04
      1543, 1.299999997E+01, 5.772367054E+00, 4.123081444E-05,-1.762453901E-03, 1.197348104E-06, 2.127915833E-03, 3.400359441E-05, 1.470741508E-05,-7.066861150E-05, 2.713530800E-04
      1544, 4.999999929E+00, 5.858210261E+00,-2.084927494E-04,-1.904062946E-03, 4.515885965E-07, 4.378638087E-04,-3.792547363E-05,-3.792650392E-05, 8.704174654E-05, 3.629877460E-04
      1545, 6.999999954E+00, 5.858210261E+00,-2.181731542E-04,-1.902837160E-03, 1.103809138E-06, 1.418315092E-03, 2.192097751E-05, 2.428436984E-05, 2.745699770E-05, 3.029267944E-04
      1546, 8.999999951E+00, 5.858210349E+00,-1.468961754E-04,-1.842334751E-03, 1.372446674E-06, 2.269895722E-03, 4.516183504E-05, 3.235673560E-05,-3.071410070E-05, 2.693565224E-04
      1547, 1.099999988E+01, 5.858210261E+00,-4.943100262E-05,-1.781515689E-03, 1.338594420E-06, 2.846150953E-03, 4.863096495E-05, 2.672112800E-05,-7.144892069E-05, 2.555043884E-04
      1548, 1.299999997E+01, 5.858210261E+00, 3.518914473E-05,-1.739553231E-03, 1.176269450E-06, 2.236512566E-03, 3.464929889E-05, 1.518854446E-05,-7.010000449E-05, 2.623214565E-04
      1549, 4.999999929E+00, 5.945295940E+00,-2.009607667E-04,-1.872839021E-03, 4.124610678E-07, 4.064139617E-04,-3.918081405E-05,-4.016973859E-05, 8.595258207E-05, 3.542469780E-04
      1550, 6.999999954E+00, 5.945295940E+00,-2.156607572E-04,-1.876739438E-03, 1.047218594E-06, 1.368677647E-03, 1.917466233E-05, 2.225116955E-05, 3.020004939E-05, 2.965324719E-04
      1551, 8.999999951E+00, 5.945296028E+00,-1.493627677E-04,-1.819151681E-03, 1.323819114E-06, 2.215015936E-03, 4.285770143E-05, 3.130286886E-05,-2.600224524E-05, 2.631573377E-04
      1552, 1.099999988E+01, 5.945295940E+00,-5.547240950E-05,-1.759583818E-03, 1.306958159E-06, 2.833377636E-03, 4.770543086E-05, 2.661301546E-05,-6.735566866E-05, 2.482889499E-04
      1553, 1.299999997E+01, 5.945295940E+00, 2.911735806E-05,-1.717092984E-03, 1.155226125E-06, 2.340285212E-03, 3.521822268E-05, 1.565431374E-05,-6.935448010E-05, 2.536264473E-04
      1554, 4.999999929E+00, 6.033642073E+00,-1.934266589E-04,-1.841934849E-03, 3.759178727E-07, 3.763225857E-04,-4.014870228E-05,-4.211282951E-05, 8.462557231E-05, 3.454362271E-04
      1555, 6.999999954E+00, 6.033642073E+00,-2.128789458E-04,-1.850820918E-03, 9.923047626E-07, 1.319291427E-03, 1.648733183E-05, 2.020623260E-05, 3.273879795E-05, 2.902814276E-04
      1556, 8.999999951E+00, 6.033642163E+00,-1.514616346E-04,-1.796173537E-03, 1.275608130E-06, 2.161027751E-03, 4.061491055E-05, 3.024924698E-05,-2.157672893E-05, 2.570987422E-04
      1557, 1.099999988E+01, 6.033642073E+00,-6.123356953E-05,-1.737955013E-03, 1.274944252E-06, 2.810383388E-03, 4.663039611E-05, 2.641891204E-05,-6.312845178E-05, 2.414361582E-04
      1558, 1.299999997E+01, 6.033642073E+00, 2.303211931E-05,-1.695060579E-03, 1.134154080E-06, 2.437633659E-03, 3.569838156E-05, 1.609854211E-05,-6.841776858E-05, 2.452603905E-04
      1559, 4.999999929E+00, 6.123266903E+00,-1.859132980E-04,-1.811376094E-03, 3.418974393E-07, 3.476345088E-04,-4.081668843E-05,-4.372327271E-05, 8.306090632E-05, 3.367754440E-04
      1560, 6.999999954E+00, 6.123266903E+00,-2.098381744E-04,-1.825080917E-03, 9.390753983E-07, 1.270195855E-03, 1.386247685E-05, 1.815278013E-05, 3.508399203E-05, 2.842720605E-04
      1561, 8.999999951E+00, 6.123266995E+00,-1.532065285E-04,-1.773399242E-03, 1.227895317E-06, 2.107784177E-03, 3.843056819E-05, 2.919552858E-05,-1.742077335E-05, 2.512468908E-04
      1562, 1.099999988E+01, 6.123266903E+00,-6.669564904E-05,-1.716611962E-03, 1.242566872E-06, 2.778823067E-03, 4.542778633E-05, 2.614669095E-05,-5.882190535E-05, 2.349707098E-04
      1563, 1.299999997E+01, 6.123266903E+00, 1.695196559E-05,-1.673443917E-03, 1.112999184E-06, 2.526808673E-03, 3.607795111E-05, 1.651489715E-05,-6.727830850E-05, 2.372711068E-04
      1564, 4.999999929E+00, 6.214188939E+00,-1.784446947E-04,-1.781160208E-03, 3.103335030E-07, 3.203897228E-04,-4.117278091E-05,-4.498239659E-05, 8.125709950E-05, 3.277343950E-04
      1565, 6.999999954E+00, 6.214188939E+00,-2.065487670E-04,-1.799506067E-03, 8.875345281E-07, 1.221431014E-03, 1.130182211E-05, 1.609058636E-05, 3.723174742E-05, 2.782608398E-04
      1566, 8.999999951E+00, 6.214189032E+00,-1.546103572E-04,-1.750819714E-03, 1.180753594E-06, 2.055100990E-03, 3.629937335E-05, 2.813823433E-05,-1.352070651E-05, 2.454382366E-04
      1567, 1.099999988E+01, 6.214188939E+00,-7.184382764E-05,-1.695533050E-03, 1.209850582E-06, 2.740271340E-03, 4.411832336E-05, 2.580362199E-05,-5.448715591E-05, 2.287280906E-04
      1568, 1.299999997E+01, 6.214188939E+00, 1.089712641E-05,-1.652225724E-03, 1.091713664E-06, 2.605971249E-03, 3.634568592E-05, 1.689587632E-05,-6.593111817E-05, 2.295118764E-04
      1569, 4.999999929E+00, 6.306426956E+00,-1.710470509E-04,-1.751372138E-03, 2.811581959E-07, 2.946254699E-04,-4.120598525E-05,-4.583219991E-05, 7.924731433E-05, 3.188134281E-04
      1570, 6.999999954E+00, 6.306426956E+00,-2.030213402E-04,-1.774122608E-03, 8.376846600E-07, 1.173039459E-03, 8.807849705E-06, 1.403023055E-05, 3.923441122E-05, 2.724923992E-04
      1571, 8.999999951E+00, 6.306427050E+00,-1.556851225E-04,-1.728452081E-03, 1.134248466E-06, 2.002802647E-03, 3.421548221E-05, 2.707700145E-05,-9.902258313E-06, 2.398638620E-04
      1572, 1.099999988E+01, 6.306426956E+00,-7.666697814E-05,-1.674720093E-03, 1.176829600E-06, 2.696069836E-03, 4.271947996E-05, 2.539701058E-05,-5.025718343E-05, 2.228472059E-04
      1573, 1.299999997E+01, 6.306426956E+00, 4.889205493E-06,-1.631409126E-03, 1.070254757E-06, 2.673272397E-03, 3.649160345E-05, 1.723307484E-05,-6.441819921E-05, 2.221932884E-04
      1574, 4.999999929E+00, 6.400000000E+00,-1.637533850E-04,-1.721984329E-03, 2.546494088E-07, 2.706852492E-04,-4.088875268E-05,-4.628025123E-05, 7.689122581E-05, 3.102101926E-04
      1575, 6.999999954E+00, 6.400000000E+00,-1.992591398E-04,-1.748909012E-03, 7.897479844E-07, 1.125264378E-03, 6.382143266E-06, 1.196709538E-05, 4.102536413E-05, 2.670137858E-04
      1576, 8.999999951E+00, 6.400000095E+00,-1.564377868E-04,-1.706283541E-03, 1.088564547E-06, 1.950872083E-03, 3.217186154E-05, 2.600617925E-05,-6.508427498E-06, 2.345330285E-04
      1577, 1.099999988E+01, 6.400000000E+00,-8.115554853E-05,-1.654154146E-03, 1.143612681E-06, 2.647325575E-03, 4.124401544E-05, 2.493088970E-05,-4.609132932E-05, 2.173038549E-04
      1578, 1.299999997E+01, 6.400000000E+00,-1.046894989E-06,-1.610972683E-03, 1.048639943E-06, 2.727117707E-03, 3.650900268E-05, 1.752242562E-05,-6.266091335E-05, 2.153073657E-04
