nodenumber,    x-coordinate,    y-coordinate,  axial-velocity, radial-velocity,turb-kinetic-energy,  viscosity-turb,daxial-velocity-dx,dradial-velocity-dx,daxial-velocity-dy,dradial-velocity-dy
         1, 0.000000000E+00, 0.000000000E+00, 1.226674654E+00, 5.376466006E-04, 3.725671429E-02, 2.692449938E-03,-4.118259708E-01,-3.732981708E-03,-1.185393069E-01, 1.974729073E-01
         2, 4.239977228E-03, 5.192474540E-19, 1.224995856E+00, 5.214971675E-04, 3.711146583E-02, 2.690851208E-03,-3.886033394E-01,-5.281741720E-03,-1.197964185E-01, 1.914334681E-01
         3, 8.526594205E-03, 1.044206630E-18, 1.223416417E+00, 4.959487382E-04, 3.693443232E-02, 2.689270102E-03,-3.628908645E-01,-7.033970640E-03,-1.215317607E-01, 1.820680856E-01
         4, 1.286036397E-02, 1.574940357E-18, 1.221870113E+00, 4.610486775E-04, 3.675645972E-02, 2.687798965E-03,-3.457270801E-01,-9.025130206E-03,-1.232562408E-01, 1.694460838E-01
         5, 1.724180520E-02, 2.111512155E-18, 1.220430790E+00, 4.178490918E-04, 3.657747223E-02, 2.686446467E-03,-3.123973075E-01,-1.059989890E-02,-1.252306561E-01, 1.537966603E-01
         6, 2.167144228E-02, 2.653986243E-18, 1.219131775E+00, 3.681520183E-04, 3.639753835E-02, 2.685219012E-03,-2.749344584E-01,-1.183504471E-02,-1.276151031E-01, 1.355217299E-01
         7, 2.614980538E-02, 3.202427545E-18, 1.217993490E+00, 3.128098614E-04, 3.621676196E-02, 2.684117715E-03,-2.336090094E-01,-1.287929283E-02,-1.285861323E-01, 1.150040510E-01
         8, 3.067743046E-02, 3.756901702E-18, 1.217038127E+00, 2.530687507E-04, 3.603528045E-02, 2.683138571E-03,-1.889431291E-01,-1.340375477E-02,-1.277900049E-01, 9.299136473E-02
         9, 3.525485943E-02, 4.317475075E-18, 1.216279583E+00, 1.921098792E-04, 3.585326103E-02, 2.682273227E-03,-1.431304273E-01,-1.313575672E-02,-1.265640403E-01, 7.055042808E-02
        10, 3.988264011E-02, 4.884214755E-18, 1.215724888E+00, 1.333062405E-04, 3.567087978E-02, 2.681509991E-03,-9.835556199E-02,-1.198544024E-02,-1.238439195E-01, 4.850032614E-02
        11, 4.456132638E-02, 5.457188571E-18, 1.215367502E+00, 7.961292421E-05, 3.548830191E-02, 2.680835179E-03,-5.460052002E-02,-1.110970555E-02,-1.117214068E-01, 2.750017374E-02
        12, 4.929147819E-02, 6.036465100E-18, 1.215193599E+00, 2.719112986E-05, 3.530568402E-02, 2.680234992E-03,-1.506998463E-02,-1.145920530E-02,-8.030014842E-02, 8.078912219E-03
        13, 5.407366168E-02, 6.622113670E-18, 1.215196527E+00,-2.445080684E-05, 3.512319260E-02, 2.679697529E-03, 1.618361480E-02,-9.840274985E-03,-7.414500081E-02,-8.485470986E-03
        14, 5.890844919E-02, 7.214204374E-18, 1.215346030E+00,-6.315014081E-05, 3.494097193E-02, 2.679214187E-03, 4.167048612E-02,-6.184389553E-03,-9.664493012E-02,-2.119672612E-02
        15, 6.379641936E-02, 7.812808076E-18, 1.215601521E+00,-8.694136874E-05, 3.475915693E-02, 2.678782049E-03, 6.138849051E-02,-3.785794237E-03,-1.060808453E-01,-3.050351900E-02
        16, 6.873815720E-02, 8.417996419E-18, 1.215935087E+00,-1.020335773E-04, 3.457793369E-02, 2.678406641E-03, 7.409428947E-02,-2.202713130E-03,-1.083866553E-01,-3.670055487E-02
        17, 7.373425415E-02, 9.029841834E-18, 1.216319704E+00,-1.090228101E-04, 3.439755945E-02, 2.678103713E-03, 8.042479233E-02,-5.858701800E-04,-1.078486108E-01,-3.970076988E-02
        18, 7.878530818E-02, 9.648417548E-18, 1.216724402E+00,-1.079650308E-04, 3.421838220E-02, 2.677900803E-03, 8.042039117E-02, 9.823150054E-04,-1.063300646E-01,-3.961388260E-02
        19, 8.389192379E-02, 1.027379759E-17, 1.217118181E+00,-9.910855283E-05, 3.404086181E-02, 2.677838472E-03, 7.477698869E-02, 2.486932703E-03,-1.036241847E-01,-3.672195187E-02
        20, 8.905471218E-02, 1.090605682E-17, 1.217473683E+00,-8.260046288E-05, 3.386558871E-02, 2.677971014E-03, 6.392534836E-02, 3.981432697E-03,-9.767579485E-02,-3.126687866E-02
        21, 9.427429125E-02, 1.154527090E-17, 1.217767082E+00,-5.883857124E-05, 3.369330070E-02, 2.678366540E-03, 4.865608178E-02, 5.169804839E-03,-8.540639271E-02,-2.351276404E-02
        22, 9.955128568E-02, 1.219151634E-17, 1.217981168E+00,-3.100317221E-05, 3.352489349E-02, 2.679106264E-03, 2.948791793E-02, 4.863536779E-03,-6.330912631E-02,-1.413232707E-02
        23, 1.048863270E-01, 1.284487047E-17, 1.218099582E+00,-7.292197592E-06, 3.336141935E-02, 2.680282867E-03, 9.725649072E-03, 3.854276331E-03,-3.990655522E-02,-4.733270035E-03
        24, 1.102800539E-01, 1.350541150E-17, 1.218104589E+00, 1.068684490E-05, 3.320407273E-02, 2.681998170E-03,-7.987640738E-03, 3.501371626E-03,-3.843261883E-02, 3.995238490E-03
        25, 1.157331117E-01, 1.417321848E-17, 1.217993897E+00, 3.200048043E-05, 3.305418783E-02, 2.684360437E-03,-2.745769995E-02, 4.413518795E-03,-6.184092669E-02, 1.339046387E-02
        26, 1.212461531E-01, 1.484837134E-17, 1.217769134E+00, 6.149522404E-05, 3.291323656E-02, 2.687480944E-03,-5.000333203E-02, 5.893533033E-03,-8.995629850E-02, 2.431608985E-02
        27, 1.268198381E-01, 1.553095087E-17, 1.217421164E+00, 9.588535418E-05, 3.278280249E-02, 2.691469530E-03,-7.380109128E-02, 6.316864818E-03,-1.109108362E-01, 3.619337963E-02
        28, 1.324548335E-01, 1.622103879E-17, 1.216940028E+00, 1.306132903E-04, 3.266455207E-02, 2.696429653E-03,-9.779050129E-02, 6.022557882E-03,-1.237946563E-01, 4.814376401E-02
        29, 1.381518139E-01, 1.691871767E-17, 1.216319945E+00, 1.633864861E-04, 3.256020748E-02, 2.702453413E-03,-1.208867874E-01, 5.534845170E-03,-1.308840415E-01, 5.967645557E-02
        30, 1.439114611E-01, 1.762407102E-17, 1.215560149E+00, 1.940652276E-04, 3.247151964E-02, 2.709616623E-03,-1.431539976E-01, 5.175564452E-03,-1.358639456E-01, 7.074988375E-02
        31, 1.497344644E-01, 1.833718325E-17, 1.214662412E+00, 2.235911091E-04, 3.240023302E-02, 2.717974034E-03,-1.650183948E-01, 4.977855111E-03,-1.410063695E-01, 8.154614790E-02
        32, 1.556215207E-01, 1.905813972E-17, 1.213627290E+00, 2.524515657E-04, 3.234804510E-02, 2.727555035E-03,-1.864317997E-01, 4.822447592E-03,-1.465463131E-01, 9.213212944E-02
        33, 1.615733347E-01, 1.978702671E-17, 1.212454627E+00, 2.806685721E-04, 3.231656950E-02, 2.738360239E-03,-2.073998934E-01, 4.658475461E-03,-1.523940923E-01, 1.024895283E-01
        34, 1.675906186E-01, 2.052393146E-17, 1.211144397E+00, 3.081846831E-04, 3.230730029E-02, 2.750359151E-03,-2.278566682E-01, 4.486552842E-03,-1.584489971E-01, 1.125929966E-01
        35, 1.736740926E-01, 2.126894216E-17, 1.209696978E+00, 3.349759100E-04, 3.232157986E-02, 2.763489219E-03,-2.477958163E-01, 4.333310599E-03,-1.645806301E-01, 1.224296668E-01
        36, 1.798244849E-01, 2.202214798E-17, 1.208112641E+00, 3.611831322E-04, 3.236056951E-02, 2.777656397E-03,-2.671980235E-01, 4.183493098E-03,-1.707617604E-01, 1.319857948E-01
        37, 1.860425314E-01, 2.278363906E-17, 1.206392350E+00, 3.866068081E-04, 3.242522604E-02, 2.792737403E-03,-2.858800069E-01, 3.982283773E-03,-1.763641970E-01, 1.412054214E-01
        38, 1.923289765E-01, 2.355350654E-17, 1.204538105E+00, 4.109396891E-04, 3.251628478E-02, 2.808583500E-03,-3.038475009E-01, 3.773395007E-03,-1.812344091E-01, 1.501035686E-01
        39, 1.986845725E-01, 2.433184257E-17, 1.202550918E+00, 4.343743098E-04, 3.263424578E-02, 2.825025645E-03,-3.213205792E-01, 3.607873517E-03,-1.861156505E-01, 1.587566512E-01
        40, 2.051100800E-01, 2.511874029E-17, 1.200431009E+00, 4.570797689E-04, 3.277936543E-02, 2.841880910E-03,-3.383357967E-01, 3.458333766E-03,-1.911458752E-01, 1.671631132E-01
        41, 2.116062681E-01, 2.591429389E-17, 1.198179022E+00, 4.790507331E-04, 3.295165659E-02, 2.858959679E-03,-3.548028536E-01, 3.306793049E-03,-1.962118225E-01, 1.752953347E-01
        42, 2.181739143E-01, 2.671859858E-17, 1.195796060E+00, 5.002700338E-04, 3.315089641E-02, 2.876073107E-03,-3.706878078E-01, 3.156668950E-03,-2.012364124E-01, 1.831432955E-01
        43, 2.248138046E-01, 2.753175062E-17, 1.193283314E+00, 5.207429047E-04, 3.337663785E-02, 2.893040332E-03,-3.860087765E-01, 3.011556065E-03,-2.061762219E-01, 1.907121073E-01
        44, 2.315267336E-01, 2.835384733E-17, 1.190641910E+00, 5.404979246E-04, 3.362822391E-02, 2.909694952E-03,-4.007875552E-01, 2.878578289E-03,-2.109987292E-01, 1.980153270E-01
        45, 2.383135049E-01, 2.918498710E-17, 1.187872917E+00, 5.596105077E-04, 3.390480440E-02, 2.925890424E-03,-4.150555309E-01, 2.756498940E-03,-2.156987080E-01, 2.050605588E-01
        46, 2.451749307E-01, 3.002526941E-17, 1.184977212E+00, 5.780676055E-04, 3.420535337E-02, 2.941504077E-03,-4.288501671E-01, 2.618553095E-03,-2.202791189E-01, 2.118313358E-01
        47, 2.521118322E-01, 3.087479483E-17, 1.181955573E+00, 5.956604652E-04, 3.452868699E-02, 2.956439620E-03,-4.421811305E-01, 2.450667349E-03,-2.247335890E-01, 2.182990130E-01
        48, 2.591250396E-01, 3.173366503E-17, 1.178808845E+00, 6.122463679E-04, 3.487348286E-02, 2.970628164E-03,-4.550450594E-01, 2.286159202E-03,-2.290826389E-01, 2.244648824E-01
        49, 2.662153922E-01, 3.260198280E-17, 1.175537869E+00, 6.279771805E-04, 3.523829900E-02, 2.984027802E-03,-4.674725225E-01, 2.157907517E-03,-2.333730039E-01, 2.303906572E-01
        50, 2.733837388E-01, 3.347985206E-17, 1.172143181E+00, 6.430924620E-04, 3.562159041E-02, 2.996621966E-03,-4.795363571E-01, 2.062156471E-03,-2.375939676E-01, 2.361920275E-01
        51, 2.806309371E-01, 3.436737789E-17, 1.168624892E+00, 6.577500245E-04, 3.602172245E-02, 3.008416811E-03,-4.912771067E-01, 1.979089126E-03,-2.416893416E-01, 2.418831561E-01
        52, 2.879578547E-01, 3.526466650E-17, 1.164983142E+00, 6.720314505E-04, 3.643698343E-02, 3.019437979E-03,-5.026700294E-01, 1.934457572E-03,-2.456366493E-01, 2.474073677E-01
        53, 2.953653683E-01, 3.617182529E-17, 1.161218343E+00, 6.863302458E-04, 3.686559880E-02, 3.029727021E-03,-5.136904472E-01, 1.926280820E-03,-2.494426006E-01, 2.528024774E-01
        54, 3.028543646E-01, 3.708896282E-17, 1.157331036E+00, 7.006133467E-04, 3.730574177E-02, 3.039337673E-03,-5.243299803E-01, 1.870246395E-03,-2.530985317E-01, 2.580600324E-01
        55, 3.104257398E-01, 3.801618886E-17, 1.153321885E+00, 7.143656219E-04, 3.775554395E-02, 3.048332260E-03,-5.345863170E-01, 1.767233288E-03,-2.565788422E-01, 2.631258364E-01
        56, 3.180804002E-01, 3.895361439E-17, 1.149191588E+00, 7.275012897E-04, 3.821310780E-02, 3.056778373E-03,-5.444659016E-01, 1.667753333E-03,-2.598722240E-01, 2.679956675E-01
        57, 3.258192618E-01, 3.990135161E-17, 1.144940876E+00, 7.400380124E-04, 3.867651598E-02, 3.064745868E-03,-5.539675538E-01, 1.573278820E-03,-2.629700008E-01, 2.726702399E-01
        58, 3.336432509E-01, 4.085951393E-17, 1.140570604E+00, 7.519819293E-04, 3.914384020E-02, 3.072304325E-03,-5.630799485E-01, 1.480744538E-03,-2.658596475E-01, 2.771457217E-01
        59, 3.415533039E-01, 4.182821604E-17, 1.136081792E+00, 7.633310927E-04, 3.961315062E-02, 3.079520988E-03,-5.717886109E-01, 1.389415236E-03,-2.685273670E-01, 2.814165543E-01
        60, 3.495503675E-01, 4.280757387E-17, 1.131475653E+00, 7.740864354E-04, 4.008252528E-02, 3.086459164E-03,-5.800786893E-01, 1.301292221E-03,-2.709592755E-01, 2.854775673E-01
        61, 3.576353987E-01, 4.379770463E-17, 1.126753597E+00, 7.842835449E-04, 4.055005967E-02, 3.093177060E-03,-5.879342937E-01, 1.224667787E-03,-2.731419927E-01, 2.893274538E-01
        62, 3.658093653E-01, 4.479872684E-17, 1.121917259E+00, 7.940271890E-04, 4.101387617E-02, 3.099726998E-03,-5.953359255E-01, 1.161727942E-03,-2.750641516E-01, 2.929710220E-01
        63, 3.740732456E-01, 4.581076029E-17, 1.116968536E+00, 8.033659153E-04, 4.147213303E-02, 3.106154971E-03,-6.022631786E-01, 1.096128227E-03,-2.767174226E-01, 2.964056339E-01
        64, 3.824280285E-01, 4.683392610E-17, 1.111909570E+00, 8.121963757E-04, 4.192303319E-02, 3.112500481E-03,-6.087007221E-01, 1.016698507E-03,-2.780956992E-01, 2.996140308E-01
        65, 3.908747141E-01, 4.786834674E-17, 1.106742715E+00, 8.204143535E-04, 4.236483376E-02, 3.118796606E-03,-6.146386272E-01, 9.304830011E-04,-2.791939188E-01, 3.025814499E-01
        66, 3.994143131E-01, 4.891414601E-17, 1.101470514E+00, 8.279852107E-04, 4.279585484E-02, 3.125070245E-03,-6.200670986E-01, 8.433917431E-04,-2.800079769E-01, 3.053009956E-01
        67, 4.080478478E-01, 4.997144907E-17, 1.096095714E+00, 8.348862777E-04, 4.321448750E-02, 3.131342482E-03,-6.249779470E-01, 7.564361811E-04,-2.805351613E-01, 3.077667878E-01
        68, 4.167763514E-01, 5.104038247E-17, 1.090621242E+00, 8.411065451E-04, 4.361920108E-02, 3.137629041E-03,-6.293603924E-01, 6.691776840E-04,-2.807762531E-01, 3.099754325E-01
        69, 4.256008685E-01, 5.212107413E-17, 1.085050234E+00, 8.466221726E-04, 4.400855044E-02, 3.143940811E-03,-6.332213293E-01, 5.833609578E-04,-2.807374399E-01, 3.119298561E-01
        70, 4.345224552E-01, 5.321365340E-17, 1.079385800E+00, 8.514313437E-04, 4.438118199E-02, 3.150284390E-03,-6.365748856E-01, 4.917617776E-04,-2.804177585E-01, 3.136554764E-01
        71, 4.435421795E-01, 5.431825104E-17, 1.073631261E+00, 8.554256670E-04, 4.473583695E-02, 3.156662650E-03,-6.393715746E-01, 3.956855702E-04,-2.798020985E-01, 3.150950845E-01
        72, 4.526611207E-01, 5.543499925E-17, 1.067790607E+00, 8.586476771E-04, 4.507136044E-02, 3.163075311E-03,-6.415955476E-01, 3.172145379E-04,-2.788950526E-01, 3.162445315E-01
        73, 4.618803702E-01, 5.656403170E-17, 1.061867569E+00, 8.612660258E-04, 4.538670570E-02, 3.169519376E-03,-6.433235969E-01, 2.486846907E-04,-2.777311328E-01, 3.171703481E-01
        74, 4.712010315E-01, 5.770548350E-17, 1.055865429E+00, 8.632385947E-04, 4.568092844E-02, 3.175989519E-03,-6.445836591E-01, 1.748091639E-04,-2.763315221E-01, 3.178567475E-01
        75, 4.806242201E-01, 5.885949128E-17, 1.049787719E+00, 8.645323730E-04, 4.595318797E-02, 3.182478599E-03,-6.453540896E-01, 1.009637726E-04,-2.746969931E-01, 3.182983502E-01
        76, 4.901510638E-01, 6.002619313E-17, 1.043638188E+00, 8.651510567E-04, 4.620275123E-02, 3.188978140E-03,-6.456323017E-01, 2.980622993E-05,-2.728302612E-01, 3.184963204E-01
        77, 4.997827027E-01, 6.120572871E-17, 1.037420690E+00, 8.651058514E-04, 4.642899391E-02, 3.195478706E-03,-6.454266704E-01,-3.824200527E-05,-2.707395198E-01, 3.184547705E-01
        78, 5.095202896E-01, 6.239823918E-17, 1.031139120E+00, 8.644151705E-04, 4.663139950E-02, 3.201970201E-03,-6.447500443E-01,-1.027096524E-04,-2.684365461E-01, 3.181799667E-01
        79, 5.193649901E-01, 6.360386727E-17, 1.024797383E+00, 8.631006794E-04, 4.680955734E-02, 3.208442135E-03,-6.436178022E-01,-1.634534738E-04,-2.659344007E-01, 3.176793322E-01
        80, 5.293179822E-01, 6.482275726E-17, 1.018399364E+00, 8.611859167E-04, 4.696315978E-02, 3.214883854E-03,-6.420464677E-01,-2.205074534E-04,-2.632466501E-01, 3.169606455E-01
        81, 5.393804572E-01, 6.605505504E-17, 1.011948920E+00, 8.586945123E-04, 4.709199884E-02, 3.221284731E-03,-6.400543372E-01,-2.738077033E-04,-2.603866579E-01, 3.160323395E-01
        82, 5.495536195E-01, 6.730090810E-17, 1.005449854E+00, 8.556520956E-04, 4.719596231E-02, 3.227634337E-03,-6.376606419E-01,-3.236944081E-04,-2.573686545E-01, 3.149036132E-01
        83, 5.598386865E-01, 6.856046555E-17, 9.989059166E-01, 8.520786041E-04, 4.727502938E-02, 3.233922581E-03,-6.348816331E-01,-3.706015774E-04,-2.542056679E-01, 3.135823980E-01
        84, 5.702368893E-01, 6.983387812E-17, 9.923208291E-01, 8.479962655E-04, 4.732926630E-02, 3.240139826E-03,-6.317344047E-01,-4.137034436E-04,-2.509089132E-01, 3.120770930E-01
        85, 5.807494723E-01, 7.112129824E-17, 9.856982369E-01, 8.434390432E-04, 4.735882148E-02, 3.246276969E-03,-6.282399726E-01,-4.526821282E-04,-2.474923286E-01, 3.103979895E-01
        86, 5.913776937E-01, 7.242287997E-17, 9.790416840E-01, 8.384367851E-04, 4.736391992E-02, 3.252325494E-03,-6.244206306E-01,-4.879594106E-04,-2.439699641E-01, 3.085559033E-01
        87, 6.021228256E-01, 7.373877910E-17, 9.723546020E-01, 8.330190023E-04, 4.734485744E-02, 3.258277515E-03,-6.202958697E-01,-5.200998771E-04,-2.403556740E-01, 3.065605396E-01
        88, 6.129861539E-01, 7.506915313E-17, 9.656403424E-01, 8.272082835E-04, 4.730199527E-02, 3.264125804E-03,-6.158862704E-01,-5.488695997E-04,-2.366597095E-01, 3.044220308E-01
        89, 6.239689788E-01, 7.641416127E-17, 9.589021255E-01, 8.210371080E-04, 4.723575440E-02, 3.269863806E-03,-6.112095369E-01,-5.750501184E-04,-2.328951334E-01, 3.021488597E-01
        90, 6.350726148E-01, 7.777396449E-17, 9.521431109E-01, 8.145207652E-04, 4.714661040E-02, 3.275485648E-03,-6.062871391E-01,-5.969866035E-04,-2.290676953E-01, 2.997508698E-01
        91, 6.462983908E-01, 7.914872556E-17, 9.453662565E-01, 8.077131081E-04, 4.703508854E-02, 3.280986135E-03,-6.011470081E-01,-6.166577182E-04,-2.251914152E-01, 2.972382652E-01
        92, 6.576476503E-01, 8.053860899E-17, 9.385744179E-01, 8.005937028E-04, 4.690175566E-02, 3.286360720E-03,-5.957836857E-01,-6.384851307E-04,-2.212794368E-01, 2.946092900E-01
        93, 6.691217517E-01, 8.194378115E-17, 9.317707095E-01, 7.931587805E-04, 4.674721839E-02, 3.291605550E-03,-5.902003554E-01,-6.550512772E-04,-2.173314301E-01, 2.918763111E-01
        94, 6.807220682E-01, 8.336441019E-17, 9.249579750E-01, 7.855029731E-04, 4.657212131E-02, 3.296717430E-03,-5.844436691E-01,-6.652108575E-04,-2.133615291E-01, 2.890618463E-01
        95, 6.924499882E-01, 8.480066616E-17, 9.181386503E-01, 7.776476087E-04, 4.637713620E-02, 3.301693662E-03,-5.785427079E-01,-6.742220998E-04,-2.093835545E-01, 2.861738452E-01
        96, 7.043069153E-01, 8.625272094E-17, 9.113151028E-01, 7.696054965E-04, 4.616295569E-02, 3.306532035E-03,-5.725041334E-01,-6.823002749E-04,-2.054044280E-01, 2.832158384E-01
        97, 7.162942686E-01, 8.772074832E-17, 9.044896672E-01, 7.613829332E-04, 4.593029081E-02, 3.311230862E-03,-5.663356660E-01,-6.893532224E-04,-2.014270780E-01, 2.801910203E-01
        98, 7.284134827E-01, 8.920492401E-17, 8.976646459E-01, 7.529941735E-04, 4.567986834E-02, 3.315788975E-03,-5.600473996E-01,-6.947942176E-04,-1.974554312E-01, 2.771046093E-01
        99, 7.406660083E-01, 9.070542563E-17, 8.908422669E-01, 7.444560933E-04, 4.541242735E-02, 3.320205683E-03,-5.536506460E-01,-6.988266493E-04,-1.934951230E-01, 2.739622409E-01
       100, 7.530533116E-01, 9.222243276E-17, 8.840246926E-01, 7.357818235E-04, 4.512871570E-02, 3.324480739E-03,-5.471561168E-01,-7.015127035E-04,-1.895511735E-01, 2.707695364E-01
       101, 7.655768753E-01, 9.375612698E-17, 8.772140049E-01, 7.269884249E-04, 4.482948692E-02, 3.328614297E-03,-5.405751398E-01,-7.026853715E-04,-1.856285997E-01, 2.675327897E-01
       102, 7.782381981E-01, 9.530669183E-17, 8.704121929E-01, 7.180932525E-04, 4.451549716E-02, 3.332606881E-03,-5.339217596E-01,-7.021753411E-04,-1.817318408E-01, 2.642590952E-01
       103, 7.910387955E-01, 9.687431289E-17, 8.636211083E-01, 7.091169550E-04, 4.418750190E-02, 3.336459329E-03,-5.272087102E-01,-7.004459673E-04,-1.778665010E-01, 2.609546651E-01
       104, 8.039801995E-01, 9.845917779E-17, 8.568425164E-01, 7.000704092E-04, 4.384625297E-02, 3.340172766E-03,-5.204476184E-01,-6.971757882E-04,-1.740356131E-01, 2.576248143E-01
       105, 8.170639589E-01, 1.000614762E-16, 8.500780516E-01, 6.909778325E-04, 4.349249663E-02, 3.343748584E-03,-5.136535731E-01,-6.930862913E-04,-1.702440995E-01, 2.542777737E-01
       106, 8.302916397E-01, 1.016813999E-16, 8.433292375E-01, 6.818344892E-04, 4.312696970E-02, 3.347188385E-03,-5.068265485E-01,-6.896411427E-04,-1.664945217E-01, 2.509134412E-01
       107, 8.436648250E-01, 1.033191427E-16, 8.365977199E-01, 6.726421019E-04, 4.275039911E-02, 3.350494008E-03,-4.999660043E-01,-6.844160517E-04,-1.627862495E-01, 2.475320065E-01
       108, 8.571851153E-01, 1.049749008E-16, 8.298850195E-01, 6.634397484E-04, 4.236350267E-02, 3.353667515E-03,-4.930924949E-01,-6.770646236E-04,-1.591253159E-01, 2.441438856E-01
       109, 8.708541288E-01, 1.066488721E-16, 8.231924053E-01, 6.542383449E-04, 4.196698467E-02, 3.356711077E-03,-4.862217864E-01,-6.692583677E-04,-1.555158952E-01, 2.407559869E-01
       110, 8.846735014E-01, 1.083412572E-16, 8.165210675E-01, 6.450462494E-04, 4.156153308E-02, 3.359626942E-03,-4.793587588E-01,-6.611908903E-04,-1.519593792E-01, 2.373712161E-01
       111, 8.986448871E-01, 1.100522585E-16, 8.098721516E-01, 6.358654479E-04, 4.114781913E-02, 3.362417466E-03,-4.725066362E-01,-6.531333769E-04,-1.484557998E-01, 2.339909034E-01
       112, 9.127699581E-01, 1.117820808E-16, 8.032467913E-01, 6.266984143E-04, 4.072649714E-02, 3.365085122E-03,-4.656672060E-01,-6.449060578E-04,-1.450053826E-01, 2.306161113E-01
       113, 9.270504049E-01, 1.135309311E-16, 7.966461039E-01, 6.175509061E-04, 4.029820440E-02, 3.367632494E-03,-4.588444141E-01,-6.362344825E-04,-1.416086655E-01, 2.272488181E-01
       114, 9.414879366E-01, 1.152990188E-16, 7.900711476E-01, 6.084321704E-04, 3.986356081E-02, 3.370062255E-03,-4.520443189E-01,-6.270075550E-04,-1.382667468E-01, 2.238920089E-01
       115, 9.560842811E-01, 1.170865555E-16, 7.835229072E-01, 5.993514125E-04, 3.942316819E-02, 3.372377142E-03,-4.452741344E-01,-6.172358431E-04,-1.349806673E-01, 2.205492143E-01
       116, 9.708411854E-01, 1.188937550E-16, 7.770022793E-01, 5.903168860E-04, 3.897760937E-02, 3.374579925E-03,-4.385391591E-01,-6.074698499E-04,-1.317519575E-01, 2.172231064E-01
       117, 9.857604157E-01, 1.207208338E-16, 7.705101315E-01, 5.813262096E-04, 3.852744736E-02, 3.376673392E-03,-4.318391980E-01,-5.978373109E-04,-1.285806458E-01, 2.139138682E-01
       118, 1.000843758E+00, 1.225680104E-16, 7.640473437E-01, 5.723858103E-04, 3.807322602E-02, 3.378660363E-03,-4.251772956E-01,-5.875654627E-04,-1.254665217E-01, 2.106235640E-01
       119, 1.016093016E+00, 1.244355060E-16, 7.576146954E-01, 5.635094980E-04, 3.761547051E-02, 3.380543672E-03,-4.185627042E-01,-5.767022734E-04,-1.224108329E-01, 2.073564613E-01
       120, 1.031510016E+00, 1.263235440E-16, 7.512128468E-01, 5.547036989E-04, 3.715468588E-02, 3.382326114E-03,-4.120014327E-01,-5.657733624E-04,-1.194143936E-01, 2.041151256E-01
       121, 1.047096604E+00, 1.282323504E-16, 7.448424126E-01, 5.459702631E-04, 3.669135650E-02, 3.384010442E-03,-4.054949825E-01,-5.550048493E-04,-1.164768864E-01, 2.009002793E-01
       122, 1.062854644E+00, 1.301621537E-16, 7.385039930E-01, 5.373088693E-04, 3.622594657E-02, 3.385599386E-03,-3.990433439E-01,-5.444245753E-04,-1.135974819E-01, 1.977119019E-01
       123, 1.078786022E+00, 1.321131849E-16, 7.321981861E-01, 5.287205991E-04, 3.575890093E-02, 3.387095675E-03,-3.926475156E-01,-5.337557155E-04,-1.107753029E-01, 1.945505799E-01
       124, 1.094892646E+00, 1.340856774E-16, 7.259255526E-01, 5.202110951E-04, 3.529064574E-02, 3.388502026E-03,-3.863110649E-01,-5.230374915E-04,-1.080102441E-01, 1.914181664E-01
       125, 1.111176442E+00, 1.360798673E-16, 7.196866005E-01, 5.117805582E-04, 3.482158819E-02, 3.389821124E-03,-3.800344899E-01,-5.125935303E-04,-1.053022331E-01, 1.883150198E-01
       126, 1.127639360E+00, 1.380959933E-16, 7.134818579E-01, 5.034283765E-04, 3.435211682E-02, 3.391055620E-03,-3.738171900E-01,-5.020631405E-04,-1.026503240E-01, 1.852411458E-01
       127, 1.144283370E+00, 1.401342967E-16, 7.073118137E-01, 4.951628780E-04, 3.388260268E-02, 3.392208151E-03,-3.676635704E-01,-4.912602709E-04,-1.000544696E-01, 1.821987211E-01
       128, 1.161110464E+00, 1.421950214E-16, 7.011768648E-01, 4.869881987E-04, 3.341339923E-02, 3.393281308E-03,-3.615784089E-01,-4.804401502E-04,-9.751458807E-02, 1.791897597E-01
       129, 1.178122657E+00, 1.442784141E-16, 6.950773515E-01, 4.789066889E-04, 3.294484191E-02, 3.394277610E-03,-3.555629869E-01,-4.698180028E-04,-9.503034511E-02, 1.762149315E-01
       130, 1.195321983E+00, 1.463847241E-16, 6.890136027E-01, 4.709163473E-04, 3.247724850E-02, 3.395199512E-03,-3.496165688E-01,-4.594024217E-04,-9.260061725E-02, 1.732738491E-01
       131, 1.212710502E+00, 1.485142035E-16, 6.829859460E-01, 4.630186159E-04, 3.201092009E-02, 3.396049424E-03,-3.437395008E-01,-4.491066376E-04,-9.022452610E-02, 1.703667951E-01
       132, 1.230290295E+00, 1.506671072E-16, 6.769946829E-01, 4.552130366E-04, 3.154614164E-02, 3.396829709E-03,-3.379317780E-01,-4.390533977E-04,-8.790138199E-02, 1.674937811E-01
       133, 1.248063465E+00, 1.528436928E-16, 6.710401198E-01, 4.474988532E-04, 3.108318239E-02, 3.397542686E-03,-3.321927214E-01,-4.290745329E-04,-8.563024375E-02, 1.646546653E-01
       134, 1.266032141E+00, 1.550442209E-16, 6.651225413E-01, 4.398799500E-04, 3.062229683E-02, 3.398190635E-03,-3.265244234E-01,-4.190353159E-04,-8.341047104E-02, 1.618505113E-01
       135, 1.284198472E+00, 1.572689548E-16, 6.592421691E-01, 4.323590674E-04, 3.016372497E-02, 3.398775792E-03,-3.209293465E-01,-4.090879313E-04,-8.124163672E-02, 1.590823710E-01
       136, 1.302564632E+00, 1.595181607E-16, 6.533991883E-01, 4.249363778E-04, 2.970769222E-02, 3.399300315E-03,-3.154078372E-01,-3.993170823E-04,-7.912303084E-02, 1.563503965E-01
       137, 1.321132820E+00, 1.617921080E-16, 6.475937714E-01, 4.176116974E-04, 2.925440992E-02, 3.399766296E-03,-3.099597402E-01,-3.897449364E-04,-7.705374791E-02, 1.536544927E-01
       138, 1.339905258E+00, 1.640910686E-16, 6.418260772E-01, 4.103839070E-04, 2.880407595E-02, 3.400175779E-03,-3.045843147E-01,-3.804278644E-04,-7.503291026E-02, 1.509942871E-01
       139, 1.358884194E+00, 1.664153178E-16, 6.360962699E-01, 4.032514959E-04, 2.835687527E-02, 3.400530746E-03,-2.992805312E-01,-3.712535257E-04,-7.305947089E-02, 1.483693678E-01
       140, 1.378071897E+00, 1.687651338E-16, 6.304045025E-01, 3.962164460E-04, 2.791298080E-02, 3.400833146E-03,-2.940492344E-01,-3.621251010E-04,-7.113265456E-02, 1.457801962E-01
       141, 1.397470665E+00, 1.711407977E-16, 6.247508839E-01, 3.892799114E-04, 2.747255376E-02, 3.401084891E-03,-2.888915352E-01,-3.531338549E-04,-6.925184067E-02, 1.432272279E-01
       142, 1.417082820E+00, 1.735425939E-16, 6.191355003E-01, 3.824415405E-04, 2.703574382E-02, 3.401287830E-03,-2.838073880E-01,-3.443190009E-04,-6.741618882E-02, 1.407104533E-01
       143, 1.436910708E+00, 1.759708099E-16, 6.135584243E-01, 3.757007814E-04, 2.660268942E-02, 3.401443762E-03,-2.787960908E-01,-3.357299189E-04,-6.562485334E-02, 1.382295766E-01
       144, 1.456956703E+00, 1.784257363E-16, 6.080197294E-01, 3.690556966E-04, 2.617351833E-02, 3.401554437E-03,-2.738564150E-01,-3.273303590E-04,-6.387682311E-02, 1.357840871E-01
       145, 1.477223204E+00, 1.809076668E-16, 6.025194891E-01, 3.625067558E-04, 2.574834832E-02, 3.401621549E-03,-2.689881931E-01,-3.190389122E-04,-6.217123724E-02, 1.333739380E-01
       146, 1.497712636E+00, 1.834168986E-16, 5.970577482E-01, 3.560542711E-04, 2.532728768E-02, 3.401646747E-03,-2.641919374E-01,-3.108872624E-04,-6.050735913E-02, 1.309992630E-01
       147, 1.518427452E+00, 1.859537319E-16, 5.916345295E-01, 3.496979173E-04, 2.491043546E-02, 3.401631635E-03,-2.594675068E-01,-3.029059856E-04,-5.888442559E-02, 1.286599947E-01
       148, 1.539370132E+00, 1.885184704E-16, 5.862498445E-01, 3.434368013E-04, 2.449788168E-02, 3.401577764E-03,-2.548141192E-01,-2.951200312E-04,-5.730161427E-02, 1.263558114E-01
       149, 1.560543180E+00, 1.911114211E-16, 5.809037029E-01, 3.372697138E-04, 2.408970786E-02, 3.401486633E-03,-2.502309528E-01,-2.874963238E-04,-5.575801117E-02, 1.240863098E-01
       150, 1.581949133E+00, 1.937328942E-16, 5.755961047E-01, 3.311966067E-04, 2.368598753E-02, 3.401359710E-03,-2.457177321E-01,-2.800122748E-04,-5.425282476E-02, 1.218513262E-01
       151, 1.603590550E+00, 1.963832034E-16, 5.703270329E-01, 3.252168882E-04, 2.328678660E-02, 3.401198431E-03,-2.412742203E-01,-2.726865958E-04,-5.278528332E-02, 1.196507215E-01
       152, 1.625470023E+00, 1.990626661E-16, 5.650964583E-01, 3.193298863E-04, 2.289216358E-02, 3.401004184E-03,-2.368998225E-01,-2.655311586E-04,-5.135459383E-02, 1.174842477E-01
       153, 1.647590171E+00, 2.017716029E-16, 5.599043450E-01, 3.135344893E-04, 2.250216994E-02, 3.400778318E-03,-2.325937520E-01,-2.585360400E-04,-4.995990867E-02, 1.153515460E-01
       154, 1.669953640E+00, 2.045103380E-16, 5.547506503E-01, 3.078302495E-04, 2.211685051E-02, 3.400522141E-03,-2.283556347E-01,-2.516773822E-04,-4.860042903E-02, 1.132524016E-01
       155, 1.692563107E+00, 2.072791992E-16, 5.496353133E-01, 3.022166381E-04, 2.173624392E-02, 3.400236926E-03,-2.241851802E-01,-2.449748163E-04,-4.727541766E-02, 1.111866373E-01
       156, 1.715421279E+00, 2.100785178E-16, 5.445582640E-01, 2.966924940E-04, 2.136038273E-02, 3.399923906E-03,-2.200814719E-01,-2.384444170E-04,-4.598423427E-02, 1.091538218E-01
       157, 1.738530890E+00, 2.129086290E-16, 5.395194326E-01, 2.912566689E-04, 2.098929376E-02, 3.399584279E-03,-2.160437318E-01,-2.320597311E-04,-4.472614539E-02, 1.071535336E-01
       158, 1.761894707E+00, 2.157698713E-16, 5.345187379E-01, 2.859086679E-04, 2.062299842E-02, 3.399219209E-03,-2.120714817E-01,-2.258181520E-04,-4.350037899E-02, 1.051855063E-01
       159, 1.785515526E+00, 2.186625874E-16, 5.295560907E-01, 2.806473654E-04, 2.026151303E-02, 3.398829827E-03,-2.081639066E-01,-2.197297768E-04,-4.230606002E-02, 1.032494391E-01
       160, 1.809396174E+00, 2.215871233E-16, 5.246314005E-01, 2.754718445E-04, 1.990484902E-02, 3.398417226E-03,-2.043200356E-01,-2.137900700E-04,-4.114242683E-02, 1.013449717E-01
       161, 1.833539509E+00, 2.245438291E-16, 5.197445748E-01, 2.703809677E-04, 1.955301325E-02, 3.397982465E-03,-2.005391030E-01,-2.079960648E-04,-4.000886601E-02, 9.947169715E-02
       162, 1.857948421E+00, 2.275330587E-16, 5.148955132E-01, 2.653738526E-04, 1.920600830E-02, 3.397526574E-03,-1.968205412E-01,-2.023387057E-04,-3.890474387E-02, 9.762925772E-02
       163, 1.882625831E+00, 2.305551698E-16, 5.100841060E-01, 2.604495822E-04, 1.886383262E-02, 3.397050553E-03,-1.931637267E-01,-1.968145651E-04,-3.782933365E-02, 9.581731015E-02
       164, 1.907574692E+00, 2.336105241E-16, 5.053102375E-01, 2.556073135E-04, 1.852648085E-02, 3.396555377E-03,-1.895678949E-01,-1.914248144E-04,-3.678192308E-02, 9.403552964E-02
       165, 1.932797991E+00, 2.366994873E-16, 5.005737871E-01, 2.508459889E-04, 1.819394398E-02, 3.396041994E-03,-1.860323135E-01,-1.861689195E-04,-3.576182559E-02, 9.228355122E-02
       166, 1.958298746E+00, 2.398224291E-16, 4.958746273E-01, 2.461646947E-04, 1.786620965E-02, 3.395511330E-03,-1.825563872E-01,-1.810382441E-04,-3.476840895E-02, 9.056106064E-02
       167, 1.984080010E+00, 2.429797233E-16, 4.912126225E-01, 2.415625368E-04, 1.754326226E-02, 3.394964279E-03,-1.791393171E-01,-1.760380717E-04,-3.380112764E-02, 8.886769034E-02
       168, 2.010144867E+00, 2.461717477E-16, 4.865876366E-01, 2.370383408E-04, 1.722508323E-02, 3.394401710E-03,-1.757803360E-01,-1.711652238E-04,-3.285939010E-02, 8.720302745E-02
       169, 2.036496438E+00, 2.493988844E-16, 4.819995249E-01, 2.325912109E-04, 1.691165114E-02, 3.393824462E-03,-1.724788196E-01,-1.664140276E-04,-3.194258647E-02, 8.556675042E-02
       170, 2.063137876E+00, 2.526615196E-16, 4.774481389E-01, 2.282200651E-04, 1.660294191E-02, 3.393233354E-03,-1.692338279E-01,-1.617860899E-04,-3.105011972E-02, 8.395842183E-02
       171, 2.090072370E+00, 2.559600438E-16, 4.729333313E-01, 2.239238973E-04, 1.629892901E-02, 3.392629177E-03,-1.660446601E-01,-1.572732358E-04,-3.018132057E-02, 8.237769978E-02
       172, 2.117303143E+00, 2.592948517E-16, 4.684549444E-01, 2.197018011E-04, 1.599958360E-02, 3.392012702E-03,-1.629106238E-01,-1.528776706E-04,-2.933559886E-02, 8.082424114E-02
       173, 2.144833455E+00, 2.626663425E-16, 4.640128220E-01, 2.155526225E-04, 1.570487469E-02, 3.391384681E-03,-1.598307752E-01,-1.485962252E-04,-2.851242465E-02, 7.929761738E-02
       174, 2.172666600E+00, 2.660749197E-16, 4.596068047E-01, 2.114754826E-04, 1.541476934E-02, 3.390745838E-03,-1.568045574E-01,-1.444238234E-04,-2.771127151E-02, 7.779750207E-02
       175, 2.200805910E+00, 2.695209913E-16, 4.552367220E-01, 2.074693343E-04, 1.512923273E-02, 3.390096879E-03,-1.538313539E-01,-1.403586556E-04,-2.693162823E-02, 7.632355584E-02
       176, 2.229254752E+00, 2.730049697E-16, 4.509024014E-01, 2.035332983E-04, 1.484822832E-02, 3.389438489E-03,-1.509104394E-01,-1.363983707E-04,-2.617300169E-02, 7.487541395E-02
       177, 2.258016532E+00, 2.765272718E-16, 4.466036645E-01, 1.996663183E-04, 1.457171797E-02, 3.388771325E-03,-1.480410257E-01,-1.325427718E-04,-2.543478870E-02, 7.345269711E-02
       178, 2.287094691E+00, 2.800883192E-16, 4.423403353E-01, 1.958674280E-04, 1.429966205E-02, 3.388096024E-03,-1.452221981E-01,-1.287900757E-04,-2.471644134E-02, 7.205499933E-02
       179, 2.316492709E+00, 2.836885382E-16, 4.381122366E-01, 1.921355191E-04, 1.403201962E-02, 3.387413208E-03,-1.424532890E-01,-1.251414808E-04,-2.401745138E-02, 7.068198037E-02
       180, 2.346214107E+00, 2.873283596E-16, 4.339191867E-01, 1.884694828E-04, 1.376874848E-02, 3.386723478E-03,-1.397334167E-01,-1.215934234E-04,-2.333737065E-02, 6.933322453E-02
       181, 2.376262439E+00, 2.910082190E-16, 4.297610111E-01, 1.848682499E-04, 1.350980531E-02, 3.386027413E-03,-1.370616170E-01,-1.181444625E-04,-2.267576735E-02, 6.800828041E-02
       182, 2.406641303E+00, 2.947285568E-16, 4.256375346E-01, 1.813307366E-04, 1.325514578E-02, 3.385325575E-03,-1.344371826E-01,-1.147856180E-04,-2.203213804E-02, 6.670681571E-02
       183, 2.437354335E+00, 2.984898184E-16, 4.215485798E-01, 1.778562032E-04, 1.300472464E-02, 3.384618505E-03,-1.318593865E-01,-1.115110133E-04,-2.140600417E-02, 6.542850674E-02
       184, 2.468405209E+00, 3.022924539E-16, 4.174939670E-01, 1.744437721E-04, 1.275849584E-02, 3.383906729E-03,-1.293276488E-01,-1.083214044E-04,-2.079685457E-02, 6.417304639E-02
       185, 2.499797644E+00, 3.061369183E-16, 4.134735079E-01, 1.710926050E-04, 1.251641265E-02, 3.383190764E-03,-1.268414870E-01,-1.052175338E-04,-2.020426094E-02, 6.294014228E-02
       186, 2.531535395E+00, 3.100236719E-16, 4.094870089E-01, 1.678016737E-04, 1.227842767E-02, 3.382471104E-03,-1.244001781E-01,-1.022007540E-04,-1.962788043E-02, 6.172941429E-02
       187, 2.563622262E+00, 3.139531797E-16, 4.055342778E-01, 1.645699908E-04, 1.204449291E-02, 3.381748228E-03,-1.220029249E-01,-9.926704540E-05,-1.906735328E-02, 6.054048229E-02
       188, 2.596062084E+00, 3.179259122E-16, 4.016151225E-01, 1.613966178E-04, 1.181455987E-02, 3.381022592E-03,-1.196490083E-01,-9.641281731E-05,-1.852221814E-02, 5.937300482E-02
       189, 2.628858744E+00, 3.219423446E-16, 3.977293497E-01, 1.582806635E-04, 1.158857962E-02, 3.380294629E-03,-1.173377840E-01,-9.363667637E-05,-1.799205056E-02, 5.822666107E-02
       190, 2.662016168E+00, 3.260029579E-16, 3.938767631E-01, 1.552211852E-04, 1.136650287E-02, 3.379564765E-03,-1.150685925E-01,-9.093777050E-05,-1.747648002E-02, 5.710111607E-02
       191, 2.695538323E+00, 3.301082379E-16, 3.900571675E-01, 1.522172669E-04, 1.114827999E-02, 3.378833405E-03,-1.128405852E-01,-8.831301802E-05,-1.697513545E-02, 5.599600354E-02
       192, 2.729429221E+00, 3.342586759E-16, 3.862703719E-01, 1.492680591E-04, 1.093386114E-02, 3.378100940E-03,-1.106531132E-01,-8.575673319E-05,-1.648762097E-02, 5.491103481E-02
       193, 2.763692920E+00, 3.384547688E-16, 3.825161778E-01, 1.463728342E-04, 1.072319632E-02, 3.377367748E-03,-1.085057913E-01,-8.327023154E-05,-1.601356257E-02, 5.384591337E-02
       194, 2.798333519E+00, 3.426970187E-16, 3.787943804E-01, 1.435305919E-04, 1.051623538E-02, 3.376634195E-03,-1.063979021E-01,-8.085840104E-05,-1.555263717E-02, 5.280026565E-02
       195, 2.833355165E+00, 3.469859334E-16, 3.751047818E-01, 1.407403149E-04, 1.031292808E-02, 3.375900634E-03,-1.043286057E-01,-7.851385949E-05,-1.510452776E-02, 5.177376438E-02
       196, 2.868762049E+00, 3.513220261E-16, 3.714471843E-01, 1.380012938E-04, 1.011322416E-02, 3.375167392E-03,-1.022973871E-01,-7.622860832E-05,-1.466887530E-02, 5.076616053E-02
       197, 2.904558409E+00, 3.557058159E-16, 3.678213833E-01, 1.353128380E-04, 9.917073358E-03, 3.374434788E-03,-1.003037682E-01,-7.400701609E-05,-1.424533550E-02, 4.977713293E-02
       198, 2.940748529E+00, 3.601378273E-16, 3.642271734E-01, 1.326739496E-04, 9.724425461E-03, 3.373703126E-03,-9.834696324E-02,-7.185522161E-05,-1.383359376E-02, 4.880630071E-02
       199, 2.977336740E+00, 3.646185909E-16, 3.606643578E-01, 1.300835811E-04, 9.535230334E-03, 3.372972689E-03,-9.642610965E-02,-6.976239088E-05,-1.343332813E-02, 4.785337286E-02
       200, 3.014327421E+00, 3.691486428E-16, 3.571327427E-01, 1.275411997E-04, 9.349437989E-03, 3.372243746E-03,-9.454075996E-02,-6.772307314E-05,-1.304424921E-02, 4.691810568E-02
       201, 3.051725000E+00, 3.737285253E-16, 3.536321234E-01, 1.250460013E-04, 9.166998608E-03, 3.371516549E-03,-9.269048577E-02,-6.574178313E-05,-1.266605910E-02, 4.600020019E-02
       202, 3.089533952E+00, 3.783587866E-16, 3.501622962E-01, 1.225971813E-04, 8.987862560E-03, 3.370791336E-03,-9.087466390E-02,-6.381795380E-05,-1.229847671E-02, 4.509932051E-02
       203, 3.127758803E+00, 3.830399807E-16, 3.467230568E-01, 1.201938469E-04, 8.811980437E-03, 3.370068328E-03,-8.909263652E-02,-6.195298246E-05,-1.194122118E-02, 4.421514850E-02
       204, 3.166404127E+00, 3.877726679E-16, 3.433142052E-01, 1.178351207E-04, 8.639303084E-03, 3.369347734E-03,-8.734377015E-02,-6.013458997E-05,-1.159400012E-02, 4.334745215E-02
       205, 3.205474550E+00, 3.925574147E-16, 3.399355390E-01, 1.155206770E-04, 8.469781652E-03, 3.368629749E-03,-8.562767310E-02,-5.836554569E-05,-1.125655439E-02, 4.249599146E-02
       206, 3.244974747E+00, 3.973947937E-16, 3.365868495E-01, 1.132494687E-04, 8.303367593E-03, 3.367914561E-03,-8.394377013E-02,-5.664998208E-05,-1.092861231E-02, 4.166050105E-02
       207, 3.284909446E+00, 4.022853839E-16, 3.332679339E-01, 1.110208958E-04, 8.140012674E-03, 3.367202342E-03,-8.229147752E-02,-5.498078420E-05,-1.060993439E-02, 4.084068605E-02
       208, 3.325283428E+00, 4.072297706E-16, 3.299785862E-01, 1.088341365E-04, 7.979668993E-03, 3.366493251E-03,-8.067014844E-02,-5.336664817E-05,-1.030026712E-02, 4.003618434E-02
       209, 3.366101523E+00, 4.122285455E-16, 3.267186110E-01, 1.066881520E-04, 7.822289015E-03, 3.365787435E-03,-7.907912007E-02,-5.179612075E-05,-9.999327787E-03, 3.924673208E-02
       210, 3.407368617E+00, 4.172823070E-16, 3.234878086E-01, 1.045826655E-04, 7.667825628E-03, 3.365085034E-03,-7.751807344E-02,-5.026705688E-05,-9.706886837E-03, 3.847214815E-02
       211, 3.449089649E+00, 4.223916598E-16, 3.202859745E-01, 1.025167448E-04, 7.516232125E-03, 3.364386174E-03,-7.598640879E-02,-4.878334287E-05,-9.422725122E-03, 3.771218186E-02
       212, 3.491269612E+00, 4.275572155E-16, 3.171129122E-01, 1.004898718E-04, 7.367462214E-03, 3.363690971E-03,-7.448361500E-02,-4.734094265E-05,-9.146649039E-03, 3.696654706E-02
       213, 3.533913555E+00, 4.327795923E-16, 3.139684182E-01, 9.850122491E-05, 7.221470031E-03, 3.362999525E-03,-7.300915658E-02,-4.594399379E-05,-8.878434307E-03, 3.623494600E-02
       214, 3.577026581E+00, 4.380594153E-16, 3.108522989E-01, 9.655007767E-05, 7.078210157E-03, 3.362311928E-03,-7.156247959E-02,-4.458231323E-05,-8.617840624E-03, 3.551715178E-02
       215, 3.620613851E+00, 4.433973163E-16, 3.077643510E-01, 9.463612458E-05, 6.937637674E-03, 3.361628264E-03,-7.014348833E-02,-4.325677272E-05,-8.364646725E-03, 3.481303002E-02
       216, 3.664680580E+00, 4.487939343E-16, 3.047043600E-01, 9.275854494E-05, 6.799708111E-03, 3.360948609E-03,-6.875155825E-02,-4.197401658E-05,-8.118673198E-03, 3.412231997E-02
       217, 3.709232044E+00, 4.542499150E-16, 3.016721310E-01, 9.091658782E-05, 6.664377442E-03, 3.360273029E-03,-6.738591002E-02,-4.072947320E-05,-7.879744472E-03, 3.344470370E-02
       218, 3.754273574E+00, 4.597659115E-16, 2.986674685E-01, 8.910961159E-05, 6.531602140E-03, 3.359601580E-03,-6.604619431E-02,-3.952104897E-05,-7.647634655E-03, 3.277994975E-02
       219, 3.799810560E+00, 4.653425840E-16, 2.956901752E-01, 8.733698327E-05, 6.401339175E-03, 3.358934325E-03,-6.473187228E-02,-3.834715756E-05,-7.422158253E-03, 3.212782569E-02
       220, 3.845848454E+00, 4.709805999E-16, 2.927400598E-01, 8.559815224E-05, 6.273546029E-03, 3.358271313E-03,-6.344257746E-02,-3.720454197E-05,-7.203142921E-03, 3.148814155E-02
       221, 3.892392764E+00, 4.766806339E-16, 2.898169194E-01, 8.389263054E-05, 6.148180700E-03, 3.357612561E-03,-6.217805769E-02,-3.609626001E-05,-6.990405071E-03, 3.086069279E-02
       222, 3.939449061E+00, 4.824433684E-16, 2.869205520E-01, 8.221965294E-05, 6.025201673E-03, 3.356958095E-03,-6.093766810E-02,-3.502055243E-05,-6.783776736E-03, 3.024523683E-02
       223, 3.987022978E+00, 4.882694929E-16, 2.840507655E-01, 8.057880730E-05, 5.904567960E-03, 3.356307924E-03,-5.972104991E-02,-3.397239116E-05,-6.583098163E-03, 2.964159427E-02
       224, 4.035120208E+00, 4.941597047E-16, 2.812073533E-01, 7.896957642E-05, 5.786239108E-03, 3.355662066E-03,-5.852808492E-02,-3.295614042E-05,-6.388183835E-03, 2.904959439E-02
       225, 4.083746508E+00, 5.001147089E-16, 2.783901081E-01, 7.739120492E-05, 5.670175145E-03, 3.355020524E-03,-5.735795139E-02,-3.197563101E-05,-6.198891629E-03, 2.846892633E-02
       226, 4.132907697E+00, 5.061352182E-16, 2.755988519E-01, 7.584288719E-05, 5.556336597E-03, 3.354383300E-03,-5.620981446E-02,-3.102339341E-05,-6.015067550E-03, 2.789930947E-02
       227, 4.182609659E+00, 5.122219531E-16, 2.728334058E-01, 7.432436766E-05, 5.444684571E-03, 3.353750392E-03,-5.508373038E-02,-3.009160337E-05,-5.836530670E-03, 2.734065919E-02
       228, 4.232858342E+00, 5.183756420E-16, 2.700935620E-01, 7.283536102E-05, 5.335180733E-03, 3.353121801E-03,-5.397976307E-02,-2.918554070E-05,-5.663153512E-03, 2.679288250E-02
       229, 4.283659761E+00, 5.245970215E-16, 2.673791086E-01, 7.137523059E-05, 5.227787236E-03, 3.352497528E-03,-5.289729842E-02,-2.830930610E-05,-5.494816349E-03, 2.625571993E-02
       230, 4.335019996E+00, 5.308868362E-16, 2.646898500E-01, 6.994332857E-05, 5.122466733E-03, 3.351877550E-03,-5.183573015E-02,-2.745921177E-05,-5.331361544E-03, 2.572894108E-02
       231, 4.386945193E+00, 5.372458388E-16, 2.620255909E-01, 6.853918788E-05, 5.019182414E-03, 3.351261860E-03,-5.079484485E-02,-2.663428260E-05,-5.172636283E-03, 2.521239130E-02
       232, 4.439441567E+00, 5.436747905E-16, 2.593861303E-01, 6.716218683E-05, 4.917897975E-03, 3.350650421E-03,-4.977410739E-02,-2.583681819E-05,-5.018508914E-03, 2.470583206E-02
       233, 4.492515402E+00, 5.501744607E-16, 2.567712887E-01, 6.581169313E-05, 4.818577617E-03, 3.350043191E-03,-4.877276985E-02,-2.506263588E-05,-4.868862436E-03, 2.420900853E-02
       234, 4.546173048E+00, 5.567456272E-16, 2.541808926E-01, 6.448736837E-05, 4.721186101E-03, 3.349440147E-03,-4.779077360E-02,-2.430806235E-05,-4.723557488E-03, 2.372179557E-02
       235, 4.600420929E+00, 5.633890766E-16, 2.516147434E-01, 6.318883997E-05, 4.625688731E-03, 3.348841276E-03,-4.682802730E-02,-2.357455568E-05,-4.582467989E-03, 2.324409330E-02
       236, 4.655265537E+00, 5.701056038E-16, 2.490726482E-01, 6.191563458E-05, 4.532051312E-03, 3.348246559E-03,-4.588401927E-02,-2.286417144E-05,-4.445506225E-03, 2.277568316E-02
       237, 4.710713435E+00, 5.768960129E-16, 2.465544175E-01, 6.066718067E-05, 4.440240164E-03, 3.347655975E-03,-4.495846925E-02,-2.217491652E-05,-4.312542223E-03, 2.231640656E-02
       238, 4.766771260E+00, 5.837611165E-16, 2.440598574E-01, 5.944310235E-05, 4.350222103E-03, 3.347069486E-03,-4.405093315E-02,-2.150544230E-05,-4.183469319E-03, 2.186607881E-02
       239, 4.823445721E+00, 5.907017363E-16, 2.415887875E-01, 5.824290159E-05, 4.261964458E-03, 3.346487055E-03,-4.316107574E-02,-2.085648560E-05,-4.058176155E-03, 2.142452807E-02
       240, 4.880743601E+00, 5.977187028E-16, 2.391410152E-01, 5.706613787E-05, 4.175435070E-03, 3.345908661E-03,-4.228871981E-02,-2.022594956E-05,-3.936536372E-03, 2.099163202E-02
       241, 4.938671758E+00, 6.048128560E-16, 2.367163524E-01, 5.591242835E-05, 4.090602266E-03, 3.345334260E-03,-4.143334261E-02,-1.961433610E-05,-3.818454977E-03, 2.056719184E-02
       242, 4.997237124E+00, 6.119850449E-16, 2.343146215E-01, 5.478128525E-05, 4.007434881E-03, 3.344763831E-03,-4.059466567E-02,-1.902044874E-05,-3.703832425E-03, 2.015107200E-02
       243, 5.000000042E+00, 6.123234047E-16, 2.342036196E-01, 5.472954372E-05, 4.003630539E-03, 3.344737474E-03,-4.055630740E-02,-1.899352155E-05,-3.698640890E-03, 2.013203759E-02
       244, 5.056446710E+00, 6.192361278E-16, 2.319356325E-01, 5.367238819E-05, 3.925902255E-03, 3.344197385E-03,-3.977259146E-02,-1.844336399E-05,-3.592571046E-03, 1.974313645E-02
       245, 5.116307601E+00, 6.265669727E-16, 2.295791931E-01, 5.258527667E-05, 3.845974204E-03, 3.343634891E-03,-3.896672302E-02,-1.788495250E-05,-3.484583888E-03, 1.934320530E-02
       246, 5.176826962E+00, 6.339784568E-16, 2.272451209E-01, 5.151946300E-05, 3.767621017E-03, 3.343076313E-03,-3.817664176E-02,-1.734327214E-05,-3.379776884E-03, 1.895112098E-02
       247, 5.238012036E+00, 6.414714673E-16, 2.249332354E-01, 5.047459939E-05, 3.690813463E-03, 3.342521617E-03,-3.740208730E-02,-1.681761025E-05,-3.278051614E-03, 1.856673454E-02
       248, 5.299870145E+00, 6.490469009E-16, 2.226433552E-01, 4.945024656E-05, 3.615522787E-03, 3.341970773E-03,-3.664275291E-02,-1.630754839E-05,-3.179313004E-03, 1.818990786E-02
       249, 5.362408694E+00, 6.567056643E-16, 2.203753035E-01, 4.844608062E-05, 3.541720705E-03, 3.341423781E-03,-3.589829089E-02,-1.581190733E-05,-3.083480026E-03, 1.782049756E-02
       250, 5.425635167E+00, 6.644486740E-16, 2.181289051E-01, 4.746172957E-05, 3.469379410E-03, 3.340880613E-03,-3.516849560E-02,-1.533125013E-05,-2.990472723E-03, 1.745837252E-02
       251, 5.489557131E+00, 6.722768569E-16, 2.159039782E-01, 4.649680502E-05, 3.398471554E-03, 3.340341246E-03,-3.445318928E-02,-1.486483871E-05,-2.900210512E-03, 1.710341195E-02
       252, 5.554182237E+00, 6.801911498E-16, 2.137003400E-01, 4.555096040E-05, 3.328970240E-03, 3.339805692E-03,-3.375206560E-02,-1.441245857E-05,-2.812618193E-03, 1.675546617E-02
       253, 5.619518218E+00, 6.881924999E-16, 2.115178128E-01, 4.462379633E-05, 3.260849011E-03, 3.339273951E-03,-3.306479644E-02,-1.397443193E-05,-2.727619644E-03, 1.641438534E-02
       254, 5.685572896E+00, 6.962818648E-16, 2.093562219E-01, 4.371493031E-05, 3.194081861E-03, 3.338746014E-03,-3.239110362E-02,-1.354860970E-05,-2.645135478E-03, 1.608005345E-02
       255, 5.752354175E+00, 7.044602128E-16, 2.072153935E-01, 4.282412455E-05, 3.128643222E-03, 3.338221883E-03,-3.173074697E-02,-1.313517902E-05,-2.565096367E-03, 1.575234495E-02
       256, 5.819870048E+00, 7.127285226E-16, 2.050951528E-01, 4.195096934E-05, 3.064507966E-03, 3.337701581E-03,-3.108351414E-02,-1.273438549E-05,-2.487429824E-03, 1.543114679E-02
       257, 5.888128596E+00, 7.210877838E-16, 2.029953237E-01, 4.109517878E-05, 3.001651386E-03, 3.337185116E-03,-3.044917778E-02,-1.234550771E-05,-2.412070372E-03, 1.511633276E-02
       258, 5.957137988E+00, 7.295389969E-16, 2.009157311E-01, 4.025636869E-05, 2.940049196E-03, 3.336672485E-03,-2.982746050E-02,-1.196906720E-05,-2.338950003E-03, 1.480776376E-02
       259, 6.026906483E+00, 7.380831733E-16, 1.988562038E-01, 3.943419660E-05, 2.879677523E-03, 3.336163701E-03,-2.921809832E-02,-1.160360373E-05,-2.268001892E-03, 1.450532405E-02
       260, 6.097442431E+00, 7.467213357E-16, 1.968165715E-01, 3.862838182E-05, 2.820512911E-03, 3.335658795E-03,-2.862085772E-02,-1.124938222E-05,-2.199165087E-03, 1.420889426E-02
       261, 6.168754275E+00, 7.554545178E-16, 1.947966656E-01, 3.783855332E-05, 2.762532307E-03, 3.335157787E-03,-2.803547597E-02,-1.090579463E-05,-2.132376965E-03, 1.391836051E-02
       262, 6.240850550E+00, 7.642837650E-16, 1.927963204E-01, 3.706448130E-05, 2.705713061E-03, 3.334660684E-03,-2.746175069E-02,-1.057123980E-05,-2.067577960E-03, 1.363361851E-02
       263, 6.313739883E+00, 7.732101338E-16, 1.908153663E-01, 3.630591533E-05, 2.650032930E-03, 3.334167500E-03,-2.689952991E-02,-1.024731990E-05,-2.004711303E-03, 1.335456705E-02
       264, 6.387430999E+00, 7.822346928E-16, 1.888536327E-01, 3.556245235E-05, 2.595470048E-03, 3.333678253E-03,-2.634855288E-02,-9.934099025E-06,-1.943720399E-03, 1.308108950E-02
       265, 6.461932717E+00, 7.913585218E-16, 1.869109561E-01, 3.483380553E-05, 2.542002930E-03, 3.333192955E-03,-2.580853372E-02,-9.630095510E-06,-1.884552003E-03, 1.281305544E-02
       266, 6.537253954E+00, 8.005827130E-16, 1.849871748E-01, 3.411970642E-05, 2.489610476E-03, 3.332711636E-03,-2.527930083E-02,-9.334600528E-06,-1.827150383E-03, 1.255037421E-02
       267, 6.613403725E+00, 8.099083703E-16, 1.830821231E-01, 3.341993538E-05, 2.438271968E-03, 3.332234327E-03,-2.476073003E-02,-9.047772895E-06,-1.771465522E-03, 1.229296699E-02
       268, 6.690391143E+00, 8.193366099E-16, 1.811956329E-01, 3.273417773E-05, 2.387967045E-03, 3.331761051E-03,-2.425257186E-02,-8.770635226E-06,-1.717449811E-03, 1.204071691E-02
       269, 6.768225423E+00, 8.288685600E-16, 1.793275457E-01, 3.206209108E-05, 2.338675702E-03, 3.331291834E-03,-2.375451474E-02,-8.501980964E-06,-1.665052459E-03, 1.179349740E-02
       270, 6.846915880E+00, 8.385053616E-16, 1.774777070E-01, 3.140346782E-05, 2.290378301E-03, 3.330826704E-03,-2.326641989E-02,-8.240708761E-06,-1.614224592E-03, 1.155122356E-02
       271, 6.926471932E+00, 8.482481681E-16, 1.756459546E-01, 3.075807311E-05, 2.243055560E-03, 3.330365689E-03,-2.278816785E-02,-7.987298954E-06,-1.564920352E-03, 1.131381968E-02
       272, 6.999999954E+00, 8.572527538E-16, 1.739878029E-01, 3.017992027E-05, 2.200668073E-03, 3.329948024E-03,-2.235975292E-02,-7.762741705E-06,-1.521201590E-03, 1.110115339E-02
       273, 7.006903100E+00, 8.580981454E-16, 1.738321280E-01, 3.012564064E-05, 2.196688542E-03, 3.329908812E-03,-2.231953138E-02,-7.741659246E-06,-1.517097073E-03, 1.108118731E-02
       274, 7.088219012E+00, 8.680564724E-16, 1.720360699E-01, 2.950591805E-05, 2.151258649E-03, 3.329456099E-03,-2.186032798E-02,-7.503565953E-06,-1.470710818E-03, 1.085322967E-02
       275, 7.170429398E+00, 8.781243411E-16, 1.702576223E-01, 2.889863929E-05, 2.106747621E-03, 3.329007579E-03,-2.141035193E-02,-7.273092520E-06,-1.425717884E-03, 1.062984792E-02
       276, 7.253544099E+00, 8.883029563E-16, 1.684966334E-01, 2.830353421E-05, 2.063137523E-03, 3.328563269E-03,-2.096937007E-02,-7.049534223E-06,-1.382078580E-03, 1.041094586E-02
       277, 7.337573061E+00, 8.985935362E-16, 1.667529525E-01, 2.772040772E-05, 2.020410752E-03, 3.328123182E-03,-2.053726941E-02,-6.832129572E-06,-1.339752429E-03, 1.019645060E-02
       278, 7.422526342E+00, 9.089973126E-16, 1.650264227E-01, 2.714906095E-05, 1.978550035E-03, 3.327687347E-03,-2.011394231E-02,-6.621390128E-06,-1.298700953E-03, 9.986289059E-03
       279, 7.508414109E+00, 9.195155305E-16, 1.633168882E-01, 2.658922386E-05, 1.937538403E-03, 3.327255766E-03,-1.969915534E-02,-6.417584946E-06,-1.258887267E-03, 9.780363821E-03
       280, 7.595246641E+00, 9.301494488E-16, 1.616242012E-01, 2.604064562E-05, 1.897359199E-03, 3.326828448E-03,-1.929267215E-02,-6.220049513E-06,-1.220274741E-03, 9.578575906E-03
       281, 7.683034331E+00, 9.409003402E-16, 1.599482165E-01, 2.550311993E-05, 1.857996079E-03, 3.326405401E-03,-1.889437662E-02,-6.028206742E-06,-1.182827192E-03, 9.380853870E-03
       282, 7.771787686E+00, 9.517694914E-16, 1.582887834E-01, 2.497645781E-05, 1.819432999E-03, 3.325986610E-03,-1.850415630E-02,-5.842047728E-06,-1.146510226E-03, 9.187130694E-03
       283, 7.861517328E+00, 9.627582032E-16, 1.566457527E-01, 2.446044258E-05, 1.781654216E-03, 3.325572087E-03,-1.812182668E-02,-5.661715631E-06,-1.111291292E-03, 8.997323056E-03
       284, 7.952233996E+00, 9.738677909E-16, 1.550189784E-01, 2.395485336E-05, 1.744644274E-03, 3.325161844E-03,-1.774721626E-02,-5.486880472E-06,-1.077137297E-03, 8.811350494E-03
       285, 8.043948547E+00, 9.850995841E-16, 1.534083154E-01, 2.345949694E-05, 1.708388006E-03, 3.324755869E-03,-1.738019303E-02,-5.317300911E-06,-1.044017453E-03, 8.629140700E-03
       286, 8.136671958E+00, 9.964549270E-16, 1.518136174E-01, 2.297416972E-05, 1.672870526E-03, 3.324354155E-03,-1.702062635E-02,-5.152941959E-06,-1.011900321E-03, 8.450623427E-03
       287, 8.230415327E+00, 1.007935179E-15, 1.502347393E-01, 2.249866976E-05, 1.638077227E-03, 3.323956672E-03,-1.666833719E-02,-4.993734636E-06,-9.807556488E-04, 8.275719398E-03
       288, 8.325189873E+00, 1.019541713E-15, 1.486715414E-01, 2.203278942E-05, 1.603993769E-03, 3.323563385E-03,-1.632314903E-02,-4.839410745E-06,-9.505551845E-04, 8.104352111E-03
       289, 8.421006939E+00, 1.031275919E-15, 1.471238849E-01, 2.157635151E-05, 1.570606089E-03, 3.323174268E-03,-1.598495783E-02,-4.689637611E-06,-9.212705790E-04, 7.936457916E-03
       290, 8.517877992E+00, 1.043139202E-15, 1.455916277E-01, 2.112918048E-05, 1.537900391E-03, 3.322789279E-03,-1.565365591E-02,-4.544424545E-06,-8.928749310E-04, 7.771974225E-03
       291, 8.615814627E+00, 1.055132981E-15, 1.440746288E-01, 2.069108815E-05, 1.505863133E-03, 3.322408387E-03,-1.532908084E-02,-4.403694850E-06,-8.653418227E-04, 7.610830747E-03
       292, 8.714828566E+00, 1.067258691E-15, 1.425727514E-01, 2.026189498E-05, 1.474481030E-03, 3.322031556E-03,-1.501108474E-02,-4.267314548E-06,-8.386454519E-04, 7.452957771E-03
       293, 8.814931657E+00, 1.079517784E-15, 1.410858589E-01, 1.984141907E-05, 1.443741051E-03, 3.321658753E-03,-1.469954945E-02,-4.135097531E-06,-8.127603402E-04, 7.298292168E-03
       294, 8.916135883E+00, 1.091911727E-15, 1.396138150E-01, 1.942949630E-05, 1.413630414E-03, 3.321289948E-03,-1.439434890E-02,-4.006873502E-06,-7.876628240E-04, 7.146772076E-03
       295, 8.999999951E+00, 1.102182113E-15, 1.384193245E-01, 1.909873840E-05, 1.389455980E-03, 3.320990945E-03,-1.414928870E-02,-3.905006974E-06,-7.677183258E-04, 7.025107966E-03
       296, 9.018453354E+00, 1.104442003E-15, 1.381564847E-01, 1.902595763E-05, 1.384136579E-03, 3.320925091E-03,-1.409536505E-02,-3.882592051E-06,-7.633296966E-04, 6.998336698E-03
       297, 9.121896319E+00, 1.117110113E-15, 1.367137325E-01, 1.863063645E-05, 1.355247242E-03, 3.320564119E-03,-1.380247983E-02,-3.762109704E-06,-7.397375702E-04, 6.852925309E-03
       298, 9.226477155E+00, 1.129917572E-15, 1.352854249E-01, 1.824337149E-05, 1.326950336E-03, 3.320206966E-03,-1.351555775E-02,-3.645358216E-06,-7.168646792E-04, 6.710475273E-03
       299, 9.332208381E+00, 1.142865912E-15, 1.338714304E-01, 1.786399676E-05, 1.299234021E-03, 3.319853564E-03,-1.323447886E-02,-3.532180302E-06,-6.946891772E-04, 6.570928634E-03
       300, 9.439102651E+00, 1.155956685E-15, 1.324716178E-01, 1.749236412E-05, 1.272086690E-03, 3.319503847E-03,-1.295913499E-02,-3.422405251E-06,-6.731901258E-04, 6.434229918E-03
       301, 9.547172757E+00, 1.169191456E-15, 1.310858566E-01, 1.712832095E-05, 1.245496953E-03, 3.319157760E-03,-1.268941257E-02,-3.316080484E-06,-6.523475693E-04, 6.300320462E-03
       302, 9.656431635E+00, 1.182571809E-15, 1.297140173E-01, 1.677170461E-05, 1.219453644E-03, 3.318815235E-03,-1.242519989E-02,-3.213028284E-06,-6.321415878E-04, 6.169145578E-03
       303, 9.766892360E+00, 1.196099347E-15, 1.283559715E-01, 1.642237822E-05, 1.193945808E-03, 3.318476210E-03,-1.216638593E-02,-3.113082331E-06,-6.125532825E-04, 6.040651439E-03
       304, 9.878568153E+00, 1.209775687E-15, 1.270115918E-01, 1.608019474E-05, 1.168962705E-03, 3.318140625E-03,-1.191286243E-02,-3.016242400E-06,-5.935639981E-04, 5.914784038E-03
       305, 9.991472380E+00, 1.223602467E-15, 1.256807518E-01, 1.574501022E-05, 1.144493799E-03, 3.317808410E-03,-1.166452477E-02,-2.922383254E-06,-5.751557054E-04, 5.791491054E-03
       306, 1.010561855E+01, 1.237581341E-15, 1.243633260E-01, 1.541668721E-05, 1.120528759E-03, 3.317479486E-03,-1.142127206E-02,-2.831362427E-06,-5.573109426E-04, 5.670723399E-03
       307, 1.022102033E+01, 1.251713984E-15, 1.230591896E-01, 1.509509386E-05, 1.097057456E-03, 3.317153770E-03,-1.118300266E-02,-2.743201146E-06,-5.400129580E-04, 5.552428605E-03
       308, 1.033769154E+01, 1.266002085E-15, 1.217682190E-01, 1.478008260E-05, 1.074069953E-03, 3.316831190E-03,-1.094961489E-02,-2.657758892E-06,-5.232449056E-04, 5.436557292E-03
       309, 1.045564612E+01, 1.280447355E-15, 1.204902915E-01, 1.447153497E-05, 1.051556510E-03, 3.316511669E-03,-1.072101336E-02,-2.574892445E-06,-5.069911849E-04, 5.323062295E-03
       310, 1.057489820E+01, 1.295051524E-15, 1.192252852E-01, 1.416931768E-05, 1.029507575E-03, 3.316195124E-03,-1.049710342E-02,-2.494607910E-06,-4.912360428E-04, 5.211896393E-03
       311, 1.069546206E+01, 1.309816338E-15, 1.179730792E-01, 1.387330458E-05, 1.007913780E-03, 3.315881485E-03,-1.027778875E-02,-2.416823490E-06,-4.759645449E-04, 5.103011449E-03
       312, 1.081735212E+01, 1.324743565E-15, 1.167335538E-01, 1.358336736E-05, 9.867659432E-04, 3.315570675E-03,-1.006297933E-02,-2.341399247E-06,-4.611619163E-04, 4.996363636E-03
       313, 1.094058297E+01, 1.339834992E-15, 1.155065896E-01, 1.329939460E-05, 9.660550593E-04, 3.315262612E-03,-9.852585391E-03,-2.268318783E-06,-4.468142948E-04, 4.891907055E-03
       314, 1.099999988E+01, 1.347111464E-15, 1.149273684E-01, 1.316674583E-05, 9.563819421E-04, 3.315116975E-03,-9.754309299E-03,-2.234546069E-06,-4.401819700E-04, 4.843114906E-03
       315, 1.106516936E+01, 1.355092424E-15, 1.142920686E-01, 1.302125436E-05, 9.457722999E-04, 3.314957238E-03,-9.646518381E-03,-2.197503573E-06,-4.329075216E-04, 4.789598833E-03
       316, 1.119112620E+01, 1.370517688E-15, 1.130898735E-01, 1.274884015E-05, 9.259090091E-04, 3.314654486E-03,-9.444687319E-03,-2.128896615E-06,-4.194287826E-04, 4.689393585E-03
       317, 1.131846857E+01, 1.386112630E-15, 1.118998888E-01, 1.248202445E-05, 9.064567008E-04, 3.314354293E-03,-9.247010682E-03,-2.062333719E-06,-4.063645133E-04, 4.591251912E-03
       318, 1.144721170E+01, 1.401879117E-15, 1.107219983E-01, 1.222072057E-05, 8.874070557E-04, 3.314056596E-03,-9.053410499E-03,-1.997859293E-06,-3.937028910E-04, 4.495131575E-03
       319, 1.157737101E+01, 1.417819034E-15, 1.095560873E-01, 1.196478821E-05, 8.687519175E-04, 3.313761337E-03,-8.863803845E-03,-1.935371090E-06,-3.814307757E-04, 4.400994795E-03
       320, 1.170896206E+01, 1.433934291E-15, 1.084020416E-01, 1.171414887E-05, 8.504832891E-04, 3.313468457E-03,-8.678104479E-03,-1.874870862E-06,-3.695374264E-04, 4.308795963E-03
       321, 1.184200062E+01, 1.450226816E-15, 1.072597494E-01, 1.146865738E-05, 8.325933311E-04, 3.313177894E-03,-8.496236636E-03,-1.816189603E-06,-3.580100490E-04, 4.218501408E-03
       322, 1.197650261E+01, 1.466698558E-15, 1.061290978E-01, 1.122825747E-05, 8.150743576E-04, 3.312889586E-03,-8.318121176E-03,-1.759364395E-06,-3.468391259E-04, 4.130067054E-03
       323, 1.211248411E+01, 1.483351490E-15, 1.050099771E-01, 1.099279548E-05, 7.979188353E-04, 3.312603483E-03,-8.143690387E-03,-1.704185769E-06,-3.360120006E-04, 4.043464373E-03
       324, 1.224996142E+01, 1.500187604E-15, 1.039022746E-01, 1.076224258E-05, 7.811193787E-04, 3.312319536E-03,-7.972868091E-03,-1.650821982E-06,-3.255204373E-04, 3.958648228E-03
       325, 1.238895097E+01, 1.517208915E-15, 1.028058823E-01, 1.053641234E-05, 7.646687482E-04, 3.312037699E-03,-7.805583395E-03,-1.599038885E-06,-3.153514350E-04, 3.875592127E-03
       326, 1.252946941E+01, 1.534417460E-15, 1.017206894E-01, 1.031530729E-05, 7.485598462E-04, 3.311757931E-03,-7.641757001E-03,-1.548979800E-06,-3.054983770E-04, 3.794246883E-03
       327, 1.267153355E+01, 1.551815300E-15, 1.006465909E-01, 1.009871573E-05, 7.327857161E-04, 3.311480188E-03,-7.481328747E-03,-1.500291788E-06,-2.959479590E-04, 3.714594696E-03
       328, 1.281516039E+01, 1.569404516E-15, 9.958347580E-02, 9.886693979E-06, 7.173395383E-04, 3.311204430E-03,-7.324224440E-03,-1.453293638E-06,-2.866954843E-04, 3.636583108E-03
       329, 1.296036713E+01, 1.587187213E-15, 9.853124154E-02, 9.678974268E-06, 7.022146287E-04, 3.310930622E-03,-7.170388041E-03,-1.407526857E-06,-2.777263266E-04, 3.560202523E-03
       330, 1.299999959E+01, 1.592040789E-15, 9.825007330E-02, 9.624090993E-06, 6.982162833E-04, 3.310857120E-03,-7.129717220E-03,-1.395635872E-06,-2.753808272E-04, 3.540005473E-03
       331, 1.310717115E+01, 1.605165520E-15, 9.748977709E-02, 9.475682190E-06, 6.874044345E-04, 3.310658729E-03,-7.019740036E-03,-1.363481612E-06,-2.690383927E-04, 3.485391020E-03
       332, 1.325559001E+01, 1.623341588E-15, 9.645898370E-02, 9.276463479E-06, 6.729025340E-04, 3.310388721E-03,-6.872227470E-03,-1.320496076E-06,-2.606152836E-04, 3.412149935E-03
       333, 1.340564148E+01, 1.641717593E-15, 9.543875052E-02, 9.081549503E-06, 6.587026306E-04, 3.310120572E-03,-6.727766734E-03,-1.279264351E-06,-2.524582961E-04, 3.340404377E-03
       334, 1.355734351E+01, 1.660295734E-15, 9.442898418E-02, 8.890463706E-06, 6.447985558E-04, 3.309854261E-03,-6.586312358E-03,-1.238893746E-06,-2.445481736E-04, 3.270172545E-03
       335, 1.371071427E+01, 1.679078234E-15, 9.342957359E-02, 8.703583923E-06, 6.311842594E-04, 3.309589766E-03,-6.447771499E-03,-1.200394382E-06,-2.368906373E-04, 3.201359803E-03
       336, 1.386577210E+01, 1.698067342E-15, 9.244043359E-02, 8.520250185E-06, 6.178538136E-04, 3.309327061E-03,-6.312099404E-03,-1.162607774E-06,-2.294624349E-04, 3.134003031E-03
       337, 1.402253557E+01, 1.717265330E-15, 9.146145438E-02, 8.341035544E-06, 6.048013962E-04, 3.309066050E-03,-6.179186439E-03,-1.126796346E-06,-2.222745973E-04, 3.067981407E-03
       338, 1.418102344E+01, 1.736674496E-15, 9.049256416E-02, 8.165043751E-06, 5.920212668E-04, 3.308806343E-03,-6.048987103E-03,-1.091663037E-06,-2.152993916E-04, 3.003349973E-03
       339, 1.434125468E+01, 1.756297163E-15, 8.953365688E-02, 7.993075859E-06, 5.795075853E-04, 3.308546039E-03,-5.921374185E-03,-1.058502070E-06,-2.085534368E-04, 2.939963137E-03
       340, 1.450324845E+01, 1.776135680E-15, 8.858468015E-02, 7.823996809E-06, 5.672535242E-04, 3.308276572E-03,-5.796306088E-03,-1.027225973E-06,-2.020024117E-04, 2.877885974E-03
       341, 1.466702416E+01, 1.796192420E-15, 8.764553550E-02, 7.658916538E-06, 5.552463962E-04, 3.307963348E-03,-5.673679865E-03,-9.867619176E-07,-1.956716821E-04, 2.816932507E-03
       342, 1.483260141E+01, 1.816469784E-15, 8.671620823E-02, 7.498830795E-06, 5.434413885E-04, 3.307505181E-03,-5.555273691E-03,-9.531640633E-07,-1.895344800E-04, 2.758198384E-03
       343, 1.500000000E+01, 2.000000000E-15, 8.579674310E-02, 7.341638583E-06, 5.316140124E-04, 3.307040144E-03,-5.438986831E-03,-9.317592348E-07,-1.835760275E-04, 2.700607562E-03
       344, 5.000000042E+00, 5.204005374E-03, 2.341845020E-01, 1.081578902E-04, 4.003775576E-03, 3.344735580E-03,-4.054641449E-02,-3.753374461E-05,-7.382787930E-03, 2.043439956E-02
       345, 6.999999954E+00, 5.204005258E-03, 1.739799393E-01, 5.964295650E-05, 2.200712731E-03, 3.329947506E-03,-2.235673160E-02,-1.534000299E-05,-3.036754911E-03, 1.126863452E-02
       346, 8.999999951E+00, 5.204005335E-03, 1.384153558E-01, 3.774472793E-05, 1.389474008E-03, 3.320990821E-03,-1.414807551E-02,-7.716994996E-06,-1.532639187E-03, 7.131418364E-03
       347, 1.099999988E+01, 5.204005258E-03, 1.149250928E-01, 2.602160375E-05, 9.563905541E-04, 3.315116972E-03,-9.753731579E-03,-4.416048975E-06,-8.787758479E-04, 4.916509617E-03
       348, 1.299999959E+01, 5.204005103E-03, 9.824864968E-02, 1.902033237E-05, 6.982208995E-04, 3.310857153E-03,-7.129408162E-03,-2.758196392E-06,-5.497758853E-04, 3.593729805E-03
       349, 4.999999929E+00, 1.033966345E-02, 2.341281665E-01, 2.110824077E-04, 4.004201970E-03, 3.344729861E-03,-4.051726984E-02,-7.323631424E-05,-1.463753983E-02, 2.026913724E-02
       350, 6.999999954E+00, 1.033966345E-02, 1.739567663E-01, 1.164104833E-04, 2.200844167E-03, 3.329945996E-03,-2.234782891E-02,-2.993658359E-05,-6.021938135E-03, 1.118155087E-02
       351, 8.999999951E+00, 1.033966360E-02, 1.384036600E-01, 7.367338939E-05, 1.389527086E-03, 3.320990466E-03,-1.414450038E-02,-1.506131831E-05,-3.039464640E-03, 7.077560038E-03
       352, 1.099999988E+01, 1.033966345E-02, 1.149183866E-01, 5.079245105E-05, 9.564159148E-04, 3.315116964E-03,-9.752029048E-03,-8.619334932E-06,-1.742815602E-03, 4.879833505E-03
       353, 1.299999997E+01, 1.033966345E-02, 9.824445703E-02, 3.712719236E-05, 6.982345164E-04, 3.310857346E-03,-7.128497566E-03,-5.383270580E-06,-1.090359874E-03, 3.567147005E-03
       354, 4.999999929E+00, 1.540787221E-02, 2.340361339E-01, 3.120203970E-04, 4.004897484E-03, 3.344720458E-03,-4.046967121E-02,-1.082033049E-04,-2.177458757E-02, 2.005637994E-02
       355, 6.999999954E+00, 1.540787221E-02, 1.739188976E-01, 1.721158348E-04, 2.201058875E-03, 3.329943511E-03,-2.233328296E-02,-4.424950785E-05,-8.960621213E-03, 1.107324496E-02
       356, 8.999999951E+00, 1.540787243E-02, 1.383845451E-01, 1.089394922E-04, 1.389613855E-03, 3.320989880E-03,-1.413865806E-02,-2.226681263E-05,-4.523244387E-03, 7.011617023E-03
       357, 1.099999988E+01, 1.540787221E-02, 1.149074258E-01, 7.511011082E-05, 9.564573886E-04, 3.315116939E-03,-9.749246630E-03,-1.274437704E-05,-2.593771011E-03, 4.835339220E-03
       358, 1.299999997E+01, 1.540787221E-02, 9.823759946E-02, 5.490433898E-05, 6.982567552E-04, 3.310857491E-03,-7.127008958E-03,-7.959910978E-06,-1.622807034E-03, 3.535017001E-03
       359, 4.999999929E+00, 2.040951739E-02, 2.339098793E-01, 4.130772310E-04, 4.005848216E-03, 3.344707277E-03,-4.040440418E-02,-1.431355131E-04,-2.880344914E-02, 2.020738312E-02
       360, 6.999999954E+00, 2.040951739E-02, 1.738669309E-01, 2.279409918E-04, 2.201353079E-03, 3.329940032E-03,-2.231332689E-02,-5.857580257E-05,-1.185747036E-02, 1.116911468E-02
       361, 8.999999951E+00, 2.040951769E-02, 1.383583104E-01, 1.442971630E-04, 1.389732878E-03, 3.320989046E-03,-1.413064090E-02,-2.948546564E-05,-5.986523951E-03, 7.075925863E-03
       362, 1.099999988E+01, 2.040951739E-02, 1.148923812E-01, 9.949673150E-05, 9.565143116E-04, 3.315116884E-03,-9.745427968E-03,-1.687894103E-05,-3.433161355E-03, 4.881020919E-03
       363, 1.299999997E+01, 2.040951739E-02, 9.822818647E-02, 7.273427725E-05, 6.982872884E-04, 3.310857677E-03,-7.124965806E-03,-1.054353993E-05,-2.148089318E-03, 3.568983153E-03
       364, 4.999999929E+00, 2.534547320E-02, 2.337508602E-01, 5.124144436E-04, 4.007038557E-03, 3.344690264E-03,-4.032224985E-02,-1.773779620E-04,-3.572091578E-02, 2.010021614E-02
       365, 6.999999954E+00, 2.534547320E-02, 1.738014514E-01, 2.828845081E-04, 2.201722599E-03, 3.329935539E-03,-2.228819013E-02,-7.265422494E-05,-1.471190355E-02, 1.112513781E-02
       366, 8.999999951E+00, 2.534547358E-02, 1.383252478E-01, 1.791160327E-04, 1.389882583E-03, 3.320987952E-03,-1.412053933E-02,-3.658719470E-05,-7.429179782E-03, 7.052441116E-03
       367, 1.099999988E+01, 2.534547320E-02, 1.148734193E-01, 1.235189869E-04, 9.565859620E-04, 3.315116793E-03,-9.740615696E-03,-2.094899042E-05,-4.260968831E-03, 4.866441056E-03
       368, 1.299999997E+01, 2.534547320E-02, 9.821632178E-02, 9.030103748E-05, 6.983257385E-04, 3.310857899E-03,-7.122390776E-03,-1.308768781E-05,-2.666216204E-03, 3.559043144E-03
       369, 4.999999929E+00, 3.021660239E-02, 2.335605071E-01, 6.101950944E-04, 4.008453004E-03, 3.344669288E-03,-4.022398048E-02,-2.109713627E-04,-4.252461722E-02, 2.003285432E-02
       370, 6.999999954E+00, 3.021660239E-02, 1.737230303E-01, 3.370478182E-04, 2.202163403E-03, 3.329929986E-03,-2.225809759E-02,-8.650716671E-05,-1.752360660E-02, 1.110595980E-02
       371, 8.999999951E+00, 3.021660284E-02, 1.382856416E-01, 2.134636584E-04, 1.390061478E-03, 3.320986573E-03,-1.410844166E-02,-4.358462262E-05,-8.851207980E-03, 7.045485564E-03
       372, 1.099999988E+01, 3.021660239E-02, 1.148507018E-01, 1.472247119E-04, 9.566716621E-04, 3.315116648E-03,-9.734851348E-03,-2.496216845E-05,-5.077239222E-03, 4.863568528E-03
       373, 1.299999997E+01, 3.021660239E-02, 9.820210613E-02, 1.076401005E-04, 6.983717536E-04, 3.310858146E-03,-7.119305921E-03,-1.559735702E-05,-3.177234298E-03, 3.557787000E-03
       374, 4.999999929E+00, 3.502375636E-02, 2.333402226E-01, 7.062628338E-04, 4.010075554E-03, 3.344644164E-03,-4.011035838E-02,-2.438447537E-04,-4.921239036E-02, 1.994141244E-02
       375, 6.999999954E+00, 3.502375636E-02, 1.736322248E-01, 3.903566523E-04, 2.202671399E-03, 3.329923312E-03,-2.222326967E-02,-1.001116693E-04,-2.029228454E-02, 1.107636217E-02
       376, 8.999999951E+00, 3.502375688E-02, 1.382397687E-01, 2.472965297E-04, 1.390268066E-03, 3.320984880E-03,-1.409443410E-02,-5.046761930E-05,-1.025259967E-02, 7.032771505E-03
       377, 1.099999988E+01, 3.502375636E-02, 1.148243859E-01, 1.705852109E-04, 9.567707365E-04, 3.315116434E-03,-9.728175391E-03,-2.891311448E-05,-5.882011043E-03, 4.857037460E-03
       378, 1.299999997E+01, 3.502375636E-02, 9.818563741E-02, 1.247310572E-04, 6.984249843E-04, 3.310858407E-03,-7.115732698E-03,-1.806936860E-05,-3.681184107E-03, 3.553992647E-03
       379, 4.999999929E+00, 3.976777532E-02, 2.330913798E-01, 8.006522493E-04, 4.011889986E-03, 3.344614656E-03,-3.998213405E-02,-2.759956028E-04,-5.578246447E-02, 1.984781612E-02
       380, 6.999999954E+00, 3.976777532E-02, 1.735295785E-01, 4.428406012E-04, 2.203242501E-03, 3.329915444E-03,-2.218392203E-02,-1.134719432E-04,-2.301773921E-02, 1.104822631E-02
       381, 8.999999951E+00, 3.976777591E-02, 1.381878982E-01, 2.806364674E-04, 1.390500865E-03, 3.320982838E-03,-1.407860073E-02,-5.723954221E-05,-1.163338046E-02, 7.021760866E-03
       382, 1.099999988E+01, 3.976777532E-02, 1.147946247E-01, 1.936166853E-04, 9.568825210E-04, 3.315116131E-03,-9.720627213E-03,-3.280414046E-05,-6.675338273E-03, 4.851971887E-03
       383, 1.299999997E+01, 3.976777532E-02, 9.816701067E-02, 1.415862516E-04, 6.984850885E-04, 3.310858668E-03,-7.111691970E-03,-2.050532807E-05,-4.178114252E-03, 3.551396937E-03
       384, 4.999999929E+00, 4.444948847E-02, 2.328153213E-01, 8.933253508E-04, 4.013879936E-03, 3.344580477E-03,-3.984004473E-02,-3.073979207E-04,-6.223334931E-02, 1.974091054E-02
       385, 6.999999954E+00, 4.444948847E-02, 1.734156207E-01, 4.944880849E-04, 2.203872633E-03, 3.329906294E-03,-2.214026542E-02,-1.265819759E-04,-2.569982612E-02, 1.101523976E-02
       386, 8.999999951E+00, 4.444948913E-02, 1.381302921E-01, 3.134789155E-04, 1.390758411E-03, 3.320980409E-03,-1.406102347E-02,-6.389846901E-05,-1.299358949E-02, 7.008415678E-03
       387, 1.099999988E+01, 4.444948847E-02, 1.147615664E-01, 2.163170345E-04, 9.570063617E-04, 3.315115717E-03,-9.712245139E-03,-3.663449557E-05,-7.457278631E-03, 4.845572615E-03
       388, 1.299999997E+01, 4.444948847E-02, 9.814631817E-02, 1.582046086E-04, 6.985517305E-04, 3.310858918E-03,-7.107204015E-03,-2.290489399E-05,-4.668074194E-03, 3.547948355E-03
       389, 4.999999929E+00, 4.906971409E-02, 2.325133582E-01, 9.842689928E-04, 4.016029035E-03, 3.344541298E-03,-3.968481314E-02,-3.380361928E-04,-6.856385652E-02, 1.962490556E-02
       390, 6.999999954E+00, 4.906971409E-02, 1.732908667E-01, 5.453000010E-04, 2.204557748E-03, 3.329895765E-03,-2.209250556E-02,-1.394393461E-04,-2.833846516E-02, 1.097956605E-02
       391, 8.999999951E+00, 4.906971482E-02, 1.380672049E-01, 3.458268800E-04, 1.391039256E-03, 3.320977548E-03,-1.404178213E-02,-7.044414217E-05,-1.433328555E-02, 6.994064330E-03
       392, 1.099999988E+01, 4.906971409E-02, 1.147253554E-01, 2.386892507E-04, 9.571416164E-04, 3.315115169E-03,-9.703066434E-03,-4.040433840E-05,-8.227897228E-03, 4.838741184E-03
       393, 1.299999997E+01, 4.906971409E-02, 9.812364949E-02, 1.745887221E-04, 6.986245820E-04, 3.310859142E-03,-7.102288532E-03,-2.526828184E-05,-5.151116614E-03, 3.544299358E-03
       394, 4.999999929E+00, 5.362925975E-02, 2.321867697E-01, 1.073466856E-03, 4.018321003E-03, 3.344496745E-03,-3.951714661E-02,-3.678951900E-04,-7.477307374E-02, 1.949932098E-02
       395, 6.999999954E+00, 5.362925975E-02, 1.731558180E-01, 5.952744808E-04, 2.205293849E-03, 3.329883747E-03,-2.204084305E-02,-1.520412254E-04,-3.093363274E-02, 1.094080096E-02
       396, 8.999999951E+00, 5.362926055E-02, 1.379988838E-01, 3.776813395E-04, 1.391341980E-03, 3.320974210E-03,-1.402095435E-02,-7.687598985E-05,-1.565254376E-02, 6.978415198E-03
       397, 1.099999988E+01, 5.362925975E-02, 1.146861317E-01, 2.607348285E-04, 9.572876561E-04, 3.315114463E-03,-9.693127318E-03,-4.411361054E-05,-8.987264914E-03, 4.831264039E-03
       398, 1.299999997E+01, 5.362925975E-02, 9.809909151E-02, 1.907400485E-04, 6.987033218E-04, 3.310859324E-03,-7.096964655E-03,-2.759555810E-05,-5.627296451E-03, 3.540288651E-03
       399, 4.999999929E+00, 5.812892238E-02, 2.318368018E-01, 1.160909404E-03, 4.020739743E-03, 3.344446405E-03,-3.933773622E-02,-3.969633689E-04,-8.086035207E-02, 1.936514070E-02
       400, 6.999999954E+00, 5.812892238E-02, 1.730109620E-01, 6.444123992E-04, 2.206076995E-03, 3.329870124E-03,-2.198547328E-02,-1.643857956E-04,-3.348535971E-02, 1.089934415E-02
       401, 8.999999951E+00, 5.812892325E-02, 1.379255689E-01, 4.090447371E-04, 1.391665187E-03, 3.320970345E-03,-1.399861564E-02,-8.319383218E-05,-1.695145524E-02, 6.961684212E-03
       402, 1.099999988E+01, 5.812892238E-02, 1.146440310E-01, 2.824561745E-04, 9.574438652E-04, 3.315113573E-03,-9.682462975E-03,-4.776244497E-05,-9.735458253E-03, 4.823277125E-03
       403, 1.299999997E+01, 5.812892238E-02, 9.807272852E-02, 2.066606687E-04, 6.987876365E-04, 3.310859450E-03,-7.091250955E-03,-2.988689696E-05,-6.096670965E-03, 3.536010142E-03
       404, 4.999999929E+00, 6.256948846E-02, 2.314646672E-01, 1.246589478E-03, 4.023269420E-03, 3.344389830E-03,-3.914725597E-02,-4.252313481E-04,-8.682528775E-02, 1.922270041E-02
       405, 6.999999954E+00, 6.256948846E-02, 1.728567724E-01, 6.927150159E-04, 2.206903319E-03, 3.329854771E-03,-2.192658642E-02,-1.764716172E-04,-3.599372723E-02, 1.085524245E-02
       406, 8.999999951E+00, 6.256948940E-02, 1.378474934E-01, 4.399195053E-04, 1.392007511E-03, 3.320965901E-03,-1.397483936E-02,-8.939757201E-05,-1.823012560E-02, 6.943865210E-03
       407, 1.099999988E+01, 6.256948846E-02, 1.145991851E-01, 3.038555962E-04, 9.576096423E-04, 3.315112472E-03,-9.671107567E-03,-5.135099199E-05,-1.047255893E-02, 4.814763760E-03
       408, 1.299999997E+01, 6.256948846E-02, 9.804464227E-02, 2.223525516E-04, 6.988772204E-04, 3.310859505E-03,-7.085165457E-03,-3.214247154E-05,-6.559299444E-03, 3.531446414E-03
       409, 4.999999929E+00, 6.695173415E-02, 2.310715452E-01, 1.330503438E-03, 4.025894537E-03, 3.344326538E-03,-3.894636202E-02,-4.526922700E-04,-9.266770675E-02, 1.907255642E-02
       410, 6.999999954E+00, 6.695173415E-02, 1.726937091E-01, 7.401846516E-04, 2.207769036E-03, 3.329837553E-03,-2.186436732E-02,-1.882977978E-04,-3.845886383E-02, 1.080866607E-02
       411, 8.999999951E+00, 6.695173514E-02, 1.377648833E-01, 4.703085075E-04, 1.392367617E-03, 3.320960826E-03,-1.394969678E-02,-9.548728269E-05,-1.948867410E-02, 6.925030777E-03
       412, 1.099999988E+01, 6.695173415E-02, 1.145517218E-01, 3.249356118E-04, 9.577844009E-04, 3.315111134E-03,-9.659094248E-03,-5.487947002E-05,-1.119865343E-02, 4.805761811E-03
       413, 1.299999997E+01, 6.695173415E-02, 9.801491199E-02, 2.378177832E-04, 6.989717758E-04, 3.310859472E-03,-7.078725641E-03,-3.436248654E-05,-7.015243056E-03, 3.526620006E-03
       414, 4.999999929E+00, 7.127642538E-02, 2.306585810E-01, 1.412650531E-03, 4.028599994E-03, 3.344256018E-03,-3.873569208E-02,-4.793416002E-04,-9.838765079E-02, 1.891517157E-02
       415, 6.999999954E+00, 7.127642538E-02, 1.725222182E-01, 7.868243933E-04, 2.208670452E-03, 3.329818333E-03,-2.179899556E-02,-1.998639014E-04,-4.088094215E-02, 1.075973769E-02
       416, 8.999999951E+00, 7.127642644E-02, 1.376779580E-01, 5.002148664E-04, 1.392744204E-03, 3.320955062E-03,-1.392325706E-02,-1.014631701E-04,-2.072723264E-02, 6.905224816E-03
       417, 1.099999988E+01, 7.127642538E-02, 1.145017651E-01, 3.456988371E-04, 9.579675702E-04, 3.315109531E-03,-9.646455177E-03,-5.834814428E-05,-1.191383261E-02, 4.796289843E-03
       418, 1.299999997E+01, 7.127642538E-02, 9.798361449E-02, 2.530584856E-04, 6.990710132E-04, 3.310859335E-03,-7.071948461E-03,-3.654716555E-05,-7.464564672E-03, 3.521539561E-03
       419, 4.999999929E+00, 7.554431806E-02, 2.302268858E-01, 1.493032821E-03, 4.031371143E-03, 3.344177733E-03,-3.851586510E-02,-5.051768598E-04,-1.039853640E-01, 1.875104974E-02
       420, 6.999999954E+00, 7.554431806E-02, 1.723427327E-01, 8.326381098E-04, 2.209603973E-03, 3.329796965E-03,-2.173064538E-02,-2.111699252E-04,-4.326017597E-02, 1.070860336E-02
       421, 8.999999951E+00, 7.554431918E-02, 1.375869301E-01, 5.296419894E-04, 1.393136006E-03, 3.320948554E-03,-1.389558727E-02,-1.073255753E-04,-2.194594490E-02, 6.884506086E-03
       422, 1.099999988E+01, 7.554431806E-02, 1.144494349E-01, 3.661480083E-04, 9.581585947E-04, 3.315107635E-03,-9.633221535E-03,-6.175732875E-05,-1.261819141E-02, 4.786376645E-03
       423, 1.299999997E+01, 7.554431806E-02, 9.795082418E-02, 2.680768363E-04, 6.991746511E-04, 3.310859078E-03,-7.064850348E-03,-3.869675306E-05,-7.907328713E-03, 3.516221185E-03
       424, 4.999999929E+00, 7.975615815E-02, 2.297775367E-01, 1.571655087E-03, 4.034193832E-03, 3.344091128E-03,-3.828748100E-02,-5.301974690E-04,-1.094612789E-01, 1.858059967E-02
       425, 6.999999954E+00, 7.975615815E-02, 1.721556721E-01, 8.776304339E-04, 2.210566110E-03, 3.329773303E-03,-2.165948572E-02,-2.222162885E-04,-4.559681733E-02, 1.065536902E-02
       426, 8.999999951E+00, 7.975615934E-02, 1.374920057E-01, 5.585935661E-04, 1.393541793E-03, 3.320941243E-03,-1.386675246E-02,-1.130749658E-04,-2.314496547E-02, 6.862911080E-03
       427, 1.099999988E+01, 7.975615815E-02, 1.143948477E-01, 3.862859836E-04, 9.583569355E-04, 3.315105416E-03,-9.619423542E-03,-6.510738526E-05,-1.331182848E-02, 4.776036783E-03
       428, 1.299999997E+01, 7.975615815E-02, 9.791661317E-02, 2.828750707E-04, 6.992824165E-04, 3.310858685E-03,-7.057447224E-03,-4.081151424E-05,-8.343601002E-03, 3.510671101E-03
       429, 4.999999929E+00, 8.391268182E-02, 2.293115769E-01, 1.648524219E-03, 4.037054445E-03, 3.343995625E-03,-3.805112044E-02,-5.544044547E-04,-1.148160013E-01, 1.840438788E-02
       430, 6.999999954E+00, 8.391268182E-02, 1.719614426E-01, 9.218065308E-04, 2.211553486E-03, 3.329747193E-03,-2.158568023E-02,-2.330037381E-04,-4.789115360E-02, 1.060021580E-02
       431, 8.999999951E+00, 8.391268308E-02, 1.373933842E-01, 5.870734484E-04, 1.393960375E-03, 3.320933070E-03,-1.383681561E-02,-1.187119003E-04,-2.432445889E-02, 6.840519938E-03
       432, 1.099999988E+01, 8.391268182E-02, 1.143381161E-01, 4.061156695E-04, 9.585620696E-04, 3.315102848E-03,-9.605090471E-03,-6.839870750E-05,-1.399484583E-02, 4.765313440E-03
       433, 1.299999997E+01, 8.391268182E-02, 9.788105127E-02, 2.974554324E-04, 6.993940446E-04, 3.310858141E-03,-7.049754513E-03,-4.289172613E-05,-8.773448625E-03, 3.504915771E-03
       434, 4.999999929E+00, 8.801461558E-02, 2.288300158E-01, 1.723649997E-03, 4.039939928E-03, 3.343890638E-03,-3.780734457E-02,-5.778008300E-04,-1.200502965E-01, 1.822237547E-02
       435, 6.999999954E+00, 8.801461558E-02, 1.717604379E-01, 9.651724746E-04, 2.212562843E-03, 3.329718481E-03,-2.150938733E-02,-2.435334718E-04,-5.014350496E-02, 1.054305555E-02
       436, 8.999999951E+00, 8.801461690E-02, 1.372912589E-01, 6.150858714E-04, 1.394390597E-03, 3.320923977E-03,-1.380583772E-02,-1.242370818E-04,-2.548459887E-02, 6.817261373E-03
       437, 1.099999988E+01, 8.801461558E-02, 1.142793491E-01, 4.256401675E-04, 9.587734910E-04, 3.315099901E-03,-9.590250668E-03,-7.163174836E-05,-1.466734858E-02, 4.754152612E-03
       438, 1.299999997E+01, 8.801461558E-02, 9.784420609E-02, 3.118202769E-04, 6.995092789E-04, 3.310857428E-03,-7.041787146E-03,-4.493769388E-05,-9.196939801E-03, 3.498913802E-03
       439, 4.999999929E+00, 9.206267639E-02, 2.283338293E-01, 1.797041908E-03, 4.042837820E-03, 3.343775570E-03,-3.755669488E-02,-6.003901593E-04,-1.251650676E-01, 1.803620671E-02
       440, 6.999999954E+00, 9.206267639E-02, 1.715530385E-01, 1.007733819E-03, 2.213591041E-03, 3.329687011E-03,-2.143076023E-02,-2.538066684E-04,-5.235421630E-02, 1.048454722E-02
       441, 8.999999951E+00, 9.206267776E-02, 1.371858169E-01, 6.426346448E-04, 1.394831346E-03, 3.320913904E-03,-1.377387783E-02,-1.296511601E-04,-2.662556457E-02, 6.793483692E-03
       442, 1.099999988E+01, 9.206267639E-02, 1.142186524E-01, 4.448622515E-04, 9.589907100E-04, 3.315096548E-03,-9.574931568E-03,-7.480691771E-05,-1.532944286E-02, 4.742769195E-03
       443, 1.299999997E+01, 9.206267639E-02, 9.780614305E-02, 3.259717064E-04, 6.996278712E-04, 3.310856532E-03,-7.033559579E-03,-4.694969144E-05,-9.614142595E-03, 3.492811223E-03
       444, 4.999999929E+00, 9.605757177E-02, 2.278239600E-01, 1.868718078E-03, 4.045736262E-03, 3.343649819E-03,-3.729969338E-02,-6.221809262E-04,-1.301833990E-01, 1.784449236E-02
       445, 6.999999954E+00, 9.605757177E-02, 1.713396128E-01, 1.049499485E-03, 2.214635061E-03, 3.329652625E-03,-2.134994700E-02,-2.638258180E-04,-5.453334873E-02, 1.042399198E-02
       446, 8.999999951E+00, 9.605757321E-02, 1.370772391E-01, 6.697253039E-04, 1.395281547E-03, 3.320902793E-03,-1.374099301E-02,-1.349552869E-04,-2.775258004E-02, 6.768768683E-03
       447, 1.099999988E+01, 9.605757177E-02, 1.141561281E-01, 4.637857337E-04, 9.592132537E-04, 3.315092760E-03,-9.559159714E-03,-7.792486006E-05,-1.598417163E-02, 4.730884766E-03
       448, 1.299999997E+01, 9.605757177E-02, 9.776692548E-02, 3.399125145E-04, 6.997495817E-04, 3.310855436E-03,-7.025085799E-03,-4.892812013E-05,-1.002697916E-02, 3.486409176E-03
       449, 4.999999929E+00, 1.000000000E-01, 2.273013173E-01, 1.938695496E-03, 4.048623928E-03, 3.343512766E-03,-3.703684265E-02,-6.431810568E-04,-1.350697531E-01, 1.764869402E-02
       450, 6.999999954E+00, 1.000000000E-01, 1.711205164E-01, 1.090477805E-03, 2.215691995E-03, 3.329615159E-03,-2.126709056E-02,-2.735932350E-04,-5.666506580E-02, 1.036206775E-02
       451, 8.999999951E+00, 1.000000015E-01, 1.369657003E-01, 6.963630241E-04, 1.395740161E-03, 3.320890581E-03,-1.370723844E-02,-1.401505294E-04,-2.885737075E-02, 6.743509537E-03
       452, 1.099999988E+01, 1.000000000E-01, 1.140918751E-01, 4.824141844E-04, 9.594406644E-04, 3.315088507E-03,-9.542960763E-03,-8.098617303E-05,-1.662670390E-02, 4.718758056E-03
       453, 1.299999997E+01, 1.000000000E-01, 9.772661461E-02, 3.536453224E-04, 6.998741781E-04, 3.310854125E-03,-7.016379327E-03,-5.087335287E-05,-1.043239491E-02, 3.479891806E-03
       454, 4.999999929E+00, 1.037429218E-01, 2.267874121E-01, 2.004400048E-03, 4.051381292E-03, 3.343369733E-03,-3.677896722E-02,-6.626338562E-04,-1.395997084E-01, 1.745756812E-02
       455, 6.999999954E+00, 1.037429218E-01, 1.709047629E-01, 1.129150176E-03, 2.216718166E-03, 3.329576076E-03,-2.118560107E-02,-2.827502646E-04,-5.865079360E-02, 1.030149756E-02
       456, 8.999999951E+00, 1.037429233E-01, 1.368557881E-01, 7.215576639E-04, 1.396188267E-03, 3.320877744E-03,-1.367400282E-02,-1.450447947E-04,-2.988870640E-02, 6.718792992E-03
       457, 1.099999988E+01, 1.037429218E-01, 1.140285356E-01, 5.000541102E-04, 9.596635692E-04, 3.315083956E-03,-9.527001009E-03,-8.387728393E-05,-1.722720265E-02, 4.706896201E-03
       458, 1.299999997E+01, 1.037429218E-01, 9.768686794E-02, 3.666584360E-04, 6.999965284E-04, 3.310852647E-03,-7.007798221E-03,-5.271308602E-05,-1.081154841E-02, 3.473522046E-03
       459, 4.999999929E+00, 1.075400176E-01, 2.262486334E-01, 2.070302326E-03, 4.054185065E-03, 3.343210751E-03,-3.650922952E-02,-6.818704769E-04,-1.441591626E-01, 1.725672936E-02
       460, 6.999999954E+00, 1.075400176E-01, 1.706782249E-01, 1.168142837E-03, 2.217780034E-03, 3.329532663E-03,-2.110014821E-02,-2.919201468E-04,-6.065942256E-02, 1.023752455E-02
       461, 8.999999951E+00, 1.075400192E-01, 1.367403013E-01, 7.470189981E-04, 1.396655021E-03, 3.320863388E-03,-1.363911017E-02,-1.499706111E-04,-3.093426186E-02, 6.692579562E-03
       462, 1.099999988E+01, 1.075400176E-01, 1.139619583E-01, 5.179022059E-04, 9.598965077E-04, 3.315078783E-03,-9.510234995E-03,-8.679447146E-05,-1.783670494E-02, 4.694263123E-03
       463, 1.299999997E+01, 1.075400176E-01, 9.764508005E-02, 3.798345026E-04, 7.001246251E-04, 3.310850895E-03,-6.998780187E-03,-5.457216807E-05,-1.119665982E-02, 3.466706965E-03
       464, 4.999999929E+00, 1.113920715E-01, 2.256843114E-01, 2.136367749E-03, 4.057026482E-03, 3.343034081E-03,-3.622738312E-02,-7.008643556E-04,-1.487725263E-01, 1.704757159E-02
       465, 6.999999954E+00, 1.113920715E-01, 1.704405706E-01, 1.207448158E-03, 2.218876861E-03, 3.329484452E-03,-2.101062327E-02,-3.010969569E-04,-6.270212658E-02, 1.017082586E-02
       466, 8.999999951E+00, 1.113920731E-01, 1.366190588E-01, 7.727459289E-04, 1.397140544E-03, 3.320847348E-03,-1.360251010E-02,-1.549263820E-04,-3.199997299E-02, 6.665276840E-03
       467, 1.099999988E+01, 1.113920715E-01, 1.138920352E-01, 5.359591796E-04, 9.601396525E-04, 3.315072919E-03,-9.492636914E-03,-8.973729109E-05,-1.845870992E-02, 4.681133902E-03
       468, 1.299999997E+01, 1.113920715E-01, 9.760118152E-02, 3.931747020E-04, 7.002585992E-04, 3.310848834E-03,-6.989310825E-03,-5.645050509E-05,-1.158995484E-02, 3.459645711E-03
       469, 4.999999929E+00, 1.152998790E-01, 2.250937719E-01, 2.202554152E-03, 4.059895758E-03, 3.342837785E-03,-3.593318617E-02,-7.195849768E-04,-1.533967738E-01, 1.682942540E-02
       470, 6.999999954E+00, 1.152998790E-01, 1.701914626E-01, 1.247055399E-03, 2.220007726E-03, 3.329430922E-03,-2.091691667E-02,-3.102735959E-04,-6.476078283E-02, 1.010099443E-02
       471, 8.999999951E+00, 1.152998807E-01, 1.364918751E-01, 7.987357450E-04, 1.397644915E-03, 3.320829435E-03,-1.356415133E-02,-1.599100546E-04,-3.307661748E-02, 6.636621953E-03
       472, 1.099999988E+01, 1.152998790E-01, 1.138186550E-01, 5.542247700E-04, 9.603931659E-04, 3.315066282E-03,-9.474180393E-03,-9.270507879E-05,-1.908790981E-02, 4.667326462E-03
       473, 1.299999997E+01, 1.152998790E-01, 9.755510108E-02, 4.066795713E-04, 7.003985791E-04, 3.310846424E-03,-6.979375380E-03,-5.834788408E-05,-1.198810613E-02, 3.452205193E-03
       474, 4.999999929E+00, 1.192642470E-01, 2.244763369E-01, 2.268814932E-03, 4.062782083E-03, 3.342619727E-03,-3.562640289E-02,-7.379986675E-04,-1.580290073E-01, 1.660201904E-02
       475, 6.999999954E+00, 1.192642470E-01, 1.699305568E-01, 1.286952650E-03, 2.221171518E-03, 3.329371498E-03,-2.081891810E-02,-3.194421961E-04,-6.683481958E-02, 1.002797838E-02
       476, 8.999999951E+00, 1.192642488E-01, 1.363585607E-01, 8.249854476E-04, 1.398168169E-03, 3.320809445E-03,-1.352398172E-02,-1.649193481E-04,-3.416408076E-02, 6.606624389E-03
       477, 1.099999988E+01, 1.192642470E-01, 1.137417040E-01, 5.726986994E-04, 9.606571992E-04, 3.315058784E-03,-9.454838481E-03,-9.569709731E-05,-1.972429774E-02, 4.652865562E-03
       478, 1.299999997E+01, 1.192642470E-01, 9.750676546E-02, 4.203497187E-04, 7.005446909E-04, 3.310843623E-03,-6.968958735E-03,-6.026406897E-05,-1.239113261E-02, 3.444412090E-03
       479, 4.999999929E+00, 1.232859942E-01, 2.238313254E-01, 2.335101216E-03, 4.065673578E-03, 3.342377558E-03,-3.530680430E-02,-7.560706424E-04,-1.626662046E-01, 1.636530752E-02
       480, 6.999999954E+00, 1.232859942E-01, 1.696575034E-01, 1.327127073E-03, 2.222366921E-03, 3.329305546E-03,-2.071651664E-02,-3.285945024E-04,-6.892361953E-02, 9.951712125E-03
       481, 8.999999951E+00, 1.232859960E-01, 1.362189215E-01, 8.514915986E-04, 1.398710295E-03, 3.320787150E-03,-1.348194828E-02,-1.699518289E-04,-3.526223057E-02, 6.575239492E-03
       482, 1.099999988E+01, 1.232859942E-01, 1.136610651E-01, 5.913804544E-04, 9.609318910E-04, 3.315050327E-03,-9.434583649E-03,-9.871254239E-05,-2.036785893E-02, 4.637721279E-03
       483, 1.299999997E+01, 1.232859942E-01, 9.745609940E-02, 4.341856128E-04, 7.006970575E-04, 3.310840383E-03,-6.958045405E-03,-6.219879016E-05,-1.279904923E-02, 3.436245447E-03
       484, 4.999999929E+00, 1.273659511E-01, 2.231580549E-01, 2.401361583E-03, 4.068557242E-03, 3.342108699E-03,-3.497416901E-02,-7.737647284E-04,-1.673052108E-01, 1.611914736E-02
       485, 6.999999954E+00, 1.273659511E-01, 1.693719465E-01, 1.367564936E-03, 2.223592401E-03, 3.329232365E-03,-2.060960096E-02,-3.377218210E-04,-7.102652253E-02, 9.872123407E-03
       486, 8.999999951E+00, 1.273659530E-01, 1.360727589E-01, 8.782504093E-04, 1.399271226E-03, 3.320762301E-03,-1.343799719E-02,-1.750049055E-04,-3.637091955E-02, 6.542434635E-03
       487, 1.099999988E+01, 1.273659511E-01, 1.135766186E-01, 6.102693740E-04, 9.612173660E-04, 3.315040804E-03,-9.413387793E-03,-1.017505473E-04,-2.101857270E-02, 4.621878378E-03
       488, 1.299999997E+01, 1.273659511E-01, 9.740302559E-02, 4.481876592E-04, 7.008557985E-04, 3.310836651E-03,-6.946619531E-03,-6.415175062E-05,-1.321186841E-02, 3.427697931E-03
       489, 4.999999929E+00, 1.315049601E-01, 2.224558419E-01, 2.467542018E-03, 4.071418903E-03, 3.341810322E-03,-3.462828401E-02,-7.910435755E-04,-1.719427390E-01, 1.586340794E-02
       490, 6.999999954E+00, 1.315049601E-01, 1.690735245E-01, 1.408251521E-03, 2.224846191E-03, 3.329151185E-03,-2.049805944E-02,-3.468150149E-04,-7.314282445E-02, 9.789130834E-03
       491, 8.999999951E+00, 1.315049621E-01, 1.359198701E-01, 9.052576692E-04, 1.399850841E-03, 3.320734622E-03,-1.339207385E-02,-1.800758211E-04,-3.748998474E-02, 6.508167461E-03
       492, 1.099999988E+01, 1.315049601E-01, 1.134882416E-01, 6.293645960E-04, 9.615137334E-04, 3.315030096E-03,-9.391222231E-03,-1.048101751E-04,-2.167641220E-02, 4.605313520E-03
       493, 1.299999997E+01, 1.315049601E-01, 9.734746463E-02, 4.623561595E-04, 7.010210288E-04, 3.310832370E-03,-6.934664882E-03,-6.612262056E-05,-1.362959992E-02, 3.418755703E-03
       494, 4.999999929E+00, 1.357038760E-01, 2.217240031E-01, 2.533585837E-03, 4.074243166E-03, 3.341479332E-03,-3.426894573E-02,-8.078684844E-04,-1.765753725E-01, 1.559796549E-02
       495, 6.999999954E+00, 1.357038760E-01, 1.687618701E-01, 1.449171098E-03, 2.226126273E-03, 3.329061161E-03,-2.038178036E-02,-3.558644767E-04,-7.527177600E-02, 9.702656531E-03
       496, 8.999999951E+00, 1.357038781E-01, 1.357600479E-01, 9.325087421E-04, 1.400448956E-03, 3.320703809E-03,-1.334412288E-02,-1.851616506E-04,-3.861924700E-02, 6.472398612E-03
       497, 1.099999988E+01, 1.357038760E-01, 1.133958081E-01, 6.486650611E-04, 9.618210851E-04, 3.315018074E-03,-9.368057713E-03,-1.078904170E-04,-2.234134410E-02, 4.588005916E-03
       498, 1.299999997E+01, 1.357038760E-01, 9.728933499E-02, 4.766913179E-04, 7.011928589E-04, 3.310827476E-03,-6.922164849E-03,-6.811103702E-05,-1.405225066E-02, 3.409407059E-03
       499, 4.999999929E+00, 1.399635659E-01, 2.209618565E-01, 2.599433651E-03, 4.077013369E-03, 3.341112349E-03,-3.389596100E-02,-8.241993648E-04,-1.811995652E-01, 1.532270874E-02
       500, 6.999999954E+00, 1.399635659E-01, 1.684366106E-01, 1.490306892E-03, 2.227430366E-03, 3.328961361E-03,-2.026065210E-02,-3.648601257E-04,-7.741258161E-02, 9.612623349E-03
       501, 8.999999951E+00, 1.399635680E-01, 1.355930806E-01, 9.599985435E-04, 1.401065321E-03, 3.320669530E-03,-1.329408820E-02,-1.902592891E-04,-3.975851033E-02, 6.435087655E-03
       502, 1.099999988E+01, 1.399635659E-01, 1.132991891E-01, 6.681694986E-04, 9.621394939E-04, 3.315004593E-03,-9.343864422E-03,-1.109901886E-04,-2.301332825E-02, 4.569933614E-03
       503, 1.299999997E+01, 1.399635659E-01, 9.722855301E-02, 4.911932316E-04, 7.013713933E-04, 3.310821898E-03,-6.909102442E-03,-7.011660204E-05,-1.447982458E-02, 3.399639327E-03
       504, 4.999999929E+00, 1.442849094E-01, 2.201687226E-01, 2.665023314E-03, 4.079711533E-03, 3.340705685E-03,-3.350914803E-02,-8.399947771E-04,-1.858116425E-01, 1.503753488E-02
       505, 6.999999954E+00, 1.442849094E-01, 1.680973680E-01, 1.531641043E-03, 2.228755906E-03, 3.328850764E-03,-2.013456330E-02,-3.737913909E-04,-7.956439829E-02, 9.518955009E-03
       506, 8.999999951E+00, 1.442849115E-01, 1.354187520E-01, 9.877215227E-04, 1.401699613E-03, 3.320631419E-03,-1.324191303E-02,-1.953654438E-04,-4.090756115E-02, 6.396194078E-03
       507, 1.099999988E+01, 1.442849094E-01, 1.131982525E-01, 6.878764172E-04, 9.624690116E-04, 3.314989497E-03,-9.318611979E-03,-1.141083272E-04,-2.369231736E-02, 4.551074604E-03
       508, 1.299999997E+01, 1.442849094E-01, 9.716503280E-02, 5.058618861E-04, 7.015567304E-04, 3.310815561E-03,-6.895460292E-03,-7.213888116E-05,-1.491232247E-02, 3.389439829E-03
       509, 4.999999929E+00, 1.486687988E-01, 2.193439257E-01, 2.730289880E-03, 4.082318320E-03, 3.340255325E-03,-3.310833719E-02,-8.552120107E-04,-1.904078031E-01, 1.474235299E-02
       510, 6.999999954E+00, 1.486687988E-01, 1.677437596E-01, 1.573154570E-03, 2.230100028E-03, 3.328728250E-03,-2.000340314E-02,-3.826472115E-04,-8.172633455E-02, 9.421575920E-03
       511, 8.999999951E+00, 1.486688010E-01, 1.352368417E-01, 1.015671641E-03, 1.402351432E-03, 3.320589073E-03,-1.318753996E-02,-2.004766291E-04,-4.206616763E-02, 6.355676858E-03
       512, 1.099999988E+01, 1.486687988E-01, 1.130928628E-01, 7.077840932E-04, 9.628096672E-04, 3.314972611E-03,-9.292269456E-03,-1.172435887E-04,-2.437825666E-02, 4.531406376E-03
       513, 1.299999997E+01, 1.486687988E-01, 9.709868625E-02, 5.206971481E-04, 7.017489615E-04, 3.310808380E-03,-6.881220647E-03,-7.417740157E-05,-1.534974179E-02, 3.378795518E-03
       514, 4.999999929E+00, 1.531161394E-01, 2.184867950E-01, 2.795165575E-03, 4.084812993E-03, 3.339756907E-03,-3.269337197E-02,-8.698072518E-04,-1.949841230E-01, 1.443708611E-02
       515, 6.999999954E+00, 1.531161394E-01, 1.673753976E-01, 1.614827336E-03, 2.231459552E-03, 3.328592593E-03,-1.986706152E-02,-3.914160278E-04,-8.389744947E-02, 9.320411523E-03
       516, 8.999999951E+00, 1.531161417E-01, 1.350471248E-01, 1.043842353E-03, 1.403020292E-03, 3.320542051E-03,-1.313091100E-02,-2.055891636E-04,-4.323407906E-02, 6.313494749E-03
       517, 1.099999988E+01, 1.531161394E-01, 1.129828816E-01, 7.278905594E-04, 9.631614643E-04, 3.314953747E-03,-9.264805377E-03,-1.203946439E-04,-2.507108361E-02, 4.510906114E-03
       518, 1.299999997E+01, 1.531161394E-01, 9.702942298E-02, 5.356987595E-04, 7.019481699E-04, 3.310800261E-03,-6.866365368E-03,-7.623165043E-05,-1.579207652E-02, 3.367693112E-03
       519, 4.999999929E+00, 1.576278496E-01, 2.175966660E-01, 2.859579762E-03, 4.087173371E-03, 3.339205697E-03,-3.226411011E-02,-8.837354735E-04,-1.995365594E-01, 1.412167034E-02
       520, 6.999999954E+00, 1.576278496E-01, 1.669918898E-01, 1.656638009E-03, 2.232830964E-03, 3.328442452E-03,-1.972542927E-02,-4.000857637E-04,-8.607675183E-02, 9.215388478E-03
       521, 8.999999951E+00, 1.576278520E-01, 1.348493720E-01, 1.072226582E-03, 1.403705621E-03, 3.320489868E-03,-1.307196763E-02,-2.106991673E-04,-4.441102536E-02, 6.269606253E-03
       522, 1.099999988E+01, 1.576278496E-01, 1.128681672E-01, 7.481935929E-04, 9.635243794E-04, 3.314932697E-03,-9.236187737E-03,-1.235600753E-04,-2.577072748E-02, 4.489550642E-03
       523, 1.299999997E+01, 1.576278496E-01, 9.695715030E-02, 5.508663300E-04, 7.021544299E-04, 3.310791104E-03,-6.850875938E-03,-7.830107301E-05,-1.623931692E-02, 3.356119056E-03
       524, 4.999999929E+00, 1.622048611E-01, 2.166728820E-01, 2.923458922E-03, 4.089375801E-03, 3.338596570E-03,-3.182042468E-02,-8.969503846E-04,-2.040609552E-01, 1.379605370E-02
       525, 6.999999954E+00, 1.622048611E-01, 1.665928399E-01, 1.698564023E-03, 2.234210395E-03, 3.328276358E-03,-1.957839845E-02,-4.086438230E-04,-8.826319933E-02, 9.106435068E-03
       526, 8.999999951E+00, 1.622048635E-01, 1.346433498E-01, 1.100816701E-03, 1.404406746E-03, 3.320431995E-03,-1.301065084E-02,-2.158025488E-04,-4.559671630E-02, 6.223969742E-03
       527, 1.099999988E+01, 1.622048611E-01, 1.127485745E-01, 7.686907028E-04, 9.638983589E-04, 3.314909231E-03,-9.206384006E-03,-1.267383735E-04,-2.647710908E-02, 4.467316464E-03
       528, 1.299999997E+01, 1.622048611E-01, 9.688177318E-02, 5.661993301E-04, 7.023678060E-04, 3.310780796E-03,-6.834733454E-03,-8.038507095E-05,-1.669144940E-02, 3.344059538E-03
       529, 4.999999929E+00, 1.668481190E-01, 2.157147957E-01, 2.986726616E-03, 4.091395118E-03, 3.337923985E-03,-3.136220509E-02,-9.094045210E-04,-2.085530413E-01, 1.346019791E-02
       530, 6.999999954E+00, 1.668481190E-01, 1.661778478E-01, 1.740581542E-03, 2.235593606E-03, 3.328092712E-03,-1.942586260E-02,-4.170770753E-04,-9.045569780E-02, 8.993481256E-03
       531, 8.999999951E+00, 1.668481215E-01, 1.344288203E-01, 1.129604508E-03, 1.405122894E-03, 3.320367851E-03,-1.294690122E-02,-2.208949966E-04,-4.679084084E-02, 6.176543419E-03
       532, 1.099999988E+01, 1.668481190E-01, 1.126239553E-01, 7.893791178E-04, 9.642833171E-04, 3.314883100E-03,-9.175361153E-03,-1.299279338E-04,-2.719014032E-02, 4.444179766E-03
       533, 1.299999997E+01, 1.668481190E-01, 9.680319423E-02, 5.816970841E-04, 7.025883517E-04, 3.310769215E-03,-6.817918630E-03,-8.248300025E-05,-1.714845632E-02, 3.331500482E-03
       534, 4.999999929E+00, 1.715585821E-01, 2.147217701E-01, 3.049303475E-03, 4.093204628E-03, 3.337181967E-03,-3.088935795E-02,-9.210493303E-04,-2.130084423E-01, 1.311407912E-02
       535, 6.999999954E+00, 1.715585821E-01, 1.657465099E-01, 1.782665426E-03, 2.236975966E-03, 3.327889768E-03,-1.926771698E-02,-4.253718617E-04,-9.265310055E-02, 8.876458915E-03
       536, 8.999999951E+00, 1.715585846E-01, 1.342055416E-01, 1.158581205E-03, 1.405853181E-03, 3.320296801E-03,-1.288065903E-02,-2.259719745E-04,-4.799306639E-02, 6.127285408E-03
       537, 1.099999988E+01, 1.715585821E-01, 1.124941580E-01, 8.102557730E-04, 9.646791331E-04, 3.314854029E-03,-9.143085653E-03,-1.331270526E-04,-2.790972388E-02, 4.420116440E-03
       538, 1.299999997E+01, 1.715585821E-01, 9.672131364E-02, 5.973587617E-04, 7.028161088E-04, 3.310756227E-03,-6.800411804E-03,-8.459416931E-05,-1.761031578E-02, 3.318427564E-03
       539, 4.999999929E+00, 1.763372232E-01, 2.136931807E-01, 3.111107191E-03, 4.094776076E-03, 3.336364080E-03,-3.040180803E-02,-9.318354700E-04,-2.174226832E-01, 1.275769465E-02
       540, 6.999999954E+00, 1.763372232E-01, 1.652984192E-01, 1.824789193E-03, 2.238352434E-03, 3.327665624E-03,-1.910385893E-02,-4.335139894E-04,-9.485420785E-02, 8.755302039E-03
       541, 8.999999951E+00, 1.763372258E-01, 1.339732674E-01, 1.187737377E-03, 1.406596606E-03, 3.320218149E-03,-1.281186425E-02,-2.310287198E-04,-4.920303826E-02, 6.076153860E-03
       542, 1.099999988E+01, 1.763372232E-01, 1.123590278E-01, 8.313172961E-04, 9.650856484E-04, 3.314821719E-03,-9.109523508E-03,-1.363339240E-04,-2.863575284E-02, 4.395102094E-03
       543, 1.299999997E+01, 1.763372232E-01, 9.663602918E-02, 6.131833705E-04, 7.030511055E-04, 3.310741686E-03,-6.782192933E-03,-8.671783689E-05,-1.807700140E-02, 3.304826202E-03
       544, 4.999999929E+00, 1.811850290E-01, 2.126284168E-01, 3.172052544E-03, 4.096079637E-03, 3.335463404E-03,-2.989949934E-02,-9.417125246E-04,-2.217911966E-01, 1.239105014E-02
       545, 6.999999954E+00, 1.811850290E-01, 1.648331665E-01, 1.866924981E-03, 2.239717543E-03, 3.327418213E-03,-1.893418807E-02,-4.414887193E-04,-9.705776664E-02, 8.629947010E-03
       546, 8.999999951E+00, 1.811850317E-01, 1.337317475E-01, 1.217062961E-03, 1.407352043E-03, 3.320131138E-03,-1.274045668E-02,-2.360602405E-04,-5.042037917E-02, 6.023106996E-03
       547, 1.099999988E+01, 1.811850290E-01, 1.122184066E-01, 8.525599944E-04, 9.655026636E-04, 3.314785841E-03,-9.074640270E-03,-1.395466355E-04,-2.936811028E-02, 4.369112079E-03
       548, 1.299999997E+01, 1.811850290E-01, 9.654723614E-02, 6.291697479E-04, 7.032933560E-04, 3.310725432E-03,-6.763241601E-03,-8.885321007E-05,-1.854848212E-02, 3.290681567E-03
       549, 4.999999929E+00, 1.861030006E-01, 2.115268833E-01, 3.232051351E-03, 4.097083900E-03, 3.334472521E-03,-2.938239634E-02,-9.506296231E-04,-2.261093307E-01, 1.201419693E-02
       550, 6.999999954E+00, 1.861030006E-01, 1.643503400E-01, 1.909043514E-03, 2.241065376E-03, 3.327145289E-03,-1.875860666E-02,-4.492807675E-04,-9.926247022E-02, 8.500333014E-03
       551, 8.999999951E+00, 1.861030034E-01, 1.334807277E-01, 1.246547232E-03, 1.408118233E-03, 3.320034939E-03,-1.266637602E-02,-2.410613023E-04,-5.164468856E-02, 5.968103229E-03
       552, 1.099999988E+01, 1.861030006E-01, 1.120721328E-01, 8.739798398E-04, 9.659299354E-04, 3.314746038E-03,-9.038401061E-03,-1.427631651E-04,-3.010666899E-02, 4.342121508E-03
       553, 1.299999997E+01, 1.861030006E-01, 9.645482734E-02, 6.453165521E-04, 7.035428584E-04, 3.310707288E-03,-6.743537026E-03,-9.099944222E-05,-1.902472199E-02, 3.275978588E-03
       554, 4.999999929E+00, 1.910921536E-01, 2.103880021E-01, 3.291012686E-03, 4.097755866E-03, 3.333383482E-03,-2.885048476E-02,-9.585326357E-04,-2.303723540E-01, 1.162712755E-02
       555, 6.999999954E+00, 1.910921536E-01, 1.638495261E-01, 1.951114073E-03, 2.242389549E-03, 3.326844413E-03,-1.857701994E-02,-4.568742954E-04,-1.014669581E-01, 8.366402222E-03
       556, 8.999999951E+00, 1.910921564E-01, 1.332199499E-01, 1.276178772E-03, 1.408893776E-03, 3.319928650E-03,-1.258956195E-02,-2.460264203E-04,-5.287554192E-02, 5.911101164E-03
       557, 1.099999988E+01, 1.910921536E-01, 1.119200418E-01, 8.955724547E-04, 9.663671734E-04, 3.314701918E-03,-9.000770596E-03,-1.459813769E-04,-3.085129093E-02, 4.314105280E-03
       558, 1.299999997E+01, 1.910921536E-01, 9.635869306E-02, 6.616222537E-04, 7.037995939E-04, 3.310687062E-03,-6.723058058E-03,-9.315563074E-05,-1.950567997E-02, 3.260701961E-03
       559, 4.999999929E+00, 1.961535182E-01, 2.092112141E-01, 3.348842463E-03, 4.098060951E-03, 3.332187795E-03,-2.830377259E-02,-9.653715957E-04,-2.345754616E-01, 1.122997701E-02
       560, 6.999999954E+00, 1.961535182E-01, 1.633303100E-01, 1.993104454E-03, 2.243683193E-03, 3.326512943E-03,-1.838933644E-02,-4.642529253E-04,-1.036698160E-01, 8.228099859E-03
       561, 8.999999951E+00, 1.961535212E-01, 1.329491522E-01, 1.305945447E-03, 1.409677123E-03, 3.319811287E-03,-1.250995423E-02,-2.509498555E-04,-5.411249017E-02, 5.852059700E-03
       562, 1.099999988E+01, 1.961535182E-01, 1.117619655E-01, 9.173330970E-04, 9.668140369E-04, 3.314653052E-03,-8.961713216E-03,-1.491990176E-04,-3.160182697E-02, 4.285038100E-03
       563, 1.299999997E+01, 1.961535182E-01, 9.625872107E-02, 6.780851266E-04, 7.040635252E-04, 3.310664547E-03,-6.701783192E-03,-9.532081492E-05,-1.999130969E-02, 3.244836156E-03
       564, 4.999999929E+00, 2.012881397E-01, 2.079959810E-01, 3.405443592E-03, 4.097962998E-03, 3.330876402E-03,-2.774229083E-02,-9.710935024E-04,-2.387137895E-01, 1.082279039E-02
       565, 6.999999954E+00, 2.012881397E-01, 1.627922762E-01, 2.034980945E-03, 2.244938936E-03, 3.326148021E-03,-1.819546831E-02,-4.713997315E-04,-1.058695759E-01, 8.085375001E-03
       566, 8.999999951E+00, 2.012881427E-01, 1.326680691E-01, 1.335834384E-03, 1.410466569E-03, 3.319681779E-03,-1.242749284E-02,-2.558256137E-04,-5.535505916E-02, 5.790938172E-03
       567, 1.099999988E+01, 2.012881397E-01, 1.115977326E-01, 9.392566447E-04, 9.672701307E-04, 3.314598976E-03,-8.921192909E-03,-1.524137130E-04,-3.235811644E-02, 4.254894518E-03
       568, 1.299999997E+01, 2.012881397E-01, 9.615479655E-02, 6.947032382E-04, 7.043345946E-04, 3.310639512E-03,-6.679690572E-03,-9.749397356E-05,-2.048155920E-02, 3.228365418E-03
       569, 4.999999929E+00, 2.064970782E-01, 2.067417868E-01, 3.460716752E-03, 4.097424294E-03, 3.329439659E-03,-2.716609446E-02,-9.756411227E-04,-2.427824232E-01, 1.040565268E-02
       570, 6.999999954E+00, 2.064970782E-01, 1.622350087E-01, 2.076708291E-03, 2.246148880E-03, 3.325746557E-03,-1.799533170E-02,-4.782972652E-04,-1.080647168E-01, 7.938179477E-03
       571, 8.999999951E+00, 2.064970813E-01, 1.323764318E-01, 1.365831946E-03, 1.411260242E-03, 3.319538962E-03,-1.234211802E-02,-2.606474448E-04,-5.660274934E-02, 5.727696394E-03
       572, 1.099999988E+01, 2.064970782E-01, 1.114271684E-01, 9.613375805E-04, 9.677350021E-04, 3.314539179E-03,-8.879173350E-03,-1.556229640E-04,-3.311998678E-02, 4.223648946E-03
       573, 1.299999997E+01, 2.064970782E-01, 9.604680213E-02, 7.114744405E-04, 7.046127229E-04, 3.310611708E-03,-6.656758001E-03,-9.967402281E-05,-2.097637075E-02, 3.211273782E-03
       574, 4.999999929E+00, 2.117814095E-01, 2.054481397E-01, 3.514559597E-03, 4.096405596E-03, 3.327867316E-03,-2.657526354E-02,-9.789622950E-04,-2.467764052E-01, 9.978751608E-03
       575, 6.999999954E+00, 2.117814095E-01, 1.616580924E-01, 2.118249660E-03, 2.247304589E-03, 3.325305214E-03,-1.778884708E-02,-4.849274878E-04,-1.102536648E-01, 7.786472510E-03
       576, 8.999999951E+00, 2.117814126E-01, 1.320739678E-01, 1.395923705E-03, 1.412056092E-03, 3.319381570E-03,-1.225377044E-02,-2.654088297E-04,-5.785503514E-02, 5.662294847E-03
       577, 1.099999988E+01, 2.117814095E-01, 1.112500950E-01, 9.835699754E-04, 9.682081368E-04, 3.314473110E-03,-8.835617931E-03,-1.588241424E-04,-3.388725314E-02, 4.191275705E-03
       578, 1.299999997E+01, 2.117814095E-01, 9.593461782E-02, 7.283963592E-04, 7.048978071E-04, 3.310580863E-03,-6.632962951E-03,-1.018598139E-04,-2.147568057E-02, 3.193545081E-03
       579, 4.999999929E+00, 2.171422247E-01, 2.041145743E-01, 3.566866829E-03, 4.094866175E-03, 3.326148506E-03,-2.596990415E-02,-9.810030711E-04,-2.506907458E-01, 9.542197630E-03
       580, 6.999999954E+00, 2.171422247E-01, 1.610611125E-01, 2.159566641E-03, 2.248397072E-03, 3.324820398E-03,-1.757593964E-02,-4.912719965E-04,-1.124347940E-01, 7.630208564E-03
       581, 8.999999951E+00, 2.171422280E-01, 1.317604018E-01, 1.426094420E-03, 1.412851890E-03, 3.319208230E-03,-1.216239127E-02,-2.701029728E-04,-5.911136447E-02, 5.594694569E-03
       582, 1.099999988E+01, 2.171422247E-01, 1.110663315E-01, 1.005947473E-03, 9.686889546E-04, 3.314400163E-03,-8.790489803E-03,-1.620144880E-04,-3.465971801E-02, 4.157749042E-03
       583, 1.299999997E+01, 2.171422247E-01, 9.581812104E-02, 7.454663843E-04, 7.051897192E-04, 3.310546680E-03,-6.608282571E-03,-1.040501306E-04,-2.197941861E-02, 3.175162958E-03
       584, 4.999999929E+00, 2.225806310E-01, 2.027406530E-01, 3.617530937E-03, 4.092763852E-03, 3.324271722E-03,-2.535014921E-02,-9.817096465E-04,-2.545212405E-01, 9.096152218E-03
       585, 6.999999954E+00, 2.225806310E-01, 1.604436565E-01, 2.200619153E-03, 2.249416761E-03, 3.324288237E-03,-1.735653968E-02,-4.973114263E-04,-1.146064272E-01, 7.469364854E-03
       586, 8.999999951E+00, 2.225806343E-01, 1.314354554E-01, 1.456328011E-03, 1.413645208E-03, 3.319017452E-03,-1.206792239E-02,-2.747228008E-04,-6.037115822E-02, 5.524857692E-03
       587, 1.099999988E+01, 2.225806310E-01, 1.108756934E-01, 1.028463272E-03, 9.691768055E-04, 3.314319684E-03,-8.743751913E-03,-1.651911040E-04,-3.543717074E-02, 4.123043186E-03
       588, 1.299999997E+01, 2.225806310E-01, 9.569718658E-02, 7.626816588E-04, 7.054883039E-04, 3.310508836E-03,-6.582693704E-03,-1.062436870E-04,-2.248750831E-02, 3.156110887E-03
       589, 4.999999929E+00, 2.280977512E-01, 2.013259679E-01, 3.666441312E-03, 4.090055053E-03, 3.322224810E-03,-2.471615473E-02,-9.810231704E-04,-2.582613111E-01, 8.640807533E-03
       590, 6.999999954E+00, 2.280977512E-01, 1.598053139E-01, 2.241365493E-03, 2.250353501E-03, 3.323704570E-03,-1.713058295E-02,-5.030261880E-04,-1.167668374E-01, 7.303902447E-03
       591, 8.999999951E+00, 2.280977546E-01, 1.310988473E-01, 1.486607533E-03, 1.414433418E-03, 3.318807623E-03,-1.197030642E-02,-2.792609635E-04,-6.163381001E-02, 5.452746597E-03
       592, 1.099999988E+01, 2.280977512E-01, 1.106779935E-01, 1.051110110E-03, 9.696709653E-04, 3.314230958E-03,-8.695367048E-03,-1.683509546E-04,-3.621938731E-02, 4.087132338E-03
       593, 1.299999997E+01, 2.280977512E-01, 9.557168662E-02, 7.800390686E-04, 7.057933767E-04, 3.310466979E-03,-6.556172897E-03,-1.084391249E-04,-2.299986634E-02, 3.136372164E-03
       594, 4.999999929E+00, 2.336947247E-01, 1.998701430E-01, 3.713485490E-03, 4.086694892E-03, 3.319994951E-03,-2.406810840E-02,-9.788880473E-04,-2.619049910E-01, 8.176441201E-03
       595, 6.999999954E+00, 2.336947247E-01, 1.591456772E-01, 2.281762380E-03, 2.251196536E-03, 3.323064930E-03,-1.689801108E-02,-5.083971344E-04,-1.189142485E-01, 7.133796464E-03
       596, 8.999999951E+00, 2.336947282E-01, 1.307502939E-01, 1.516915151E-03, 1.415213679E-03, 3.318576994E-03,-1.186948693E-02,-2.837098356E-04,-6.289868596E-02, 5.378326683E-03
       597, 1.099999988E+01, 2.336947247E-01, 1.104730412E-01, 1.073880247E-03, 9.701706312E-04, 3.314133210E-03,-8.645297886E-03,-1.714908592E-04,-3.700612987E-02, 4.049990871E-03
       598, 1.299999997E+01, 2.336947247E-01, 9.544149069E-02, 7.975352306E-04, 7.061047218E-04, 3.310420726E-03,-6.528696418E-03,-1.106350116E-04,-2.351640235E-02, 3.115929951E-03
       599, 4.999999929E+00, 2.393727073E-01, 1.983728360E-01, 3.758548436E-03, 4.082637269E-03, 3.317568656E-03,-2.340623606E-02,-9.752573675E-04,-2.654505477E-01, 7.703209548E-03
       600, 6.999999954E+00, 2.393727073E-01, 1.584643428E-01, 2.321764732E-03, 2.251934492E-03, 3.322364527E-03,-1.665877196E-02,-5.134029047E-04,-1.210468368E-01, 6.959040613E-03
       601, 8.999999951E+00, 2.393727108E-01, 1.303895092E-01, 1.547232123E-03, 1.415982928E-03, 3.318323678E-03,-1.176540856E-02,-2.880615052E-04,-6.416512440E-02, 5.301557737E-03
       602, 1.099999988E+01, 2.393727073E-01, 1.102606431E-01, 1.096765446E-03, 9.706749170E-04, 3.314025600E-03,-8.593507041E-03,-1.746074943E-04,-3.779714644E-02, 4.011593005E-03
       603, 1.299999997E+01, 2.393727073E-01, 9.530646570E-02, 8.151664819E-04, 7.064220899E-04, 3.310369660E-03,-6.500240272E-03,-1.128298373E-04,-2.403701870E-02, 3.094767213E-03
       604, 4.999999929E+00, 2.451328714E-01, 1.968337400E-01, 3.801512599E-03, 4.077834904E-03, 3.314931753E-03,-2.273078014E-02,-9.700765634E-04,-2.688922960E-01, 7.221420475E-03
       605, 6.999999954E+00, 2.451328714E-01, 1.577609117E-01, 2.361325750E-03, 2.252555371E-03, 3.321598237E-03,-1.641282013E-02,-5.180222135E-04,-1.231627337E-01, 6.779609786E-03
       606, 8.999999951E+00, 2.451328750E-01, 1.300162052E-01, 1.577538729E-03, 1.416737869E-03, 3.318045633E-03,-1.165801715E-02,-2.923077798E-04,-6.543243552E-02, 5.222418035E-03
       607, 1.099999988E+01, 2.451328714E-01, 1.100406027E-01, 1.119756957E-03, 9.711828482E-04, 3.313907213E-03,-8.539957118E-03,-1.776973746E-04,-3.859217046E-02, 3.971913878E-03
       608, 1.299999997E+01, 2.451328714E-01, 9.516647596E-02, 8.329288674E-04, 7.067451961E-04, 3.310313329E-03,-6.470780218E-03,-1.150220125E-04,-2.456161026E-02, 3.072866999E-03
       609, 4.999999929E+00, 2.509764065E-01, 1.952525854E-01, 3.842258900E-03, 4.072239451E-03, 3.312069385E-03,-2.204201035E-02,-9.632879989E-04,-2.722235604E-01, 6.731374040E-03
       610, 6.999999954E+00, 2.509764065E-01, 1.570349901E-01, 2.400396997E-03, 2.253046536E-03, 3.320760578E-03,-1.616011717E-02,-5.222342429E-04,-1.252600263E-01, 6.595504409E-03
       611, 8.999999951E+00, 2.509764103E-01, 1.296300920E-01, 1.607814350E-03, 1.417474966E-03, 3.317740658E-03,-1.154725996E-02,-2.964401324E-04,-6.669990119E-02, 5.140860418E-03
       612, 1.099999988E+01, 2.509764065E-01, 1.098127207E-01, 1.142845499E-03, 9.716933576E-04, 3.313777061E-03,-8.484610772E-03,-1.807568871E-04,-3.939092053E-02, 3.930925969E-03
       613, 1.299999997E+01, 2.509764065E-01, 9.502138312E-02, 8.508181294E-04, 7.070737172E-04, 3.310251240E-03,-6.440291792E-03,-1.172098664E-04,-2.509006413E-02, 3.050211810E-03
       614, 4.999999929E+00, 2.569045194E-01, 1.936291419E-01, 3.880665833E-03, 4.065801637E-03, 3.308966003E-03,-2.134023571E-02,-9.548403834E-04,-2.754402807E-01, 6.233342717E-03
       615, 6.999999954E+00, 2.569045194E-01, 1.562861906E-01, 2.438928296E-03, 2.253394709E-03, 3.319845700E-03,-1.590063217E-02,-5.260168521E-04,-1.273367601E-01, 6.406723828E-03
       616, 8.999999951E+00, 2.569045233E-01, 1.292308784E-01, 1.638037440E-03, 1.418190431E-03, 3.317406380E-03,-1.143308577E-02,-3.004497774E-04,-6.796677493E-02, 5.056860995E-03
       617, 1.099999988E+01, 2.569045194E-01, 1.095767950E-01, 1.166021223E-03, 9.722052797E-04, 3.313634072E-03,-8.427430763E-03,-1.837821551E-04,-4.019310001E-02, 3.888608676E-03
       618, 1.299999997E+01, 2.569045194E-01, 9.487104626E-02, 8.688296912E-04, 7.074072895E-04, 3.310182859E-03,-6.408750326E-03,-1.193916417E-04,-2.562225936E-02, 3.026785337E-03
       619, 4.999999929E+00, 2.629184342E-01, 1.919632202E-01, 3.916610319E-03, 4.058471373E-03, 3.305605369E-03,-2.062579285E-02,-9.446833177E-04,-2.785376180E-01, 5.727691481E-03
       620, 6.999999954E+00, 2.629184342E-01, 1.555141326E-01, 2.476867738E-03, 2.253585960E-03, 3.318847369E-03,-1.563434202E-02,-5.293478302E-04,-1.293909414E-01, 6.213275303E-03
       621, 8.999999951E+00, 2.629184381E-01, 1.288182721E-01, 1.668185281E-03, 1.418880216E-03, 3.317040242E-03,-1.131544506E-02,-3.043276901E-04,-6.923228206E-02, 4.970398719E-03
       622, 1.099999988E+01, 2.629184342E-01, 1.093326209E-01, 1.189273731E-03, 9.727173457E-04, 3.313477085E-03,-8.368380022E-03,-1.867693615E-04,-4.099839684E-02, 3.844933492E-03
       623, 1.299999997E+01, 2.629184342E-01, 9.471532188E-02, 8.869586539E-04, 7.077455060E-04, 3.310107606E-03,-6.376130971E-03,-1.215654984E-04,-2.615806671E-02, 3.002566798E-03
       624, 4.999999929E+00, 2.690193927E-01, 1.902546739E-01, 3.949967609E-03, 4.050197889E-03, 3.301970551E-03,-1.989904942E-02,-9.327665125E-04,-2.815108070E-01, 5.214774266E-03
       625, 6.999999954E+00, 2.690193927E-01, 1.547184437E-01, 2.514161685E-03, 2.253605705E-03, 3.317758949E-03,-1.536123191E-02,-5.322045162E-04,-1.314205394E-01, 6.015173529E-03
       626, 8.999999951E+00, 2.690193968E-01, 1.283919796E-01, 1.698234174E-03, 1.419540002E-03, 3.316639496E-03,-1.119429020E-02,-3.080644942E-04,-7.049561967E-02, 4.881430641E-03
       627, 1.099999988E+01, 2.690193927E-01, 1.090799909E-01, 1.212592093E-03, 9.732281782E-04, 3.313304846E-03,-8.307421722E-03,-1.897145064E-04,-4.180648315E-02, 3.799874679E-03
       628, 1.299999997E+01, 2.690193927E-01, 9.455406390E-02, 9.051997457E-04, 7.080879139E-04, 3.310024854E-03,-6.342408724E-03,-1.237294881E-04,-2.669734840E-02, 2.977546576E-03
       629, 4.999999929E+00, 2.752086549E-01, 1.885034010E-01, 3.980611531E-03, 4.040929881E-03, 3.298043934E-03,-1.916040452E-02,-9.190407964E-04,-2.843551672E-01, 4.694976674E-03
       630, 6.999999954E+00, 2.752086549E-01, 1.538987601E-01, 2.550754774E-03, 2.253438707E-03, 3.316573387E-03,-1.508129564E-02,-5.345639416E-04,-1.334234895E-01, 5.812440762E-03
       631, 8.999999951E+00, 2.752086590E-01, 1.279517075E-01, 1.728159445E-03, 1.420165194E-03, 3.316201189E-03,-1.106957561E-02,-3.116505301E-04,-7.175595666E-02, 4.789943919E-03
       632, 1.099999988E+01, 2.752086549E-01, 1.088186953E-01, 1.235964703E-03, 9.737362861E-04, 3.313115998E-03,-8.244519346E-03,-1.926129967E-04,-4.261701492E-02, 3.753414594E-03
       633, 1.299999997E+01, 2.752086549E-01, 9.438712371E-02, 9.235473867E-04, 7.084340117E-04, 3.309933920E-03,-6.307558455E-03,-1.258815870E-04,-2.723995790E-02, 2.951697724E-03
       634, 4.999999929E+00, 2.814874987E-01, 1.867093463E-01, 4.008414647E-03, 4.030615672E-03, 3.293807222E-03,-1.841028878E-02,-9.034587079E-04,-2.870661130E-01, 4.168707745E-03
       635, 6.999999954E+00, 2.814874987E-01, 1.530547280E-01, 2.586589922E-03, 2.253069073E-03, 3.315283199E-03,-1.479453611E-02,-5.364028176E-04,-1.353976957E-01, 5.605107016E-03
       636, 8.999999951E+00, 2.814875029E-01, 1.274971617E-01, 1.757935299E-03, 1.420750905E-03, 3.315722150E-03,-1.094125799E-02,-3.150758648E-04,-7.301243387E-02, 4.695910143E-03
       637, 1.099999988E+01, 2.814874987E-01, 1.085485219E-01, 1.259379305E-03, 9.742400586E-04, 3.312909080E-03,-8.179636757E-03,-1.954604770E-04,-4.342963184E-02, 3.705524206E-03
       638, 1.299999997E+01, 2.814874987E-01, 9.421435021E-02, 9.419956682E-04, 7.087832465E-04, 3.309834068E-03,-6.271554934E-03,-1.280197439E-04,-2.778573962E-02, 2.925007059E-03
       639, 4.999999929E+00, 2.878572208E-01, 1.848725025E-01, 4.033248501E-03, 4.019203379E-03, 3.289241448E-03,-1.764916438E-02,-8.859749507E-04,-2.896391650E-01, 3.636406039E-03
       640, 6.999999954E+00, 2.878572208E-01, 1.521860042E-01, 2.621608338E-03, 2.252480263E-03, 3.313880453E-03,-1.450096566E-02,-5.376976017E-04,-1.373410341E-01, 5.393210162E-03
       641, 8.999999951E+00, 2.878572251E-01, 1.270280490E-01, 1.787534863E-03, 1.421291956E-03, 3.315198983E-03,-1.080929643E-02,-3.183302778E-04,-7.426416450E-02, 4.599310076E-03
       642, 1.099999988E+01, 2.878572208E-01, 1.082692564E-01, 1.282823057E-03, 9.747377597E-04, 3.312682511E-03,-8.112738277E-03,-1.982524748E-04,-4.424395706E-02, 3.656181786E-03
       643, 1.299999997E+01, 2.878572208E-01, 9.403558984E-02, 9.605381880E-04, 7.091350106E-04, 3.309724498E-03,-6.234372862E-03,-1.301416885E-04,-2.833452868E-02, 2.897462617E-03
       644, 4.999999929E+00, 2.943191364E-01, 1.829929120E-01, 4.054983839E-03, 4.006641099E-03, 3.284326989E-03,-1.687752522E-02,-8.665460325E-04,-2.920699661E-01, 3.098530289E-03
       645, 6.999999954E+00, 2.943191364E-01, 1.512922572E-01, 2.655749538E-03, 2.251655093E-03, 3.312356760E-03,-1.420060643E-02,-5.384244862E-04,-1.392513560E-01, 5.176796461E-03
       646, 8.999999951E+00, 2.943191408E-01, 1.265440764E-01, 1.816930149E-03, 1.421782858E-03, 3.314628048E-03,-1.067365267E-02,-3.214032806E-04,-7.551023463E-02, 4.500124944E-03
       647, 1.099999988E+01, 2.943191364E-01, 1.079806826E-01, 1.306282453E-03, 9.752275232E-04, 3.312434590E-03,-8.043788772E-03,-2.009841125E-04,-4.505959694E-02, 3.605366310E-03
       648, 1.299999997E+01, 2.943191364E-01, 9.385068664E-02, 9.791681800E-04, 7.094886390E-04, 3.309604347E-03,-6.195986909E-03,-1.322450721E-04,-2.888615074E-02, 2.869036912E-03
       649, 4.999999929E+00, 3.008745801E-01, 1.810706688E-01, 4.073490830E-03, 3.992877096E-03, 3.279043577E-03,-1.609589692E-02,-8.451304964E-04,-2.943542941E-01, 2.555564689E-03
       650, 6.999999954E+00, 3.008745801E-01, 1.503731683E-01, 2.688951365E-03, 2.250575748E-03, 3.310703255E-03,-1.389349076E-02,-5.385595136E-04,-1.411264916E-01, 4.955919400E-03
       651, 8.999999951E+00, 3.008745846E-01, 1.260449523E-01, 1.846092045E-03, 1.422217815E-03, 3.314005455E-03,-1.053429127E-02,-3.242841069E-04,-7.674970364E-02, 4.398339300E-03
       652, 1.099999988E+01, 3.008745801E-01, 1.076825821E-01, 1.329743303E-03, 9.757073461E-04, 3.312163484E-03,-7.972753736E-03,-2.036504483E-04,-4.587614095E-02, 3.553055207E-03
       653, 1.299999997E+01, 3.008745801E-01, 9.365948225E-02, 9.978785202E-04, 7.098434059E-04, 3.309472681E-03,-6.156371741E-03,-1.343275277E-04,-2.944042166E-02, 2.839720590E-03
       654, 4.999999929E+00, 3.075249055E-01, 1.791059199E-01, 4.088639338E-03, 3.977860009E-03, 3.273370321E-03,-1.530483683E-02,-8.216891299E-04,-2.964880705E-01, 2.008017804E-03
       655, 6.999999954E+00, 3.075249055E-01, 1.494284326E-01, 2.721150012E-03, 2.249223793E-03, 3.308910587E-03,-1.357966154E-02,-5.380786418E-04,-1.429642532E-01, 4.730648333E-03
       656, 8.999999951E+00, 3.075249101E-01, 1.255303867E-01, 1.874990300E-03, 1.422590708E-03, 3.313327046E-03,-1.039117977E-02,-3.269617174E-04,-7.798160464E-02, 4.293940104E-03
       657, 1.099999988E+01, 3.075249055E-01, 1.073747350E-01, 1.353190719E-03, 9.761750836E-04, 3.311867224E-03,-7.899599377E-03,-2.062463364E-04,-4.669316147E-02, 3.499227887E-03
       658, 1.299999997E+01, 3.075249055E-01, 9.346181607E-02, 1.016661630E-03, 7.101985212E-04, 3.309328493E-03,-6.115502066E-03,-1.363865220E-04,-2.999714737E-02, 2.809493381E-03
       659, 4.999999929E+00, 3.142714859E-01, 1.770988667E-01, 4.100299171E-03, 3.961539063E-03, 3.267285726E-03,-1.450493374E-02,-7.961852843E-04,-2.984673680E-01, 1.456418951E-03
       660, 6.999999954E+00, 3.142714859E-01, 1.484577599E-01, 2.752280112E-03, 2.247580194E-03, 3.306968906E-03,-1.325917490E-02,-5.369586528E-04,-1.447625438E-01, 4.501059917E-03
       661, 8.999999951E+00, 3.142714906E-01, 1.250000916E-01, 1.903593505E-03, 1.422895093E-03, 3.312588387E-03,-1.024428897E-02,-3.294248094E-04,-7.920494509E-02, 4.186917329E-03
       662, 1.099999988E+01, 3.142714859E-01, 1.070569201E-01, 1.376609100E-03, 9.766284430E-04, 3.311543689E-03,-7.824292711E-03,-2.087664675E-04,-4.751021362E-02, 3.443864307E-03
       663, 1.299999997E+01, 3.142714859E-01, 9.325752523E-02, 1.035509501E-03, 7.105531278E-04, 3.309170694E-03,-6.073352667E-03,-1.384194340E-04,-3.055612362E-02, 2.778339350E-03
       664, 4.999999929E+00, 3.211157144E-01, 1.750497665E-01, 4.108340358E-03, 3.943864287E-03, 3.260767714E-03,-1.369680759E-02,-7.685856465E-04,-3.002884211E-01, 9.013238822E-04
       665, 6.999999954E+00, 3.211157144E-01, 1.474608757E-01, 2.782274684E-03, 2.245625333E-03, 3.304867855E-03,-1.293211438E-02,-5.351736172E-04,-1.465195191E-01, 4.267221293E-03
       666, 8.999999951E+00, 3.211157192E-01, 1.244537816E-01, 1.931869086E-03, 1.423124194E-03, 3.311784750E-03,-1.009359311E-02,-3.316618314E-04,-8.041870766E-02, 4.077264028E-03
       667, 1.099999988E+01, 3.211157144E-01, 1.067289147E-01, 1.399982112E-03, 9.770649783E-04, 3.311190605E-03,-7.746801654E-03,-2.112053502E-04,-4.832683532E-02, 3.386945425E-03
       668, 1.299999997E+01, 3.211157144E-01, 9.304644471E-02, 1.054413669E-03, 7.109062976E-04, 3.308998111E-03,-6.029898447E-03,-1.404235300E-04,-3.111713575E-02, 2.746241594E-03
       669, 4.999999929E+00, 3.280590044E-01, 1.729589339E-01, 4.112633475E-03, 3.924786751E-03, 3.253793659E-03,-1.288110917E-02,-7.388600001E-04,-3.019476399E-01, 3.433099549E-04
       670, 6.999999954E+00, 3.280590044E-01, 1.464375226E-01, 2.811065099E-03, 2.243339032E-03, 3.302596555E-03,-1.259847977E-02,-5.327005022E-04,-1.482311763E-01, 4.029212189E-03
       671, 8.999999951E+00, 3.280590093E-01, 1.238911743E-01, 1.959783289E-03, 1.423270898E-03, 3.310911104E-03,-9.939070038E-03,-3.336609986E-04,-8.162185128E-02, 3.964976522E-03
       672, 1.099999988E+01, 3.280590044E-01, 1.063904949E-01, 1.423292673E-03, 9.774820843E-04, 3.310805531E-03,-7.667095127E-03,-2.135573168E-04,-4.914254719E-02, 3.328453156E-03
       673, 1.299999997E+01, 3.280590044E-01, 9.282840742E-02, 1.073365207E-03, 7.112570286E-04, 3.308809479E-03,-5.985114472E-03,-1.423959693E-04,-3.167995853E-02, 2.713183867E-03
       674, 4.999999929E+00, 3.351027897E-01, 1.708267424E-01, 4.113049923E-03, 3.904258798E-03, 3.246340406E-03,-1.205851972E-02,-7.069814193E-04,-3.034416231E-01,-2.170160672E-04
       675, 6.999999954E+00, 3.351027897E-01, 1.453874609E-01, 2.838581249E-03, 2.240700604E-03, 3.300143602E-03,-1.225842233E-02,-5.295140930E-04,-1.498967746E-01, 3.787156029E-03
       676, 8.999999951E+00, 3.351027947E-01, 1.233119910E-01, 1.987301174E-03, 1.423327749E-03, 3.309962100E-03,-9.780701438E-03,-3.354102911E-04,-8.281331200E-02, 3.850054565E-03
       677, 1.099999988E+01, 3.351027897E-01, 1.060414362E-01, 1.446522937E-03, 9.778769912E-04, 3.310385849E-03,-7.585143150E-03,-2.158165213E-04,-4.995685259E-02, 3.268370531E-03
       678, 1.299999997E+01, 3.351027897E-01, 9.260324429E-02, 1.092354705E-03, 7.116042405E-04, 3.308603434E-03,-5.938976018E-03,-1.443337989E-04,-3.224435595E-02, 2.679150034E-03
       679, 4.999999929E+00, 3.422485248E-01, 1.686536249E-01, 4.109462324E-03, 3.882234293E-03, 3.238384311E-03,-1.122975038E-02,-6.729254444E-04,-3.047671634E-01,-7.790505725E-04
       680, 6.999999954E+00, 3.422485248E-01, 1.443104706E-01, 2.864751810E-03, 2.237688865E-03, 3.297497055E-03,-1.191209050E-02,-5.255900435E-04,-1.515151831E-01, 3.541186525E-03
       681, 8.999999951E+00, 3.422485299E-01, 1.227159572E-01, 2.014386607E-03, 1.423286949E-03, 3.308932059E-03,-9.618473053E-03,-3.368974631E-04,-8.399200393E-02, 3.732501428E-03
       682, 1.099999988E+01, 3.422485248E-01, 1.056815136E-01, 1.469654273E-03, 9.782467590E-04, 3.309928760E-03,-7.500916957E-03,-2.179769406E-04,-5.076923759E-02, 3.206681749E-03
       683, 1.299999997E+01, 3.422485248E-01, 9.237078437E-02, 1.111372260E-03, 7.119467720E-04, 3.308378512E-03,-5.891458619E-03,-1.462339532E-04,-3.281008109E-02, 2.644124352E-03
       684, 4.999999929E+00, 3.494976853E-01, 1.664400756E-01, 4.101744615E-03, 3.858668868E-03, 3.229901272E-03,-1.039554224E-02,-6.366734243E-04,-3.059212548E-01,-1.342116711E-03
       685, 6.999999954E+00, 3.494976853E-01, 1.432063510E-01, 2.889504092E-03, 2.234282156E-03, 3.294644432E-03,-1.155951308E-02,-5.209065418E-04,-1.530822854E-01, 3.291403964E-03
       686, 8.999999951E+00, 3.494976905E-01, 1.221028031E-01, 2.041002258E-03, 1.423140351E-03, 3.307814956E-03,-9.452374895E-03,-3.381100599E-04,-8.515682035E-02, 3.612324094E-03
       687, 1.099999988E+01, 3.494976853E-01, 1.053105014E-01, 1.492667256E-03, 9.785882725E-04, 3.309431266E-03,-7.414389095E-03,-2.200323759E-04,-5.157917109E-02, 3.143372266E-03
       688, 1.299999997E+01, 3.494976853E-01, 9.213085492E-02, 1.130407461E-03, 7.122833765E-04, 3.308133136E-03,-5.842538121E-03,-1.480932521E-04,-3.337687597E-02, 2.608091440E-03
       689, 4.999999929E+00, 3.568517682E-01, 1.641866507E-01, 4.089772998E-03, 3.833520185E-03, 3.220866769E-03,-9.556663930E-03,-5.982071867E-04,-3.069010972E-01,-1.905668593E-03
       690, 6.999999954E+00, 3.568517682E-01, 1.420749232E-01, 2.912763914E-03, 2.230458416E-03, 3.291572706E-03,-1.120084549E-02,-5.154383714E-04,-1.545965502E-01, 3.037926455E-03
       691, 8.999999951E+00, 3.568517735E-01, 1.214722642E-01, 2.067109595E-03, 1.422879461E-03, 3.306604412E-03,-9.282401456E-03,-3.390354386E-04,-8.630663514E-02, 3.489533489E-03
       692, 1.099999988E+01, 3.568517682E-01, 1.049281741E-01, 1.515541645E-03, 9.788982357E-04, 3.308890164E-03,-7.325533540E-03,-2.219764541E-04,-5.238610500E-02, 3.078428894E-03
       693, 1.299999997E+01, 3.568517682E-01, 9.188328155E-02, 1.149449370E-03, 7.126127187E-04, 3.307865612E-03,-5.792190730E-03,-1.499083997E-04,-3.394447136E-02, 2.571036331E-03
       694, 4.999999929E+00, 3.643122920E-01, 1.618939693E-01, 4.073424953E-03, 3.806748188E-03, 3.211255901E-03,-8.713914686E-03,-5.575328998E-04,-3.077040899E-01,-2.468610647E-03
       695, 6.999999954E+00, 3.643122920E-01, 1.409160304E-01, 2.934455912E-03, 2.226195211E-03, 3.288268301E-03,-1.083622644E-02,-5.091631222E-04,-1.560558009E-01, 2.780906889E-03
       696, 8.999999951E+00, 3.643122975E-01, 1.208240819E-01, 2.092668889E-03, 1.422495435E-03, 3.305293678E-03,-9.108551905E-03,-3.396607907E-04,-8.744030424E-02, 3.364144571E-03
       697, 1.099999988E+01, 3.643122920E-01, 1.045343065E-01, 1.538256373E-03, 9.791731671E-04, 3.308302037E-03,-7.234325807E-03,-2.238026295E-04,-5.318947443E-02, 3.011839896E-03
       698, 1.299999997E+01, 3.643122920E-01, 9.162788835E-02, 1.168486513E-03, 7.129333709E-04, 3.307574122E-03,-5.740393072E-03,-1.516759831E-04,-3.451258668E-02, 2.532944514E-03
       699, 4.999999929E+00, 3.718807975E-01, 1.595627147E-01, 4.052585150E-03, 3.778315366E-03, 3.201043433E-03,-7.868114742E-03,-5.146829166E-04,-3.083279007E-01,-3.031182279E-03
       700, 6.999999954E+00, 3.718807975E-01, 1.397295392E-01, 2.954503622E-03, 2.221469791E-03, 3.284717089E-03,-1.046580776E-02,-5.020577206E-04,-1.574578806E-01, 2.520500553E-03
       701, 8.999999951E+00, 3.718808030E-01, 1.201580042E-01, 2.117639215E-03, 1.421979087E-03, 3.303875624E-03,-8.930830286E-03,-3.399731500E-04,-8.855666709E-02, 3.236176635E-03
       702, 1.099999988E+01, 3.718807975E-01, 1.041286738E-01, 1.560789533E-03, 9.794093952E-04, 3.307663237E-03,-7.140743074E-03,-2.255041859E-04,-5.398869791E-02, 2.943595088E-03
       703, 1.299999997E+01, 3.718807975E-01, 9.136449800E-02, 1.187506863E-03, 7.132438089E-04, 3.307256716E-03,-5.687122248E-03,-1.533924715E-04,-3.508092994E-02, 2.493801994E-03
       704, 4.999999929E+00, 3.795588474E-01, 1.571936343E-01, 4.027133892E-03, 3.748187015E-03, 3.190203836E-03,-7.020121723E-03,-4.694390536E-04,-3.087704649E-01,-3.591474137E-03
       705, 6.999999954E+00, 3.795588474E-01, 1.385153407E-01, 2.972829529E-03, 2.216259142E-03, 3.280904393E-03,-1.008975463E-02,-4.940999460E-04,-1.588006587E-01, 2.256869631E-03
       706, 8.999999951E+00, 3.795588530E-01, 1.194737864E-01, 2.141978458E-03, 1.421320882E-03, 3.302342725E-03,-8.749245737E-03,-3.399593974E-04,-8.965454801E-02, 3.105652988E-03
       707, 1.099999988E+01, 3.795588474E-01, 1.037110520E-01, 1.583118363E-03, 9.796030537E-04, 3.306969882E-03,-7.044764294E-03,-2.270742404E-04,-5.478317768E-02, 2.873685916E-03
       708, 1.299999997E+01, 3.795588474E-01, 9.109293194E-02, 1.206497827E-03, 7.135424087E-04, 3.306911302E-03,-5.632355901E-03,-1.550542154E-04,-3.564919763E-02, 2.453595349E-03
       709, 4.999999929E+00, 3.873480273E-01, 1.547875409E-01, 3.996950162E-03, 3.716331502E-03, 3.178711340E-03,-6.170810231E-03,-4.219770914E-04,-3.090298475E-01,-4.149313642E-03
       710, 6.999999954E+00, 3.873480273E-01, 1.372733517E-01, 2.989355158E-03, 2.210540047E-03, 3.276814985E-03,-9.708245718E-03,-4.852679289E-04,-1.600820356E-01, 1.990187938E-03
       711, 8.999999951E+00, 3.873480330E-01, 1.187711915E-01, 2.165643323E-03, 1.420510950E-03, 3.300687055E-03,-8.563812708E-03,-3.396063007E-04,-9.073275788E-02, 2.972601926E-03
       712, 1.099999988E+01, 3.873480273E-01, 1.032812186E-01, 1.605219238E-03, 9.797500778E-04, 3.306217837E-03,-6.946370318E-03,-2.285057477E-04,-5.557229999E-02, 2.802105550E-03
       713, 1.299999997E+01, 3.873480273E-01, 9.081301051E-02, 1.225446229E-03, 7.138274426E-04, 3.306535642E-03,-5.576072270E-03,-1.566574462E-04,-3.621707470E-02, 2.412311783E-03
       714, 4.999999929E+00, 3.952499456E-01, 1.523453136E-01, 3.961933846E-03, 3.682720526E-03, 3.166539977E-03,-5.321076482E-03,-3.724562370E-04,-3.091043611E-01,-4.704564271E-03
       715, 6.999999954E+00, 3.952499456E-01, 1.360035155E-01, 3.004001196E-03, 2.204289149E-03, 3.272433096E-03,-9.321473398E-03,-4.755406399E-04,-1.612999474E-01, 1.720641114E-03
       716, 8.999999951E+00, 3.952499515E-01, 1.180499912E-01, 2.188589350E-03, 1.419539085E-03, 3.298900267E-03,-8.374551145E-03,-3.389004967E-04,-9.179009590E-02, 2.837054774E-03
       717, 1.099999988E+01, 3.952499456E-01, 1.028389522E-01, 1.627067654E-03, 9.798462001E-04, 3.305402708E-03,-6.845544017E-03,-2.297915046E-04,-5.635543554E-02, 2.728848994E-03
       718, 1.299999997E+01, 3.952499456E-01, 9.052455313E-02, 1.244338301E-03, 7.140970753E-04, 3.306127341E-03,-5.518250259E-03,-1.581982757E-04,-3.678423449E-02, 2.369939157E-03
       719, 4.999999929E+00, 4.032662342E-01, 1.498678980E-01, 3.921982926E-03, 3.647329364E-03, 3.153663639E-03,-4.471850132E-03,-3.206581248E-04,-3.089926769E-01,-5.255208263E-03
       720, 6.999999954E+00, 4.032662342E-01, 1.347058032E-01, 3.016687597E-03, 2.197483023E-03, 3.267742413E-03,-8.929643791E-03,-4.648977152E-04,-1.624523702E-01, 1.448424529E-03
       721, 8.999999951E+00, 4.032662402E-01, 1.173099662E-01, 2.210770917E-03, 1.418394759E-03, 3.296973592E-03,-8.181486680E-03,-3.378288462E-04,-9.282535172E-02, 2.699055102E-03
       722, 1.099999988E+01, 4.032662342E-01, 1.023840337E-01, 1.648638226E-03, 9.798869479E-04, 3.304519828E-03,-6.742270408E-03,-2.309241544E-04,-5.713194004E-02, 2.653913183E-03
       723, 1.299999997E+01, 4.032662342E-01, 9.022737847E-02, 1.263159666E-03, 7.143493608E-04, 3.305683838E-03,-5.458869504E-03,-1.596726962E-04,-3.735033872E-02, 2.326466051E-03
       724, 4.999999929E+00, 4.113985483E-01, 1.473563057E-01, 3.876992681E-03, 3.610137134E-03, 3.140056127E-03,-3.624073836E-03,-2.666584452E-04,-3.086936817E-01,-5.801455874E-03
       725, 6.999999954E+00, 4.113985483E-01, 1.333802146E-01, 3.027333705E-03, 2.190098245E-03, 3.262726095E-03,-8.532976824E-03,-4.533195419E-04,-1.635373255E-01, 1.173743945E-03
       726, 8.999999951E+00, 4.113985544E-01, 1.165509075E-01, 2.232141330E-03, 1.417067124E-03, 3.294897824E-03,-7.984653973E-03,-3.363778817E-04,-9.383757114E-02, 2.558635515E-03
       727, 1.099999988E+01, 4.113985483E-01, 1.019162462E-01, 1.669904672E-03, 9.798676399E-04, 3.303564247E-03,-6.636536779E-03,-2.318961926E-04,-5.790115459E-02, 2.577297096E-03
       728, 1.299999997E+01, 4.113985483E-01, 8.992130465E-02, 1.281895327E-03, 7.145822380E-04, 3.305202398E-03,-5.397910444E-03,-1.610765810E-04,-3.791503754E-02, 2.281881831E-03
       729, 4.999999929E+00, 4.196485673E-01, 1.448116155E-01, 3.826868680E-03, 3.571127038E-03, 3.125691207E-03,-2.778716072E-03,-2.104984049E-04,-3.082064864E-01,-6.342081867E-03
       730, 6.999999954E+00, 4.196485673E-01, 1.320267792E-01, 3.035858382E-03, 2.182111473E-03, 3.257366775E-03,-8.131706331E-03,-4.407875458E-04,-1.645528841E-01, 8.968167820E-04
       731, 8.999999951E+00, 4.196485735E-01, 1.157726162E-01, 2.252652629E-03, 1.415545026E-03, 3.292663310E-03,-7.784079756E-03,-3.345336401E-04,-9.482492070E-02, 2.415843595E-03
       732, 1.099999988E+01, 4.196485673E-01, 1.014353753E-01, 1.690839812E-03, 9.797833842E-04, 3.302530720E-03,-6.528332818E-03,-2.326999740E-04,-5.866240631E-02, 2.499001830E-03
       733, 1.299999997E+01, 4.196485673E-01, 8.960614941E-02, 1.300529652E-03, 7.147935281E-04, 3.304680103E-03,-5.335354389E-03,-1.624056846E-04,-3.847796958E-02, 2.236176716E-03
       734, 4.999999929E+00, 4.280179948E-01, 1.422349731E-01, 3.771521005E-03, 3.530286594E-03, 3.110542670E-03,-1.936762038E-03,-1.522069550E-04,-3.075304861E-01,-6.876414051E-03
       735, 6.999999954E+00, 4.280179948E-01, 1.306455574E-01, 3.042180152E-03, 2.173499528E-03, 3.251646576E-03,-7.726080100E-03,-4.272840757E-04,-1.654971713E-01, 6.178707126E-04
       736, 8.999999951E+00, 4.280180012E-01, 1.149749053E-01, 2.272255939E-03, 1.413817027E-03, 3.290259946E-03,-7.579816285E-03,-3.322822805E-04,-9.578615973E-02, 2.270746110E-03
       737, 1.099999988E+01, 4.280179948E-01, 1.009412099E-01, 1.711415562E-03, 9.796290766E-04, 3.301413693E-03,-6.417650736E-03,-2.333277209E-04,-5.941500891E-02, 2.419030693E-03
       738, 1.299999997E+01, 4.280179948E-01, 8.928173037E-02, 1.319046364E-03, 7.149809303E-04, 3.304113840E-03,-5.271183595E-03,-1.636556440E-04,-3.903876206E-02, 2.189341834E-03
       739, 4.999999929E+00, 4.365085591E-01, 1.396275913E-01, 3.710866254E-03, 3.487607872E-03, 3.094584387E-03,-1.099216437E-03,-9.182382759E-05,-3.066653360E-01,-7.403604372E-03
       740, 6.999999954E+00, 4.365085591E-01, 1.292366414E-01, 3.046217344E-03, 2.164239479E-03, 3.245547125E-03,-7.316359898E-03,-4.127925665E-04,-1.663683713E-01, 3.371437654E-04
       741, 8.999999951E+00, 4.365085656E-01, 1.141575994E-01, 2.290901301E-03, 1.411871413E-03, 3.287677166E-03,-7.371920883E-03,-3.296113973E-04,-9.672094191E-02, 2.123386720E-03
       742, 1.099999988E+01, 4.365085591E-01, 1.004335423E-01, 1.731602927E-03, 9.793993995E-04, 3.300207298E-03,-6.304485399E-03,-2.337715311E-04,-6.015826344E-02, 2.337389324E-03
       743, 1.299999997E+01, 4.365085591E-01, 8.894786520E-02, 1.337428528E-03, 7.151420195E-04, 3.303500297E-03,-5.205381338E-03,-1.648219795E-04,-3.959703084E-02, 2.141369264E-03
       744, 4.999999929E+00, 4.451220135E-01, 1.369907496E-01, 3.644827325E-03, 3.443087702E-03, 3.077790371E-03,-2.670997511E-04,-2.939401482E-05,-3.056109596E-01,-7.922852652E-03
       745, 6.999999954E+00, 4.451220135E-01, 1.278001561E-01, 3.047888247E-03, 2.154308737E-03, 3.239049563E-03,-6.902821429E-03,-3.972977159E-04,-1.671647313E-01, 5.488395996E-05
       746, 8.999999951E+00, 4.451220201E-01, 1.133205365E-01, 2.308537646E-03, 1.409696209E-03, 3.284903937E-03,-7.160438521E-03,-3.265079175E-04,-9.762760141E-02, 1.973834676E-03
       747, 1.099999988E+01, 4.451220135E-01, 9.991216883E-02, 1.751372003E-03, 9.790888218E-04, 3.298905334E-03,-6.188834454E-03,-2.340233866E-04,-6.089145911E-02, 2.254085779E-03
       748, 1.299999997E+01, 4.451220135E-01, 8.860437189E-02, 1.355658540E-03, 7.152742425E-04, 3.302835945E-03,-5.137931992E-03,-1.659000967E-04,-4.015238057E-02, 2.092252097E-03
       749, 4.999999929E+00, 4.538601367E-01, 1.343257939E-01, 3.573334188E-03, 3.396727882E-03, 3.060134838E-03, 5.585530212E-04, 3.503041023E-05,-3.043675595E-01,-8.433327417E-03
       750, 6.999999954E+00, 4.538601367E-01, 1.263362599E-01, 3.047111272E-03, 2.143685142E-03, 3.232134570E-03,-6.485754224E-03,-3.807854630E-04,-1.678845662E-01,-2.286483046E-04
       751, 8.999999951E+00, 4.538601435E-01, 1.124635675E-01, 2.325113076E-03, 1.407279199E-03, 3.281928755E-03,-6.945437003E-03,-3.229577581E-04,-9.850464839E-02, 1.822160604E-03
       752, 1.099999988E+01, 4.538601367E-01, 9.937689016E-02, 1.770691975E-03, 9.786915988E-04, 3.297501261E-03,-6.070698458E-03,-2.340751625E-04,-6.161387400E-02, 2.169130674E-03
       753, 1.299999997E+01, 4.538601367E-01, 8.825106897E-02, 1.373718118E-03, 7.153749154E-04, 3.302117036E-03,-5.068821107E-03,-1.668852887E-04,-4.070440488E-02, 2.041984519E-03
       754, 4.999999929E+00, 4.627247331E-01, 1.316341363E-01, 3.496324269E-03, 3.348535365E-03, 3.041592267E-03, 1.376694024E-03, 1.013911577E-04,-3.029356147E-01,-8.934203660E-03
       755, 6.999999954E+00, 4.627247331E-01, 1.248451460E-01, 3.043805142E-03, 2.132347069E-03, 3.224782376E-03,-6.065461568E-03,-3.632434706E-04,-1.685262627E-01,-5.131872744E-04
       756, 8.999999951E+00, 4.627247400E-01, 1.115865583E-01, 2.340574631E-03, 1.404607953E-03, 3.278739637E-03,-6.726986665E-03,-3.189480674E-04,-9.935103743E-02, 1.668432182E-03
       757, 1.099999988E+01, 4.627247331E-01, 9.882751186E-02, 1.789531120E-03, 9.782017739E-04, 3.295988189E-03,-5.950081008E-03,-2.339186405E-04,-6.232477594E-02, 2.082537194E-03
       758, 1.299999997E+01, 4.627247331E-01, 8.788777580E-02, 1.391588291E-03, 7.154412206E-04, 3.301339588E-03,-4.998035491E-03,-1.677727378E-04,-4.125268664E-02, 1.990561876E-03
       759, 4.999999929E+00, 4.717176332E-01, 1.289172542E-01, 3.413742955E-03, 3.298522431E-03, 3.022137471E-03, 2.186263646E-03, 1.696225747E-04,-3.013158733E-01,-9.424652500E-03
       760, 6.999999954E+00, 4.717176332E-01, 1.233270427E-01, 3.037889017E-03, 2.120273519E-03, 3.216972790E-03,-5.642260448E-03,-3.446598242E-04,-1.690882827E-01,-7.984475895E-04
       761, 8.999999951E+00, 4.717176402E-01, 1.106893893E-01, 2.354868533E-03, 1.401669849E-03, 3.275324124E-03,-6.505164993E-03,-3.144660022E-04,-1.001655552E-01, 1.512734690E-03
       762, 1.099999988E+01, 4.717176332E-01, 9.826384483E-02, 1.807856811E-03, 9.776131803E-04, 3.294358866E-03,-5.826988864E-03,-2.335455105E-04,-6.302342340E-02, 1.994321236E-03
       763, 1.299999997E+01, 4.717176332E-01, 8.751431280E-02, 1.409249390E-03, 7.154702050E-04, 3.300499375E-03,-4.925563287E-03,-1.685575191E-04,-4.179679818E-02, 1.937980744E-03
       764, 4.999999929E+00, 4.808406941E-01, 1.261766900E-01, 3.325544073E-03, 3.246706840E-03, 3.001745652E-03, 2.986192470E-03, 2.396506096E-04,-2.995093521E-01,-9.903842828E-03
       765, 6.999999954E+00, 4.808406941E-01, 1.217822150E-01, 3.029282824E-03, 2.107444230E-03, 3.208685221E-03,-5.216481310E-03,-3.250268945E-04,-1.695691710E-01,-1.084164235E-03
       766, 8.999999951E+00, 4.808407013E-01, 1.097719571E-01, 2.367940160E-03, 1.398452100E-03, 3.271669271E-03,-6.280056639E-03,-3.094988459E-04,-1.009469981E-01, 1.355152117E-03
       767, 1.099999988E+01, 4.808406941E-01, 9.768570581E-02, 1.825635523E-03, 9.769194440E-04, 3.292605666E-03,-5.701432072E-03,-2.329474036E-04,-6.370906655E-02, 1.904501064E-03
       768, 1.299999997E+01, 4.808406941E-01, 8.713050176E-02, 1.426681039E-03, 7.154587772E-04, 3.299591918E-03,-4.851394059E-03,-1.692346031E-04,-4.233630154E-02, 1.884238964E-03
       769, 4.999999929E+00, 4.900957997E-01, 1.234140499E-01, 3.231690425E-03, 3.193111969E-03, 2.980392473E-03, 3.775403605E-03, 3.113932149E-04,-2.975173445E-01,-1.037094052E-02
       770, 6.999999954E+00, 4.900957997E-01, 1.202109644E-01, 3.017907147E-03, 2.093839777E-03, 3.199898701E-03,-4.788468156E-03,-3.043320913E-04,-1.699675485E-01,-1.369955576E-03
       771, 8.999999951E+00, 4.900958070E-01, 1.088341747E-01, 2.379734122E-03, 1.394941781E-03, 3.267761653E-03,-6.051753527E-03,-3.040341728E-04,-1.016941748E-01, 1.195776209E-03
       772, 1.099999988E+01, 4.900957997E-01, 9.709291787E-02, 1.842832836E-03, 9.761139880E-04, 3.290720585E-03,-5.573424093E-03,-2.321158958E-04,-6.438094823E-02, 1.813099272E-03
       773, 1.299999997E+01, 4.900957997E-01, 8.673616612E-02, 1.443862151E-03, 7.154037057E-04, 3.298612475E-03,-4.775518874E-03,-1.697988602E-04,-4.287074878E-02, 1.829335713E-03
       774, 4.999999929E+00, 4.994848611E-01, 1.206310029E-01, 3.132154297E-03, 3.137766920E-03, 2.958054123E-03, 4.552815203E-03, 3.847612915E-04,-2.953414263E-01,-1.082511379E-02
       775, 6.999999954E+00, 4.994848611E-01, 1.186136306E-01, 3.003684894E-03, 2.079441684E-03, 3.190591916E-03,-4.358578579E-03,-2.825917299E-04,-1.702821372E-01,-1.655674628E-03
       776, 8.999999951E+00, 4.994848686E-01, 1.078759726E-01, 2.390194319E-03, 1.391125864E-03, 3.263587365E-03,-5.820354941E-03,-2.980598266E-04,-1.024059092E-01, 1.034704119E-03
       777, 1.099999988E+01, 4.994848611E-01, 9.648531090E-02, 1.859413474E-03, 9.751900371E-04, 3.288695227E-03,-5.442981913E-03,-2.310427446E-04,-6.503834340E-02, 1.720142150E-03
       778, 1.299999997E+01, 4.994848611E-01, 8.633113127E-02, 1.460770919E-03, 7.153016177E-04, 3.297556029E-03,-4.697930389E-03,-1.702450644E-04,-4.339968239E-02, 1.773271584E-03
       779, 4.999999929E+00, 5.090098173E-01, 1.178292799E-01, 3.026917951E-03, 3.080706617E-03, 2.934707381E-03, 5.317342141E-03, 4.596586315E-04,-2.929834519E-01,-1.126553731E-02
       780, 6.999999954E+00, 5.090098173E-01, 1.169905915E-01, 2.986539048E-03, 2.064232530E-03, 3.180743235E-03,-3.927180739E-03,-2.597656741E-04,-1.705117478E-01,-1.940881963E-03
       781, 8.999999951E+00, 5.090098249E-01, 1.068972993E-01, 2.399264017E-03, 1.386991246E-03, 3.259132021E-03,-5.585967635E-03,-2.915640709E-04,-1.030810419E-01, 8.720396220E-04
       782, 1.099999988E+01, 5.090098173E-01, 9.586272218E-02, 1.875341288E-03, 9.741406231E-04, 3.286520797E-03,-5.310131359E-03,-2.297190522E-04,-6.568054850E-02, 1.625652194E-03
       783, 1.299999997E+01, 5.090098173E-01, 8.591522488E-02, 1.477384815E-03, 7.151489976E-04, 3.296417276E-03,-4.618622933E-03,-1.705678982E-04,-4.392263566E-02, 1.716048664E-03
       784, 4.999999929E+00, 5.186726350E-01, 1.150106720E-01, 2.915974101E-03, 3.021971867E-03, 2.910329686E-03, 6.067897334E-03, 5.359810157E-04,-2.904455429E-01,-1.169139376E-02
       785, 6.999999954E+00, 5.186726350E-01, 1.153422642E-01, 2.966390697E-03, 2.048196060E-03, 3.170330740E-03,-3.494656196E-03,-2.358261676E-04,-1.706552617E-01,-2.225171211E-03
       786, 8.999999951E+00, 5.186726428E-01, 1.058981223E-01, 2.406885920E-03, 1.382524793E-03, 3.254380759E-03,-5.348705924E-03,-2.845355070E-04,-1.037184331E-01, 7.078916035E-04
       787, 1.099999988E+01, 5.186726350E-01, 9.522499683E-02, 1.890579224E-03, 9.729585919E-04, 3.284188092E-03,-5.174880325E-03,-2.281362073E-04,-6.630639990E-02, 1.529659593E-03
       788, 1.299999997E+01, 5.186726350E-01, 8.548827721E-02, 1.493680579E-03, 7.149421865E-04, 3.295190620E-03,-4.537592598E-03,-1.707619577E-04,-4.443913315E-02, 1.657670599E-03
       789, 4.999999929E+00, 5.284753098E-01, 1.121770293E-01, 2.799326404E-03, 2.961609403E-03, 2.884899205E-03, 6.803393974E-03, 6.136149611E-04,-2.877300852E-01,-1.210187144E-02
       790, 6.999999954E+00, 5.284753098E-01, 1.136691057E-01, 2.943167160E-03, 2.031317301E-03, 3.159332260E-03,-3.061402063E-03,-2.108664302E-04,-1.707116768E-01,-2.508468520E-03
       791, 8.999999951E+00, 5.284753176E-01, 1.048784285E-01, 2.413002245E-03, 1.377713370E-03, 3.249318250E-03,-5.108691752E-03,-2.769631343E-04,-1.043169655E-01, 5.423746806E-04
       792, 1.099999988E+01, 5.284753098E-01, 9.457198846E-02, 1.905089452E-03, 9.716366159E-04, 3.281687496E-03,-5.037269025E-03,-2.262857837E-04,-6.691535091E-02, 1.432203774E-03
       793, 1.299999997E+01, 5.284753098E-01, 8.505012146E-02, 1.509634226E-03, 7.146773815E-04, 3.293870157E-03,-4.454837315E-03,-1.708217589E-04,-4.494869111E-02, 1.598142626E-03
       794, 4.999999929E+00, 5.384198657E-01, 1.093302594E-01, 2.676989986E-03, 2.899671895E-03, 2.858394897E-03, 7.522748395E-03, 6.924383305E-04,-2.848397339E-01,-1.249616505E-02
       795, 6.999999954E+00, 5.384198657E-01, 1.119716132E-01, 2.916799939E-03, 2.013582666E-03, 3.147725407E-03,-2.627824963E-03,-1.848609401E-04,-1.706800945E-01,-2.790227761E-03
       796, 8.999999951E+00, 5.384198737E-01, 1.038382253E-01, 2.417554812E-03, 1.372543888E-03, 3.243928697E-03,-4.866054744E-03,-2.688365293E-04,-1.048755459E-01, 3.756099941E-04
       797, 1.099999988E+01, 5.384198657E-01, 9.390355969E-02, 1.918833351E-03, 9.701672011E-04, 3.279008969E-03,-4.897340831E-03,-2.241596926E-04,-6.750700339E-02, 1.333321965E-03
       798, 1.299999997E+01, 5.384198657E-01, 8.460059412E-02, 1.525221037E-03, 7.143506363E-04, 3.292449668E-03,-4.370356950E-03,-1.707417430E-04,-4.545081798E-02, 1.537471652E-03
       799, 4.999999929E+00, 5.485083564E-01, 1.064723254E-01, 2.548991944E-03, 2.836217941E-03, 2.830796588E-03, 8.224883043E-03, 7.723215658E-04,-2.817774187E-01,-1.287348090E-02
       800, 6.999999954E+00, 5.485083564E-01, 1.102503246E-01, 2.887218793E-03, 1.994980069E-03, 3.135487613E-03,-2.194341522E-03,-1.577656050E-04,-1.705597240E-01,-3.070119348E-03
       801, 8.999999951E+00, 5.485083646E-01, 1.027775411E-01, 2.420485132E-03, 1.367003343E-03, 3.238195853E-03,-4.620932230E-03,-2.601457627E-04,-1.053931086E-01, 2.077245111E-04
       802, 1.099999988E+01, 5.485083564E-01, 9.321958265E-02, 1.931771515E-03, 9.685426932E-04, 3.276142047E-03,-4.755114393E-03,-2.217496654E-04,-6.808021395E-02, 1.233054209E-03
       803, 1.299999997E+01, 5.485083564E-01, 8.413953532E-02, 1.540415565E-03, 7.139578615E-04, 3.290922608E-03,-4.284153387E-03,-1.705162865E-04,-4.594501496E-02, 1.475666332E-03
       804, 4.999999929E+00, 5.587428652E-01, 1.036052437E-01, 2.415371813E-03, 2.771312019E-03, 2.802085032E-03, 8.908728326E-03, 8.531277785E-04,-2.785463354E-01,-1.323304169E-02
       805, 6.999999954E+00, 5.587428652E-01, 1.085058189E-01, 2.854355936E-03, 1.975499034E-03, 3.122596168E-03,-1.761381002E-03,-1.296157541E-04,-1.703498748E-01,-3.347864261E-03
       806, 8.999999951E+00, 5.587428735E-01, 1.016964262E-01, 2.421734513E-03, 1.361078863E-03, 3.232103022E-03,-4.373469278E-03,-2.508815011E-04,-1.058686171E-01, 3.885090941E-05
       807, 1.099999988E+01, 5.587428652E-01, 9.251993956E-02, 1.943863776E-03, 9.667552941E-04, 3.273075832E-03,-4.610636385E-03,-2.190468066E-04,-6.863419054E-02, 1.131441712E-03
       808, 1.299999997E+01, 5.587428652E-01, 8.366678920E-02, 1.555191633E-03, 7.134948259E-04, 3.289282096E-03,-4.196230613E-03,-1.701397001E-04,-4.643077661E-02, 1.412737101E-03
       809, 4.999999929E+00, 5.691255055E-01, 1.007310824E-01, 2.276182008E-03, 2.705024416E-03, 2.772241988E-03, 9.573223899E-03, 9.347117730E-04,-2.751499317E-01,-1.357408798E-02
       810, 6.999999954E+00, 5.691255055E-01, 1.067387168E-01, 2.818147248E-03, 1.955130807E-03, 3.109028259E-03,-1.329383252E-03,-1.004197763E-04,-1.700499569E-01,-3.623048203E-03
       811, 8.999999951E+00, 5.691255139E-01, 1.005949532E-01, 2.421244149E-03, 1.354757758E-03, 3.225633076E-03,-4.123818720E-03,-2.410350498E-04,-1.063010665E-01,-1.308724586E-04
       812, 1.099999988E+01, 5.691255055E-01, 9.180452329E-02, 1.955069214E-03, 9.647970759E-04, 3.269798992E-03,-4.463951634E-03,-2.160430274E-04,-6.916822537E-02, 1.028531955E-03
       813, 1.299999997E+01, 5.691255055E-01, 8.318220432E-02, 1.569522341E-03, 7.129571585E-04, 3.287520907E-03,-4.106594802E-03,-1.696062558E-04,-4.690759149E-02, 1.348696094E-03
       814, 4.999999929E+00, 5.796584212E-01, 9.785195869E-02, 2.131488274E-03, 2.637431125E-03, 2.741250285E-03, 1.021732110E-02, 1.016918705E-03,-2.715919004E-01,-1.389587570E-02
       815, 6.999999954E+00, 5.796584212E-01, 1.049496807E-01, 2.778531534E-03, 1.933868457E-03, 3.094761016E-03,-8.987979143E-04,-7.019178229E-05,-1.696595015E-01,-3.895318267E-03
       816, 8.999999951E+00, 5.796584298E-01, 9.947321804E-02, 2.418955241E-03, 1.348027562E-03, 3.218768466E-03,-3.872141164E-03,-2.305984238E-04,-1.066894863E-01,-3.013008716E-04
       817, 1.099999988E+01, 5.796584212E-01, 9.107323798E-02, 1.965346252E-03, 9.626599945E-04, 3.266299754E-03,-4.315109384E-03,-2.127301556E-04,-6.968154972E-02, 9.243779285E-04
       818, 1.299999997E+01, 5.796584212E-01, 8.268563398E-02, 1.583380067E-03, 7.123403506E-04, 3.285631462E-03,-4.015254402E-03,-1.689101347E-04,-4.737494273E-02, 1.283557794E-03
       819, 4.999999929E+00, 5.903437875E-01, 9.497003681E-02, 1.981370176E-03, 2.568613711E-03, 2.709093893E-03, 1.083998618E-02, 1.099584879E-03,-2.678761827E-01,-1.419767679E-02
       820, 6.999999954E+00, 5.903437875E-01, 1.031394155E-01, 2.735450954E-03, 1.911706981E-03, 3.079771552E-03,-4.700844901E-04,-3.894672087E-05,-1.691781501E-01,-4.164298691E-03
       821, 8.999999951E+00, 5.903437963E-01, 9.833134048E-02, 2.414809108E-03, 1.340876091E-03, 3.211491239E-03,-3.618604939E-03,-2.195643732E-04,-1.070329424E-01,-4.722855408E-04
       822, 1.099999988E+01, 5.903437875E-01, 9.032599956E-02, 1.974652662E-03, 9.603359062E-04, 3.262565906E-03,-4.164163340E-03,-2.091001658E-04,-7.017340034E-02, 8.190335329E-04
       823, 1.299999997E+01, 5.903437875E-01, 8.217693673E-02, 1.596736488E-03, 7.116397591E-04, 3.283605818E-03,-3.922220220E-03,-1.680456428E-04,-4.783230849E-02, 1.217340821E-03
       824, 4.999999929E+00, 6.011838108E-01, 9.208752516E-02, 1.825921546E-03, 2.498659142E-03, 2.675757997E-03, 1.144020358E-02, 1.182539329E-03,-2.640069691E-01,-1.447878470E-02
       825, 6.999999954E+00, 6.011838108E-01, 1.013086679E-01, 2.688851229E-03, 1.888643408E-03, 3.064037010E-03,-4.371131785E-05,-6.703336913E-06,-1.686056606E-01,-4.429612767E-03
       826, 8.999999951E+00, 6.011838198E-01, 9.716946475E-02, 2.408747292E-03, 1.333291495E-03, 3.203783052E-03,-3.363386101E-03,-2.079264566E-04,-1.073305396E-01,-6.436687622E-04
       827, 1.099999988E+01, 6.011838108E-01, 8.956273636E-02, 1.982945611E-03, 9.578165850E-04, 3.258584791E-03,-4.011171756E-03,-2.051451798E-04,-7.064302089E-02, 7.125569115E-04
       828, 1.299999997E+01, 6.011838108E-01, 8.165597665E-02, 1.609562599E-03, 7.108506099E-04, 3.281435662E-03,-3.827510963E-03,-1.670067481E-04,-4.827927520E-02, 1.150061229E-03
       829, 4.999999929E+00, 6.121807297E-01, 8.920667367E-02, 1.665250883E-03, 2.427659594E-03, 2.641229068E-03, 1.201697766E-02, 1.265604084E-03,-2.599886884E-01,-1.473851938E-02
       830, 6.999999954E+00, 6.121807297E-01, 9.945822716E-02, 2.638681978E-03, 1.864676889E-03, 3.047534610E-03, 3.798449159E-04, 2.651683769E-05,-1.679419080E-01,-4.690877069E-03
       831, 8.999999951E+00, 6.121807388E-01, 9.598776023E-02, 2.400711744E-03, 1.325262310E-03, 3.195625193E-03,-3.106668237E-03,-1.956791787E-04,-1.075814242E-01,-8.152967006E-04
       832, 1.099999988E+01, 6.121807297E-01, 8.878338968E-02, 1.990181704E-03, 9.550937421E-04, 3.254343314E-03,-3.856197502E-03,-2.008575079E-04,-7.108966332E-02, 6.050098999E-04
       833, 1.299999997E+01, 6.121807297E-01, 8.112262385E-02, 1.621828647E-03, 7.099680018E-04, 3.279112303E-03,-3.731130276E-03,-1.657876367E-04,-4.871506871E-02, 1.081735280E-03
       834, 4.999999929E+00, 6.233368149E-01, 8.632977096E-02, 1.499481722E-03, 2.355712222E-03, 2.605494942E-03, 1.256933363E-02, 1.348593104E-03,-2.558259879E-01,-1.497622832E-02
       835, 6.999999954E+00, 6.233368149E-01, 9.758892496E-02, 2.584896996E-03, 1.839808794E-03, 3.030241693E-03, 8.000998351E-04, 6.068917738E-05,-1.671868871E-01,-4.947706090E-03
       836, 8.999999951E+00, 6.233368242E-01, 9.478642207E-02, 2.390644869E-03, 1.316777515E-03, 3.186998598E-03,-2.848642810E-03,-1.828191548E-04,-1.077847817E-01,-9.869695825E-04
       837, 1.099999988E+01, 6.233368149E-01, 8.798791436E-02, 1.996317044E-03, 9.521590458E-04, 3.249827938E-03,-3.699308132E-03,-1.962297032E-04,-7.151258934E-02, 4.964584314E-04
       838, 1.299999997E+01, 6.233368149E-01, 8.057675487E-02, 1.633504196E-03, 7.089869138E-04, 3.276626663E-03,-3.633096827E-03,-1.643826361E-04,-4.913912031E-02, 1.012387671E-03
       839, 4.999999929E+00, 6.346543703E-01, 8.345914146E-02, 1.328753010E-03, 2.282918894E-03, 2.568544894E-03, 1.309631983E-02, 1.431310828E-03,-2.515237224E-01,-1.519128370E-02
       840, 6.999999954E+00, 6.346543703E-01, 9.570163521E-02, 2.527454555E-03, 1.814042791E-03, 3.012135775E-03, 1.216561985E-03, 9.578587928E-05,-1.663407130E-01,-5.199711247E-03
       841, 8.999999951E+00, 6.346543798E-01, 9.356567175E-02, 2.378490367E-03, 1.307826591E-03, 3.177883877E-03,-2.589508257E-03,-1.693533026E-04,-1.079398502E-01,-1.158588395E-03
       842, 1.099999988E+01, 6.346543703E-01, 8.717627937E-02, 2.001307279E-03, 9.490041442E-04, 3.245024688E-03,-3.540575934E-03,-1.912545384E-04,-7.191107206E-02, 3.869714901E-04
       843, 1.299999997E+01, 6.346543703E-01, 8.001825319E-02, 1.644558186E-03, 7.079022121E-04, 3.273969272E-03,-3.533446683E-03,-1.627858972E-04,-4.955128813E-02, 9.420468452E-04
       844, 4.999999929E+00, 6.461357329E-01, 8.059714236E-02, 1.153219512E-03, 2.209385905E-03, 2.530369727E-03, 1.359701101E-02, 1.513553145E-03,-2.470869530E-01,-1.538308253E-02
       845, 6.999999954E+00, 6.461357329E-01, 9.379727399E-02, 2.466317709E-03, 1.787384932E-03, 2.993194595E-03, 1.628733537E-03, 1.317757154E-04,-1.654036224E-01,-5.446501574E-03
       846, 8.999999951E+00, 6.461357425E-01, 9.232575758E-02, 2.364191773E-03, 1.298399579E-03, 3.168261334E-03,-2.329470263E-03,-1.552451120E-04,-1.080459142E-01,-1.329910894E-03
       847, 1.099999988E+01, 6.461357329E-01, 8.634846836E-02, 2.005107659E-03, 9.456206877E-04, 3.239919158E-03,-3.380077984E-03,-1.859250426E-04,-7.228439744E-02, 2.766218617E-04
       848, 1.299999997E+01, 6.461357329E-01, 7.944700956E-02, 1.654958941E-03, 7.067086521E-04, 3.271130263E-03,-3.432195621E-03,-1.609916605E-04,-4.995087729E-02, 8.707411390E-04
       849, 4.999999929E+00, 6.577832735E-01, 7.774616041E-02, 9.730521750E-04, 2.135223653E-03, 2.490961856E-03, 1.407051130E-02, 1.595109331E-03,-2.425209434E-01,-1.555105206E-02
       850, 6.999999954E+00, 6.577832735E-01, 9.187679933E-02, 2.401454612E-03, 1.759843720E-03, 2.973396166E-03, 2.036111186E-03, 1.686239027E-04,-1.643759746E-01,-5.687683563E-03
       851, 8.999999951E+00, 6.577832833E-01, 9.106695533E-02, 2.347691903E-03, 1.288487137E-03, 3.158110991E-03,-2.068742498E-03,-1.405038846E-04,-1.081022979E-01,-1.500729975E-03
       852, 1.099999988E+01, 6.577832735E-01, 8.550448027E-02, 2.007673101E-03, 9.420003546E-04, 3.234496512E-03,-3.217896199E-03,-1.802345750E-04,-7.263186572E-02, 1.654864375E-04
       853, 1.299999997E+01, 6.577832735E-01, 7.886292245E-02, 1.664674156E-03, 7.054008881E-04, 3.268099365E-03,-3.329367555E-03,-1.589939317E-04,-5.033721229E-02, 7.984962162E-04
       854, 4.999999929E+00, 6.695993975E-01, 7.490860856E-02, 7.884384307E-04, 2.060546284E-03, 2.450315412E-03, 1.451595531E-02, 1.675762456E-03,-2.378311423E-01,-1.569465418E-02
       855, 6.999999954E+00, 6.695993975E-01, 8.994121087E-02, 2.332838840E-03, 1.731430176E-03, 2.952718828E-03, 2.438186972E-03, 2.062922001E-04,-1.632582528E-01,-5.922862947E-03
       856, 8.999999951E+00, 6.695994075E-01, 8.978956872E-02, 2.328937420E-03, 1.278080605E-03, 3.147412621E-03,-1.807546497E-03,-1.251708792E-04,-1.081083845E-01,-1.670971750E-03
       857, 1.099999988E+01, 6.695993975E-01, 8.464432986E-02, 2.008958258E-03, 9.381348767E-04, 3.228741492E-03,-3.054117363E-03,-1.741768118E-04,-7.295279292E-02, 5.364566587E-05
       858, 1.299999997E+01, 6.695993975E-01, 7.826589855E-02, 1.673670880E-03, 7.039734836E-04, 3.264865900E-03,-3.224993880E-03,-1.567870373E-04,-5.070984465E-02, 7.253425733E-04
       859, 4.999999929E+00, 6.815865448E-01, 7.208692262E-02, 5.995824680E-04, 1.985471319E-03, 2.408426346E-03, 1.493250790E-02, 1.755288191E-03,-2.330231562E-01,-1.581338537E-02
       860, 6.999999954E+00, 6.815865448E-01, 8.799154946E-02, 2.260449698E-03, 1.702157899E-03, 2.931141300E-03, 2.834449080E-03, 2.447389578E-04,-1.620510647E-01,-6.151646141E-03
       861, 8.999999951E+00, 6.815865550E-01, 8.849392981E-02, 2.307877215E-03, 1.267172060E-03, 3.136145769E-03,-1.546109378E-03,-1.092134642E-04,-1.080636100E-01,-1.840345667E-03
       862, 1.099999988E+01, 6.815865448E-01, 8.376804828E-02, 2.008917588E-03, 9.340160672E-04, 3.222638430E-03,-2.888833156E-03,-1.677458056E-04,-7.324651231E-02,-5.881639203E-05
       863, 1.299999997E+01, 6.815865448E-01, 7.765585324E-02, 1.681915611E-03, 7.024209197E-04, 3.261418778E-03,-3.119107016E-03,-1.543653938E-04,-5.106824408E-02, 6.513160786E-04
       864, 4.999999929E+00, 6.937471908E-01, 6.928355809E-02, 4.067055201E-04, 1.910119237E-03, 2.365292561E-03, 1.531936554E-02, 1.833452939E-03,-2.281027318E-01,-1.590677278E-02
       865, 6.999999954E+00, 6.937471908E-01, 8.602889664E-02, 2.184272535E-03, 1.672043104E-03, 2.908642739E-03, 3.224382632E-03, 2.839189060E-04,-1.607551428E-01,-6.373640451E-03
       866, 8.999999951E+00, 6.937472012E-01, 8.718039951E-02, 2.284459328E-03, 1.255754378E-03, 3.124289788E-03,-1.284664503E-03,-9.262883673E-05,-1.079674658E-01,-2.008671902E-03
       867, 1.099999988E+01, 6.937471908E-01, 8.287568363E-02, 2.007505431E-03, 9.296358494E-04, 3.216171251E-03,-2.722140167E-03,-1.609359882E-04,-7.351237594E-02,-1.718117431E-04
       868, 1.299999997E+01, 6.937471908E-01, 7.703271096E-02, 1.689374305E-03, 7.007376055E-04, 3.257746497E-03,-3.011742386E-03,-1.517234133E-04,-5.141188295E-02, 5.764530250E-04
       869, 4.999999929E+00, 7.060838467E-01, 6.650098682E-02, 2.100461845E-04, 1.834613049E-03, 2.320914058E-03, 1.567575911E-02, 1.910015240E-03,-2.230757484E-01,-1.597437387E-02
       870, 6.999999954E+00, 7.060838467E-01, 8.405437411E-02, 2.104299062E-03, 1.641104671E-03, 2.885202787E-03, 3.607470540E-03, 3.237829483E-04,-1.593713437E-01,-6.588454439E-03
       871, 8.999999951E+00, 7.060838572E-01, 8.584936786E-02, 2.258633446E-03, 1.243821298E-03, 3.111823866E-03,-1.023453134E-03,-7.543104776E-05,-1.078194990E-01,-2.175781799E-03
       872, 1.099999988E+01, 7.060838467E-01, 8.196730149E-02, 2.004676087E-03, 9.249862867E-04, 3.209323489E-03,-2.554139906E-03,-1.537422909E-04,-7.374975618E-02,-2.852492358E-04
       873, 1.299999997E+01, 7.060838467E-01, 7.639640577E-02, 1.696012403E-03, 6.989178894E-04, 3.253837139E-03,-2.902938487E-03,-1.488556510E-04,-5.174023744E-02, 5.007924049E-04
       874, 4.999999929E+00, 7.185990599E-01, 6.374169376E-02, 9.860725687E-06, 1.759083072E-03, 2.275293182E-03, 1.600094897E-02, 1.984726848E-03,-2.179481528E-01,-1.601577304E-02
       875, 6.999999954E+00, 7.185990599E-01, 8.206914300E-02, 2.020527685E-03, 1.609364165E-03, 2.860801636E-03, 3.983194610E-03, 3.642780361E-04,-1.579006491E-01,-6.795697936E-03
       876, 8.999999951E+00, 7.185990706E-01, 8.450125454E-02, 2.230351553E-03, 1.231367476E-03, 3.098727063E-03,-7.627223790E-04,-5.762244143E-05,-1.076193128E-01,-2.341447096E-03
       877, 1.099999988E+01, 7.185990599E-01, 8.104298545E-02, 2.000383899E-03, 9.200596142E-04, 3.202078298E-03,-2.384938804E-03,-1.461599059E-04,-7.395804691E-02,-3.990330850E-04
       878, 1.299999997E+01, 7.185990599E-01, 7.574688176E-02, 1.701794870E-03, 6.969560717E-04, 3.249678372E-03,-2.792736934E-03,-1.457567017E-04,-5.205278847E-02, 4.243752050E-04
       879, 4.999999929E+00, 7.312954149E-01, 6.100817468E-02,-1.935765580E-04, 1.683689671E-03, 2.228435975E-03, 1.629421810E-02, 2.057332601E-03,-2.127258983E-01,-1.603058086E-02
       880, 6.999999954E+00, 7.312954149E-01, 8.007440308E-02, 1.932963826E-03, 1.576845856E-03, 2.835420077E-03, 4.351036547E-03, 4.053473517E-04,-1.563441650E-01,-6.994984052E-03
       881, 8.999999951E+00, 7.312954258E-01, 8.313650904E-02, 2.199567555E-03, 1.218388548E-03, 3.084978344E-03,-5.027254641E-04,-3.921057955E-05,-1.073665731E-01,-2.505466252E-03
       882, 1.099999988E+01, 7.312954149E-01, 8.010283765E-02, 1.994583358E-03, 9.148482709E-04, 3.194418465E-03,-2.214648210E-03,-1.381850281E-04,-7.413666559E-02,-5.130673992E-04
       883, 1.299999997E+01, 7.312954149E-01, 7.508409353E-02, 1.706686221E-03, 6.948464171E-04, 3.245257446E-03,-2.681182525E-03,-1.424213651E-04,-5.234902267E-02, 3.472452887E-04
       884, 4.999999929E+00, 7.441755335E-01, 5.830293350E-02,-3.999730611E-04, 1.608598197E-03, 2.180351112E-03, 1.655488634E-02, 2.127570653E-03,-2.074150356E-01,-1.601844677E-02
       885, 6.999999954E+00, 7.441755335E-01, 7.807139193E-02, 1.841620239E-03, 1.543576723E-03, 2.809039561E-03, 4.710478907E-03, 4.469304254E-04,-1.547031214E-01,-7.185930931E-03
       886, 8.999999951E+00, 7.441755445E-01, 8.175561100E-02, 2.166237554E-03, 1.204881189E-03, 3.070556613E-03,-2.437214548E-04,-2.020308114E-05,-1.070610051E-01,-2.667626567E-03
       887, 1.099999988E+01, 7.441755335E-01, 7.914697927E-02, 1.987229161E-03, 9.093449332E-04, 3.186326427E-03,-2.043384328E-03,-1.298131590E-04,-7.428505324E-02,-6.272396566E-04
       888, 1.299999997E+01, 7.441755335E-01, 7.440800665E-02, 1.710650575E-03, 6.925831697E-04, 3.240561201E-03,-2.568323273E-03,-1.388446253E-04,-5.262843346E-02, 2.694494736E-04
       889, 4.999999929E+00, 7.572420753E-01, 5.562847808E-02,-6.090177606E-04, 1.533947720E-03, 2.131048177E-03, 1.678232394E-02, 2.195171884E-03,-2.020217823E-01,-1.597906487E-02
       890, 6.999999954E+00, 7.572420753E-01, 7.606138393E-02, 1.746517317E-03, 1.509586449E-03, 2.781642259E-03, 5.061006021E-03, 4.889629232E-04,-1.529788717E-01,-7.368161911E-03
       891, 8.999999951E+00, 7.572420866E-01, 8.035907044E-02, 2.130320000E-03, 1.190843163E-03, 3.055440756E-03, 1.402501724E-05,-6.097914103E-07,-1.067023975E-01,-2.827714194E-03
       892, 1.099999988E+01, 7.572420753E-01, 7.817555102E-02, 1.978276577E-03, 9.035425497E-04, 3.177784288E-03,-1.871268422E-03,-1.210455167E-04,-7.440267702E-02,-7.414571154E-04
       893, 1.299999997E+01, 7.572420753E-01, 7.371859814E-02, 1.713651698E-03, 6.901605675E-04, 3.235576062E-03,-2.454210445E-03,-1.350215464E-04,-5.289052201E-02, 1.910366265E-04
       894, 4.999999929E+00, 7.704977387E-01, 5.298731594E-02,-8.203810992E-04, 1.459870400E-03, 2.080538754E-03, 1.697594534E-02, 2.259860600E-03,-1.965524577E-01,-1.591216850E-02
       895, 6.999999954E+00, 7.704977387E-01, 7.404568919E-02, 1.647683400E-03, 1.474907401E-03, 2.753211116E-03, 5.402104955E-03, 5.313764396E-04,-1.511728901E-01,-7.541305851E-03
       896, 8.999999951E+00, 7.704977502E-01, 7.894742791E-02, 2.091775915E-03, 1.176273386E-03, 3.039609674E-03, 2.702440626E-04, 1.955797264E-05,-1.062906022E-01,-2.985511144E-03
       897, 1.099999988E+01, 7.704977387E-01, 7.718871361E-02, 1.967681309E-03, 8.974343759E-04, 3.168773836E-03,-1.698425912E-03,-1.118793062E-04,-7.448903394E-02,-8.556167491E-04
       898, 1.299999997E+01, 7.704977387E-01, 7.301585691E-02, 1.715653041E-03, 6.875728588E-04, 3.230288050E-03,-2.338898604E-03,-1.309474408E-04,-5.313479817E-02, 1.120580964E-04
       899, 4.999999929E+00, 7.839452610E-01, 5.038195072E-02,-1.033714828E-03, 1.386498200E-03, 2.028837007E-03, 1.713520433E-02, 2.321355852E-03,-1.910134188E-01,-1.581752672E-02
       900, 6.999999954E+00, 7.839452610E-01, 7.202565237E-02, 1.545155100E-03, 1.439574598E-03, 2.723729914E-03, 5.733266768E-03, 5.740984055E-04,-1.492867716E-01,-7.704997089E-03
       901, 8.999999951E+00, 7.839452727E-01, 7.752125459E-02, 2.050569098E-03, 1.161171974E-03, 3.023042327E-03, 5.246608818E-04, 4.028708054E-05,-1.058255365E-01,-3.140797206E-03
       902, 1.099999988E+01, 7.839452610E-01, 7.618664820E-02, 1.955398511E-03, 8.910140108E-04, 3.159276564E-03,-1.524987269E-03,-1.022911598E-04,-7.454364705E-02,-9.695719580E-04
       903, 1.299999997E+01, 7.839452610E-01, 7.229978426E-02, 1.716617796E-03, 6.848143193E-04, 3.224682783E-03,-2.222445642E-03,-1.266178262E-04,-5.336078149E-02, 3.256796183E-05
       904, 4.999999929E+00, 7.975874190E-01, 4.781487896E-02,-1.248651845E-03, 1.313962334E-03, 1.975959825E-03, 1.725959254E-02, 2.379372018E-03,-1.854110285E-01,-1.569494482E-02
       905, 6.999999954E+00, 7.975874190E-01, 7.000265144E-02, 1.438977612E-03, 1.403625668E-03, 2.693183334E-03, 6.053987634E-03, 6.170523721E-04,-1.473222293E-01,-7.858877706E-03
       906, 8.999999951E+00, 7.975874309E-01, 7.608115243E-02, 2.006666338E-03, 1.145540291E-03, 3.005717777E-03, 7.769961287E-04, 6.156262976E-05,-1.053071836E-01,-3.293349920E-03
       907, 1.099999988E+01, 7.975874190E-01, 7.516955688E-02, 1.941384278E-03, 8.842754334E-04, 3.149273692E-03,-1.351088438E-03,-9.230190630E-05,-7.456606669E-02,-1.083235456E-03
       908, 1.299999997E+01, 7.975874190E-01, 7.157039429E-02, 1.716508952E-03, 6.818792698E-04, 3.218745483E-03,-2.104912803E-03,-1.220284587E-04,-5.356800228E-02,-4.737707691E-05
       909, 4.999999929E+00, 8.114270298E-01, 4.528858726E-02,-1.464806060E-03, 1.242392731E-03, 1.921926967E-03, 1.734863564E-02, 2.433617000E-03,-1.797516198E-01,-1.554426161E-02
       910, 6.999999954E+00, 8.114270298E-01, 6.797809628E-02, 1.329204999E-03, 1.367100788E-03, 2.661557016E-03, 6.363769873E-03, 6.601582129E-04,-1.452810934E-01,-8.002599515E-03
       911, 8.999999951E+00, 8.114270419E-01, 7.462775410E-02, 1.960037630E-03, 1.129381003E-03, 2.987615224E-03, 1.026966273E-03, 8.336786198E-05,-1.047355938E-01,-3.442945131E-03
       912, 1.099999988E+01, 8.114270298E-01, 7.413766307E-02, 1.925597018E-03, 8.772130401E-04, 3.138746189E-03,-1.176869753E-03,-8.192566676E-05,-7.455587658E-02,-1.196497426E-03
       913, 1.299999997E+01, 8.114270298E-01, 7.082771438E-02, 1.715289347E-03, 6.787620952E-04, 3.212460986E-03,-1.986364703E-03,-1.171753463E-04,-5.375600260E-02,-1.277179532E-04
       914, 4.999999929E+00, 8.254669514E-01, 4.280554974E-02,-1.681772181E-03, 1.171917497E-03, 1.866761245E-03, 1.740189097E-02, 2.483790054E-03,-1.740414656E-01,-1.536534204E-02
       915, 6.999999954E+00, 8.254669514E-01, 6.595342721E-02, 1.215900473E-03, 1.330042611E-03, 2.628837623E-03, 6.662122896E-03, 7.033319083E-04,-1.431653077E-01,-8.135824064E-03
       916, 8.999999951E+00, 8.254669637E-01, 7.316172302E-02, 1.910656391E-03, 1.112698114E-03, 2.968714057E-03, 1.274283968E-03, 1.056841290E-04,-1.041108851E-01,-3.589357171E-03
       917, 1.099999988E+01, 8.254669514E-01, 7.309121191E-02, 1.907995624E-03, 8.698216814E-04, 3.127674800E-03,-1.002475397E-03,-7.113798253E-05,-7.451269602E-02,-1.309205294E-03
       918, 1.299999997E+01, 8.254669514E-01, 7.007178565E-02, 1.712921735E-03, 6.754572644E-04, 3.205813745E-03,-1.866869339E-03,-1.120547945E-04,-5.392433724E-02,-2.083924095E-04
       919, 4.999999929E+00, 8.397100830E-01, 4.036822582E-02,-1.899125437E-03, 1.102662387E-03, 1.810488723E-03, 1.741894599E-02, 2.529582146E-03,-1.682867534E-01,-1.515807298E-02
       920, 6.999999954E+00, 8.397100830E-01, 6.393011348E-02, 1.099136679E-03, 1.292496183E-03, 2.595012908E-03, 6.948564164E-03, 7.464853352E-04,-1.409769262E-01,-8.258222793E-03
       921, 8.999999951E+00, 8.397100955E-01, 7.168375318E-02, 1.858499688E-03, 1.095497012E-03, 2.948993897E-03, 1.518658471E-03, 1.284908249E-04,-1.034332441E-01,-3.732359167E-03
       922, 1.099999988E+01, 8.397100830E-01, 7.203047055E-02, 1.888539087E-03, 8.620967002E-04, 3.116040069E-03,-8.280539480E-04,-5.994387342E-05,-7.443617649E-02,-1.421249200E-03
       923, 1.299999997E+01, 8.397100830E-01, 6.930266339E-02, 1.709368852E-03, 6.719593506E-04, 3.198787848E-03,-1.746498098E-03,-1.066633665E-04,-5.407257464E-02,-2.893376616E-04
       924, 4.999999929E+00, 8.541593657E-01, 3.797905832E-02,-2.116421272E-03, 1.034750291E-03, 1.753138958E-03, 1.739941491E-02, 2.570677464E-03,-1.624935537E-01,-1.492236211E-02
       925, 6.999999954E+00, 8.541593657E-01, 6.190965158E-02, 9.789959742E-04, 1.254508841E-03, 2.560071783E-03, 7.222620450E-03, 7.895262112E-04,-1.387181102E-01,-8.369476792E-03
       926, 8.999999951E+00, 8.541593784E-01, 7.019456907E-02, 1.803548464E-03, 1.077784503E-03, 2.928434642E-03, 1.759796092E-03, 1.517653318E-04,-1.027029268E-01,-3.871723421E-03
       927, 1.099999988E+01, 8.541593657E-01, 7.095572861E-02, 1.867187736E-03, 8.540339695E-04, 3.103822369E-03,-6.537588560E-04,-4.834913670E-05,-7.432600138E-02,-1.532505619E-03
       928, 1.299999997E+01, 8.541593657E-01, 6.852041747E-02, 1.704593455E-03, 6.682630527E-04, 3.191367023E-03,-1.625325777E-03,-1.009980556E-04,-5.420029802E-02,-3.704838876E-04
       929, 4.999999929E+00, 8.688177834E-01, 3.564047208E-02,-2.333195020E-03, 9.683007399E-04, 1.694745291E-03, 1.734293213E-02, 2.606753119E-03,-1.566677760E-01,-1.465813523E-02
       930, 6.999999954E+00, 8.688177834E-01, 5.989356355E-02, 8.555707155E-04, 1.216130101E-03, 2.524004391E-03, 7.483828930E-03, 8.323584868E-04,-1.363911245E-01,-8.469279176E-03
       931, 8.999999951E+00, 8.688177964E-01, 6.869492542E-02, 1.745787771E-03, 1.059568842E-03, 2.907016514E-03, 1.997400681E-03, 1.754829700E-04,-1.019202592E-01,-4.007222034E-03
       932, 1.099999988E+01, 8.688177834E-01, 6.986729844E-02, 1.843903392E-03, 8.456299296E-04, 3.091001928E-03,-4.797475136E-04,-3.635602956E-05,-7.418189114E-02,-1.642837310E-03
       933, 1.299999997E+01, 8.688177834E-01, 6.772513281E-02, 1.698558493E-03, 6.643632177E-04, 3.183534656E-03,-1.503430516E-03,-9.505593232E-05,-5.430710631E-02,-4.517716701E-04
       934, 4.999999929E+00, 8.836883630E-01, 3.335487330E-02,-2.548961504E-03, 9.034294299E-04, 1.635345198E-03, 1.724914284E-02, 2.637476556E-03,-1.508151141E-01,-1.436532678E-02
       935, 6.999999954E+00, 8.836883630E-01, 5.788339515E-02, 7.289634921E-04, 1.177411531E-03, 2.486802182E-03, 7.731738078E-03, 8.748826319E-04,-1.339983329E-01,-8.557337158E-03
       936, 8.999999951E+00, 8.836883762E-01, 6.718560690E-02, 1.685206994E-03, 1.040859763E-03, 2.884720109E-03, 2.231174091E-03, 1.996169715E-04,-1.010856373E-01,-4.138627408E-03
       937, 1.099999988E+01, 8.836883630E-01, 6.876551539E-02, 1.818649298E-03, 8.368816256E-04, 3.077558865E-03,-3.061814227E-04,-2.396876033E-05,-7.400360344E-02,-1.752113170E-03
       938, 1.299999997E+01, 8.836883630E-01, 6.691690976E-02, 1.691226951E-03, 6.602548634E-04, 3.175273802E-03,-1.380894008E-03,-8.883563133E-05,-5.439261364E-02,-5.330938534E-04
       939, 4.999999929E+00, 8.987741753E-01, 3.112464982E-02,-2.763214449E-03, 8.402477817E-04, 1.574980716E-03, 1.711769414E-02, 2.662501894E-03,-1.449409943E-01,-1.404386964E-02
       940, 6.999999954E+00, 8.987741753E-01, 5.588071404E-02, 5.992873603E-04, 1.138406610E-03, 2.448457999E-03, 7.965908407E-03, 9.169953901E-04,-1.315421927E-01,-8.633371631E-03
       941, 8.999999951E+00, 8.987741887E-01, 6.566742781E-02, 1.621800085E-03, 1.021668499E-03, 2.861526444E-03, 2.460816656E-03, 2.241384487E-04,-1.001995277E-01,-4.265712567E-03
       942, 1.099999988E+01, 8.987741753E-01, 6.765073813E-02, 1.791390283E-03, 8.277867440E-04, 3.063473214E-03,-1.332259622E-04,-1.119208700E-05,-7.379093334E-02,-1.860197489E-03
       943, 1.299999997E+01, 8.987741753E-01, 6.609586455E-02, 1.682562886E-03, 6.559332017E-04, 3.166567201E-03,-1.257801022E-03,-8.233859497E-05,-5.445645489E-02,-6.144557497E-04
       944, 4.999999929E+00, 9.140783356E-01, 2.895217219E-02,-2.975425732E-03, 7.788625324E-04, 1.513698963E-03, 1.694822538E-02, 2.681469039E-03,-1.390505237E-01,-1.369367377E-02
       945, 6.999999954E+00, 9.140783356E-01, 5.388710780E-02, 4.666660776E-04, 1.099170573E-03, 2.408966168E-03, 8.185913108E-03, 9.585895446E-04,-1.290252480E-01,-8.697116903E-03
       946, 8.999999951E+00, 9.140783492E-01, 6.414123165E-02, 1.555565798E-03, 1.002007797E-03, 2.837417008E-03, 2.686027691E-03, 2.490163455E-04,-9.926246747E-02,-4.388251485E-03
       947, 1.099999988E+01, 9.140783356E-01, 6.652334878E-02, 1.762092902E-03, 8.183436485E-04, 3.048724966E-03, 3.894975420E-05, 1.968026569E-06,-7.354371488E-02,-1.966952765E-03
       948, 1.299999997E+01, 9.140783356E-01, 6.526212957E-02, 1.672529501E-03, 6.513936630E-04, 3.157397298E-03,-1.134239862E-03,-7.554817114E-05,-5.449828486E-02,-6.956848631E-04
       949, 4.999999929E+00, 9.296040040E-01, 2.683979590E-02,-3.185044229E-03, 7.193753691E-04, 1.451552793E-03, 1.674035592E-02, 2.693998386E-03,-1.331484253E-01,-1.331462191E-02
       950, 6.999999954E+00, 9.296040040E-01, 5.190418203E-02, 3.312343437E-04, 1.059760250E-03, 2.368322602E-03, 8.391338975E-03, 9.995538371E-04,-1.264501236E-01,-8.748319670E-03
       951, 8.999999951E+00, 9.296040179E-01, 6.260789065E-02, 1.486507922E-03, 9.818919325E-04, 2.812373813E-03, 2.906506056E-03, 2.742173929E-04,-9.827506456E-02,-4.506019536E-03
       952, 1.099999988E+01, 9.296040040E-01, 6.538375319E-02, 1.730725596E-03, 8.085514149E-04, 3.033294096E-03, 2.101730592E-04, 1.550462768E-05,-7.326182161E-02,-2.072239132E-03
       953, 1.299999997E+01, 9.296040040E-01, 6.441585384E-02, 1.661089416E-03, 6.466319204E-04, 3.147746258E-03,-1.010302094E-03,-6.847252145E-05,-5.451777000E-02,-7.767389156E-04
       954, 4.999999929E+00, 9.453543867E-01, 2.478986499E-02,-3.391494810E-03, 6.618826103E-04, 1.388601613E-03, 1.649366547E-02, 2.699701325E-03,-1.272389585E-01,-1.290658148E-02
       955, 6.999999954E+00, 9.453543867E-01, 4.993355835E-02, 1.931380451E-04, 1.020233886E-03, 2.326524911E-03, 8.581787084E-03, 1.039773509E-03,-1.238195204E-01,-8.786741921E-03
       956, 8.999999951E+00, 9.453544008E-01, 6.106830520E-02, 1.414635517E-03, 9.613367122E-04, 2.786379446E-03, 3.121950732E-03, 2.997060772E-04,-9.723799742E-02,-4.618794188E-03
       957, 1.099999988E+01, 9.453543867E-01, 6.423238100E-02, 1.697258852E-03, 7.984098653E-04, 3.017160604E-03, 3.802679243E-04, 2.940965054E-05,-7.294516760E-02,-2.175915046E-03
       958, 1.299999997E+01, 9.453543867E-01, 6.355720345E-02, 1.648208778E-03, 6.416439151E-04, 3.137595989E-03,-8.860824398E-04,-6.112613090E-05,-5.451459828E-02,-8.575980107E-04
       959, 4.999999929E+00, 9.613327362E-01, 2.280471740E-02,-3.594177072E-03, 6.064749422E-04, 1.324912418E-03, 1.620767346E-02, 2.698159695E-03,-1.213258227E-01,-1.246934446E-02
       960, 6.999999954E+00, 9.613327362E-01, 4.797687242E-02, 5.253443674E-05, 9.806513918E-04, 2.283572563E-03, 8.756872178E-03, 1.079130380E-03,-1.211361896E-01,-8.812160531E-03
       961, 8.999999951E+00, 9.613327505E-01, 5.952340325E-02, 1.339963146E-03, 9.403594720E-04, 2.759417119E-03, 3.332061388E-03, 3.254446390E-04,-9.615201484E-02,-4.726355597E-03
       962, 1.099999988E+01, 9.613327362E-01, 6.306968584E-02, 1.661665358E-03, 7.879196001E-04, 3.000304548E-03, 5.490551692E-04, 4.367390410E-05,-7.259370809E-02,-2.277837347E-03
       963, 1.299999997E+01, 9.613327362E-01, 6.268636177E-02, 1.633853688E-03, 6.364258809E-04, 3.126928161E-03,-7.616788832E-04,-5.349288867E-05,-5.448848619E-02,-9.380736442E-04
       964, 4.999999929E+00, 9.775423519E-01, 2.088669240E-02,-3.792462763E-03, 5.532372165E-04, 1.260561097E-03, 1.588181429E-02, 2.688918593E-03,-1.154120557E-01,-1.200259321E-02
       965, 6.999999954E+00, 9.775423519E-01, 4.603577241E-02,-9.040760285E-05, 9.410850444E-04, 2.239467853E-03, 8.916218360E-03, 1.117501937E-03,-1.184028961E-01,-8.824362404E-03
       966, 8.999999951E+00, 9.775423664E-01, 5.797413958E-02, 1.262511100E-03, 9.189790692E-04, 2.731470726E-03, 3.536538924E-03, 3.513930666E-04,-9.501793530E-02,-4.828486981E-03
       967, 1.099999988E+01, 9.775423519E-01, 6.189614534E-02, 1.623920178E-03, 7.770820292E-04, 2.982706087E-03, 7.163526875E-04, 5.828702149E-05,-7.220744032E-02,-2.377861469E-03
       968, 1.299999997E+01, 9.775423519E-01, 6.180352980E-02, 1.617989484E-03, 6.309743707E-04, 3.115724233E-03,-6.371924100E-04,-4.557299829E-05,-5.443917012E-02,-1.018154882E-03
       969, 4.999999929E+00, 9.939865811E-01, 1.903814046E-02,-3.985693330E-03, 5.022483180E-04, 1.195634111E-03, 1.551540625E-02, 2.671495529E-03,-1.094999198E-01,-1.150591750E-02
       970, 6.999999954E+00, 9.939865811E-01, 4.411191765E-02,-2.355073028E-04, 9.016156989E-04, 2.194215755E-03, 9.059462442E-03, 1.154761598E-03,-1.156224441E-01,-8.823147899E-03
       971, 8.999999951E+00, 9.939865959E-01, 5.642149509E-02, 1.182305629E-03, 8.972158674E-04, 2.702524895E-03, 3.735086043E-03, 3.775090669E-04,-9.383664634E-02,-4.924974961E-03
       972, 1.099999988E+01, 9.939865811E-01, 6.071226119E-02, 1.584000911E-03, 7.658994009E-04, 2.964345515E-03, 8.819756815E-04, 7.323743495E-05,-7.178640418E-02,-2.475841642E-03
       973, 1.299999997E+01, 9.939865811E-01, 6.090892649E-02, 1.600583095E-03, 6.252862812E-04, 3.103965470E-03,-5.127274182E-04,-3.737069738E-05,-5.436640585E-02,-1.097726621E-03
       974, 4.999999929E+00, 1.010668820E+00, 1.726143587E-02,-4.173177011E-03, 4.535811082E-04, 1.130230651E-03, 1.510761736E-02, 2.645357982E-03,-1.035907655E-01,-1.097875913E-02
       975, 6.999999954E+00, 1.010668820E+00, 4.220697625E-02,-3.825718284E-04, 8.623142560E-04, 2.147822273E-03, 9.186263237E-03, 1.190779539E-03,-1.127977287E-01,-8.808335839E-03
       976, 8.999999951E+00, 1.010668835E+00, 5.486647595E-02, 1.099379172E-03, 8.750917134E-04, 2.672565046E-03, 3.927407873E-03, 4.037480373E-04,-9.260910381E-02,-5.015610027E-03
       977, 1.099999988E+01, 1.010668820E+00, 5.951855911E-02, 1.541887869E-03, 7.543748288E-04, 2.945203308E-03, 1.045736906E-03, 8.851234022E-05,-7.133068281E-02,-2.571631107E-03
       978, 1.299999997E+01, 1.010668820E+00, 6.000278906E-02, 1.581602337E-03, 6.193588793E-04, 3.091632975E-03,-3.883911221E-04,-2.888737164E-05,-5.426997382E-02,-1.176705290E-03
       979, 4.999999929E+00, 1.027592512E+00, 1.555899291E-02,-4.354184573E-03, 4.073024524E-04, 1.064465449E-03, 1.465742127E-02, 2.609922621E-03,-9.768486977E-02,-1.042036632E-02
       980, 6.999999954E+00, 1.027592512E+00, 4.032262233E-02,-5.313961553E-04, 8.232447185E-04, 2.100294669E-03, 9.296300846E-03, 1.225423202E-03,-1.099317203E-01,-8.779765741E-03
       981, 8.999999951E+00, 1.027592528E+00, 5.331011266E-02, 1.013770576E-03, 8.526299082E-04, 2.641577447E-03, 4.113212605E-03, 4.300630578E-04,-9.133633102E-02,-5.100187270E-03
       982, 1.099999988E+01, 1.027592512E+00, 5.831558884E-02, 1.497564252E-03, 7.425123165E-04, 2.925260159E-03, 1.207446931E-03, 1.040976620E-04,-7.084040306E-02,-2.665082424E-03
       983, 1.299999997E+01, 1.027592512E+00, 5.908537325E-02, 1.561016141E-03, 6.131898272E-04, 3.078707715E-03,-2.642936669E-04,-2.012544468E-05,-5.414967960E-02,-1.254997568E-03
       984, 4.999999929E+00, 1.044761154E+00, 1.393328600E-02,-4.527944485E-03, 3.634733358E-04, 9.984724464E-04, 1.416354423E-02, 2.564530013E-03,-9.178127132E-02,-9.829746835E-03
       985, 6.999999954E+00, 1.044761154E+00, 3.846053367E-02,-6.817629830E-04, 7.844713257E-04, 2.051642363E-03, 9.389273099E-03, 1.258557268E-03,-1.070274248E-01,-8.737296415E-03
       986, 8.999999951E+00, 1.044761169E+00, 5.175345915E-02, 9.255253162E-04, 8.298551693E-04, 2.609549272E-03, 4.292212103E-03, 4.564049206E-04,-9.001941733E-02,-5.178507009E-03
       987, 1.099999988E+01, 1.044761154E+00, 5.710392397E-02, 1.451016321E-03, 7.303167801E-04, 2.904497026E-03, 1.366914424E-03, 1.199780182E-04,-7.031573601E-02,-2.756047751E-03
       988, 1.299999997E+01, 1.044761154E+00, 5.815695356E-02, 1.538794587E-03, 6.067772080E-04, 3.065170548E-03,-1.405480292E-04,-1.108776680E-05,-5.400535363E-02,-1.332511533E-03
       989, 4.999999929E+00, 1.062178289E+00, 1.238687432E-02,-4.693636793E-03, 3.221490705E-04, 9.324096261E-04, 1.362440928E-02, 2.508471476E-03,-8.587755145E-02,-9.205691914E-03
       990, 6.999999954E+00, 1.062178289E+00, 3.662238967E-02,-8.334425951E-04, 7.460583134E-04, 2.001877040E-03, 9.464894682E-03, 1.290043071E-03,-1.040878662E-01,-8.680802756E-03
       991, 8.999999951E+00, 1.062178305E+00, 5.019759166E-02, 8.346957045E-04, 8.067935863E-04, 2.576468663E-03, 4.464122450E-03, 4.827221506E-04,-8.865951653E-02,-5.250375159E-03
       992, 1.099999988E+01, 1.062178289E+00, 5.588416186E-02, 1.402233581E-03, 7.177940668E-04, 2.882895173E-03, 1.523946443E-03, 1.361366882E-04,-6.975689732E-02,-2.844379060E-03
       993, 1.299999997E+01, 1.062178289E+00, 5.721782348E-02, 1.514909047E-03, 6.001195502E-04, 3.051002251E-03,-1.726990610E-05,-1.777958667E-06,-5.383685228E-02,-1.409152049E-03
       994, 4.999999929E+00, 1.079847516E+00, 1.092243197E-02,-4.850387791E-03, 2.833795920E-04, 8.664654083E-04, 1.303807807E-02, 2.440853963E-03,-7.996972875E-02,-8.546326154E-03
       995, 6.999999954E+00, 1.079847516E+00, 3.480986945E-02,-9.861927036E-04, 7.080696726E-04, 1.951012777E-03, 9.522896479E-03, 1.319738224E-03,-1.011160764E-01,-8.610174175E-03
       996, 8.999999951E+00, 1.079847532E+00, 4.864360769E-02, 7.413410978E-04, 7.834725681E-04, 2.542324797E-03, 4.628664510E-03, 5.089609990E-04,-8.725784495E-02,-5.315603511E-03
       997, 1.099999988E+01, 1.079847516E+00, 5.465692338E-02, 1.351208957E-03, 7.049509722E-04, 2.860436217E-03, 1.678348741E-03, 1.525555920E-04,-6.916414764E-02,-2.929928409E-03
       998, 1.299999997E+01, 1.079847516E+00, 5.626829568E-02, 1.489332303E-03, 5.932158530E-04, 3.036183556E-03, 1.054223890E-04, 7.799678631E-06,-5.364405837E-02,-1.484822961E-03
       999, 4.999999929E+00, 1.097772482E+00, 9.542780427E-03,-4.997253517E-03, 2.472098235E-04, 8.008671749E-04, 1.240221811E-02, 2.360766168E-03,-7.405216305E-02,-7.850015081E-03
      1000, 6.999999954E+00, 1.097772482E+00, 3.302465008E-02,-1.139758262E-03, 6.705689042E-04, 1.899066187E-03, 9.563025153E-03, 1.347496426E-03,-9.811508215E-02,-8.525312139E-03
      1001, 8.999999951E+00, 1.097772499E+00, 4.709262485E-02, 6.455281038E-04, 7.599207833E-04, 2.507107947E-03, 4.785564516E-03, 5.350654291E-04,-8.581567958E-02,-5.374010117E-03
      1002, 1.099999988E+01, 1.097772482E+00, 5.342285272E-02, 1.297938981E-03, 6.917952530E-04, 2.837102171E-03, 1.829926076E-03, 1.692152653E-04,-6.853779274E-02,-3.012548204E-03
      1003, 1.299999997E+01, 1.097772482E+00, 5.530870216E-02, 1.462038672E-03, 5.860656094E-04, 3.020695176E-03, 2.274080470E-04, 1.764009845E-05,-5.342688188E-02,-1.559426536E-03
      1004, 4.999999929E+00, 1.115956889E+00, 8.250926239E-03,-5.133211611E-03, 2.136800662E-04, 7.358926641E-04, 1.171402537E-02, 2.267121494E-03,-6.811738336E-02,-7.114176208E-03
      1005, 6.999999954E+00, 1.115956889E+00, 3.126840485E-02,-1.293871255E-03, 6.336187758E-04, 1.846056572E-03, 9.585042220E-03, 1.373167938E-03,-9.508789202E-02,-8.426131237E-03
      1006, 8.999999951E+00, 1.115956906E+00, 4.554577958E-02, 5.473307792E-04, 7.361680925E-04, 2.470809561E-03, 4.934554654E-03, 5.609771314E-04,-8.433435577E-02,-5.425419946E-03
      1007, 1.099999988E+01, 1.115956889E+00, 5.218261705E-02, 1.242423970E-03, 6.783356370E-04, 2.812875491E-03, 1.978482542E-03, 1.860948341E-04,-6.787818369E-02,-3.092091551E-03
      1008, 1.299999997E+01, 1.115956889E+00, 5.433939443E-02, 1.433004135E-03, 5.786688297E-04, 3.004517845E-03, 3.485638934E-04, 2.773749657E-05,-5.318526053E-02,-1.632863778E-03
      1009, 4.999999929E+00, 1.134404493E+00, 7.050099519E-03,-5.257165527E-03, 1.828263400E-04, 6.718852020E-04, 1.097029681E-02, 2.158689701E-03,-6.215658643E-02,-6.335817271E-03
      1010, 6.999999954E+00, 1.134404493E+00, 2.954280191E-02,-1.448250536E-03, 5.972810796E-04, 1.792006115E-03, 9.588722426E-03, 1.396599756E-03,-9.203748041E-02,-8.312559535E-03
      1011, 8.999999951E+00, 1.134404510E+00, 4.400422593E-02, 4.468308175E-04, 7.122454731E-04, 2.433422333E-03, 5.075373578E-03, 5.866355763E-04,-8.281526443E-02,-5.469665420E-03
      1012, 1.099999988E+01, 1.134404493E+00, 5.093690618E-02, 1.184668216E-03, 6.645818291E-04, 2.787739127E-03, 2.123821910E-03, 2.031719893E-04,-6.718571686E-02,-3.168412586E-03
      1013, 1.299999997E+01, 1.134404493E+00, 5.336074356E-02, 1.402206468E-03, 5.710260634E-04, 2.987632347E-03, 4.687645322E-04, 3.808527889E-05,-5.291916041E-02,-1.705034481E-03
      1014, 4.999999929E+00, 1.153119101E+00, 5.943776344E-03,-5.367922264E-03, 1.546804931E-04, 6.092739330E-04, 1.016763587E-02, 2.034220483E-03,-5.616077114E-02,-5.512308537E-03
      1015, 6.999999954E+00, 1.153119101E+00, 2.784950303E-02,-1.602601620E-03, 5.616163951E-04, 1.736940093E-03, 9.573851481E-03, 1.417634777E-03,-8.896676998E-02,-8.184534971E-03
      1016, 8.999999951E+00, 1.153119119E+00, 4.246913425E-02, 3.441177305E-04, 6.881849376E-04, 2.394940295E-03, 5.207766804E-03, 6.119780539E-04,-8.125984851E-02,-5.506586625E-03
      1017, 1.099999988E+01, 1.153119101E+00, 4.968643217E-02, 1.124680159E-03, 6.505445138E-04, 2.761676567E-03, 2.265747986E-03, 2.204229669E-04,-6.646083399E-02,-3.241366727E-03
      1018, 1.299999997E+01, 1.153119101E+00, 5.237314033E-02, 1.369625379E-03, 5.631384207E-04, 2.970019558E-03, 5.878824967E-04, 4.867603802E-05,-5.262857648E-02,-1.775837467E-03
      1019, 4.999999929E+00, 1.172104580E+00, 4.935672766E-03,-5.464186028E-03, 1.292697489E-04, 5.486002444E-04, 9.302895454E-03, 1.892360122E-03,-5.012290028E-02,-4.640748291E-03
      1020, 6.999999954E+00, 1.172104580E+00, 2.619016276E-02,-1.756616413E-03, 5.266838585E-04, 1.680887138E-03, 9.540223154E-03, 1.436110945E-03,-8.587861158E-02,-8.042001197E-03
      1021, 8.999999951E+00, 1.172104598E+00, 4.094168980E-02, 2.392890282E-04, 6.640194438E-04, 2.355358905E-03, 5.331487064E-03, 6.369396411E-04,-7.966959948E-02,-5.536031283E-03
      1022, 1.099999988E+01, 1.172104580E+00, 4.843192883E-02, 1.062472579E-03, 6.362353535E-04, 2.734671890E-03, 2.404064969E-03, 2.378225397E-04,-6.570402199E-02,-3.310810990E-03
      1023, 1.299999997E+01, 1.172104580E+00, 5.137699519E-02, 1.335242644E-03, 5.550075920E-04, 2.951660475E-03, 7.057884055E-04, 5.950152588E-05,-5.231353298E-02,-1.845170742E-03
      1024, 4.999999929E+00, 1.191364850E+00, 4.029670198E-03,-5.544579021E-03, 1.066151164E-04, 4.905510902E-04, 8.374261408E-03, 1.732051971E-03,-4.404273584E-02,-3.719896178E-03
      1025, 6.999999954E+00, 1.191364850E+00, 2.456642797E-02,-1.909972855E-03, 4.925409411E-04, 1.623879541E-03, 9.487636307E-03, 1.451860544E-03,-8.277576281E-02,-7.884903517E-03
      1026, 8.999999951E+00, 1.191364868E+00, 3.942309145E-02, 1.324503976E-04, 6.397827992E-04, 2.314675159E-03, 5.446294744E-03, 6.614532078E-04,-7.804605450E-02,-5.557855238E-03
      1027, 1.099999988E+01, 1.191364850E+00, 4.717415126E-02, 9.980627727E-04, 6.216669825E-04, 2.706709815E-03, 2.538577818E-03, 2.553440061E-04,-6.491581268E-02,-3.376604277E-03
      1028, 1.299999997E+01, 1.191364850E+00, 5.037273835E-02, 1.299042244E-03, 5.466358668E-04, 2.932536264E-03, 8.223511312E-04, 7.055262913E-05,-5.197408396E-02,-1.912931615E-03
      1029, 4.999999929E+00, 1.210903887E+00, 3.229599117E-03,-5.607680287E-03, 8.672766872E-05, 4.359981132E-04, 7.383289344E-03, 1.552889393E-03,-3.793587161E-02,-2.751808444E-03
      1030, 6.999999954E+00, 1.210903887E+00, 2.297993783E-02,-2.062334486E-03, 4.592432396E-04, 1.565953632E-03, 9.415890856E-03, 1.464710032E-03,-7.966086401E-02,-7.713182466E-03
      1031, 8.999999951E+00, 1.210903906E+00, 3.791455027E-02, 2.371587457E-05, 6.155102104E-04, 2.272887786E-03, 5.551957198E-03, 6.854492122E-04,-7.639077873E-02,-5.571921278E-03
      1032, 1.099999988E+01, 1.210903887E+00, 4.591387525E-02, 9.314727352E-04, 6.068529969E-04, 2.677775752E-03, 2.669092620E-03, 2.729591779E-04,-6.409678242E-02,-3.438607763E-03
      1033, 1.299999997E+01, 1.210903887E+00, 4.936081970E-02, 1.261010512E-03, 5.380261502E-04, 2.912628289E-03, 9.374379800E-04, 8.181934704E-05,-5.161031363E-02,-1.979016831E-03
      1034, 4.999999929E+00, 1.230725728E+00, 2.538772774E-03,-5.652127142E-03, 6.960119293E-05, 3.860371267E-04, 6.338414472E-03, 1.355970457E-03,-3.184866801E-02,-1.745195209E-03
      1035, 6.999999954E+00, 1.230725728E+00, 2.143232442E-02,-2.213349868E-03, 4.268442805E-04, 1.507150226E-03, 9.324782726E-03, 1.474478520E-03,-7.653641030E-02,-7.526775563E-03
      1036, 8.999999951E+00, 1.230725746E+00, 3.641728861E-02,-8.679194430E-05, 5.912450020E-04, 2.229998222E-03, 5.648246718E-03, 7.088555288E-04,-7.470534760E-02,-5.578097668E-03
      1037, 1.099999988E+01, 1.230725728E+00, 4.465189665E-02, 8.627293378E-04, 5.918079400E-04, 2.647855856E-03, 2.795416982E-03, 2.906383698E-04,-6.324755163E-02,-3.496685238E-03
      1038, 1.299999997E+01, 1.230725728E+00, 4.834170877E-02, 1.221136276E-03, 5.291819786E-04, 2.891918162E-03, 1.050914884E-03, 9.329076918E-05,-5.122233676E-02,-2.043322760E-03
      1039, 4.999999929E+00, 1.250834464E+00, 1.959135620E-03,-5.676800037E-03, 5.519943081E-05, 3.420143830E-04, 5.259995258E-03, 1.145011684E-03,-2.587894289E-02,-7.212691970E-04
      1040, 6.999999954E+00, 1.250834464E+00, 1.992521398E-02,-2.362652119E-03, 3.953953412E-04, 1.447515194E-03, 9.214096617E-03, 1.480980354E-03,-7.340471896E-02,-7.325618440E-03
      1041, 8.999999951E+00, 1.250834482E+00, 3.493253902E-02,-1.989417010E-04, 5.670338790E-04, 2.186010050E-03, 5.734943369E-03, 7.315978975E-04,-7.299137038E-02,-5.576261150E-03
      1042, 1.099999988E+01, 1.250834464E+00, 4.338903071E-02, 7.918645028E-04, 5.765472828E-04, 2.616937083E-03, 2.917360407E-03, 3.083503933E-04,-6.236878414E-02,-3.550703382E-03
      1043, 1.299999997E+01, 1.250834464E+00, 4.731589462E-02, 1.179411005E-03, 5.201075331E-04, 2.870387777E-03, 1.162646601E-03, 1.049550548E-04,-5.081029902E-02,-2.105745630E-03
      1044, 4.999999929E+00, 1.271234248E+00, 1.489955754E-03,-5.681141937E-03, 4.343702208E-05, 3.055151910E-04, 4.185214315E-03, 9.279251099E-04,-2.019366153E-02, 2.850226682E-04
      1045, 6.999999954E+00, 1.271234248E+00, 1.846022910E-02,-2.509858192E-03, 3.649452929E-04, 1.387100155E-03, 9.083598570E-03, 1.484017081E-03,-7.026789276E-02,-7.109617913E-03
      1046, 8.999999951E+00, 1.271234267E+00, 3.346154247E-02,-3.125931553E-04, 5.429169116E-04, 2.140927626E-03, 5.811839537E-03, 7.536003509E-04,-7.125051400E-02,-5.566300003E-03
      1047, 1.099999988E+01, 1.271234248E+00, 4.212611136E-02, 7.189153770E-04, 5.610874003E-04, 2.585007245E-03, 3.034734686E-03, 3.260625645E-04,-6.146118644E-02,-3.600532072E-03
      1048, 1.299999997E+01, 1.271234248E+00, 4.628388572E-02, 1.135828957E-03, 5.108076506E-04, 2.848019357E-03, 1.272496918E-03, 1.167994111E-04,-5.037437710E-02,-2.166181740E-03
      1049, 4.999999929E+00, 1.291929293E+00, 1.126279212E-03,-5.665475952E-03, 3.415687408E-05, 2.782844480E-04, 3.168592199E-03, 7.159580141E-04,-1.502530313E-02, 1.217721460E-03
      1050, 6.999999954E+00, 1.291929293E+00, 1.703899182E-02,-2.654567542E-03, 3.355404647E-04, 1.325963348E-03, 8.933026811E-03, 1.483376184E-03,-6.712777806E-02,-6.878642396E-03
      1051, 8.999999951E+00, 1.291929312E+00, 3.200554642E-02,-4.275970875E-04, 5.189315149E-04, 2.094756665E-03, 5.878738982E-03, 7.747850986E-04,-6.948448783E-02,-5.548113605E-03
      1052, 1.099999988E+01, 1.291929293E+00, 4.086399038E-02, 6.439245007E-04, 5.454455423E-04, 2.552055068E-03, 3.147354260E-03, 3.437407068E-04,-6.052550668E-02,-3.646044668E-03
      1053, 1.299999997E+01, 1.291929293E+00, 4.524620973E-02, 1.090387325E-03, 5.012878335E-04, 2.824795492E-03, 1.380328866E-03, 1.288100745E-04,-4.991477899E-02,-2.224527603E-03
      1054, 4.999999929E+00, 1.312923873E+00, 8.577974740E-04,-5.631331440E-03, 2.711329575E-05, 2.620605405E-04, 2.272074358E-03, 5.235869742E-04,-1.062096798E-02, 2.016908239E-03
      1055, 6.999999954E+00, 1.312923873E+00, 1.566312807E-02,-2.796360914E-03, 3.072245361E-04, 1.264170736E-03, 8.762079679E-03, 1.478834630E-03,-6.398591633E-02,-6.632530673E-03
      1056, 8.999999951E+00, 1.312923892E+00, 3.056580323E-02,-5.437951862E-04, 4.951153096E-04, 2.047504839E-03, 5.935455160E-03, 7.950722918E-04,-6.769502390E-02,-5.521610948E-03
      1057, 1.099999988E+01, 1.312923873E+00, 3.960353664E-02, 5.669399749E-04, 5.296398006E-04, 2.518070258E-03, 3.255036594E-03, 3.613491537E-04,-5.956253357E-02,-3.687118370E-03
      1058, 1.299999997E+01, 1.312923873E+00, 4.420341333E-02, 1.043086391E-03, 4.915542563E-04, 2.800699192E-03, 1.486004949E-03, 1.409722950E-04,-4.943174411E-02,-2.280680124E-03
      1059, 4.999999929E+00, 1.334222322E+00, 6.691807213E-04,-5.581572552E-03, 2.197524146E-05, 2.583362435E-04, 1.545206358E-03, 3.652428030E-04,-7.152634723E-03, 2.638873522E-03
      1060, 6.999999954E+00, 1.334222322E+00, 1.433427352E-02,-2.934798924E-03, 2.800384591E-04, 1.201797396E-03, 8.570402206E-03, 1.470150570E-03,-6.084348872E-02,-6.371069596E-03
      1061, 8.999999951E+00, 1.334222342E+00, 2.914356872E-02,-6.610199176E-04, 4.715059883E-04, 1.999181885E-03, 5.981811016E-03, 8.143800298E-04,-6.588386910E-02,-5.486710050E-03
      1062, 1.099999988E+01, 1.334222322E+00, 3.834563516E-02, 4.880156215E-04, 5.136890697E-04, 2.483043562E-03, 3.357602534E-03, 3.788507505E-04,-5.857309504E-02,-3.723634528E-03
      1063, 1.299999997E+01, 1.334222322E+00, 4.315606192E-02, 9.939296751E-04, 4.816137703E-04, 2.775713923E-03, 1.589387376E-03, 1.532703218E-04,-4.892554339E-02,-2.334536807E-03
      1064, 4.999999929E+00, 1.355829040E+00, 5.422378443E-04,-5.519854285E-03, 1.835844889E-05, 2.680912246E-04, 1.006547034E-03, 2.456205151E-04,-4.645064320E-03, 3.065475717E-03
      1065, 6.999999954E+00, 1.355829040E+00, 1.305408117E-02,-3.069419954E-03, 2.540204136E-04, 1.138929304E-03, 8.357568953E-03, 1.457061760E-03,-5.770125020E-02,-6.093976316E-03
      1066, 8.999999951E+00, 1.355829060E+00, 2.774010076E-02,-7.790943971E-04, 4.481411800E-04, 1.949799713E-03, 6.017638709E-03, 8.326243889E-04,-6.405277893E-02,-5.443337713E-03
      1067, 1.099999988E+01, 1.355829040E+00, 3.709118621E-02, 4.072111411E-04, 4.976130045E-04, 2.446966842E-03, 3.454876649E-03, 3.962068594E-04,-5.755805665E-02,-3.755478845E-03
      1068, 1.299999997E+01, 1.355829040E+00, 4.210473932E-02, 9.429240845E-04, 4.714739058E-04, 2.749823658E-03, 1.690338308E-03, 1.656873901E-04,-4.839647933E-02,-2.385996030E-03
      1069, 4.999999929E+00, 1.377748487E+00, 4.590729037E-04,-5.449864350E-03, 1.587769222E-05, 2.915590407E-04, 6.398074165E-04, 1.617739309E-04,-2.973199443E-03, 3.316707304E-03
      1070, 6.999999954E+00, 1.377748487E+00, 1.182423111E-02,-3.199737758E-03, 2.292058012E-04, 1.075665631E-03, 8.123063540E-03, 1.439277148E-03,-5.455945834E-02,-5.800875425E-03
      1071, 8.999999951E+00, 1.377748507E+00, 2.635665798E-02,-8.978322513E-04, 4.250583133E-04, 1.899372542E-03, 6.042779161E-03, 8.497193350E-04,-6.220351027E-02,-5.391428735E-03
      1072, 1.099999988E+01, 1.377748487E+00, 3.584110438E-02, 3.245922662E-04, 4.814319719E-04, 2.409833152E-03, 3.546687545E-03, 4.133773758E-04,-5.651831984E-02,-3.782541620E-03
      1073, 1.299999997E+01, 1.377748487E+00, 4.105004741E-02, 8.900800658E-04, 4.611428708E-04, 2.723012925E-03, 1.788720098E-03, 1.782057077E-04,-4.784488582E-02,-2.434957269E-03
      1074, 4.999999929E+00, 1.399985190E+00, 4.047341815E-04,-5.374804940E-03, 1.419593219E-05, 3.281148976E-04, 4.071137238E-04, 1.075606790E-04,-1.929971586E-03, 3.433164082E-03
      1075, 6.999999954E+00, 1.399985190E+00, 1.064644260E-02,-3.325238301E-03, 2.056272776E-04, 1.012121716E-03, 7.866255623E-03, 1.416481883E-03,-5.141777936E-02,-5.491309588E-03
      1076, 8.999999951E+00, 1.399985211E+00, 2.499449856E-02,-1.017037467E-03, 4.022944787E-04, 1.847917042E-03, 6.057081514E-03, 8.655765899E-04,-6.033781362E-02,-5.330925110E-03
      1077, 1.099999988E+01, 1.399985190E+00, 3.459631753E-02, 2.402309119E-04, 4.651669986E-04, 2.371636819E-03, 3.632868139E-03, 4.303207297E-04,-5.545481975E-02,-3.804717868E-03
      1078, 1.299999997E+01, 1.399985190E+00, 3.999260578E-02, 8.354117522E-04, 4.506295477E-04, 2.695266851E-03, 1.884395544E-03, 1.908064447E-04,-4.727112809E-02,-2.481321286E-03
      1079, 4.999999929E+00, 1.422543741E+00, 3.682922253E-04,-5.297090366E-03, 1.305090365E-05, 3.763669700E-04, 2.668868204E-04, 7.431512419E-05,-1.307821570E-03, 3.457801193E-03
      1080, 6.999999954E+00, 1.422543741E+00, 9.522489287E-03,-3.445377090E-03, 1.833148290E-04, 9.484329531E-04, 7.586374330E-03, 1.388299069E-03,-4.827522029E-02,-5.164575019E-03
      1081, 8.999999951E+00, 1.422543762E+00, 2.365487915E-02,-1.136504226E-03, 3.798862913E-04, 1.795452503E-03, 6.060402419E-03, 8.801055041E-04,-5.845742482E-02,-5.261775367E-03
      1082, 1.099999988E+01, 1.422543741E+00, 3.335776582E-02, 1.542053230E-04, 4.488397138E-04, 2.332373546E-03, 3.713255931E-03, 4.469938904E-04,-5.436852348E-02,-3.821907722E-03
      1083, 1.299999997E+01, 1.422543741E+00, 3.893305122E-02, 7.789371134E-04, 4.399434868E-04, 2.666571218E-03, 1.977228152E-03, 2.034697275E-04,-4.667560244E-02,-2.524990313E-03
      1084, 4.999999929E+00, 1.445428798E+00, 3.425398622E-04,-5.218340889E-03, 1.225640862E-05, 4.344420522E-04, 1.851225094E-04, 5.466474430E-05,-9.452286800E-04, 3.426030292E-03
      1085, 6.999999954E+00, 1.445428798E+00, 8.454216578E-03,-3.559571037E-03, 1.622958895E-04, 8.847598881E-04, 7.282486638E-03, 1.354337535E-03,-4.513005011E-02,-4.820022946E-03
      1086, 8.999999951E+00, 1.445428820E+00, 2.233905395E-02,-1.256016729E-03, 3.578697554E-04, 1.742001030E-03, 6.052604992E-03, 8.932129709E-04,-5.656405517E-02,-5.183933842E-03
      1087, 1.099999988E+01, 1.445428798E+00, 3.212640069E-02, 6.660021282E-05, 4.324722881E-04, 2.292040517E-03, 3.787693079E-03, 4.633523541E-04,-5.326042437E-02,-3.834016233E-03
      1088, 1.299999997E+01, 1.445428798E+00, 3.787203730E-02, 7.206781034E-04, 4.290948962E-04, 2.636912507E-03, 2.067082393E-03, 2.161746340E-04,-4.605873600E-02,-2.565868278E-03
      1089, 4.999999929E+00, 1.468645087E+00, 3.230446303E-04,-5.139566201E-03, 1.168835310E-05, 5.003390523E-04, 1.384199548E-04, 4.335050616E-05,-7.348504279E-04, 3.361937432E-03
      1090, 6.999999954E+00, 1.468645087E+00, 7.443562851E-03,-3.667193545E-03, 1.425954946E-04, 8.212949566E-04, 6.953453589E-03, 1.314130951E-03,-4.197966025E-02,-4.456633519E-03
      1091, 8.999999951E+00, 1.468645109E+00, 2.104827402E-02,-1.375348993E-03, 3.362801322E-04, 1.687587770E-03, 6.033557320E-03, 9.048031937E-04,-5.465938015E-02,-5.097359139E-03
      1092, 1.099999988E+01, 1.468645087E+00, 3.090318392E-02,-2.249307798E-05, 4.160899214E-04, 2.250636905E-03, 3.856025102E-03, 4.793499544E-04,-5.213152902E-02,-3.840951994E-03
      1093, 1.299999997E+01, 1.468645087E+00, 3.681023380E-02, 6.606608062E-04, 4.180946300E-04, 2.606277956E-03, 2.153823976E-03, 2.288991910E-04,-4.542098631E-02,-2.603861085E-03
      1094, 4.999999929E+00, 1.492197403E+00, 3.071874279E-04,-5.061365202E-03, 1.126695248E-05, 5.722087765E-04, 1.122217936E-04, 3.702721666E-05,-6.117426869E-04, 3.280422774E-03
      1095, 6.999999954E+00, 1.492197403E+00, 6.492584252E-03,-3.767575289E-03, 1.242364612E-04, 7.582714260E-04, 6.597918955E-03, 1.267150121E-03,-3.882058399E-02,-4.073175888E-03
      1096, 8.999999951E+00, 1.492197425E+00, 1.978378684E-02,-1.494264606E-03, 3.151518113E-04, 1.632241189E-03, 6.003130579E-03, 9.147774174E-04,-5.274502695E-02,-5.002012152E-03
      1097, 1.099999988E+01, 1.492197403E+00, 2.968908695E-02,-1.129764020E-04, 3.997223300E-04, 2.208164319E-03, 3.918100995E-03, 4.949389098E-04,-5.098285774E-02,-3.842627591E-03
      1098, 1.299999997E+01, 1.492197403E+00, 3.574832616E-02, 5.989155782E-04, 4.069541714E-04, 2.574655611E-03, 2.237320099E-03, 2.416203694E-04,-4.476284077E-02,-2.638876845E-03
      1099, 4.999999929E+00, 1.516090608E+00, 2.934442934E-04,-4.984083158E-03, 1.094158969E-05, 6.485011783E-04, 9.798187815E-05, 3.368805734E-05,-5.385647477E-04, 3.190167478E-03
      1100, 6.999999954E+00, 1.516090608E+00, 5.603478013E-03,-3.859991196E-03, 1.072395634E-04, 6.959752801E-04, 6.214318489E-03, 1.212821550E-03,-3.564862240E-02,-3.668404956E-03
      1101, 8.999999951E+00, 1.516090631E+00, 1.854683620E-02,-1.612516413E-03, 2.945181882E-04, 1.575993394E-03, 5.961196880E-03, 9.230328437E-04,-5.082256148E-02,-4.897849983E-03
      1102, 1.099999988E+01, 1.516090608E+00, 2.848508983E-02,-2.047446671E-04, 3.833980631E-04, 2.164625735E-03, 3.973776366E-03, 5.100701467E-04,-4.981546283E-02,-3.838962087E-03
      1103, 1.299999997E+01, 1.516090608E+00, 3.468701488E-02, 5.354771891E-04, 3.956856140E-04, 2.542034386E-03, 2.317439713E-03, 2.543140847E-04,-4.408481600E-02,-2.670826053E-03
      1104, 4.999999929E+00, 1.540329637E+00, 2.809260415E-04,-4.907915356E-03, 1.068006092E-05, 7.280008689E-04, 9.080752045E-05, 3.216527521E-05,-4.942859930E-04, 3.096100874E-03
      1105, 6.999999954E+00, 1.540329637E+00, 4.778603370E-03,-3.943651870E-03, 9.162364040E-05, 6.347609748E-04, 5.800915330E-03, 1.150479949E-03,-3.245909601E-02,-3.240716264E-03
      1106, 8.999999951E+00, 1.540329660E+00, 1.733866244E-02,-1.729846066E-03, 2.744115485E-04, 1.518880529E-03, 5.907626508E-03, 9.294633683E-04,-4.889347236E-02,-4.784831669E-03
      1107, 1.099999988E+01, 1.540329637E+00, 2.729217971E-02,-2.976857476E-04, 3.671421448E-04, 2.120024970E-03, 4.022914580E-03, 5.246934144E-04,-4.863043264E-02,-3.829882144E-03
      1108, 1.299999997E+01, 1.540329637E+00, 3.362701481E-02, 4.703849602E-04, 3.843016394E-04, 2.508404120E-03, 2.394053777E-03, 2.669552004E-04,-4.338745717E-02,-2.699621764E-03
      1109, 4.999999929E+00, 1.564919496E+00, 2.691061339E-04,-4.832970194E-03, 1.046161414E-05, 8.097988846E-04, 8.790686484E-05, 3.178381258E-05,-4.670645159E-04, 3.000989785E-03
      1110, 6.999999954E+00, 1.564919496E+00, 4.020490884E-03,-4.017703321E-03, 7.740553040E-05, 5.750721116E-04, 5.355958891E-03, 1.079455148E-03,-2.924763012E-02,-2.788634116E-03
      1111, 8.999999951E+00, 1.564919519E+00, 1.616050322E-02,-1.845983805E-03, 2.548629613E-04, 1.460943268E-03, 5.842284536E-03, 9.339585256E-04,-4.695915302E-02,-4.662913448E-03
      1112, 1.099999988E+01, 1.564919496E+00, 2.611134956E-02,-3.916803985E-04, 3.509790896E-04, 2.074367434E-03, 4.065385516E-03, 5.387571773E-04,-4.742887828E-02,-3.815321122E-03
      1113, 1.299999997E+01, 1.564919496E+00, 3.256905453E-02, 4.036829006E-04, 3.728154912E-04, 2.473755642E-03, 2.467035506E-03, 2.795175327E-04,-4.267133705E-02,-2.725179795E-03
      1114, 4.999999929E+00, 1.589865261E+00, 2.576659174E-04,-4.759305924E-03, 1.027263723E-05, 8.932404001E-04, 8.766942780E-05, 3.214998907E-05,-4.501491891E-04, 2.906384715E-03
      1115, 6.999999954E+00, 1.589865261E+00, 3.331820892E-03,-4.081227265E-03, 6.459962307E-05, 5.174679336E-04, 4.878031664E-03, 9.991096373E-04,-2.601180861E-02,-2.310993027E-03
      1116, 8.999999951E+00, 1.589865284E+00, 1.501359478E-02,-1.960647745E-03, 2.359021823E-04, 1.402227402E-03, 5.765026561E-03, 9.364010441E-04,-4.502088242E-02,-4.532031545E-03
      1117, 1.099999988E+01, 1.589865261E+00, 2.494359693E-02,-4.866021485E-04, 3.349335457E-04, 2.027660404E-03, 4.101064998E-03, 5.522085138E-04,-4.621192467E-02,-3.795218143E-03
      1118, 1.299999997E+01, 1.589865261E+00, 3.151387558E-02, 3.354198397E-04, 3.612409463E-04, 2.438080840E-03, 2.536260606E-03, 2.919738546E-04,-4.193705500E-02,-2.747418943E-03
      1119, 4.999999929E+00, 1.615172084E+00, 2.464074413E-04,-4.686951650E-03, 1.010402667E-05, 9.778700845E-04, 8.915266949E-05, 3.303174264E-05,-4.396224035E-04, 2.813153355E-03
      1120, 6.999999954E+00, 1.615172084E+00, 2.715339651E-03,-4.133256424E-03, 5.321667409E-05, 4.626557314E-04, 4.366756472E-03, 9.090017236E-04,-2.275433085E-02,-1.807677883E-03
      1121, 8.999999951E+00, 1.615172108E+00, 1.389917394E-02,-2.073543039E-03, 2.175575699E-04, 1.342784590E-03, 5.675693375E-03, 9.366677678E-04,-4.307980009E-02,-4.392111010E-03
      1122, 1.099999988E+01, 1.615172084E+00, 2.378992289E-02,-5.823171843E-04, 3.190302106E-04, 1.979913133E-03, 4.129834769E-03, 5.649931276E-04,-4.498070669E-02,-3.769517905E-03
      1123, 1.299999997E+01, 1.615172084E+00, 3.046223169E-02, 2.656495560E-04, 3.495922824E-04, 2.401372734E-03, 2.601607483E-03, 3.042958987E-04,-4.118523571E-02,-2.766261182E-03
      1124, 4.999999929E+00, 1.640845191E+00, 2.352040109E-04,-4.615919376E-03, 9.949577896E-06, 1.063383361E-03, 9.179731061E-05, 3.429280612E-05,-4.331661659E-04, 2.721773764E-03
      1125, 6.999999954E+00, 1.640845191E+00, 2.173657391E-03,-4.172815533E-03, 4.326130926E-05, 4.115269046E-04, 3.824084659E-03, 8.091761059E-04,-1.948859836E-02,-1.280886391E-03
      1126, 8.999999951E+00, 1.640845215E+00, 1.281848092E-02,-2.184361243E-03, 1.998560141E-04, 1.282673281E-03, 5.574104789E-03, 9.346278674E-04,-4.113687938E-02,-4.243059347E-03
      1127, 1.099999988E+01, 1.640845191E+00, 2.265133097E-02,-6.786842357E-04, 3.032937440E-04, 1.931136955E-03, 4.151582330E-03, 5.770553248E-04,-4.373636510E-02,-3.738170513E-03
      1128, 1.299999997E+01, 1.640845191E+00, 2.941488805E-02, 1.944309024E-04, 3.378842426E-04, 2.363625557E-03, 2.662957443E-03, 3.164543520E-04,-4.041652778E-02,-2.781631719E-03
      1129, 4.999999929E+00, 1.666889884E+00, 2.239718112E-04,-4.546211040E-03, 9.804988679E-06, 1.149585172E-03, 9.526445959E-05, 3.585325317E-05,-4.293750300E-04, 2.632498660E-03
      1130, 6.999999954E+00, 1.666889884E+00, 1.708849025E-03,-4.199008010E-03, 3.472742227E-05, 3.651894559E-04, 3.256346955E-03, 7.006296638E-04,-1.624736981E-02,-7.371262504E-04
      1131, 8.999999951E+00, 1.666889908E+00, 1.177276314E-02,-2.292779107E-03, 1.828228829E-04, 1.221959893E-03, 5.460052316E-03, 9.301402820E-04,-3.919289794E-02,-4.084752748E-03
      1132, 1.099999988E+01, 1.666889884E+00, 2.152882616E-02,-7.755544552E-04, 2.877486805E-04, 1.881345419E-03, 4.166200681E-03, 5.883379733E-04,-4.248004182E-02,-3.701131184E-03
      1133, 1.299999997E+01, 1.666889884E+00, 2.837262043E-02, 1.218279312E-04, 3.261319970E-04, 2.324834850E-03, 2.720194883E-03, 3.284188657E-04,-3.963160268E-02,-2.793459234E-03
      1134, 4.999999929E+00, 1.693311540E+00, 2.126535932E-04,-4.477822633E-03, 9.667231219E-06, 1.236356509E-03, 9.933837742E-05, 3.766349810E-05,-4.273641804E-04, 2.545451550E-03
      1135, 6.999999954E+00, 1.693311540E+00, 1.321776545E-03,-4.211167560E-03, 2.759068489E-05, 3.249814852E-04, 2.676887626E-03, 5.860098274E-04,-1.309323231E-02,-1.898768696E-04
      1136, 8.999999951E+00, 1.693311565E+00, 1.076328019E-02,-2.398457257E-03, 1.664819853E-04, 1.160720294E-03, 5.333289968E-03, 9.230524686E-04,-3.724840134E-02,-3.917029265E-03
      1137, 1.099999988E+01, 1.693311540E+00, 2.042341398E-02,-8.727712924E-04, 2.724193417E-04, 1.830554427E-03, 4.173587933E-03, 5.987824324E-04,-4.121287476E-02,-3.658359809E-03
      1138, 1.299999997E+01, 1.693311540E+00, 2.733621443E-02, 4.791001434E-05, 3.143511011E-04, 2.284997561E-03, 2.773207287E-03, 3.401580332E-04,-3.883115009E-02,-2.801675624E-03
      1139, 4.999999929E+00, 1.720115616E+00, 2.012092911E-04,-4.410746567E-03, 9.534148630E-06, 1.323629663E-03, 1.038732993E-04, 3.968930311E-05,-4.265524619E-04, 2.460685443E-03
      1140, 6.999999954E+00, 1.720115616E+00, 1.011136447E-03,-4.209082912E-03, 2.179819984E-05, 2.924413426E-04, 2.107984224E-03, 4.701163695E-04,-1.012486655E-02, 3.394335751E-04
      1141, 8.999999951E+00, 1.720115642E+00, 9.791310182E-03,-2.501038489E-03, 1.508555553E-04, 1.099041704E-03, 5.193523706E-03, 9.131980094E-04,-3.530366076E-02,-3.739690724E-03
      1142, 1.099999988E+01, 1.720115616E+00, 1.933609972E-02,-9.701703548E-04, 2.573297488E-04, 1.778782404E-03, 4.173646761E-03, 6.083284741E-04,-3.993599206E-02,-3.609820355E-03
      1143, 1.299999997E+01, 1.720115616E+00, 2.630646474E-02,-2.724801929E-05, 3.025595929E-04, 2.244112645E-03, 2.821884257E-03, 3.516392509E-04,-3.801586853E-02,-2.806215123E-03
      1144, 4.999999929E+00, 1.747307647E+00, 1.896103802E-04,-4.344972951E-03, 9.404190071E-06, 1.411369444E-03, 1.087678365E-04, 4.190662526E-05,-4.265476132E-04, 2.378214596E-03
      1145, 6.999999954E+00, 1.747307647E+00, 7.724647577E-04,-4.193223903E-03, 1.725757675E-05, 2.692089932E-04, 1.579753252E-03, 3.589531502E-04,-7.468265775E-03, 8.202653224E-04
      1146, 8.999999951E+00, 1.747307673E+00, 8.858157831E-03,-2.600146145E-03, 1.359642577E-04, 1.037025145E-03, 5.040397325E-03, 9.003928806E-04,-3.335862560E-02,-3.552453535E-03
      1147, 1.099999988E+01, 1.747307647E+00, 1.826788767E-02,-1.067579254E-03, 2.425035356E-04, 1.726050483E-03, 4.166283684E-03, 6.169141598E-04,-3.865050562E-02,-3.555480162E-03
      1148, 1.299999997E+01, 1.747307647E+00, 2.528417460E-02,-1.035657337E-04, 2.907785340E-04, 2.202181337E-03, 2.866117883E-03, 3.628287786E-04,-3.718646783E-02,-2.807014889E-03
      1149, 4.999999929E+00, 1.774893249E+00, 1.778362859E-04,-4.280490380E-03, 9.276233315E-06, 1.499556096E-03, 1.139511126E-04, 4.430027827E-05,-4.270796140E-04, 2.298028120E-03
      1150, 6.999999954E+00, 1.774893249E+00, 5.976267522E-04,-4.164914095E-03, 1.383093642E-05, 2.568496644E-04, 1.123324471E-03, 2.605924073E-04,-5.244109176E-03, 1.223012939E-03
      1151, 8.999999951E+00, 1.774893275E+00, 7.965164414E-03,-2.695380859E-03, 1.218272176E-04, 9.747886069E-04, 4.873481333E-03, 8.844284427E-04,-3.141288495E-02,-3.354988226E-03
      1152, 1.099999988E+01, 1.774893249E+00, 1.721978070E-02,-1.164817428E-03, 2.279638645E-04, 1.672382734E-03, 4.151408109E-03, 6.244757348E-04,-3.735750387E-02,-3.495308809E-03
      1153, 1.299999997E+01, 1.774893249E+00, 2.427015491E-02,-1.809569747E-04, 2.790276290E-04, 2.159206007E-03, 2.905805006E-03, 3.736919712E-04,-3.634368251E-02,-2.804016740E-03
      1154, 4.999999929E+00, 1.802878116E+00, 1.658721204E-04,-4.217286465E-03, 9.149463646E-06, 1.588167204E-03, 1.193697034E-04, 4.686012499E-05,-4.279509233E-04, 2.220098498E-03
      1155, 6.999999954E+00, 1.802878116E+00, 4.753936817E-04,-4.126303494E-03, 1.134055334E-05, 2.566209199E-04, 7.604134101E-04, 1.812745232E-04,-3.522624237E-03, 1.528491038E-03
      1156, 8.999999951E+00, 1.802878143E+00, 7.113719509E-03,-2.786316138E-03, 1.084620738E-04, 9.124711882E-04, 4.692253601E-03, 8.650723210E-04,-2.946559923E-02,-3.146893114E-03
      1157, 1.099999988E+01, 1.802878116E+00, 1.619277989E-02,-1.261695916E-03, 2.137333434E-04, 1.617806433E-03, 4.128931162E-03, 6.309470593E-04,-3.605804392E-02,-3.429275674E-03
      1158, 1.299999997E+01, 1.802878116E+00, 2.326522301E-02,-2.593297931E-04, 2.673242794E-04, 2.115189852E-03, 2.940847683E-03, 3.841933372E-04,-3.548827252E-02,-2.797167668E-03
      1159, 4.999999929E+00, 1.831268029E+00, 1.537075332E-04,-4.155348166E-03, 9.023289737E-06, 1.677159902E-03, 1.249744305E-04, 4.957539032E-05,-4.289980884E-04, 2.144390379E-03
      1160, 6.999999954E+00, 1.831268029E+00, 3.931354037E-04,-4.079957757E-03, 9.588265871E-06, 2.692287265E-04, 4.956334057E-04, 1.218790001E-04,-2.295170340E-03, 1.732519263E-03
      1161, 8.999999951E+00, 1.831268056E+00, 6.305275905E-03,-2.872497336E-03, 9.588505510E-05, 8.502385273E-04, 4.496078912E-03, 8.420705107E-04,-2.751544099E-02,-2.927597488E-03
      1162, 1.099999988E+01, 1.831268029E+00, 1.518788448E-02,-1.358017083E-03, 1.998339479E-04, 1.562352376E-03, 4.098764146E-03, 6.362598428E-04,-3.475314221E-02,-3.357351539E-03
      1163, 1.299999997E+01, 1.831268029E+00, 2.227020163E-02,-3.385863651E-04, 2.556857362E-04, 2.070137661E-03, 2.971152348E-03, 3.942964575E-04,-3.462101355E-02,-2.786419140E-03
      1164, 4.999999929E+00, 1.860068850E+00, 1.413362947E-04,-4.094661868E-03, 8.897284001E-06, 1.766458805E-03, 1.307146185E-04, 5.243138967E-05,-4.300742367E-04, 2.070871491E-03
      1165, 6.999999954E+00, 1.860068850E+00, 3.389271385E-04,-4.028358798E-03, 8.382033238E-06, 2.946359739E-04, 3.170446437E-04, 8.084827922E-05,-1.483256072E-03, 1.848916842E-03
      1166, 8.999999951E+00, 1.860068877E+00, 5.541366075E-03,-2.953437787E-03, 8.411107727E-05, 7.882899707E-04, 4.284202555E-03, 8.151250859E-04,-2.556059243E-02,-2.696474668E-03
      1167, 1.099999988E+01, 1.860068850E+00, 1.420609216E-02,-1.453574404E-03, 1.862869468E-04, 1.506055268E-03, 4.060816636E-03, 6.403436040E-04,-3.344376407E-02,-3.279506640E-03
      1168, 1.299999997E+01, 1.860068850E+00, 2.128591796E-02,-4.186228966E-04, 2.441293575E-04, 2.024056007E-03, 2.996629512E-03, 4.039639212E-04,-3.374269147E-02,-2.771726598E-03
      1169, 4.999999929E+00, 1.889286525E+00, 1.287560729E-04,-4.035213199E-03, 8.771139291E-06, 1.855945821E-03, 1.365396342E-04, 5.541182434E-05,-4.310483585E-04, 1.999516715E-03
      1170, 6.999999954E+00, 1.889286525E+00, 3.030926022E-04,-3.973592927E-03, 7.558109549E-06, 3.320059094E-04, 2.040038162E-04, 5.445563791E-05,-9.769761890E-04, 1.899562785E-03
      1171, 8.999999951E+00, 1.889286554E+00, 4.823619616E-03,-3.028610838E-03, 7.315384607E-05, 7.268680615E-04, 4.055738470E-03, 7.838974798E-04,-2.359874042E-02,-2.452768233E-03
      1172, 1.099999988E+01, 1.889286525E+00, 1.324839964E-02,-1.548152049E-03, 1.731128334E-04, 1.448954199E-03, 4.014994332E-03, 6.431237616E-04,-3.213081240E-02,-3.195702867E-03
      1173, 1.299999997E+01, 1.889286525E+00, 2.031320276E-02,-4.993295245E-04, 2.326725499E-04, 1.976953350E-03, 3.017193737E-03, 4.131573247E-04,-3.285409994E-02,-2.753049392E-03
      1174, 4.999999929E+00, 1.918927090E+00, 1.159681693E-04,-3.976986881E-03, 8.644636921E-06, 1.945445252E-03, 1.424016505E-04, 5.850154532E-05,-4.318062525E-04, 1.930304124E-03
      1175, 6.999999954E+00, 1.918927090E+00, 2.786858570E-04,-3.917200326E-03, 6.991193190E-06, 3.798396754E-04, 1.355501614E-04, 3.818838633E-05,-6.730500644E-04, 1.906104626E-03
      1176, 8.999999951E+00, 1.918927118E+00, 4.153781035E-03,-3.097445695E-03, 6.302594450E-05, 6.662711022E-04, 3.809677389E-03, 7.480170845E-04,-2.162716377E-02,-2.195579177E-03
      1177, 1.099999988E+01, 1.918927090E+00, 1.231580370E-02,-1.641524319E-03, 1.603312634E-04, 1.391093220E-03, 3.961196189E-03, 6.445220636E-04,-3.081511377E-02,-3.105895466E-03
      1178, 1.299999997E+01, 1.918927090E+00, 1.935288948E-02,-5.805902173E-04, 2.213327091E-04, 1.928840141E-03, 3.032763541E-03, 4.218372521E-04,-3.195603755E-02,-2.730350640E-03
      1179, 4.999999929E+00, 1.948996664E+00, 1.029773259E-04,-3.919966653E-03, 8.517622883E-06, 2.034701762E-03, 1.482527147E-04, 6.168452261E-05,-4.322412639E-04, 1.863212270E-03
      1180, 6.999999954E+00, 1.948996664E+00, 2.611631794E-04,-3.860204350E-03, 6.593030755E-06, 4.362695528E-04, 9.517525372E-05, 2.846170188E-05,-4.936050780E-04, 1.885710998E-03
      1181, 8.999999951E+00, 1.948996693E+00, 3.533722414E-03,-3.159323940E-03, 5.373886072E-05, 6.068697009E-04, 3.544940133E-03, 7.070802350E-04,-1.964302546E-02,-1.923979906E-03
      1182, 1.099999988E+01, 1.948996664E+00, 1.140930288E-02,-1.733455183E-03, 1.479610003E-04, 1.332522070E-03, 3.899310935E-03, 6.444563308E-04,-2.949740294E-02,-3.010031545E-03
      1183, 1.299999997E+01, 1.948996664E+00, 1.840581349E-02,-6.622826714E-04, 2.101271595E-04, 1.879728946E-03, 3.043261228E-03, 4.299632500E-04,-3.104930453E-02,-2.703596976E-03
      1184, 4.999999929E+00, 1.979501456E+00, 8.979190444E-05,-3.864135234E-03, 8.389990069E-06, 2.123356703E-03, 1.540381973E-04, 6.493976285E-05,-4.322415536E-04, 1.798221420E-03
      1185, 6.999999954E+00, 1.979501456E+00, 2.477291209E-04,-3.803241979E-03, 6.304829241E-06, 4.993801560E-04, 7.168672394E-05, 2.274235573E-05,-3.875331302E-04, 1.849878572E-03
      1186, 8.999999951E+00, 1.979501486E+00, 2.965442736E-03,-3.213577055E-03, 4.530287129E-05, 5.491282479E-04, 3.260505218E-03, 6.606792597E-04,-1.764400279E-02,-1.637098369E-03
      1187, 1.099999988E+01, 1.979501456E+00, 1.052989964E-02,-1.823697544E-03, 1.360198702E-04, 1.273297068E-03, 3.829213040E-03, 6.428385795E-04,-2.817830534E-02,-2.908043263E-03
      1188, 1.299999997E+01, 1.979501456E+00, 1.747281128E-02,-7.442782013E-04, 1.990730937E-04, 1.829634584E-03, 3.048612631E-03, 4.374937843E-04,-3.013469923E-02,-2.672758263E-03
      1189, 4.999999929E+00, 2.010447767E+00, 7.642429354E-05,-3.809474153E-03, 8.261664602E-06, 2.210937023E-03, 1.596953350E-04, 6.823963768E-05,-4.316889607E-04, 1.735320751E-03
      1190, 6.999999954E+00, 2.010447767E+00, 2.367218280E-04,-3.746692522E-03, 6.088591395E-06, 5.674421539E-04, 5.814507422E-05, 1.943683635E-05,-3.239311747E-04, 1.805705629E-03
      1191, 8.999999951E+00, 2.010447797E+00, 2.451037262E-03,-3.259490870E-03, 3.772663143E-05, 4.936319524E-04, 2.955685951E-03, 6.084600183E-04,-1.562955979E-02,-1.334407796E-03
      1192, 1.099999988E+01, 2.010447767E+00, 9.678603443E-03,-1.911992365E-03, 1.245247264E-04, 1.213482252E-03, 3.750757620E-03, 6.395744342E-04,-2.685831629E-02,-2.799841741E-03
      1193, 1.299999997E+01, 2.010447767E+00, 1.655471985E-02,-8.264416207E-04, 1.881875119E-04, 1.778574281E-03, 3.048746739E-03, 4.443861900E-04,-2.921301411E-02,-2.637807224E-03
      1194, 4.999999929E+00, 2.041841986E+00, 6.289119271E-05,-3.755963366E-03, 8.132594797E-06, 2.296850448E-03, 1.651571952E-04, 7.155344839E-05,-4.304675964E-04, 1.674510517E-03
      1195, 6.999999954E+00, 2.041841986E+00, 2.271650026E-04,-3.690776318E-03, 5.920000108E-06, 6.390242383E-04, 5.045404327E-05, 1.758125248E-05,-2.849192432E-04, 1.757346896E-03
      1196, 8.999999951E+00, 2.041842016E+00, 1.992607641E-03,-3.296322656E-03, 3.101622161E-05, 4.411188851E-04, 2.630662811E-03, 5.502384289E-04,-1.360330625E-02,-1.016248702E-03
      1197, 1.099999988E+01, 2.041841986E+00, 8.856434715E-03,-1.998067533E-03, 1.134914252E-04, 1.153150811E-03, 3.663774630E-03, 6.345616138E-04,-2.553777698E-02,-2.685319876E-03
      1198, 1.299999997E+01, 2.041841986E+00, 1.565237610E-02,-9.086311122E-04, 1.774871616E-04, 1.726567853E-03, 3.043595212E-03, 4.505965739E-04,-2.828503130E-02,-2.598719068E-03
      1199, 4.999999929E+00, 2.073690596E+00, 4.921363659E-05,-3.703580962E-03, 8.002742260E-06, 2.380376398E-03, 1.703576581E-04, 7.485066548E-05,-4.284718889E-04, 1.615795564E-03
      1200, 6.999999954E+00, 2.073690596E+00, 2.184828185E-04,-3.635618985E-03, 5.783422296E-06, 7.130111875E-04, 4.624542519E-05, 1.661006490E-05,-2.603211846E-04, 1.707185958E-03
      1201, 8.999999951E+00, 2.073690627E+00, 1.592065653E-03,-3.323342260E-03, 2.517326703E-05, 3.925135690E-04, 2.287404494E-03, 4.862125766E-04,-1.157695081E-02,-6.847260045E-04
      1202, 1.099999988E+01, 2.073690596E+00, 8.064429919E-03,-2.081636813E-03, 1.029348155E-04, 1.092386914E-03, 3.568061135E-03, 6.276882309E-04,-2.421684670E-02,-2.564325507E-03
      1203, 1.299999997E+01, 2.073690596E+00, 1.476661638E-02,-9.906980788E-04, 1.669884786E-04, 1.673637920E-03, 3.033091725E-03, 4.560796986E-04,-2.735151766E-02,-2.555470179E-03
      1204, 4.999999929E+00, 2.106000175E+00, 3.541688437E-05,-3.652303044E-03, 7.872075082E-06, 2.460652475E-03, 1.752310417E-04, 7.809916078E-05,-4.256044976E-04, 1.559179727E-03
      1205, 6.999999954E+00, 2.106000175E+00, 2.103306336E-04,-3.581290734E-03, 5.668674084E-06, 7.885715999E-04, 4.415383588E-05, 1.619235274E-05,-2.443425225E-04, 1.656575016E-03
      1206, 8.999999951E+00, 2.106000206E+00, 1.250769623E-03,-3.339911523E-03, 2.019164669E-05, 3.489530574E-04, 1.931034433E-03, 4.172733019E-04,-9.575975616E-03,-3.450837620E-04
      1207, 1.099999988E+01, 2.106000175E+00, 7.303647927E-03,-2.162397880E-03, 9.286874208E-05, 1.031288059E-03, 3.463374312E-03, 6.188296191E-04,-2.289547845E-02,-2.436676769E-03
      1208, 1.299999997E+01, 2.106000175E+00, 1.389827628E-02,-1.072486943E-03, 1.567075296E-04, 1.619810156E-03, 3.017171206E-03, 4.607886231E-04,-2.641321928E-02,-2.508037265E-03
      1209, 4.999999929E+00, 2.138777393E+00, 2.153049083E-05,-3.602103729E-03, 7.740563052E-06, 2.536670099E-03, 1.797081674E-04, 8.126231301E-05,-4.217699527E-04, 1.504664118E-03
      1210, 6.999999954E+00, 2.138777393E+00, 2.024976969E-04,-3.527829430E-03, 5.569004473E-06, 8.651075977E-04, 4.338564440E-05, 1.613420443E-05,-2.336464746E-04, 1.606278980E-03
      1211, 8.999999951E+00, 2.138777425E+00, 9.689468464E-04,-3.345616380E-03, 1.605243476E-05, 3.117882784E-04, 1.571366409E-03, 3.454334628E-04,-7.645495064E-03,-7.030925677E-06
      1212, 1.099999988E+01, 2.138777393E+00, 6.575177686E-03,-2.240029252E-03, 8.330606342E-05, 9.699681180E-04, 3.349421108E-03, 6.078484402E-04,-2.157337927E-02,-2.302159926E-03
      1213, 1.299999997E+01, 2.138777393E+00, 1.304819049E-02,-1.153834952E-03, 1.466599572E-04, 1.565113587E-03, 2.995768734E-03, 4.646752565E-04,-2.547085494E-02,-2.456398964E-03
      1214, 4.999999929E+00, 2.172029020E+00, 7.588436711E-06,-3.552955108E-03, 7.608174252E-06, 2.607308538E-03, 1.837170564E-04, 8.429931270E-05,-4.168774578E-04, 1.452252043E-03
      1215, 6.999999954E+00, 2.172029020E+00, 1.948517046E-04,-3.475253989E-03, 5.479853487E-06, 9.422035110E-04, 4.347295685E-05, 1.632067248E-05,-2.262788231E-04, 1.556728058E-03
      1216, 8.999999951E+00, 2.172029053E+00, 7.449494636E-04,-3.340438559E-03, 1.271743591E-05, 2.825366571E-04, 1.223607299E-03, 2.739463736E-04,-5.851808659E-03, 3.145390663E-04
      1217, 1.099999988E+01, 2.172029020E+00, 5.880148036E-03,-2.314189393E-03, 7.425868597E-05, 9.085612879E-04, 3.225845119E-03, 5.945906798E-04,-2.024996718E-02,-2.160463739E-03
      1218, 1.299999997E+01, 2.172029020E+00, 1.221719300E-02,-1.234571995E-03, 1.368609274E-04, 1.509580960E-03, 2.968818357E-03, 4.676893185E-04,-2.452510911E-02,-2.400531913E-03
      1219, 4.999999929E+00, 2.205761922E+00,-6.370979792E-06,-3.504827042E-03, 7.474871439E-06, 2.671392946E-03, 1.871881441E-04, 8.716953939E-05,-4.108505080E-04, 1.401950502E-03
      1220, 6.999999954E+00, 2.205761922E+00, 1.873070731E-04,-3.423572128E-03, 5.398084634E-06, 1.019581826E-03, 4.413506830E-05, 1.668301854E-05,-2.210720961E-04, 1.508160976E-03
      1221, 8.999999951E+00, 2.205761955E+00, 5.745809848E-04,-3.324924880E-03, 1.012322932E-05, 2.627655073E-04, 9.067396852E-04, 2.068210234E-04,-4.272897455E-03, 6.006590035E-04
      1222, 1.099999988E+01, 2.205761922E+00, 5.219739148E-03,-2.384514472E-03, 6.573761346E-05, 8.472272796E-04, 3.092219286E-03, 5.788816188E-04,-1.892435426E-02,-2.011236389E-03
      1223, 1.299999997E+01, 2.205761922E+00, 1.140611752E-02,-1.314520201E-03, 1.273250809E-04, 1.453249176E-03, 2.936251546E-03, 4.697778566E-04,-2.357662407E-02,-2.340407264E-03
      1224, 4.999999929E+00, 2.239983065E+00,-2.030558831E-05,-3.457687085E-03, 7.340610534E-06, 2.727756858E-03, 1.900605288E-04, 8.983585742E-05,-4.036364490E-04, 1.353762741E-03
      1225, 6.999999954E+00, 2.239983065E+00, 1.798065597E-04,-3.372784896E-03, 5.321504651E-06, 1.097067797E-03, 4.520017699E-05, 1.717973183E-05,-2.173136338E-04, 1.460705510E-03
      1226, 8.999999951E+00, 2.239983098E+00, 4.509279504E-04,-3.300273339E-03, 8.179348395E-06, 2.539057574E-04, 6.385737491E-04, 1.488081771E-04,-2.975571140E-03, 8.346578581E-04
      1227, 1.099999988E+01, 2.239983065E+00, 4.595195186E-03,-2.450612894E-03, 5.775300814E-05, 7.861581418E-04, 2.948035199E-03, 5.605230457E-04,-1.759532311E-02,-1.854053080E-03
      1228, 1.299999997E+01, 2.239983065E+00, 1.061579834E-02,-1.393493559E-03, 1.180664889E-04, 1.396159838E-03, 2.897995195E-03, 4.708858372E-04,-2.262599035E-02,-2.275993424E-03
      1229, 4.999999929E+00, 2.274699515E+00,-3.417008263E-05,-3.411500671E-03, 7.205342911E-06, 2.775308424E-03, 1.922843489E-04, 9.226402084E-05,-3.952095275E-04, 1.307680702E-03
      1230, 6.999999954E+00, 2.274699515E+00, 1.723104675E-04,-3.322889349E-03, 5.248557884E-06, 1.174562301E-03, 4.656100783E-05, 1.778543477E-05,-2.145582752E-04, 1.414424415E-03
      1231, 8.999999951E+00, 2.274699549E+00, 3.650483935E-04,-3.268227828E-03, 6.774046141E-06, 2.570232329E-04, 4.296250172E-04, 1.029089638E-04,-1.989876505E-03, 1.007234636E-03
      1232, 1.099999988E+01, 2.274699515E+00, 4.007838575E-03,-2.512061759E-03, 5.031425669E-05, 7.255872764E-04, 2.792696127E-03, 5.392909105E-04,-1.626132224E-02,-1.688385916E-03
      1233, 1.299999997E+01, 2.274699515E+00, 9.847071498E-03,-1.471297535E-03, 1.090986135E-04, 1.338359913E-03, 2.853969377E-03, 4.709549203E-04,-2.167373614E-02,-2.207252276E-03
      1234, 4.999999929E+00, 2.309918441E+00,-4.791680048E-05,-3.366231504E-03, 7.069017618E-06, 2.813108507E-03, 1.938196088E-04, 9.442154315E-05,-3.855691602E-04, 1.263682122E-03
      1235, 6.999999954E+00, 2.309918441E+00, 1.647901891E-04,-3.273880167E-03, 5.178128066E-06, 1.252020808E-03, 4.814943468E-05, 1.848444109E-05,-2.125211782E-04, 1.369341655E-03
      1236, 8.999999951E+00, 2.309918476E+00, 3.073765408E-04,-3.230748878E-03, 5.787488565E-06, 2.725950345E-04, 2.797468164E-04, 6.912018023E-05,-1.297881184E-03, 1.119010319E-03
      1237, 1.099999988E+01, 2.309918441E+00, 3.459083862E-03,-2.568403562E-03, 4.343002702E-05, 6.658013505E-04, 2.625525151E-03, 5.149368868E-04,-1.492053395E-02,-1.513650771E-03
      1238, 1.299999997E+01, 2.309918441E+00, 9.100776591E-03,-1.547728453E-03, 1.004342749E-04, 1.279902571E-03, 2.804084531E-03, 4.699230587E-04,-2.072031504E-02,-2.134135312E-03
      1239, 4.999999929E+00, 2.345647117E+00,-6.149657596E-05,-3.321841991E-03, 6.931583912E-06, 2.840485055E-03, 1.946384482E-04, 9.627970394E-05,-3.747431796E-04, 1.221733843E-03
      1240, 6.999999954E+00, 2.345647117E+00, 1.572242917E-04,-3.225750641E-03, 5.109407232E-06, 1.329435528E-03, 4.992113076E-05, 1.926694232E-05,-2.110147380E-04, 1.325458111E-03
      1241, 8.999999951E+00, 2.345647152E+00, 2.692331514E-04,-3.189661301E-03, 5.107357919E-06, 3.003564743E-04, 1.798414640E-04, 4.610774192E-05,-8.448426278E-04, 1.180127414E-03
      1242, 1.099999988E+01, 2.345647117E+00, 2.950447926E-03,-2.619142293E-03, 3.710828678E-05, 6.071559557E-04, 2.445796494E-03, 4.871916720E-04,-1.357105526E-02,-1.329215768E-03
      1243, 1.299999997E+01, 2.345647117E+00, 8.377759092E-03,-1.622572821E-03, 9.208562422E-05, 1.220848221E-03, 2.748238030E-03, 4.677234467E-04,-1.976609219E-02,-2.056580452E-03
      1244, 4.999999929E+00, 2.381892919E+00,-7.485986556E-05,-3.278293565E-03, 6.792995636E-06, 2.857137270E-03, 1.947304182E-04, 9.781774794E-05,-3.627941152E-04, 1.181792503E-03
      1245, 6.999999954E+00, 2.381892919E+00, 1.495961267E-04,-3.178493269E-03, 5.041807308E-06, 1.406822463E-03, 5.184610875E-05, 2.012697274E-05,-2.099109035E-04, 1.282761320E-03
      1246, 8.999999951E+00, 2.381892955E+00, 2.437794740E-04,-3.146449362E-03, 4.640358801E-06, 3.392953026E-04, 1.169650745E-04, 3.140065241E-05,-5.634823729E-04, 1.204198758E-03
      1247, 1.099999988E+01, 2.381892919E+00, 2.483550062E-03,-2.663741858E-03, 3.135623082E-05, 5.500959104E-04, 2.252817854E-03, 4.557816592E-04,-1.221130194E-02,-1.134491044E-03
      1248, 1.299999997E+01, 2.381892919E+00, 7.678873461E-03,-1.695606437E-03, 8.406412545E-05, 1.161265835E-03, 2.686310086E-03, 4.642849806E-04,-1.881132676E-02,-1.974513711E-03
      1249, 4.999999929E+00, 2.418663334E+00,-8.795812445E-05,-3.235547176E-03, 6.653216556E-06, 2.863182750E-03, 1.941069448E-04, 9.902513106E-05,-3.498228906E-04, 1.143798590E-03
      1250, 6.999999954E+00, 2.418663334E+00, 1.418923614E-04,-3.132100118E-03, 4.974899340E-06, 1.484211146E-03, 5.390270449E-05, 2.106093339E-05,-2.091183098E-04, 1.241231345E-03
      1251, 8.999999951E+00, 2.418663370E+00, 2.262022218E-04,-3.102183858E-03, 4.316379024E-06, 3.878283156E-04, 7.888564305E-05, 2.234534971E-05,-3.942203698E-04, 1.203872209E-03
      1252, 1.099999988E+01, 2.418663334E+00, 2.060089364E-03,-2.701629081E-03, 2.618002332E-05, 4.951808220E-04, 2.046106534E-03, 4.204660383E-04,-1.084082167E-02,-9.291025961E-04
      1253, 1.299999997E+01, 2.418663334E+00, 7.004987155E-03,-1.766593611E-03, 7.638054510E-05, 1.101234620E-03, 2.618158808E-03, 4.595273338E-04,-1.785615511E-02,-1.887824049E-03
      1254, 4.999999929E+00, 2.455965953E+00,-1.007453176E-04,-3.193564005E-03, 6.512226705E-06, 2.859144452E-03, 1.928011940E-04, 9.990110160E-05,-3.359657076E-04, 1.107672832E-03
      1255, 6.999999954E+00, 2.455965953E+00, 1.341020880E-04,-3.086563030E-03, 4.908370968E-06, 1.561636780E-03, 5.607413901E-05, 2.206630926E-05,-2.085681865E-04, 1.200844590E-03
      1256, 8.999999951E+00, 2.455965989E+00, 2.133859667E-04,-3.057567959E-03, 4.086534133E-06, 4.440977521E-04, 5.631440248E-05, 1.690936239E-05,-2.935494166E-04, 1.188781033E-03
      1257, 1.099999988E+01, 2.455965953E+00, 1.681777140E-03,-2.732206559E-03, 2.158419641E-05, 4.431154771E-04, 1.825728544E-03, 3.811108297E-04,-9.461798115E-03,-7.132206146E-04
      1258, 1.299999997E+01, 2.455965953E+00, 6.356985531E-03,-1.835285111E-03, 6.904495203E-05, 1.040846167E-03, 2.543615497E-03, 4.533648408E-04,-1.690057232E-02,-1.796399834E-03
      1259, 4.999999929E+00, 2.493808480E+00,-1.131792512E-04,-3.152306244E-03, 6.370028963E-06, 2.845885809E-03, 1.908624206E-04, 1.004531102E-04,-3.213830133E-04, 1.073318980E-03
      1260, 6.999999954E+00, 2.493808480E+00, 1.262162899E-04,-3.041873725E-03, 4.841996150E-06, 1.639132638E-03, 5.834665219E-05, 2.314085382E-05,-2.082055986E-04, 1.161575892E-03
      1261, 8.999999951E+00, 2.493808517E+00, 2.034201572E-04,-3.013037105E-03, 3.918362597E-06, 5.062630671E-04, 4.306466649E-05, 1.368762857E-05,-2.333508456E-04, 1.165272909E-03
      1262, 1.099999988E+01, 2.493808480E+00, 1.350188666E-03,-2.754883274E-03, 1.757046217E-05, 3.947820293E-04, 1.592885649E-03, 3.378223402E-04,-8.081577945E-03,-4.881507122E-04
      1263, 1.299999997E+01, 2.493808480E+00, 5.735778003E-03,-1.901416421E-03, 6.206672727E-05, 9.802072176E-04, 2.462476166E-03, 4.457007383E-04,-1.594440032E-02,-1.700079357E-03
      1264, 4.999999929E+00, 2.532198730E+00,-1.252225297E-04,-3.111737725E-03, 6.226654383E-06, 2.824516995E-03, 1.883507286E-04, 1.006955188E-04,-3.062478037E-04, 1.040631865E-03
      1265, 6.999999954E+00, 2.532198730E+00, 1.182275458E-04,-2.998023859E-03, 4.775613282E-06, 1.716718983E-03, 6.070789835E-05, 2.428222209E-05,-2.079835163E-04, 1.123399789E-03
      1266, 8.999999951E+00, 2.532198767E+00, 1.951664303E-04,-2.968850640E-03, 3.790842193E-06, 5.726967857E-04, 3.532647259E-05, 1.180261696E-05,-1.967046965E-04, 1.137239285E-03
      1267, 1.099999988E+01, 2.532198730E+00, 1.066487135E-03,-2.769135432E-03, 1.413562663E-05, 3.512658979E-04, 1.350794924E-03, 2.911483372E-04,-6.716327604E-03,-2.571511094E-04
      1268, 1.299999997E+01, 2.532198730E+00, 5.142305873E-03,-1.964707453E-03, 5.545458510E-05, 9.194432566E-04, 2.374494550E-03, 4.364270578E-04,-1.498726627E-02,-1.598651484E-03
      1269, 4.999999929E+00, 2.571144629E+00,-1.368431534E-04,-3.071824270E-03, 6.082164802E-06, 2.796258178E-03, 1.853316789E-04, 1.006481053E-04,-2.907310185E-04, 1.009502868E-03
      1270, 6.999999954E+00, 2.571144629E+00, 1.101299013E-04,-2.955005024E-03, 4.709109102E-06, 1.794395458E-03, 6.314559698E-05, 2.548807335E-05,-2.078589919E-04, 1.086291820E-03
      1271, 8.999999951E+00, 2.571144667E+00, 1.879521945E-04,-2.925159633E-03, 3.690445800E-06, 6.420687202E-04, 3.084943189E-05, 1.072396643E-05,-1.738025470E-04, 1.106960021E-03
      1272, 1.099999988E+01, 2.571144629E+00, 8.309816531E-04,-2.774605034E-03, 1.126835929E-05, 3.138597855E-04, 1.105705201E-03, 2.423368076E-04,-5.394942919E-03,-2.657925729E-05
      1273, 1.299999997E+01, 2.571144629E+00, 4.577551160E-03,-2.024859212E-03, 4.921660504E-05, 8.587032057E-04, 2.279376009E-03, 4.254235615E-04,-1.402858670E-02,-1.491885624E-03
      1274, 4.999999929E+00, 2.610654221E+00,-1.480146349E-04,-3.032533968E-03, 5.936652360E-06, 2.762282867E-03, 1.818757662E-04, 1.003349680E-04,-2.749999807E-04, 9.798217142E-04
      1275, 6.999999954E+00, 2.610654221E+00, 1.019188458E-04,-2.912808716E-03, 4.642406627E-06, 1.872133340E-03, 6.564638020E-05, 2.675583882E-05,-2.077909138E-04, 1.050229233E-03
      1276, 8.999999951E+00, 2.610654260E+00, 1.813777743E-04,-2.882050528E-03, 3.608413471E-06, 7.133505317E-04, 2.832633362E-05, 1.013916296E-05,-1.590296482E-04, 1.075748543E-03
      1277, 1.099999988E+01, 2.610654221E+00, 6.425469484E-04,-2.771242711E-03, 8.944994293E-06, 2.840235462E-04, 8.674470702E-04, 1.934905213E-04,-4.160453454E-03, 1.942745042E-04
      1278, 1.299999997E+01, 2.610654221E+00, 4.042546941E-03,-2.081550206E-03, 4.336027260E-05, 7.981655870E-04, 2.176768359E-03, 4.125505388E-04,-1.306754154E-02,-1.379474398E-03
      1279, 4.999999929E+00, 2.650735663E+00,-1.587155894E-04,-2.993837284E-03, 5.790236008E-06, 2.723601115E-03, 1.780450268E-04, 9.977851925E-05,-2.591912734E-04, 9.514868745E-04
      1280, 6.999999954E+00, 2.650735663E+00, 9.359135862E-05,-2.871426270E-03, 4.575455975E-06, 1.949868738E-03, 6.819542502E-05, 2.808201278E-05,-2.077385174E-04, 1.015191854E-03
      1281, 8.999999951E+00, 2.650735703E+00, 1.752020166E-04,-2.839571752E-03, 3.538993003E-06, 7.857798537E-04, 2.699829875E-05, 9.864142916E-06,-1.491645354E-04, 1.044354663E-03
      1282, 1.099999988E+01, 2.650735663E+00, 4.980742009E-04,-2.759425874E-03, 7.125493057E-06, 2.632796696E-04, 6.485414041E-04, 1.473048689E-04,-3.064701744E-03, 3.924974090E-04
      1283, 1.299999997E+01, 2.650735663E+00, 3.538389053E-03,-2.134434131E-03, 3.789252556E-05, 7.380466485E-04, 2.066257314E-03, 3.976532305E-04,-1.210307019E-02,-1.261061462E-03
      1284, 4.999999929E+00, 2.691397234E+00,-1.689289663E-04,-2.955706665E-03, 5.643055865E-06, 2.681017299E-03, 1.738854891E-04, 9.899557833E-05,-2.434017142E-04, 9.244127515E-04
      1285, 6.999999954E+00, 2.691397234E+00, 8.514600993E-05,-2.830848754E-03, 4.508227276E-06, 2.027493832E-03, 7.077650417E-05, 2.946160335E-05,-2.076601643E-04, 9.811624028E-04
      1286, 8.999999951E+00, 2.691397274E+00, 1.692762596E-04,-2.797749382E-03, 3.478340725E-06, 8.588114881E-04, 2.642082954E-05, 9.790228919E-06,-1.423370511E-04, 1.013205246E-03
      1287, 1.099999988E+01, 2.691397234E+00, 3.922749764E-04,-2.740043096E-03, 5.751825844E-06, 2.530413147E-04, 4.611592996E-04, 1.069121647E-04,-2.154212714E-03, 5.568069229E-04
      1288, 1.299999997E+01, 2.691397234E+00, 3.066247784E-03,-2.183136423E-03, 3.281979726E-05, 6.786110937E-04, 1.947368369E-03, 3.805573239E-04,-1.113390450E-02,-1.136234529E-03
      1289, 4.999999929E+00, 2.732647329E+00,-1.786410578E-04,-2.918116149E-03, 5.495267296E-06, 2.635171536E-03, 1.694360698E-04, 9.799973097E-05,-2.277130621E-04, 8.985255433E-04
      1290, 6.999999954E+00, 2.732647329E+00, 7.658311327E-05,-2.791066866E-03, 4.440705134E-06, 2.104839140E-03, 7.337160956E-05, 3.088812181E-05,-2.075122557E-04, 9.481261982E-04
      1291, 8.999999951E+00, 2.732647370E+00, 1.635064543E-04,-2.756596294E-03, 3.423840705E-06, 9.320699384E-04, 2.632986805E-05, 9.852566694E-06,-1.374431121E-04, 9.825416207E-04
      1292, 1.099999988E+01, 2.732647329E+00, 3.181372146E-04,-2.714463469E-03, 4.751095420E-06, 2.543954519E-04, 3.131170146E-04, 7.451185714E-05,-1.452937422E-03, 6.803581657E-04
      1293, 1.299999997E+01, 2.732647329E+00, 2.627377641E-03,-2.227251041E-03, 2.814803997E-05, 6.201862004E-04, 1.819582890E-03, 3.610725783E-04,-1.015866628E-02,-1.004541860E-03
      1294, 4.999999929E+00, 2.774494467E+00,-1.878408668E-04,-2.881041132E-03, 5.347036957E-06, 2.586634580E-03, 1.647320514E-04, 9.680245055E-05,-2.121944904E-04, 8.737578776E-04
      1295, 6.999999954E+00, 2.774494467E+00, 6.790492107E-05,-2.752070823E-03, 4.372884194E-06, 2.181663368E-03, 7.596039255E-05, 3.235405132E-05,-2.072487738E-04, 9.160716316E-04
      1296, 8.999999951E+00, 2.774494508E+00, 1.578313208E-04,-2.716117508E-03, 3.373680988E-06, 1.005308872E-03, 2.656587260E-05, 1.001203681E-05,-1.338181444E-04, 9.524981245E-04
      1297, 1.099999988E+01, 2.774494467E+00, 2.679834496E-04,-2.684250992E-03, 4.043664709E-06, 2.678843148E-04, 2.053322466E-04, 5.038445146E-05,-9.532143382E-04, 7.621942792E-04
      1298, 1.299999997E+01, 2.774494467E+00, 2.223120673E-03,-2.266338446E-03, 2.388269732E-05, 5.631802069E-04, 1.682383737E-03, 3.390010484E-04,-9.176098892E-03,-8.655387464E-04
      1299, 4.999999929E+00, 2.816947288E+00,-1.965202834E-04,-2.844458402E-03, 5.198542170E-06, 2.536004608E-03, 1.598161750E-04, 9.542049485E-05,-1.969202858E-04, 8.500378095E-04
      1300, 6.999999954E+00, 2.816947288E+00, 5.911583121E-05,-2.713850213E-03, 4.304765463E-06, 2.257643205E-03, 7.851958655E-05, 3.385083187E-05,-2.068216740E-04, 8.849901583E-04
      1301, 8.999999951E+00, 2.816947330E+00, 1.522095902E-04,-2.676313326E-03, 3.326586409E-06, 1.078378632E-03, 2.703079335E-05, 1.024474774E-05,-1.310540325E-04, 9.231466516E-04
      1302, 1.099999988E+01, 2.816947288E+00, 2.346814160E-04,-2.650890927E-03, 3.553402990E-06, 2.933456075E-04, 1.324574755E-04, 3.370677790E-05,-6.213216646E-04, 8.087136829E-04
      1303, 1.299999997E+01, 2.816947288E+00, 1.854894765E-03,-2.299926641E-03, 2.002856947E-05, 5.081056974E-04, 1.535356827E-03, 3.141584643E-04,-8.185542799E-03,-7.188882062E-04
      1304, 4.999999929E+00, 2.860014560E+00,-2.046747656E-04,-2.808346659E-03, 5.049973014E-06, 2.483951225E-03, 1.547430422E-04, 9.387940527E-05,-1.819798961E-04, 8.272822184E-04
      1305, 6.999999954E+00, 2.860014560E+00, 5.022258109E-05,-2.676393860E-03, 4.236353267E-06, 2.332366589E-03, 8.102326186E-05, 3.536814057E-05,-2.061813986E-04, 8.548767424E-04
      1306, 8.999999951E+00, 2.860014603E+00, 1.466124271E-04,-2.637181210E-03, 3.281647271E-06, 1.151200952E-03, 2.766344398E-05, 1.053601393E-05,-1.288952564E-04, 8.945221045E-04
      1307, 1.099999988E+01, 2.860014560E+00, 2.124789034E-04,-2.615630328E-03, 3.215817520E-06, 3.298845047E-04, 8.602841483E-05, 2.290685671E-05,-4.127034283E-04, 8.286519959E-04
      1308, 1.299999997E+01, 2.860014560E+00, 1.524151286E-03,-2.327518768E-03, 1.658947464E-05, 4.556079998E-04, 1.378391836E-03, 2.864173884E-04,-7.187835941E-03,-5.645579813E-04
      1309, 4.999999929E+00, 2.903705176E+00,-2.123039822E-04,-2.772687035E-03, 4.901534711E-06, 2.431180324E-03, 1.495727975E-04, 9.221074905E-05,-1.674682145E-04, 8.054016466E-04
      1310, 6.999999954E+00, 2.903705176E+00, 4.123443842E-05,-2.639689633E-03, 4.167652695E-06, 2.405326148E-03, 8.344342667E-05, 3.689329200E-05,-2.052769914E-04, 8.257298159E-04
      1311, 8.999999951E+00, 2.903705219E+00, 1.410188451E-04,-2.598716927E-03, 3.238207406E-06, 1.223749669E-03, 2.842512694E-05, 1.087685152E-05,-1.271785339E-04, 8.666369921E-04
      1312, 1.099999988E+01, 2.903705176E+00, 1.972425214E-04,-2.579384368E-03, 2.981563904E-06, 3.760191409E-04, 5.764377701E-05, 1.620066235E-05,-2.861005669E-04, 8.307834744E-04
      1313, 1.299999997E+01, 2.903705176E+00, 1.232276093E-03,-2.348613229E-03, 1.356755417E-05, 4.064966500E-04, 1.212041890E-03, 2.557889303E-04,-6.186873447E-03,-4.031753691E-04
      1314, 4.999999929E+00, 2.948028158E+00,-2.194119648E-04,-2.737463359E-03, 4.753447592E-06, 2.378343208E-03, 1.443636443E-04, 9.044760380E-05,-1.534710357E-04, 7.843090444E-04
      1315, 6.999999954E+00, 2.948028158E+00, 3.216339623E-05,-2.603724293E-03, 4.098667540E-06, 2.475900138E-03, 8.575019357E-05, 3.841148273E-05,-2.040562941E-04, 7.975501415E-04
      1316, 8.999999951E+00, 2.948028202E+00, 1.354129069E-04,-2.560915263E-03, 3.195789636E-06, 1.296036002E-03, 2.929093909E-05, 1.126182616E-05,-1.257967553E-04, 8.394903318E-04
      1317, 1.099999988E+01, 2.948028158E+00, 1.862511423E-04,-2.542765678E-03, 2.815723375E-06, 4.299538929E-04, 4.070271956E-05, 1.214708392E-05,-2.103958188E-04, 8.219333183E-04
      1318, 1.299999997E+01, 2.948028158E+00, 9.803969392E-04,-2.362745264E-03, 1.096201007E-05, 3.617738936E-04, 1.038089940E-03, 2.225513846E-04,-5.191997435E-03,-2.365773746E-04
      1319, 4.999999929E+00, 2.992992659E+00,-2.260066725E-04,-2.702662019E-03, 4.605943214E-06, 2.325943591E-03, 1.391653437E-04, 8.861797524E-05,-1.400543054E-04, 7.639294942E-04
      1320, 6.999999954E+00, 2.992992659E+00, 2.302435070E-05,-2.568483361E-03, 4.029398596E-06, 2.543355710E-03, 8.791183358E-05, 3.990670997E-05,-2.024669683E-04, 7.703407494E-04
      1321, 8.999999951E+00, 2.992992703E+00, 1.297820044E-04,-2.523770459E-03, 3.154045179E-06, 1.368097182E-03, 3.024438294E-05, 1.168769427E-05,-1.246773203E-04, 8.130732446E-04
      1322, 1.099999988E+01, 2.992992659E+00, 1.778155207E-04,-2.506158201E-03, 2.694853743E-06, 4.898673495E-04, 3.070366393E-05, 9.732605385E-06,-1.650029430E-04, 8.067358061E-04
      1323, 1.299999997E+01, 2.992992659E+00, 7.690593687E-04,-2.369559245E-03, 8.767065102E-06, 3.226475049E-04, 8.602782547E-04, 1.874391875E-04,-4.220906056E-03,-6.854627341E-05
      1324, 4.999999929E+00, 3.038607963E+00,-2.320991836E-04,-2.668271453E-03, 4.459257247E-06, 2.274288303E-03, 1.340158135E-04, 8.674250312E-05,-1.272589272E-04, 7.442043134E-04
      1325, 6.999999954E+00, 3.038607963E+00, 1.383521533E-05,-2.533950974E-03, 3.959842247E-06, 2.606859494E-03, 8.989495659E-05, 4.136220814E-05,-2.004586275E-04, 7.441061359E-04
      1326, 8.999999951E+00, 3.038608008E+00, 1.241157947E-04,-2.487276479E-03, 3.112718689E-06, 1.439987501E-03, 3.127411093E-05, 1.215252648E-05,-1.237691091E-04, 7.873724108E-04
      1327, 1.099999988E+01, 3.038607963E+00, 1.709212579E-04,-2.469793043E-03, 2.603667437E-06, 5.541194471E-04, 2.482866813E-05, 8.310494218E-06,-1.373405219E-04, 7.880682999E-04
      1328, 1.299999997E+01, 3.038607963E+00, 5.977690361E-04,-2.368915838E-03, 6.969132733E-06, 2.905077941E-04, 6.848753202E-04, 1.517938049E-04,-3.301549783E-03, 9.481602532E-05
      1329, 4.999999929E+00, 3.084883491E+00,-2.377026220E-04,-2.634281573E-03, 4.313621152E-06, 2.223494355E-03, 1.289375983E-04, 8.483414916E-05,-1.150956196E-04, 7.250904547E-04
      1330, 6.999999954E+00, 3.084883491E+00, 4.616927957E-06,-2.500109795E-03, 3.889989442E-06, 2.665502489E-03, 9.166576153E-05, 4.276009674E-05,-1.979851497E-04, 7.188517651E-04
      1331, 8.999999951E+00, 3.084883537E+00, 1.184055350E-04,-2.451427171E-03, 3.071623671E-06, 1.511770780E-03, 3.237195967E-05, 1.265518769E-05,-1.230346668E-04, 7.623721015E-04
      1332, 1.099999988E+01, 3.084883491E+00, 1.649666958E-04,-2.433805761E-03, 2.532291357E-06, 6.213508883E-04, 2.139654741E-05, 7.486912791E-06,-1.200434831E-04, 7.676384444E-04
      1333, 1.299999997E+01, 3.084883491E+00, 4.644991216E-04,-2.361007494E-03, 5.543740851E-06, 2.668469469E-04, 5.204728517E-04, 1.173515718E-04,-2.470189499E-03, 2.449767193E-04
      1334, 4.999999929E+00, 3.131828798E+00,-2.428308363E-04,-2.600683153E-03, 4.169254844E-06, 2.173535242E-03, 1.239364392E-04, 8.289730310E-05,-1.035473317E-04, 7.065605041E-04
      1335, 6.999999954E+00, 3.131828798E+00,-4.606640428E-06,-2.466940916E-03, 3.819824779E-06, 2.718335959E-03, 9.319164661E-05, 4.408114352E-05,-1.950063946E-04, 6.945832182E-04
      1336, 8.999999951E+00, 3.131828845E+00, 1.126436626E-04,-2.416216361E-03, 3.030624900E-06, 1.583514066E-03, 3.353171249E-05, 1.319502198E-05,-1.224451465E-04, 7.380553026E-04
      1337, 1.099999988E+01, 3.131828798E+00, 1.595940040E-04,-2.398274485E-03, 2.474323826E-06, 6.904994546E-04, 1.942530396E-05, 7.028049879E-06,-1.088742983E-04, 7.464348362E-04
      1338, 1.299999997E+01, 3.131828798E+00, 3.653964093E-04,-2.346443899E-03, 4.453586709E-06, 2.531107998E-04, 3.762798808E-04, 8.639723274E-05,-1.763105440E-03, 3.728954873E-04
      1339, 4.999999929E+00, 3.179453579E+00,-2.474974308E-04,-2.567467210E-03, 4.026361716E-06, 2.124299470E-03, 1.190089484E-04, 8.092912955E-05,-9.258428161E-05, 6.885990946E-04
      1340, 6.999999954E+00, 3.179453579E+00,-1.380887001E-05,-2.434423854E-03, 3.749326688E-06, 2.764395615E-03, 9.444245757E-05, 4.530566481E-05,-1.914900571E-04, 6.713038185E-04
      1341, 8.999999951E+00, 3.179453626E+00, 1.068235505E-04,-2.381637910E-03, 2.989625662E-06, 1.655281826E-03, 3.474817774E-05, 1.377158901E-05,-1.219767287E-04, 7.144046058E-04
      1342, 1.099999988E+01, 3.179453579E+00, 1.545875949E-04,-2.363243357E-03, 2.425562284E-06, 7.607708541E-04, 1.834351635E-05, 6.795953025E-06,-1.013964009E-04, 7.250248481E-04
      1343, 1.299999997E+01, 3.179453579E+00, 2.949727514E-04,-2.326254317E-03, 3.649523463E-06, 2.504971590E-04, 2.592630498E-04, 6.090382993E-05,-1.204143075E-03, 4.724026129E-04
      1344, 4.999999929E+00, 3.227767668E+00,-2.517154144E-04,-2.534624649E-03, 3.885126204E-06, 2.075641162E-03, 1.141487872E-04, 7.892460242E-05,-8.217259972E-05, 6.711945262E-04
      1345, 6.999999954E+00, 3.227767668E+00,-2.296070474E-05,-2.402536644E-03, 3.678469115E-06, 2.802768951E-03, 9.539172788E-05, 4.641530716E-05,-1.874143179E-04, 6.490135044E-04
      1346, 8.999999951E+00, 3.227767716E+00, 1.009393856E-04,-2.347685737E-03, 2.948558338E-06, 1.727130184E-03, 3.601645632E-05, 1.438445501E-05,-1.216082363E-04, 6.914029434E-04
      1347, 1.099999988E+01, 3.227767668E+00, 1.498150182E-04,-2.328736493E-03, 2.383201520E-06, 8.315928077E-04, 1.781628987E-05, 6.708993439E-06,-9.619511563E-05, 7.037326817E-04
      1348, 1.299999997E+01, 3.227767668E+00, 2.468505081E-04,-2.301728401E-03, 3.075313800E-06, 2.597367259E-04, 1.717667850E-04, 4.141462309E-05,-7.954213266E-04, 5.414225694E-04
      1349, 4.999999929E+00, 3.276781041E+00,-2.554969106E-04,-2.502146215E-03, 3.745713378E-06, 2.027414467E-03, 1.093463214E-04, 7.687823881E-05,-7.227380404E-05, 6.543360641E-04
      1350, 6.999999954E+00, 3.276781041E+00,-3.203113808E-05,-2.371255975E-03, 3.607222879E-06, 2.832669610E-03, 9.601799799E-05, 4.739426376E-05,-1.827711820E-04, 6.277070571E-04
      1351, 8.999999951E+00, 3.276781090E+00, 9.498613132E-05,-2.314353806E-03, 2.907377362E-06, 1.799100984E-03, 3.733146522E-05, 1.503302121E-05,-1.213196573E-04, 6.690340988E-04
      1352, 1.099999988E+01, 3.276781041E+00, 1.451929111E-04,-2.294766143E-03, 2.345334955E-06, 9.025682697E-04, 1.764484993E-05, 6.718421473E-06,-9.243651267E-05, 6.827427716E-04
      1353, 1.299999997E+01, 3.276781041E+00, 2.147885348E-04,-2.274160386E-03, 2.674792343E-06, 2.809092686E-04, 1.112040588E-04, 2.759591870E-05,-5.177525892E-04, 5.828764919E-04
      1354, 4.999999929E+00, 3.326503821E+00,-2.588529416E-04,-2.470022377E-03, 3.608269847E-06, 1.979492306E-03, 1.045912127E-04, 7.478347228E-05,-6.285051269E-05, 6.380163501E-04
      1355, 6.999999954E+00, 3.326503821E+00,-4.098789901E-05,-2.340557469E-03, 3.535557306E-06, 2.853516024E-03, 9.630695213E-05, 4.822956618E-05,-1.775693463E-04, 6.073726053E-04
      1356, 8.999999951E+00, 3.326503871E+00, 8.895954303E-05,-2.281636100E-03, 2.866053862E-06, 1.871214793E-03, 3.868764460E-05, 1.571640845E-05,-1.210913213E-04, 6.472829924E-04
      1357, 1.099999988E+01, 3.326503821E+00, 1.406673147E-04,-2.261337486E-03, 2.310643720E-06, 9.734345751E-04, 1.770941296E-05, 6.794807537E-06,-8.962016686E-05, 6.621585768E-04
      1358, 1.299999997E+01, 3.326503821E+00, 1.935259044E-04,-2.244672892E-03, 2.398483787E-06, 3.133647251E-04, 7.191184352E-05, 1.847657253E-05,-3.402016860E-04, 6.029718435E-04
      1359, 4.999999929E+00, 3.376946275E+00,-2.617936026E-04,-2.438243206E-03, 3.472925342E-06, 1.931773687E-03, 9.987561105E-05, 7.263432118E-05,-5.387283876E-05, 6.222277946E-04
      1360, 6.999999954E+00, 3.376946275E+00,-4.979829350E-05,-2.310415997E-03, 3.463443088E-06, 2.865005572E-03, 9.625333457E-05, 4.891139006E-05,-1.718354923E-04, 5.879905881E-04
      1361, 8.999999951E+00, 3.376946325E+00, 8.285621593E-05,-2.249526575E-03, 2.824571529E-06, 1.943463652E-03, 4.007877110E-05, 1.643336366E-05,-1.209032978E-04, 6.261357914E-04
      1362, 1.099999988E+01, 3.376946275E+00, 1.362021703E-04,-2.228451451E-03, 2.278200657E-06, 1.044030311E-03, 1.793667679E-05, 6.920207964E-06,-8.744012470E-05, 6.420362021E-04
      1363, 1.299999997E+01, 3.376946275E+00, 1.791436670E-04,-2.214129822E-03, 2.207283586E-06, 3.558083764E-04, 4.760091104E-05, 1.273394228E-05,-2.313277311E-04, 6.081465540E-04
      1364, 4.999999929E+00, 3.428118819E+00,-2.643283457E-04,-2.406798527E-03, 3.339794460E-06, 1.884184190E-03, 9.519328735E-05, 7.042639804E-05,-4.531636924E-05, 6.069583652E-04
      1365, 6.999999954E+00, 3.428118819E+00,-5.843013410E-05,-2.280806121E-03, 3.390855776E-06, 2.867139981E-03, 9.586174735E-05, 4.943407422E-05,-1.656141264E-04, 5.695321520E-04
      1366, 8.999999951E+00, 3.428118870E+00, 7.667366779E-05,-2.218019109E-03, 2.782923371E-06, 2.015802805E-03, 4.149774463E-05, 1.718213504E-05,-1.207347803E-04, 6.055800966E-04
      1367, 1.099999988E+01, 3.428118819E+00, 1.317724931E-04,-2.196106405E-03, 2.247344773E-06, 1.114269464E-03, 1.828110920E-05, 7.083614807E-06,-8.570570293E-05, 6.224037028E-04
      1368, 1.299999997E+01, 3.428118819E+00, 1.689917917E-04,-2.183123892E-03, 2.072830062E-06, 4.065374997E-04, 3.299868855E-05, 9.227295444E-06,-1.659784015E-04, 6.039089387E-04
      1369, 4.999999929E+00, 3.480032020E+00,-2.664660962E-04,-2.375678098E-03, 3.208978344E-06, 1.836673082E-03, 9.053898743E-05, 6.815560547E-05,-3.715907190E-05, 5.921948189E-04
      1370, 6.999999954E+00, 3.480032020E+00,-6.685269382E-05,-2.251702587E-03, 3.317779459E-06, 2.860250301E-03, 9.514649188E-05, 4.979726700E-05,-1.589660496E-04, 5.519596014E-04
      1371, 8.999999951E+00, 3.480032072E+00, 7.041045470E-05,-2.187107433E-03, 2.741109113E-06, 2.088141132E-03, 4.293632138E-05, 1.796036689E-05,-1.205635889E-04, 5.856051571E-04
      1372, 1.099999988E+01, 3.480032020E+00, 1.273602631E-04,-2.164299182E-03, 2.217599366E-06, 1.184121660E-03, 1.871401911E-05, 7.278270246E-06,-8.429563607E-05, 6.032723375E-04
      1373, 1.299999997E+01, 3.480032020E+00, 1.613957097E-04,-2.152034748E-03, 1.975767931E-06, 4.637328038E-04, 2.436039182E-05, 7.119632656E-06,-1.268650936E-04, 5.941058119E-04
      1374, 4.999999929E+00, 3.532696599E+00,-2.682153429E-04,-2.344871595E-03, 3.080566201E-06, 1.789209253E-03, 8.591029911E-05, 6.581855095E-05,-2.938226770E-05, 5.779241367E-04
      1375, 6.999999954E+00, 3.532696599E+00,-7.503760497E-05,-2.223080801E-03, 3.244210083E-06, 2.844975854E-03, 9.413020578E-05, 5.000575069E-05,-1.519653174E-04, 5.352278667E-04
      1376, 8.999999951E+00, 3.532696651E+00, 6.406631402E-05,-2.156785047E-03, 2.699133077E-06, 2.160330789E-03, 4.438490659E-05, 1.876499990E-05,-1.203658713E-04, 5.662020411E-04
      1377, 1.099999988E+01, 3.532696599E+00, 1.229519117E-04,-2.133025710E-03, 2.188617611E-06, 1.253597121E-03, 1.921708332E-05, 7.500059883E-06,-8.313111747E-05, 5.846432075E-04
      1378, 1.299999997E+01, 3.532696599E+00, 1.553401677E-04,-2.121093462E-03, 1.903361279E-06, 5.256959247E-04, 1.928278210E-05, 5.863617403E-06,-1.031707480E-04, 5.812025479E-04
      1379, 4.999999929E+00, 3.586123430E+00,-2.695842922E-04,-2.314368693E-03, 2.954636572E-06, 1.741777124E-03, 8.130699355E-05, 6.341397462E-05,-2.196985816E-05, 5.641309361E-04
      1380, 6.999999954E+00, 3.586123430E+00,-8.295961103E-05,-2.194917250E-03, 3.170157986E-06, 2.822191132E-03, 9.284151805E-05, 5.006801228E-05,-1.446929714E-04, 5.192862948E-04
      1381, 8.999999951E+00, 3.586123483E+00, 5.764232553E-05,-2.127045125E-03, 2.657002420E-06, 2.232154700E-03, 4.583242750E-05, 1.959217795E-05,-1.201160368E-04, 5.473637327E-04
      1382, 1.099999988E+01, 3.586123430E+00, 1.185367647E-04,-2.102281411E-03, 2.160145705E-06, 1.322735192E-03, 1.977841904E-05, 7.746531977E-06,-8.215963138E-05, 5.665112758E-04
      1383, 1.299999997E+01, 3.586123430E+00, 1.502212046E-04,-2.090436770E-03, 1.847359987E-06, 5.909827558E-04, 1.631236329E-05, 5.121213473E-06,-8.848371396E-05, 5.666763752E-04
      1384, 4.999999929E+00, 3.640323547E+00,-2.705809016E-04,-2.284159201E-03, 2.831258374E-06, 1.694373043E-03, 7.672839118E-05, 6.094095685E-05,-1.490630309E-05, 5.507997536E-04
      1385, 6.999999954E+00, 3.640323547E+00,-9.059699932E-05,-2.167189813E-03, 3.095649058E-06, 2.792901732E-03, 9.131389590E-05, 4.999479927E-05,-1.372348432E-04, 5.040821750E-04
      1386, 8.999999951E+00, 3.640323601E+00, 5.114107987E-05,-2.097880408E-03, 2.614725633E-06, 2.303314889E-03, 4.726631258E-05, 2.043715507E-05,-1.197868655E-04, 5.290851365E-04
      1387, 1.099999988E+01, 3.640323547E+00, 1.141060691E-04,-2.072061446E-03, 2.131997461E-06, 1.391595500E-03, 2.039016410E-05, 8.016278684E-06,-8.134511473E-05, 5.488679039E-04
      1388, 1.299999997E+01, 3.640323547E+00, 1.456803043E-04,-2.060143935E-03, 1.802420589E-06, 6.584437223E-04, 1.459530594E-05, 4.690538519E-06,-7.909734258E-05, 5.513905611E-04
      1389, 4.999999929E+00, 3.695308141E+00,-2.712129167E-04,-2.254232996E-03, 2.710491789E-06, 1.647002347E-03, 7.217506960E-05, 5.839808998E-05,-8.179023015E-06, 5.379162912E-04
      1390, 6.999999954E+00, 3.695308141E+00,-9.793163525E-05,-2.139877859E-03, 3.020724196E-06, 2.758112232E-03, 8.957835726E-05, 4.979621484E-05,-1.296648349E-04, 4.895662567E-04
      1391, 8.999999951E+00, 3.695308196E+00, 4.456684902E-05,-2.069283090E-03, 2.572311253E-06, 2.373421012E-03, 4.867250507E-05, 2.129419994E-05,-1.193496475E-04, 5.113630673E-04
      1392, 1.099999988E+01, 3.695308141E+00, 1.096523811E-04,-2.042360869E-03, 2.104036481E-06, 1.460250934E-03, 2.104694572E-05, 8.308542087E-06,-8.066182120E-05, 5.317024404E-04
      1393, 1.299999997E+01, 3.695308141E+00, 1.415026142E-04,-2.030260102E-03, 1.765047760E-06, 7.272069465E-04, 1.363461853E-05, 4.452301737E-06,-7.288119312E-05, 5.358412606E-04
      1394, 4.999999929E+00, 3.751088567E+00,-2.714880642E-04,-2.224580085E-03, 2.592388991E-06, 1.599677061E-03, 6.764979618E-05, 5.578574019E-05,-1.778573576E-06, 5.254636743E-04
      1395, 6.999999954E+00, 3.751088567E+00,-1.049486496E-04,-2.112962070E-03, 2.945437178E-06, 2.718727432E-03, 8.766101645E-05, 4.948086156E-05,-1.220417917E-04, 4.756947049E-04
      1396, 8.999999951E+00, 3.751088623E+00, 3.792575817E-05,-2.041244700E-03, 2.529766729E-06, 2.441979976E-03, 5.003544264E-05, 2.215656802E-05,-1.187743458E-04, 4.941961887E-04
      1397, 1.099999988E+01, 3.751088567E+00, 1.051691872E-04,-2.013174719E-03, 2.076163441E-06, 1.528781888E-03, 2.174488977E-05, 8.622958110E-06,-8.009041583E-05, 5.150031989E-04
      1398, 1.299999997E+01, 3.751088567E+00, 1.375571551E-04,-2.000810272E-03, 1.732919549E-06, 7.966365305E-04, 1.313995083E-05, 4.336061015E-06,-6.860290017E-05, 5.203126868E-04
      1399, 4.999999929E+00, 3.807676344E+00,-2.714140823E-04,-2.195190781E-03, 2.476994751E-06, 1.552414147E-03, 6.315467250E-05, 5.310519456E-05, 4.306123037E-06, 5.134246801E-04
      1400, 6.999999954E+00, 3.807676344E+00,-1.116358310E-04,-2.086424294E-03, 2.869851600E-06, 2.675506240E-03, 8.558436173E-05, 4.905647873E-05,-1.144159795E-04, 4.624286764E-04
      1401, 8.999999951E+00, 3.807676401E+00, 3.122595300E-05,-2.013755980E-03, 2.487097442E-06, 2.508389619E-03, 5.133809371E-05, 2.301650938E-05,-1.180299082E-04, 4.775849057E-04
      1402, 1.099999988E+01, 3.807676344E+00, 1.006506748E-04,-1.984498076E-03, 2.048306880E-06, 1.597271135E-03, 2.248097821E-05, 8.959379025E-06,-7.961548680E-05, 4.987580710E-04
      1403, 1.299999997E+01, 3.807676344E+00, 1.337622806E-04,-1.971807547E-03, 1.704465947E-06, 8.662857152E-04, 1.293984004E-05, 4.299897931E-06,-6.554008675E-05, 5.049668308E-04
      1404, 4.999999929E+00, 3.865083157E+00,-2.709985666E-04,-2.166055595E-03, 2.364346954E-06, 1.505234197E-03, 5.869099381E-05, 5.035682556E-05, 1.008757115E-05, 5.017857532E-04
      1405, 6.999999954E+00, 3.865083157E+00,-1.179830575E-04,-2.060247337E-03, 2.794038091E-06, 2.629082906E-03, 8.336532717E-05, 4.852832538E-05,-1.068242550E-04, 4.497349564E-04
      1406, 8.999999951E+00, 3.865083215E+00, 2.447774993E-05,-1.986806765E-03, 2.444305875E-06, 2.571935259E-03, 5.256212258E-05, 2.386529172E-05,-1.170848483E-04, 4.615311616E-04
      1407, 1.099999988E+01, 3.865083157E+00, 9.609160237E-05,-1.956326085E-03, 2.020416430E-06, 1.665799041E-03, 2.325261214E-05, 9.317748746E-06,-7.922393168E-05, 4.829549330E-04
      1408, 1.299999997E+01, 3.865083157E+00, 1.300657375E-04,-1.943257940E-03, 1.678606282E-06, 9.358542260E-04, 1.293160108E-05, 4.318609296E-06,-6.326218625E-05, 4.898952024E-04
      1409, 4.999999929E+00, 3.923320860E+00,-2.702490112E-04,-2.137165125E-03, 2.254477036E-06, 1.458160478E-03, 5.426109213E-05, 4.754144943E-05, 1.557500327E-05, 4.905329407E-04
      1410, 6.999999954E+00, 3.923320860E+00,-1.239820574E-04,-2.034414804E-03, 2.718072841E-06, 2.580044733E-03, 8.102065643E-05, 4.790171905E-05,-9.930061647E-05, 4.375815892E-04
      1411, 8.999999951E+00, 3.923320919E+00, 1.769374823E-05,-1.960385869E-03, 2.401390947E-06, 2.631797146E-03, 5.368828441E-05, 2.469326364E-05,-1.159082459E-04, 4.460380855E-04
      1412, 1.099999988E+01, 3.923320860E+00, 9.148723662E-05,-1.928653972E-03, 1.992457762E-06, 1.734438755E-03, 2.405730021E-05, 9.697997241E-06,-7.890388629E-05, 4.675819998E-04
      1413, 1.299999997E+01, 3.923320860E+00, 1.264330548E-04,-1.915163221E-03, 1.654584198E-06, 1.005152931E-03, 1.305283018E-05, 4.376877684E-06,-6.150790448E-05, 4.751481514E-04
      1414, 4.999999929E+00, 3.982401480E+00,-2.691730054E-04,-2.108510239E-03, 2.147410387E-06, 1.411218230E-03, 4.986778382E-05, 4.466069563E-05, 2.077527713E-05, 4.796497908E-04
      1415, 6.999999954E+00, 3.982401480E+00,-1.296265906E-04,-2.008911288E-03, 2.642037899E-06, 2.529012819E-03, 7.857140096E-05, 4.718522794E-05,-9.188405349E-05, 4.259327436E-04
      1416, 8.999999951E+00, 3.982401540E+00, 1.088887701E-05,-1.934480994E-03, 2.358347546E-06, 2.687068853E-03, 5.469700520E-05, 2.548999760E-05,-1.144709855E-04, 4.311094638E-04
      1417, 1.099999988E+01, 3.982401480E+00, 8.683333734E-05,-1.901477026E-03, 1.964408765E-06, 1.803251050E-03, 2.489241945E-05, 1.009995714E-05,-7.864396173E-05, 4.526280812E-04
      1418, 1.299999997E+01, 3.982401480E+00, 1.228406890E-04,-1.887522599E-03, 1.631862455E-06, 1.074075954E-03, 1.326506959E-05, 4.465317895E-06,-6.011572607E-05, 4.607517144E-04
      1419, 4.999999929E+00, 4.042337217E+00,-2.677782202E-04,-2.080082127E-03, 2.043166705E-06, 1.364434167E-03, 4.551230110E-05, 4.171557557E-05, 2.569756658E-05, 4.691213925E-04
      1420, 6.999999954E+00, 4.042337217E+00,-1.349129358E-04,-1.983722709E-03, 2.566022660E-06, 2.476672864E-03, 7.604420605E-05, 4.639101965E-05,-8.462045611E-05, 4.147478402E-04
      1421, 8.999999951E+00, 4.042337277E+00, 4.080367386E-06,-1.909078667E-03, 2.315166282E-06, 2.736788235E-03, 5.556899837E-05, 2.624458961E-05,-1.127470093E-04, 4.167490386E-04
      1422, 1.099999988E+01, 4.042337217E+00, 8.212618044E-05,-1.874790582E-03, 1.936256605E-06, 1.872278610E-03, 2.575502069E-05, 1.052330177E-05,-7.843267273E-05, 4.380827253E-04
      1423, 1.299999997E+01, 4.042337217E+00, 1.192719159E-04,-1.860333752E-03, 1.610054687E-06, 1.142579241E-03, 1.354431821E-05, 4.578155329E-06,-5.898392634E-05, 4.467174032E-04
      1424, 4.999999929E+00, 4.103140447E+00,-2.660722703E-04,-2.051872202E-03, 1.941760321E-06, 1.317836119E-03, 4.119856689E-05, 3.870688773E-05, 3.035258486E-05, 4.589337114E-04
      1425, 6.999999954E+00, 4.103140447E+00,-1.398403563E-04,-1.958836659E-03, 2.490125168E-06, 2.423731561E-03, 7.346991754E-05, 4.553465651E-05,-7.755929209E-05, 4.039832128E-04
      1426, 8.999999951E+00, 4.103140508E+00,-2.712360912E-06,-1.884164226E-03, 2.271833395E-06, 2.779985290E-03, 5.628596571E-05, 2.694604888E-05,-1.107146740E-04, 4.029597549E-04
      1427, 1.099999988E+01, 4.103140447E+00, 7.736261135E-05,-1.848589987E-03, 1.907995429E-06, 1.941539292E-03, 2.664167355E-05, 1.096747835E-05,-7.825802940E-05, 4.239363240E-04
      1428, 1.299999997E+01, 4.103140447E+00, 1.157143298E-04,-1.833593449E-03, 1.588880302E-06, 1.210664272E-03, 1.387543192E-05, 4.711844359E-06,-5.804716192E-05, 4.330479976E-04
      1429, 4.999999929E+00, 4.164823726E+00,-2.640629383E-04,-2.023872175E-03, 1.843200510E-06, 1.271452772E-03, 3.692742505E-05, 3.563819073E-05, 3.473608436E-05, 4.490722077E-04
      1430, 6.999999954E+00, 4.164823726E+00,-1.444112804E-04,-1.934242583E-03, 2.414451873E-06, 2.370823982E-03, 7.087935743E-05, 4.463267776E-05,-7.074642575E-05, 3.935961601E-04
      1431, 8.999999951E+00, 4.164823788E+00,-9.467915549E-06,-1.859721844E-03, 2.228331202E-06, 2.815740399E-03, 5.683146323E-05, 2.758373647E-05,-1.083583226E-04, 3.897428789E-04
      1432, 1.099999988E+01, 4.164823726E+00, 7.254012180E-05,-1.822870558E-03, 1.879624547E-06, 2.011018313E-03, 2.754834553E-05, 1.143164844E-05,-7.810727335E-05, 4.101801898E-04
      1433, 1.299999997E+01, 4.164823726E+00, 1.121582996E-04,-1.807297944E-03, 1.568134116E-06, 1.278365728E-03, 1.424875786E-05, 4.864231291E-06,-5.726250165E-05, 4.197410283E-04
      1434, 4.999999929E+00, 4.227399792E+00,-2.617579840E-04,-1.996074035E-03, 1.747491789E-06, 1.225313495E-03, 3.270294996E-05, 3.251051176E-05, 3.886884171E-05, 4.395243302E-04
      1435, 6.999999954E+00, 4.227399792E+00,-1.486309934E-04,-1.909931700E-03, 2.339115290E-06, 2.318425645E-03, 6.829820526E-05, 4.369945537E-05,-6.421589887E-05, 3.835497571E-04
      1436, 8.999999951E+00, 4.227399855E+00,-1.616327362E-05,-1.835734635E-03, 2.184639432E-06, 2.843259039E-03, 5.719200797E-05, 2.814789229E-05,-1.056701811E-04, 3.770969601E-04
      1437, 1.099999988E+01, 4.227399792E+00, 6.765694471E-05,-1.797627533E-03, 1.851146957E-06, 2.080659249E-03, 2.847028815E-05, 1.191461383E-05,-7.796668288E-05, 3.968067014E-04
      1438, 1.299999997E+01, 4.227399792E+00, 1.085960083E-04,-1.781443214E-03, 1.547665530E-06, 1.345742076E-03, 1.465807600E-05, 5.034039790E-06,-5.660097674E-05, 4.067908803E-04
      1439, 4.999999929E+00, 4.290881567E+00,-2.591649048E-04,-1.968469955E-03, 1.654634185E-06, 1.179448206E-03, 2.852836243E-05, 2.932509580E-05, 4.276619918E-05, 4.302779900E-04
      1440, 6.999999954E+00, 4.290881567E+00,-1.525068882E-04,-1.885896644E-03, 2.264230087E-06, 2.266811761E-03, 6.574403863E-05, 4.274514249E-05,-5.798565552E-05, 3.738162002E-04
      1441, 8.999999951E+00, 4.290881631E+00,-2.277427354E-05,-1.812184816E-03, 2.140736638E-06, 2.861950185E-03, 5.735827048E-05, 2.863022405E-05,-1.026521546E-04, 3.650167497E-04
      1442, 1.099999988E+01, 4.290881567E+00, 6.271216626E-05,-1.772856007E-03, 1.822568120E-06, 2.150353671E-03, 2.940192761E-05, 1.241474642E-05,-7.782140901E-05, 3.838094274E-04
      1443, 1.299999997E+01, 4.290881567E+00, 1.050208475E-04,-1.756025118E-03, 1.527363998E-06, 1.412868256E-03, 1.509930611E-05, 5.220546299E-06,-5.604238806E-05, 3.941900763E-04
      1444, 4.999999929E+00, 4.355282160E+00,-2.562914193E-04,-1.941052383E-03, 1.564623500E-06, 1.133887282E-03, 2.440422197E-05, 2.608592564E-05, 4.641902982E-05, 4.213201351E-04
      1445, 6.999999954E+00, 4.355282160E+00,-1.560475693E-04,-1.862130962E-03, 2.189908743E-06, 2.216071853E-03, 6.322605775E-05, 4.177527199E-05,-5.205872475E-05, 3.643765988E-04
      1446, 8.999999951E+00, 4.355282225E+00,-2.927623724E-05,-1.789053968E-03, 2.096601723E-06, 2.871495148E-03, 5.732601697E-05, 2.902453340E-05,-9.931693748E-05, 3.534922531E-04
      1447, 1.099999988E+01, 4.355282160E+00, 5.770585369E-05,-1.748550858E-03, 1.793894931E-06, 2.219929682E-03, 3.033676174E-05, 1.292993764E-05,-7.765534009E-05, 3.711831660E-04
      1448, 1.299999997E+01, 4.355282160E+00, 1.014270383E-04,-1.731039492E-03, 1.507148718E-06, 1.479829803E-03, 1.556967489E-05, 5.423358146E-06,-5.557203900E-05, 3.819301256E-04
      1449, 4.999999929E+00, 4.420614869E+00,-2.531454038E-04,-1.913814062E-03, 1.477451585E-06, 1.088661505E-03, 2.033536054E-05, 2.279498819E-05, 4.983995514E-05, 4.126387182E-04
      1450, 6.999999954E+00, 4.420614869E+00,-1.592620626E-04,-1.838628678E-03, 2.116257871E-06, 2.166159903E-03, 6.074641774E-05, 4.079138758E-05,-4.642666053E-05, 3.552190301E-04
      1451, 8.999999951E+00, 4.420614935E+00,-3.564468290E-05,-1.766323350E-03, 2.052216044E-06, 2.871898650E-03, 5.709667318E-05, 2.932726941E-05,-9.568825247E-05, 3.425081419E-04
      1452, 1.099999988E+01, 4.420614869E+00, 5.263919780E-05,-1.724706668E-03, 1.765134827E-06, 2.289139185E-03, 3.126727870E-05, 1.345753626E-05,-7.745103060E-05, 3.589239730E-04
      1453, 1.299999997E+01, 4.420614869E+00, 9.780939659E-05,-1.706482207E-03, 1.486961198E-06, 1.546717888E-03, 1.606718593E-05, 5.642267382E-06,-5.517865429E-05, 3.700020882E-04
      1454, 4.999999929E+00, 4.486893186E+00,-2.497345636E-04,-1.886747965E-03, 1.393106608E-06, 1.043802025E-03, 1.632255069E-05, 1.945462986E-05, 5.303937090E-05, 4.042229078E-04
      1455, 6.999999954E+00, 4.486893186E+00,-1.621591970E-04,-1.815383932E-03, 2.043375796E-06, 2.116953067E-03, 5.830259436E-05, 3.979211156E-05,-4.107374445E-05, 3.463368020E-04
      1456, 8.999999951E+00, 4.486893253E+00,-4.185607262E-05,-1.743974268E-03, 2.007565717E-06, 2.863499572E-03, 5.667736190E-05, 2.953768558E-05,-9.179990784E-05, 3.320438874E-04
      1457, 1.099999988E+01, 4.486893186E+00, 4.751466402E-05,-1.701317633E-03, 1.736294999E-06, 2.357644826E-03, 3.218492648E-05, 1.399430111E-05,-7.718976478E-05, 3.470291493E-04
      1458, 1.299999997E+01, 4.486893186E+00, 9.416319345E-05,-1.682349201E-03, 1.466759822E-06, 1.613624841E-03, 1.659026372E-05, 5.877156384E-06,-5.485298705E-05, 3.583969534E-04
      1459, 4.999999929E+00, 4.554130797E+00,-2.460665278E-04,-1.859847290E-03, 1.311573313E-06, 9.993403398E-04, 1.236791241E-05, 1.606703466E-05, 5.602449058E-05, 3.960618248E-04
      1460, 6.999999954E+00, 4.554130797E+00,-1.647472466E-04,-1.792390723E-03, 1.971351438E-06, 2.068300384E-03, 5.588983819E-05, 3.877451553E-05,-3.598162640E-05, 3.377257696E-04
      1461, 8.999999951E+00, 4.554130865E+00,-4.788853101E-05,-1.721988433E-03, 1.962643796E-06, 2.846940403E-03, 5.608046935E-05, 2.965791302E-05,-8.769452166E-05, 3.220740204E-04
      1462, 1.099999988E+01, 4.554130797E+00, 4.233614387E-05,-1.678377474E-03, 1.707381692E-06, 2.425007757E-03, 3.308010875E-05, 1.453634835E-05,-7.685170738E-05, 3.354972727E-04
      1463, 1.299999997E+01, 4.554130797E+00, 9.048408309E-05,-1.658636492E-03, 1.446515810E-06, 1.680639810E-03, 1.713750798E-05, 6.127933415E-06,-5.458691379E-05, 3.471058719E-04
      1464, 4.999999929E+00, 4.622341587E+00,-2.421489662E-04,-1.833105506E-03, 1.232833281E-06, 9.553082917E-04, 8.473408509E-06, 1.263437277E-05, 5.880203713E-05, 3.881443968E-04
      1465, 6.999999954E+00, 4.622341587E+00,-1.670338130E-04,-1.769642828E-03, 1.900264193E-06, 2.020054808E-03, 5.350271169E-05, 3.773512269E-05,-3.113202778E-05, 3.293823179E-04
      1466, 8.999999951E+00, 4.622341656E+00,-5.372242043E-05,-1.700348323E-03, 1.917451966E-06, 2.823090472E-03, 5.532289141E-05, 2.969251171E-05,-8.342091436E-05, 3.125695833E-04
      1467, 1.099999988E+01, 4.622341587E+00, 3.710910267E-05,-1.655879334E-03, 1.678399579E-06, 2.490677522E-03, 3.394221780E-05, 1.507911924E-05,-7.641613539E-05, 3.243281791E-04
      1468, 1.299999997E+01, 4.622341587E+00, 8.676807376E-05,-1.635340176E-03, 1.426210180E-06, 1.747844224E-03, 1.770750257E-05, 6.394483118E-06,-5.437284535E-05, 3.361202859E-04
      1469, 4.999999929E+00, 4.691539642E+00,-2.379895138E-04,-1.806516358E-03, 1.156865212E-06, 9.117380831E-04, 4.640479774E-06, 9.158757258E-06, 6.137996465E-05, 3.804601529E-04
      1470, 6.999999954E+00, 4.691539642E+00,-1.690258085E-04,-1.747133771E-03, 1.830184446E-06, 1.972089963E-03, 5.113610647E-05, 3.667042431E-05,-2.650789962E-05, 3.213029669E-04
      1471, 8.999999951E+00, 4.691539712E+00,-5.934070673E-05,-1.679037389E-03, 1.872001394E-06, 2.792931060E-03, 5.442260697E-05, 2.964702742E-05,-7.902611761E-05, 3.035009753E-04
      1472, 1.099999988E+01, 4.691539642E+00, 3.184071444E-05,-1.633815676E-03, 1.649351215E-06, 2.553986628E-03, 3.475971936E-05, 1.561739644E-05,-7.586177077E-05, 3.135228158E-04
      1473, 1.299999997E+01, 4.691539642E+00, 8.301153198E-05,-1.612456420E-03, 1.405831423E-06, 1.815306767E-03, 1.829865504E-05, 6.676603031E-06,-5.420329185E-05, 3.254320762E-04
      1474, 4.999999929E+00, 4.761739250E+00,-2.335957305E-04,-1.780073853E-03, 1.083645200E-06, 8.686623060E-04, 8.713999232E-07, 5.642785385E-06, 6.376554890E-05, 3.729990020E-04
      1475, 6.999999954E+00, 4.761739250E+00,-1.707295254E-04,-1.724856834E-03, 1.761174390E-06, 1.924306143E-03, 4.878589920E-05, 3.557735802E-05,-2.209453988E-05, 3.134835852E-04
      1476, 8.999999951E+00, 4.761739321E+00,-6.472903518E-05,-1.658040115E-03, 1.826312513E-06, 2.757432608E-03, 5.339734748E-05, 2.952738565E-05,-7.455400426E-05, 2.948394133E-04
      1477, 1.099999988E+01, 4.761739250E+00, 2.653997617E-05,-1.612178193E-03, 1.620236566E-06, 2.614151663E-03, 3.552031572E-05, 1.614533844E-05,-7.516724849E-05, 3.030830338E-04
      1478, 1.299999997E+01, 4.761739250E+00, 7.921121196E-05,-1.589981439E-03, 1.385373703E-06, 1.883077573E-03, 1.890909258E-05, 6.973953150E-06,-5.407055780E-05, 3.150336880E-04
      1479, 4.999999929E+00, 4.832954907E+00,-2.289751760E-04,-1.753772283E-03, 1.013147006E-06, 8.261139794E-04,-2.831268897E-06, 2.089713292E-06, 6.596525066E-05, 3.657508555E-04
      1480, 6.999999954E+00, 4.832954907E+00,-1.721507650E-04,-1.702805127E-03, 1.693288908E-06, 1.876630065E-03, 4.644892844E-05, 3.445343462E-05,-1.787952122E-05, 3.059189464E-04
      1481, 8.999999951E+00, 4.832954979E+00,-6.987548856E-05,-1.637342019E-03, 1.780413815E-06, 2.717455833E-03, 5.226329038E-05, 2.933907458E-05,-7.004316435E-05, 2.865585807E-04
      1482, 1.099999988E+01, 4.832954907E+00, 2.121778563E-05,-1.590957720E-03, 1.591052668E-06, 2.670284733E-03, 3.621122927E-05, 1.665656815E-05,-7.431180819E-05, 2.930112756E-04
      1483, 1.299999997E+01, 4.832954907E+00, 7.536430624E-05,-1.567911469E-03, 1.364835430E-06, 1.951181399E-03, 1.953657044E-05, 7.286022500E-06,-5.396645923E-05, 3.049182335E-04
      1484, 4.999999929E+00, 4.905201321E+00,-2.241353935E-04,-1.727606244E-03, 9.453423530E-07, 7.841266147E-04,-6.465715250E-06,-1.497172877E-06, 6.798574353E-05, 3.587057679E-04
      1485, 6.999999954E+00, 4.905201321E+00,-1.732949302E-04,-1.680971645E-03, 1.626576419E-06, 1.829011661E-03, 4.412295292E-05, 3.329665025E-05,-1.385210708E-05, 2.986033377E-04
      1486, 8.999999951E+00, 4.905201394E+00,-7.477018733E-05,-1.616929474E-03, 1.734340073E-06, 2.673713314E-03, 5.103285137E-05, 2.908595687E-05,-6.552225459E-05, 2.786363689E-04
      1487, 1.099999988E+01, 4.905201321E+00, 1.588696377E-05,-1.570144174E-03, 1.561793414E-06, 2.721418607E-03, 3.681958301E-05, 1.714430029E-05,-7.327616751E-05, 2.833102283E-04
      1488, 1.299999997E+01, 4.905201321E+00, 7.146851857E-05,-1.546242729E-03, 1.344218120E-06, 2.019609541E-03, 2.017839133E-05, 7.612099679E-06,-5.388212915E-05, 2.950795567E-04
      1489, 4.999999929E+00, 4.978493410E+00,-2.190839068E-04,-1.701570646E-03, 8.802012211E-07, 7.427342954E-04,-1.002985481E-05,-5.114612855E-06, 6.983308089E-05, 3.518540301E-04
      1490, 6.999999954E+00, 4.978493410E+00,-1.741671176E-04,-1.659349303E-03, 1.561079614E-06, 1.781419925E-03, 4.180667814E-05, 3.210555796E-05,-1.000340051E-05, 2.915304521E-04
      1491, 8.999999951E+00, 4.978493484E+00,-7.940488113E-05,-1.596789514E-03, 1.688130685E-06, 2.626803412E-03, 4.971630651E-05, 2.877086060E-05,-6.101411015E-05, 2.710535775E-04
      1492, 1.099999988E+01, 4.978493410E+00, 1.056220660E-05,-1.549726519E-03, 1.532449539E-06, 2.766547655E-03, 3.733287701E-05, 1.760153107E-05,-7.204353606E-05, 2.739823758E-04
      1493, 1.299999997E+01, 4.978493410E+00, 6.752214990E-05,-1.524971369E-03, 1.323525451E-06, 2.088310316E-03, 2.083131552E-05, 7.951242490E-06,-5.380790562E-05, 2.855122504E-04
      1494, 4.999999929E+00, 5.052846308E+00,-2.138282680E-04,-1.675660728E-03, 8.176921400E-07, 7.019717728E-04,-1.352076560E-05,-8.758644333E-06, 7.151295302E-05, 3.451862221E-04
      1495, 6.999999954E+00, 5.052846308E+00,-1.747722216E-04,-1.637931004E-03, 1.496836083E-06, 1.733838848E-03, 3.949943687E-05, 3.087918003E-05,-6.325877468E-06, 2.846932557E-04
      1496, 8.999999951E+00, 5.052846383E+00,-8.377278070E-05,-1.576909795E-03, 1.641828815E-06, 2.577293419E-03, 4.832426340E-05, 2.839729600E-05,-5.654066891E-05, 2.637907568E-04
      1497, 1.099999988E+01, 5.052846308E+00, 5.259949683E-06,-1.529692765E-03, 1.503008831E-06, 2.804686013E-03, 3.773956064E-05, 1.802131649E-05,-7.060073909E-05, 2.650293907E-04
      1498, 1.299999997E+01, 5.052846308E+00, 6.352419897E-05,-1.504093430E-03, 1.302762475E-06, 2.157177995E-03, 2.149146291E-05, 8.302215270E-06,-5.373322447E-05, 2.762117368E-04
      1499, 4.999999929E+00, 5.128275369E+00,-2.083760337E-04,-1.649872064E-03, 7.577825068E-07, 6.618745962E-04,-1.693552654E-05,-1.242445020E-05, 7.303135112E-05, 3.386930493E-04
      1500, 6.999999954E+00, 5.128275369E+00,-1.751149817E-04,-1.616709683E-03, 1.433878823E-06, 1.686263899E-03, 3.720103800E-05, 2.961683113E-05,-2.812741295E-06, 2.780846540E-04
      1501, 8.999999951E+00, 5.128275446E+00,-8.786875092E-05,-1.557278757E-03, 1.595481614E-06, 2.525800506E-03, 4.686977445E-05, 2.797055004E-05,-5.212681954E-05, 2.568262590E-04
      1502, 1.099999988E+01, 5.128275369E+00,-1.866747229E-09,-1.510030018E-03, 1.473456554E-06, 2.834939599E-03, 3.802969231E-05, 1.839709786E-05,-6.893938760E-05, 2.564514705E-04
      1503, 1.299999997E+01, 5.128275369E+00, 5.947447451E-05,-1.483604771E-03, 1.281934933E-06, 2.226040257E-03, 2.215426323E-05, 8.663436960E-06,-5.364657018E-05, 2.671743366E-04
      1504, 4.999999929E+00, 5.204796170E+00,-2.027347691E-04,-1.624200595E-03, 7.004389120E-07, 6.224792731E-04,-2.027107706E-05,-1.610669720E-05, 7.439324651E-05, 3.323651246E-04
      1505, 6.999999954E+00, 5.204796170E+00,-1.752000245E-04,-1.595678314E-03, 1.372236665E-06, 1.638699172E-03, 3.491178839E-05, 2.831815822E-05, 5.418647207E-07, 2.716974144E-04
      1506, 8.999999951E+00, 5.204796248E+00,-9.168965749E-05,-1.537885864E-03, 1.549141148E-06, 2.473015620E-03, 4.536891239E-05, 2.749792872E-05,-4.780100919E-05, 2.501359747E-04
      1507, 1.099999988E+01, 5.204796170E+00,-5.204142258E-06,-1.490724592E-03, 1.443776181E-06, 2.856586964E-03, 3.819567080E-05, 1.872307656E-05,-6.705706187E-05, 2.482466134E-04
      1508, 1.299999997E+01, 5.204796170E+00, 5.537371732E-05,-1.463501010E-03, 1.261048654E-06, 2.294644451E-03, 2.281441281E-05, 9.032951119E-06,-5.353540565E-05, 2.583973136E-04
      1509, 4.999999929E+00, 5.282424513E+00,-1.969121690E-04,-1.598642684E-03, 6.456274958E-07, 5.838234767E-04,-2.352346527E-05,-1.979932710E-05, 7.560171449E-05, 3.261923779E-04
      1510, 6.999999954E+00, 5.282424513E+00,-1.750319222E-04,-1.574829952E-03, 1.311934619E-06, 1.591155159E-03, 3.263223866E-05, 2.698307245E-05, 3.743165037E-06, 2.655239957E-04
      1511, 8.999999951E+00, 5.282424591E+00,-9.523469641E-05,-1.518721847E-03, 1.502865166E-06, 2.419651091E-03, 4.384001250E-05, 2.698853202E-05,-4.359354301E-05, 2.436940763E-04
      1512, 1.099999988E+01, 5.282424513E+00,-1.032707459E-05,-1.471762178E-03, 1.413950713E-06, 2.869159223E-03, 3.823292927E-05, 1.899462077E-05,-6.495831681E-05, 2.404100009E-04
      1513, 1.299999997E+01, 5.282424513E+00, 5.122373437E-05,-1.443777436E-03, 1.240109015E-06, 2.362643315E-03, 2.346584997E-05, 9.408403280E-06,-5.338618490E-05, 2.498788885E-04
      1514, 4.999999929E+00, 5.361176426E+00,-1.909161709E-04,-1.573195231E-03, 5.933143220E-07, 5.459463002E-04,-2.668748866E-05,-2.349487486E-05, 7.665886066E-05, 3.201631870E-04
      1515, 6.999999954E+00, 5.361176426E+00,-1.746152006E-04,-1.554157761E-03, 1.252994163E-06, 1.543647076E-03, 3.036309753E-05, 2.561159920E-05, 6.796245179E-06, 2.595570389E-04
      1516, 8.999999951E+00, 5.361176506E+00,-9.850551746E-05,-1.499778837E-03, 1.456716870E-06, 2.366341746E-03, 4.230115104E-05, 2.645189009E-05,-3.953220340E-05, 2.374754288E-04
      1517, 1.099999988E+01, 5.361176426E+00,-1.535071546E-05,-1.453128073E-03, 1.383964251E-06, 2.872503825E-03, 3.814042628E-05, 1.920855924E-05,-6.265509095E-05, 2.329335187E-04
      1518, 1.299999997E+01, 5.361176426E+00, 4.702753242E-05,-1.424428937E-03, 1.219120442E-06, 2.429581285E-03, 2.410173835E-05, 9.787027532E-06,-5.318448236E-05, 2.416181758E-04
      1519, 4.999999929E+00, 5.441068173E+00,-1.847550037E-04,-1.547855839E-03, 5.434657792E-07, 5.088885693E-04,-2.975644346E-05,-2.718394100E-05, 7.756631444E-05, 3.142650968E-04
      1520, 6.999999954E+00, 5.441068173E+00,-1.739543477E-04,-1.533655001E-03, 1.195433490E-06, 1.496193605E-03, 2.810532609E-05, 2.420395007E-05, 9.705735165E-06, 2.537894281E-04
      1521, 8.999999951E+00, 5.441068255E+00,-1.015059558E-04,-1.481050286E-03, 1.410763380E-06, 2.313555376E-03, 4.076729605E-05, 2.589621114E-05,-3.563744990E-05, 2.314586553E-04
      1522, 1.099999988E+01, 5.441068173E+00,-2.025559349E-05,-1.434807455E-03, 1.353803479E-06, 2.866816699E-03, 3.792112711E-05, 1.936357191E-05,-6.016742408E-05, 2.258053592E-04
      1523, 1.299999997E+01, 5.441068173E+00, 4.278944796E-05,-1.405449913E-03, 1.198085965E-06, 2.494883016E-03, 2.471446836E-05, 1.016561057E-05,-5.291517628E-05, 2.336151916E-04
      1524, 4.999999929E+00, 5.522116252E+00,-1.784372697E-04,-1.522622895E-03, 4.960490242E-07, 4.726932355E-04,-3.272172005E-05,-3.085468832E-05, 7.832410005E-05, 3.084841792E-04
      1525, 6.999999954E+00, 5.522116252E+00,-1.730538435E-04,-1.513315051E-03, 1.139267724E-06, 1.448815982E-03, 2.585993729E-05, 2.276057425E-05, 1.247610981E-05, 2.482135429E-04
      1526, 8.999999951E+00, 5.522116334E+00,-1.042414594E-04,-1.462530676E-03, 1.365073234E-06, 2.261554238E-03, 3.924857369E-05, 2.532725662E-05,-3.192018715E-05, 2.256275984E-04
      1527, 1.099999988E+01, 5.522116252E+00,-2.502332630E-05,-1.416785694E-03, 1.323459198E-06, 2.852628453E-03, 3.758170356E-05, 1.946015614E-05,-5.752182113E-05, 2.190103609E-04
      1528, 1.299999997E+01, 5.522116252E+00, 3.851526394E-05,-1.386834192E-03, 1.177006806E-06, 2.557846554E-03, 2.529574433E-05, 1.054048394E-05,-5.256275998E-05, 2.258707176E-04
      1529, 4.999999929E+00, 5.604337398E+00,-1.719721453E-04,-1.497495818E-03, 4.510324452E-07, 4.374058397E-04,-3.557228327E-05,-3.449196266E-05, 7.892943287E-05, 3.028057072E-04
      1530, 6.999999954E+00, 5.604337398E+00,-1.719181375E-04,-1.493131453E-03, 1.084509107E-06, 1.401537337E-03, 2.362765775E-05, 2.128180234E-05, 1.511332088E-05, 2.428231386E-04
      1531, 8.999999951E+00, 5.604337482E+00,-1.067184006E-04,-1.444215163E-03, 1.319713668E-06, 2.210413336E-03, 3.775002316E-05, 2.474806150E-05,-2.838205869E-05, 2.199716404E-04
      1532, 1.099999988E+01, 5.604337398E+00,-2.963716515E-05,-1.399048614E-03, 1.292927697E-06, 2.830739531E-03, 3.713148471E-05, 1.950026453E-05,-5.474817539E-05, 2.125311319E-04
      1533, 1.299999997E+01, 5.604337398E+00, 3.421230277E-05,-1.368574950E-03, 1.155882044E-06, 2.617644208E-03, 2.583671907E-05, 1.090756375E-05,-5.211170851E-05, 2.183863461E-04
      1534, 4.999999929E+00, 5.687748590E+00,-1.653696435E-04,-1.472475172E-03, 4.083861453E-07, 4.030750575E-04,-3.829422643E-05,-3.807665739E-05, 7.937678552E-05, 2.972088661E-04
      1535, 6.999999954E+00, 5.687748590E+00,-1.705516571E-04,-1.473097774E-03, 1.031167174E-06, 1.354382217E-03, 2.140968487E-05, 1.976817510E-05, 1.761710879E-05, 2.376106259E-04
      1536, 8.999999951E+00, 5.687748675E+00,-1.089434334E-04,-1.426099201E-03, 1.274748345E-06, 2.160073550E-03, 3.627251403E-05, 2.415930349E-05,-2.501760478E-05, 2.144839443E-04
      1537, 1.099999988E+01, 5.687748590E+00,-3.408237857E-05,-1.381582696E-03, 1.262211637E-06, 2.802111809E-03, 3.658184573E-05, 1.948712184E-05,-5.187900072E-05, 2.063482560E-04
      1538, 1.299999997E+01, 5.687748590E+00, 2.988948923E-05,-1.350664624E-03, 1.134708343E-06, 2.673334630E-03, 2.632819431E-05, 1.126241860E-05,-5.154699535E-05, 2.111638134E-04
      1539, 4.999999929E+00, 5.772367054E+00,-1.586408747E-04,-1.447563422E-03, 3.680824838E-07, 3.697533671E-04,-4.087007878E-05,-4.158483249E-05, 7.965764217E-05, 2.916766585E-04
      1540, 6.999999954E+00, 5.772367054E+00,-1.689589678E-04,-1.453207882E-03, 9.792489163E-07, 1.307376253E-03, 1.920721946E-05, 1.822025425E-05, 1.999151476E-05, 2.325705881E-04
      1541, 8.999999951E+00, 5.772367140E+00,-1.109230291E-04,-1.408178328E-03, 1.230235891E-06, 2.110401800E-03, 3.481421751E-05, 2.356005412E-05,-2.181726185E-05, 2.091619628E-04
      1542, 1.099999988E+01, 5.772367054E+00,-3.834639430E-05,-1.364375259E-03, 1.231320221E-06, 2.767738987E-03, 3.594460524E-05, 1.942440154E-05,-4.894577998E-05, 2.004433901E-04
      1543, 1.299999997E+01, 5.772367054E+00, 2.555736069E-05,-1.333094900E-03, 1.113479798E-06, 2.723889656E-03, 2.676088127E-05, 1.160038677E-05,-5.085478343E-05, 2.042058978E-04
      1544, 4.999999929E+00, 5.858210261E+00,-1.517984005E-04,-1.422764398E-03, 3.300965854E-07, 3.374977761E-04,-4.327734924E-05,-4.498623542E-05, 7.975980371E-05, 2.861702022E-04
      1545, 6.999999954E+00, 5.858210261E+00,-1.671444692E-04,-1.433455531E-03, 9.287589341E-07, 1.260545929E-03, 1.702160276E-05, 1.663844180E-05, 2.224834339E-05, 2.276926170E-04
      1546, 8.999999951E+00, 5.858210349E+00,-1.126632141E-04,-1.390447828E-03, 1.186229229E-06, 2.061239872E-03, 3.337197902E-05, 2.294847076E-05,-1.876985193E-05, 2.040007993E-04
      1547, 1.099999988E+01, 5.858210261E+00,-4.241870329E-05,-1.347414329E-03, 1.200268629E-06, 2.728532143E-03, 3.523032384E-05, 1.931554329E-05,-4.597529561E-05, 1.947968678E-04
      1548, 1.299999997E+01, 5.858210261E+00, 2.122801232E-05,-1.315856575E-03, 1.092187912E-06, 2.768238396E-03, 2.712572316E-05, 1.191668520E-05,-5.002325215E-05, 1.975126490E-04
      1549, 4.999999929E+00, 5.945295940E+00,-1.448566705E-04,-1.398086225E-03, 2.944069536E-07, 3.063707354E-04,-4.548694894E-05,-4.824135243E-05, 7.966549737E-05, 2.806855300E-04
      1550, 6.999999954E+00, 5.945295940E+00,-1.651123827E-04,-1.413835164E-03, 8.796996055E-07, 1.213918442E-03, 1.485322607E-05, 1.502380544E-05, 2.438846572E-05, 2.229813914E-04
      1551, 8.999999951E+00, 5.945296028E+00,-1.141694638E-04,-1.372903121E-03, 1.142775555E-06, 2.012435870E-03, 3.194229236E-05, 2.232245277E-05,-1.586412839E-05, 1.990049537E-04
      1552, 1.099999988E+01, 5.945295940E+00,-4.629057958E-05,-1.330688892E-03, 1.169076922E-06, 2.685258273E-03, 3.444766332E-05, 1.916319301E-05,-4.298898312E-05, 1.893982069E-04
      1553, 1.299999997E+01, 5.945295940E+00, 1.691495615E-05,-1.298939869E-03, 1.070821768E-06, 2.805329178E-03, 2.741432381E-05, 1.220662618E-05,-4.904351354E-05, 1.910896276E-04
      1554, 4.999999929E+00, 6.033642073E+00,-1.378327035E-04,-1.373536448E-03, 2.609957945E-07, 2.764408940E-04,-4.746092346E-05,-5.130075657E-05, 7.935093773E-05, 2.751111473E-04
      1555, 6.999999954E+00, 6.033642073E+00,-1.628670930E-04,-1.394339921E-03, 8.320711718E-07, 1.167521545E-03, 1.270269684E-05, 1.337663199E-05, 2.641181297E-05, 2.184038924E-04
      1556, 8.999999951E+00, 6.033642163E+00,-1.154466970E-04,-1.355538559E-03, 1.099916638E-06, 1.963860120E-03, 3.052191990E-05, 2.167978663E-05,-1.308995966E-05, 1.941568075E-04
      1557, 1.099999988E+01, 6.033642073E+00,-4.995473020E-05,-1.314187837E-03, 1.137768835E-06, 2.638553930E-03, 3.360357599E-05, 1.896917656E-05,-4.000371772E-05, 1.842227651E-04
      1558, 1.299999997E+01, 6.033642073E+00, 1.263288508E-05,-1.282333654E-03, 1.049368372E-06, 2.834206240E-03, 2.761941503E-05, 1.246580698E-05,-4.791067864E-05, 1.849275110E-04
      1559, 4.999999929E+00, 6.123266903E+00,-1.307467742E-04,-1.349136558E-03, 2.298498141E-07, 2.477843915E-04,-4.915134119E-05,-5.409668886E-05, 7.878439266E-05, 2.695924903E-04
      1560, 6.999999954E+00, 6.123266903E+00,-1.604130092E-04,-1.374966640E-03, 7.858720564E-07, 1.121383661E-03, 1.057166651E-05, 1.169853593E-05, 2.832478314E-05, 2.140297829E-04
      1561, 8.999999951E+00, 6.123266995E+00,-1.164993572E-04,-1.338350344E-03, 1.057689425E-06, 1.915410580E-03, 2.910818163E-05, 2.101893941E-05,-1.043824394E-05, 1.895034948E-04
      1562, 1.099999988E+01, 6.123266903E+00,-5.340511907E-05,-1.297902041E-03, 1.106371081E-06, 2.589001740E-03, 3.270490531E-05, 1.873582667E-05,-3.703479994E-05, 1.792977701E-04
      1563, 1.299999997E+01, 6.123266903E+00, 8.397318014E-06,-1.266027410E-03, 1.027813300E-06, 2.854092760E-03, 2.773532157E-05, 1.269052308E-05,-4.662460159E-05, 1.790613078E-04
      1564, 4.999999929E+00, 6.214188939E+00,-1.236236752E-04,-1.324888801E-03, 2.009592480E-07, 2.204845606E-04,-5.049600516E-05,-5.655777546E-05, 7.792208821E-05, 2.636411406E-04
      1565, 6.999999954E+00, 6.214188939E+00,-1.577543433E-04,-1.355702911E-03, 7.410985363E-07, 1.075533375E-03, 8.460846143E-06, 9.988078308E-06, 3.012293685E-05, 2.096911932E-04
      1566, 8.999999951E+00, 6.214189032E+00,-1.173314507E-04,-1.321328857E-03, 1.016126302E-06, 1.867011734E-03, 2.769901049E-05, 2.033766298E-05,-7.905370845E-06, 1.849290435E-04
      1567, 1.099999988E+01, 6.214188939E+00,-5.663704280E-05,-1.281818670E-03, 1.074913113E-06, 2.537220207E-03, 3.175973313E-05, 1.846588131E-05,-3.410017902E-05, 1.745132991E-04
      1568, 1.299999997E+01, 6.214188939E+00, 4.224150891E-06,-1.250006477E-03, 1.006141286E-06, 2.864465485E-03, 2.775852033E-05, 1.287727043E-05,-4.519194192E-05, 1.733910858E-04
      1569, 4.999999929E+00, 6.306426956E+00,-1.164948673E-04,-1.300873094E-03, 1.743199716E-07, 1.946346453E-04,-5.141561351E-05,-5.854259355E-05, 7.674081862E-05, 2.576182745E-04
      1570, 6.999999954E+00, 6.306426956E+00,-1.548953997E-04,-1.336563983E-03, 6.977459354E-07, 1.030000538E-03, 6.371121537E-06, 8.251546977E-06, 3.184718207E-05, 2.055551535E-04
      1571, 8.999999951E+00, 6.306427050E+00,-1.179467269E-04,-1.304483258E-03, 9.752562737E-07, 1.818611844E-03, 2.629285668E-05, 1.963629260E-05,-5.515636144E-06, 1.805596656E-04
      1572, 1.099999988E+01, 6.306426956E+00,-5.964744994E-05,-1.265941496E-03, 1.043428255E-06, 2.483906770E-03, 3.077813721E-05, 1.816449582E-05,-3.128010473E-05, 1.699684471E-04
      1573, 1.299999997E+01, 6.306426956E+00, 1.290463596E-07,-1.234271241E-03, 9.843376029E-07, 2.865098641E-03, 2.768783683E-05, 1.302380383E-05,-4.367583953E-05, 1.680336781E-04
      1574, 4.999999929E+00, 6.400000000E+00,-1.094045526E-04,-1.277082138E-03, 1.502568268E-07, 1.706560095E-04,-5.177817517E-05,-5.995590811E-05, 7.501378213E-05, 2.515468996E-04
      1575, 6.999999954E+00, 6.400000000E+00,-1.518339360E-04,-1.317532312E-03, 6.559698252E-07, 9.849683941E-04, 4.301321657E-06, 6.483363236E-06, 3.344602699E-05, 2.016504248E-04
      1576, 8.999999951E+00, 6.400000095E+00,-1.183459033E-04,-1.287803292E-03, 9.351940217E-07, 1.770265855E-03, 2.488714817E-05, 1.891172155E-05,-3.236800385E-06, 1.763980481E-04
      1577, 1.099999988E+01, 6.400000000E+00,-6.243451431E-05,-1.250260867E-03, 1.012003098E-06, 2.429880774E-03, 2.977131310E-05, 1.783610569E-05,-2.855427608E-05, 1.656416010E-04
      1578, 1.299999997E+01, 6.400000000E+00,-3.872918631E-06,-1.218808711E-03, 9.624239447E-07, 2.856193324E-03, 2.752498346E-05, 1.312940088E-05,-4.203667322E-05, 1.629769225E-04
