nodenumber,    x-coordinate,    y-coordinate,  axial-velocity, radial-velocity,turb-kinetic-energy,  viscosity-turb,daxial-velocity-dx,dradial-velocity-dx,daxial-velocity-dy,dradial-velocity-dy
         1, 0.000000000E+00, 0.000000000E+00, 1.222672726E+00, 6.026660451E-04, 3.758950355E-02, 2.726967260E-03,-4.624122784E-01,-2.342651566E-03,-1.128156860E-01, 2.212719262E-01
         2, 4.239977228E-03, 5.192474540E-19, 1.220786399E+00, 5.920634462E-04, 3.741545435E-02, 2.724427495E-03,-4.407150074E-01,-3.983840052E-03,-1.138680897E-01, 2.172536619E-01
         3, 8.526594205E-03, 1.044206630E-18, 1.218985316E+00, 5.718337045E-04, 3.722495249E-02, 2.721928889E-03,-4.177883507E-01,-5.798043996E-03,-1.152627618E-01, 2.098238518E-01
         4, 1.286036397E-02, 1.574940357E-18, 1.217186420E+00, 5.421062469E-04, 3.704103364E-02, 2.719610456E-03,-4.061640253E-01,-7.907548778E-03,-1.168451948E-01, 1.989881920E-01
         5, 1.724180520E-02, 2.111512155E-18, 1.215477547E+00, 5.030950497E-04, 3.685728547E-02, 2.717405384E-03,-3.753319755E-01,-9.864833134E-03,-1.183063359E-01, 1.847859072E-01
         6, 2.167144228E-02, 2.653986243E-18, 1.213895344E+00, 4.556480507E-04, 3.667265705E-02, 2.715325976E-03,-3.398135452E-01,-1.151928924E-02,-1.197461994E-01, 1.675613369E-01
         7, 2.614980538E-02, 3.202427545E-18, 1.212463368E+00, 4.012982831E-04, 3.648702314E-02, 2.713384491E-03,-2.997754218E-01,-1.263199497E-02,-1.213772574E-01, 1.478249330E-01
         8, 3.067743046E-02, 3.756901702E-18, 1.211207001E+00, 3.425770441E-04, 3.630044962E-02, 2.711586157E-03,-2.557715517E-01,-1.333395487E-02,-1.236366546E-01, 1.261777000E-01
         9, 3.525485943E-02, 4.317475075E-18, 1.210142679E+00, 2.805420641E-04, 3.611307186E-02, 2.709929528E-03,-2.100173844E-01,-1.372190130E-02,-1.243106266E-01, 1.032997506E-01
        10, 3.988264011E-02, 4.884214755E-18, 1.209280501E+00, 2.173440091E-04, 3.592505684E-02, 2.708407278E-03,-1.626527963E-01,-1.350485518E-02,-1.225089811E-01, 8.001537723E-02
        11, 4.456132638E-02, 5.457188571E-18, 1.208632338E+00, 1.560945071E-04, 3.573659214E-02, 2.707007709E-03,-1.156027894E-01,-1.251407759E-02,-1.208084587E-01, 5.720696500E-02
        12, 4.929147819E-02, 6.036465100E-18, 1.208193233E+00, 9.988639555E-05, 3.554786296E-02, 2.705716069E-03,-7.221825616E-02,-1.113939070E-02,-1.149660168E-01, 3.577887397E-02
        13, 5.407366168E-02, 6.622113670E-18, 1.207939555E+00, 4.853064842E-05, 3.535902728E-02, 2.704516022E-03,-3.138288857E-02,-1.048991289E-02,-9.417742341E-02, 1.619619364E-02
        14, 5.890844919E-02, 7.214204374E-18, 1.207860318E+00, 3.546386759E-07, 3.517023577E-02, 2.703392213E-03, 1.718500266E-03,-9.600848638E-03,-7.542552979E-02,-7.288895351E-04
        15, 6.379641936E-02, 7.812808076E-18, 1.207936806E+00,-3.997563864E-05, 3.498162843E-02, 2.702331927E-03, 2.664561247E-02,-6.979451629E-03,-8.213571341E-02,-1.385026017E-02
        16, 6.873815720E-02, 8.417996419E-18, 1.208125685E+00,-6.756186859E-05, 3.479331626E-02, 2.701326832E-03, 4.684218131E-02,-4.171105413E-03,-9.638160122E-02,-2.335575813E-02
        17, 7.373425415E-02, 9.029841834E-18, 1.208393039E+00,-8.373268249E-05, 3.460542358E-02, 2.700376682E-03, 6.009314845E-02,-2.321568244E-03,-1.019301421E-01,-2.981638361E-02
        18, 7.878530818E-02, 9.648417548E-18, 1.208713539E+00,-9.176400993E-05, 3.441813966E-02, 2.699492922E-03, 6.739579405E-02,-8.143896511E-04,-1.030278505E-01,-3.329279652E-02
        19, 8.389192379E-02, 1.027379759E-17, 1.209059369E+00,-9.213229859E-05, 3.423175000E-02, 2.698701661E-03, 6.873857241E-02, 6.675700596E-04,-1.020350869E-01,-3.384365674E-02
        20, 8.905471218E-02, 1.090605682E-17, 1.209401018E+00,-8.493349645E-05, 3.404666963E-02, 2.698046769E-03, 6.459402239E-02, 2.131085615E-03,-9.911082525E-02,-3.166295799E-02
        21, 9.427429125E-02, 1.154527090E-17, 1.209711806E+00,-7.020348827E-05, 3.386347982E-02, 2.697593117E-03, 5.518743911E-02, 3.594743997E-03,-9.225290983E-02,-2.693196969E-02
        22, 9.955128568E-02, 1.219151634E-17, 1.209967682E+00,-4.845628924E-05, 3.368296894E-02, 2.697429717E-03, 4.144385042E-02, 4.604096782E-03,-7.901889502E-02,-1.992161206E-02
        23, 1.048863270E-01, 1.284487047E-17, 1.210151216E+00,-2.345704331E-05, 3.350617083E-02, 2.697672228E-03, 2.391216722E-02, 4.226020717E-03,-5.636529987E-02,-1.146403823E-02
        24, 1.102800539E-01, 1.350541150E-17, 1.210243747E+00,-3.029261209E-06, 3.333438830E-02, 2.698463816E-03, 5.892188718E-03, 3.417943225E-03,-3.633914705E-02,-2.832911387E-03
        25, 1.157331117E-01, 1.417321848E-17, 1.210226517E+00, 1.396642263E-05, 3.316920299E-02, 2.699974692E-03,-1.115265141E-02, 3.496792468E-03,-4.146894046E-02, 5.599797839E-03
        26, 1.212461531E-01, 1.484837134E-17, 1.210095931E+00, 3.688100360E-05, 3.301248854E-02, 2.702400056E-03,-3.108968703E-02, 4.722685580E-03,-6.778501529E-02, 1.513375488E-02
        27, 1.268198381E-01, 1.553095087E-17, 1.209847665E+00, 6.822812771E-05, 3.286642931E-02, 2.705956999E-03,-5.436920900E-02, 6.169411680E-03,-9.601042235E-02, 2.653556948E-02
        28, 1.324548335E-01, 1.622103879E-17, 1.209467863E+00, 1.045945146E-04, 3.273353103E-02, 2.710882236E-03,-7.960602807E-02, 6.654554077E-03,-1.174666639E-01, 3.911355250E-02
        29, 1.381518139E-01, 1.691871767E-17, 1.208942543E+00, 1.421856052E-04, 3.261653153E-02, 2.717415135E-03,-1.057439005E-01, 6.547214133E-03,-1.312845415E-01, 5.213013535E-02
        30, 1.439114611E-01, 1.762407102E-17, 1.208261065E+00, 1.789691996E-04, 3.251858956E-02, 2.725823537E-03,-1.318410065E-01, 6.274791422E-03,-1.398629237E-01, 6.515114936E-02
        31, 1.497344644E-01, 1.833718325E-17, 1.207417289E+00, 2.149652124E-04, 3.244323350E-02, 2.736398394E-03,-1.580584150E-01, 6.144478674E-03,-1.468830954E-01, 7.817861621E-02
        32, 1.556215207E-01, 1.905813972E-17, 1.206407148E+00, 2.511777797E-04, 3.239267739E-02, 2.749151832E-03,-1.848653170E-01, 6.161561151E-03,-1.545056890E-01, 9.141455777E-02
        33, 1.615733347E-01, 1.978702671E-17, 1.205224885E+00, 2.879761140E-04, 3.237560494E-02, 2.765194021E-03,-2.121396100E-01, 6.196044927E-03,-1.627794490E-01, 1.048959905E-01
        34, 1.675906186E-01, 2.052393146E-17, 1.203864089E+00, 3.253222924E-04, 3.239259575E-02, 2.784111515E-03,-2.398429079E-01, 6.213332698E-03,-1.715919203E-01, 1.185870296E-01
        35, 1.736740926E-01, 2.126894216E-17, 1.202318643E+00, 3.631821889E-04, 3.244005096E-02, 2.804776826E-03,-2.679668598E-01, 6.246204004E-03,-1.807460471E-01, 1.324642810E-01
        36, 1.798244849E-01, 2.202214798E-17, 1.200582086E+00, 4.016903808E-04, 3.252651482E-02, 2.828310141E-03,-2.964221759E-01, 6.263267365E-03,-1.901795921E-01, 1.464797934E-01
        37, 1.860425314E-01, 2.278363906E-17, 1.198649361E+00, 4.404480100E-04, 3.265777413E-02, 2.854156842E-03,-3.248638516E-01, 6.182987032E-03,-1.988931352E-01, 1.605227287E-01
        38, 1.923289765E-01, 2.355350654E-17, 1.196516958E+00, 4.788943868E-04, 3.283572902E-02, 2.882591599E-03,-3.532597849E-01, 6.065289337E-03,-2.066776633E-01, 1.745828266E-01
        39, 1.986845725E-01, 2.433184257E-17, 1.194180220E+00, 5.171497421E-04, 3.306178842E-02, 2.914623745E-03,-3.817887563E-01, 5.977526898E-03,-2.146016287E-01, 1.887011441E-01
        40, 2.051100800E-01, 2.511874029E-17, 1.191634313E+00, 5.552691015E-04, 3.333784265E-02, 2.949325241E-03,-4.103330074E-01, 5.883558189E-03,-2.227403237E-01, 2.028007767E-01
        41, 2.116062681E-01, 2.591429389E-17, 1.188875649E+00, 5.931051444E-04, 3.366536896E-02, 2.985843352E-03,-4.386670155E-01, 5.763717390E-03,-2.309117201E-01, 2.167929697E-01
        42, 2.181739143E-01, 2.671859858E-17, 1.185901726E+00, 6.304954756E-04, 3.404527474E-02, 3.023722320E-03,-4.666537959E-01, 5.622154600E-03,-2.389700839E-01, 2.306158393E-01
        43, 2.248138046E-01, 2.753175062E-17, 1.182710736E+00, 6.673006808E-04, 3.447782664E-02, 3.062799649E-03,-4.941995567E-01, 5.464519240E-03,-2.468175720E-01, 2.442230215E-01
        44, 2.315267336E-01, 2.835384733E-17, 1.179301492E+00, 7.034150465E-04, 3.496254155E-02, 3.102838710E-03,-5.212285575E-01, 5.296341811E-03,-2.543993517E-01, 2.575779285E-01
        45, 2.383135049E-01, 2.918498710E-17, 1.175673269E+00, 7.387605086E-04, 3.549865099E-02, 3.143509804E-03,-5.476866078E-01, 5.120444002E-03,-2.616838968E-01, 2.706518923E-01
        46, 2.451749307E-01, 3.002526941E-17, 1.171825746E+00, 7.732709756E-04, 3.608520695E-02, 3.184552301E-03,-5.735238015E-01, 4.941073807E-03,-2.686356620E-01, 2.834213809E-01
        47, 2.521118322E-01, 3.087479483E-17, 1.167759004E+00, 8.069191020E-04, 3.672061503E-02, 3.225722248E-03,-5.986983755E-01, 4.763467797E-03,-2.752434437E-01, 2.958620059E-01
        48, 2.591250396E-01, 3.173366503E-17, 1.163473481E+00, 8.396791733E-04, 3.740266012E-02, 3.266799254E-03,-6.231630133E-01, 4.578117075E-03,-2.814841409E-01, 3.079384370E-01
        49, 2.662153922E-01, 3.260198280E-17, 1.158970097E+00, 8.714113386E-04, 3.812863709E-02, 3.307604071E-03,-6.468613154E-01, 4.371024221E-03,-2.872844346E-01, 3.196101936E-01
        50, 2.733837388E-01, 3.347985206E-17, 1.154250236E+00, 9.019399912E-04, 3.889544357E-02, 3.348005641E-03,-6.697496144E-01, 4.148858801E-03,-2.926102193E-01, 3.308524426E-01
        51, 2.806309371E-01, 3.436737789E-17, 1.149315668E+00, 9.311894549E-04, 3.969963536E-02, 3.387919052E-03,-6.917976903E-01, 3.926257885E-03,-2.974725701E-01, 3.416583164E-01
        52, 2.879578547E-01, 3.526466650E-17, 1.144168513E+00, 9.591500482E-04, 4.053746564E-02, 3.427299019E-03,-7.129704253E-01, 3.709268858E-03,-3.018708055E-01, 3.520233844E-01
        53, 2.953653683E-01, 3.617182529E-17, 1.138811357E+00, 9.858304820E-04, 4.140492054E-02, 3.466132117E-03,-7.332185743E-01, 3.496250660E-03,-3.058007677E-01, 3.619375920E-01
        54, 3.028543646E-01, 3.708896282E-17, 1.133247314E+00, 1.011211118E-03, 4.229775791E-02, 3.504433464E-03,-7.524978142E-01, 3.283701034E-03,-3.092355125E-01, 3.714018656E-01
        55, 3.104257398E-01, 3.801618886E-17, 1.127479976E+00, 1.035262351E-03, 4.321154769E-02, 3.542251561E-03,-7.707633171E-01, 3.072176566E-03,-3.121394282E-01, 3.803874262E-01
        56, 3.180804002E-01, 3.895361439E-17, 1.121513551E+00, 1.057958414E-03, 4.414169757E-02, 3.579617017E-03,-7.879415791E-01, 2.858575461E-03,-3.145052886E-01, 3.888456920E-01
        57, 3.258192618E-01, 3.990135161E-17, 1.115353015E+00, 1.079229090E-03, 4.508349239E-02, 3.616529864E-03,-8.039916858E-01, 2.642017849E-03,-3.163367301E-01, 3.967642266E-01
        58, 3.336432509E-01, 4.085951393E-17, 1.109003676E+00, 1.099017798E-03, 4.603215100E-02, 3.653006202E-03,-8.189006760E-01, 2.413274148E-03,-3.176214402E-01, 4.041601138E-01
        59, 3.415533039E-01, 4.182821604E-17, 1.102471475E+00, 1.117154510E-03, 4.698286702E-02, 3.689072900E-03,-8.325506283E-01, 2.175899200E-03,-3.183178654E-01, 4.109274792E-01
        60, 3.495503675E-01, 4.280757387E-17, 1.095763714E+00, 1.133649657E-03, 4.793086488E-02, 3.724755912E-03,-8.448617580E-01, 1.957737562E-03,-3.184388711E-01, 4.170079341E-01
        61, 3.576353987E-01, 4.379770463E-17, 1.088887834E+00, 1.148638391E-03, 4.887145339E-02, 3.760074496E-03,-8.559239878E-01, 1.748411146E-03,-3.180508114E-01, 4.225073090E-01
        62, 3.658093653E-01, 4.479872684E-17, 1.081850833E+00, 1.162028195E-03, 4.980004972E-02, 3.795038377E-03,-8.657785611E-01, 1.528857770E-03,-3.171737456E-01, 4.274299217E-01
        63, 3.740732456E-01, 4.581076029E-17, 1.074660249E+00, 1.173729817E-03, 5.071220995E-02, 3.829647555E-03,-8.743674245E-01, 1.305148114E-03,-3.157983415E-01, 4.317293466E-01
        64, 3.824280285E-01, 4.683392610E-17, 1.067324306E+00, 1.183696115E-03, 5.160367257E-02, 3.863893556E-03,-8.816566249E-01, 1.083329760E-03,-3.139291790E-01, 4.353912269E-01
        65, 3.908747141E-01, 4.786834674E-17, 1.059851648E+00, 1.191923142E-03, 5.247039822E-02, 3.897760867E-03,-8.876465499E-01, 8.672731293E-04,-3.115844977E-01, 4.384149929E-01
        66, 3.994143131E-01, 4.891414601E-17, 1.052251175E+00, 1.198427835E-03, 5.330860150E-02, 3.931228294E-03,-8.923553212E-01, 6.590103685E-04,-3.087894879E-01, 4.408083431E-01
        67, 4.080478478E-01, 4.997144907E-17, 1.044531913E+00, 1.203243626E-03, 5.411477651E-02, 3.964270586E-03,-8.958112696E-01, 4.588548930E-04,-3.055753233E-01, 4.425854415E-01
        68, 4.167763514E-01, 5.104038247E-17, 1.036702969E+00, 1.206400675E-03, 5.488571828E-02, 3.996863982E-03,-8.980431370E-01, 2.669656103E-04,-3.019715834E-01, 4.437597110E-01
        69, 4.256008685E-01, 5.212107413E-17, 1.028773523E+00, 1.207944876E-03, 5.561854319E-02, 4.029007559E-03,-8.990836982E-01, 8.591730230E-05,-2.980057039E-01, 4.443456020E-01
        70, 4.345224552E-01, 5.321365340E-17, 1.020752735E+00, 1.207947102E-03, 5.631068737E-02, 4.060677315E-03,-8.989795397E-01,-8.294190365E-05,-2.937121777E-01, 4.443648561E-01
        71, 4.435421795E-01, 5.431825104E-17, 1.012649615E+00, 1.206481191E-03, 5.695990637E-02, 4.091812574E-03,-8.977891255E-01,-2.396794510E-04,-2.891296212E-01, 4.438438842E-01
        72, 4.526611207E-01, 5.543499925E-17, 1.004472944E+00, 1.203627865E-03, 5.756429394E-02, 4.122370734E-03,-8.955723452E-01,-3.835185281E-04,-2.842937421E-01, 4.428110517E-01
        73, 4.618803702E-01, 5.656403170E-17, 9.962312656E-01, 1.199476184E-03, 5.812227923E-02, 4.152324460E-03,-8.923938932E-01,-5.145565196E-04,-2.792362007E-01, 4.412958567E-01
        74, 4.712010315E-01, 5.770548350E-17, 9.879328291E-01, 1.194102536E-03, 5.863260681E-02, 4.181651460E-03,-8.883048251E-01,-6.382868313E-04,-2.739943921E-01, 4.393220646E-01
        75, 4.806242201E-01, 5.885949128E-17, 9.795858188E-01, 1.187528380E-03, 5.909432339E-02, 4.210331381E-03,-8.833323592E-01,-7.549778765E-04,-2.685971205E-01, 4.369091859E-01
        76, 4.901510638E-01, 6.002619313E-17, 9.711983455E-01, 1.179837813E-03, 5.950676986E-02, 4.238345378E-03,-8.775400357E-01,-8.560207498E-04,-2.630663912E-01, 4.340957476E-01
        77, 4.997827027E-01, 6.120572871E-17, 9.627779397E-01, 1.171172964E-03, 5.986951296E-02, 4.265666487E-03,-8.710225283E-01,-9.418727413E-04,-2.574363489E-01, 4.309252717E-01
        78, 5.095202896E-01, 6.239823918E-17, 9.543315844E-01, 1.161624434E-03, 6.018222672E-02, 4.292220349E-03,-8.638517275E-01,-1.017790701E-03,-2.517385004E-01, 4.274276194E-01
        79, 5.193649901E-01, 6.360386727E-17, 9.458659041E-01, 1.151261949E-03, 6.044479973E-02, 4.317961785E-03,-8.560809793E-01,-1.086944475E-03,-2.459895719E-01, 4.236280310E-01
        80, 5.293179822E-01, 6.482275726E-17, 9.373872726E-01, 1.140124591E-03, 6.065773125E-02, 4.343132790E-03,-8.477415913E-01,-1.149741697E-03,-2.402042841E-01, 4.195412832E-01
        81, 5.393804572E-01, 6.605505504E-17, 9.289020055E-01, 1.128278763E-03, 6.082184394E-02, 4.367593025E-03,-8.388715729E-01,-1.202871715E-03,-2.344122606E-01, 4.151890867E-01
        82, 5.495536195E-01, 6.730090810E-17, 9.204160468E-01, 1.115810397E-03, 6.093793567E-02, 4.391077064E-03,-8.295363833E-01,-1.248070078E-03,-2.286270943E-01, 4.106039500E-01
        83, 5.598386865E-01, 6.856046555E-17, 9.119348990E-01, 1.102769618E-03, 6.100701056E-02, 4.413878298E-03,-8.197831848E-01,-1.286537838E-03,-2.228542872E-01, 4.058084404E-01
        84, 5.702368893E-01, 6.983387812E-17, 9.034638446E-01, 1.089229147E-03, 6.102915837E-02, 4.435923338E-03,-8.096600464E-01,-1.316734973E-03,-2.171146347E-01, 4.008284890E-01
        85, 5.807494723E-01, 7.112129824E-17, 8.950076943E-01, 1.075257610E-03, 6.100653772E-02, 4.457192315E-03,-7.992242716E-01,-1.341226132E-03,-2.114213903E-01, 3.956917034E-01
        86, 5.913776937E-01, 7.242287997E-17, 8.865709470E-01, 1.060893859E-03, 6.094083797E-02, 4.477790677E-03,-7.885020345E-01,-1.360983458E-03,-2.057865798E-01, 3.904109234E-01
        87, 6.021228256E-01, 7.373877910E-17, 8.781580193E-01, 1.046193272E-03, 6.083245186E-02, 4.497669085E-03,-7.775221675E-01,-1.374521205E-03,-2.002180138E-01, 3.850010811E-01
        88, 6.129861539E-01, 7.506915313E-17, 8.697729655E-01, 1.031217585E-03, 6.068330863E-02, 4.516868289E-03,-7.663372229E-01,-1.382024702E-03,-1.947246807E-01, 3.794875707E-01
        89, 6.239689788E-01, 7.641416127E-17, 8.614193956E-01, 1.016022826E-03, 6.049460604E-02, 4.535325108E-03,-7.549946047E-01,-1.384622234E-03,-1.893211686E-01, 3.738943583E-01
        90, 6.350726148E-01, 7.777396449E-17, 8.531005865E-01, 1.000652131E-03, 6.026789933E-02, 4.553045908E-03,-7.435249940E-01,-1.383926274E-03,-1.840131095E-01, 3.682370097E-01
        91, 6.462983908E-01, 7.914872556E-17, 8.448196263E-01, 9.851340115E-04, 6.000491549E-02, 4.570060449E-03,-7.319484278E-01,-1.380649387E-03,-1.788016429E-01, 3.625252538E-01
        92, 6.576476503E-01, 8.053860899E-17, 8.365794496E-01, 9.694990598E-04, 5.970729781E-02, 4.586379538E-03,-7.202872345E-01,-1.374332228E-03,-1.736890074E-01, 3.567702363E-01
        93, 6.691217517E-01, 8.194378115E-17, 8.283827714E-01, 9.537829936E-04, 5.937669363E-02, 4.602012495E-03,-7.085683937E-01,-1.364865267E-03,-1.686790886E-01, 3.509851415E-01
        94, 6.807220682E-01, 8.336441019E-17, 8.202320700E-01, 9.380187728E-04, 5.901479058E-02, 4.616974756E-03,-6.968155024E-01,-1.353161112E-03,-1.637758242E-01, 3.451819248E-01
        95, 6.924499882E-01, 8.480066616E-17, 8.121296403E-01, 9.222283933E-04, 5.862326842E-02, 4.631281817E-03,-6.850456387E-01,-1.339597667E-03,-1.589814128E-01, 3.393693378E-01
        96, 7.043069153E-01, 8.625272094E-17, 8.040776215E-01, 9.064400048E-04, 5.820379009E-02, 4.644948544E-03,-6.732797942E-01,-1.323316554E-03,-1.542966633E-01, 3.335579475E-01
        97, 7.162942686E-01, 8.772074832E-17, 7.960778940E-01, 8.906900029E-04, 5.775800128E-02, 4.657989739E-03,-6.615440216E-01,-1.304502565E-03,-1.497235411E-01, 3.277605162E-01
        98, 7.284134827E-01, 8.920492401E-17, 7.881320922E-01, 8.750039988E-04, 5.728752537E-02, 4.670420363E-03,-6.498578426E-01,-1.284268733E-03,-1.452635130E-01, 3.219863855E-01
        99, 7.406660083E-01, 9.070542563E-17, 7.802416882E-01, 8.593984097E-04, 5.679395733E-02, 4.682255550E-03,-6.382329121E-01,-1.263284331E-03,-1.409164067E-01, 3.162416150E-01
       100, 7.530533116E-01, 9.222243276E-17, 7.724080473E-01, 8.438851728E-04, 5.627886007E-02, 4.693510619E-03,-6.266788734E-01,-1.241465877E-03,-1.366808200E-01, 3.105308802E-01
       101, 7.655768753E-01, 9.375612698E-17, 7.646324165E-01, 8.284805908E-04, 5.574376221E-02, 4.704201042E-03,-6.152072639E-01,-1.218854272E-03,-1.325558646E-01, 3.048601931E-01
       102, 7.782381981E-01, 9.530669183E-17, 7.569159109E-01, 8.131955914E-04, 5.519015444E-02, 4.714342340E-03,-6.038264560E-01,-1.195829522E-03,-1.285407146E-01, 2.992336373E-01
       103, 7.910387955E-01, 9.687431289E-17, 7.492595674E-01, 7.980413331E-04, 5.461948679E-02, 4.723950036E-03,-5.925445256E-01,-1.171944065E-03,-1.246337334E-01, 2.936551863E-01
       104, 8.039801995E-01, 9.845917779E-17, 7.416642793E-01, 7.830368723E-04, 5.403316791E-02, 4.733039647E-03,-5.813749514E-01,-1.147072627E-03,-1.208340256E-01, 2.881317158E-01
       105, 8.170639589E-01, 1.000614762E-16, 7.341307666E-01, 7.681957057E-04, 5.343256212E-02, 4.741626570E-03,-5.703284245E-01,-1.121829959E-03,-1.171407836E-01, 2.826684369E-01
       106, 8.302916397E-01, 1.016813999E-16, 7.266596445E-01, 7.535254611E-04, 5.281898637E-02, 4.749725990E-03,-5.594104357E-01,-1.096522594E-03,-1.135521988E-01, 2.772681626E-01
       107, 8.436648250E-01, 1.033191427E-16, 7.192514503E-01, 7.390320849E-04, 5.219370949E-02, 4.757352887E-03,-5.486254315E-01,-1.071269382E-03,-1.100660924E-01, 2.719330546E-01
       108, 8.571851153E-01, 1.049749008E-16, 7.119066503E-01, 7.247197126E-04, 5.155795202E-02, 4.764522042E-03,-5.379763229E-01,-1.046188126E-03,-1.066804077E-01, 2.666646557E-01
       109, 8.708541288E-01, 1.066488721E-16, 7.046256606E-01, 7.105922946E-04, 5.091288625E-02, 4.771248031E-03,-5.274661898E-01,-1.021055701E-03,-1.033927538E-01, 2.614644904E-01
       110, 8.846735014E-01, 1.083412572E-16, 6.974088155E-01, 6.966584393E-04, 5.025963708E-02, 4.777545237E-03,-5.171008669E-01,-9.957461960E-04,-1.002011574E-01, 2.563355881E-01
       111, 8.986448871E-01, 1.100522585E-16, 6.902563438E-01, 6.829245961E-04, 4.959928185E-02, 4.783427792E-03,-5.068853693E-01,-9.705125089E-04,-9.710389402E-02, 2.512803540E-01
       112, 9.127699581E-01, 1.117820808E-16, 6.831684019E-01, 6.693942725E-04, 4.893284968E-02, 4.788909518E-03,-4.968222572E-01,-9.455462127E-04,-9.409882905E-02, 2.463000815E-01
       113, 9.270504049E-01, 1.135309311E-16, 6.761450893E-01, 6.560689640E-04, 4.826132175E-02, 4.794003926E-03,-4.869125500E-01,-9.209766852E-04,-9.118368545E-02, 2.413953321E-01
       114, 9.414879366E-01, 1.152990188E-16, 6.691864700E-01, 6.429489365E-04, 4.758563217E-02, 4.798724226E-03,-4.771564383E-01,-8.967513552E-04,-8.835608881E-02, 2.365662424E-01
       115, 9.560842811E-01, 1.170865555E-16, 6.622925666E-01, 6.300365688E-04, 4.690666944E-02, 4.803083359E-03,-4.675555166E-01,-8.727417338E-04,-8.561370252E-02, 2.318136328E-01
       116, 9.708411854E-01, 1.188937550E-16, 6.554633371E-01, 6.173346428E-04, 4.622527763E-02, 4.807093989E-03,-4.581118822E-01,-8.490025550E-04,-8.295444556E-02, 2.271385285E-01
       117, 9.857604157E-01, 1.207208338E-16, 6.486986848E-01, 6.048443168E-04, 4.554225698E-02, 4.810768471E-03,-4.488264598E-01,-8.256491280E-04,-8.037621165E-02, 2.225413792E-01
       118, 1.000843758E+00, 1.225680104E-16, 6.419984719E-01, 5.925653700E-04, 4.485836459E-02, 4.814118823E-03,-4.396988805E-01,-8.027717536E-04,-7.787685584E-02, 2.180220830E-01
       119, 1.016093016E+00, 1.244355060E-16, 6.353625350E-01, 5.804965313E-04, 4.417431553E-02, 4.817156747E-03,-4.307282855E-01,-7.803356222E-04,-7.545411431E-02, 2.135802122E-01
       120, 1.031510016E+00, 1.263235440E-16, 6.287906809E-01, 5.686379707E-04, 4.349078451E-02, 4.819893653E-03,-4.219145945E-01,-7.582796602E-04,-7.310582197E-02, 2.092157697E-01
       121, 1.047096604E+00, 1.282323504E-16, 6.222826757E-01, 5.569894954E-04, 4.280840722E-02, 4.822340657E-03,-4.132577825E-01,-7.366370978E-04,-7.082994455E-02, 2.049287053E-01
       122, 1.062854644E+00, 1.301621537E-16, 6.158382529E-01, 5.455503434E-04, 4.212778140E-02, 4.824508568E-03,-4.047571669E-01,-7.154613396E-04,-6.862447485E-02, 2.007187207E-01
       123, 1.078786022E+00, 1.321131849E-16, 6.094571197E-01, 5.343187128E-04, 4.144946793E-02, 4.826407880E-03,-3.964114129E-01,-6.947753531E-04,-6.648734488E-02, 1.965851696E-01
       124, 1.094892646E+00, 1.340856774E-16, 6.031389665E-01, 5.232929856E-04, 4.077399221E-02, 4.828048795E-03,-3.882192221E-01,-6.745375271E-04,-6.441650010E-02, 1.925274537E-01
       125, 1.111176442E+00, 1.360798673E-16, 5.968834580E-01, 5.124719278E-04, 4.010184569E-02, 4.829441235E-03,-3.801796018E-01,-6.547499622E-04,-6.241001088E-02, 1.885451027E-01
       126, 1.127639360E+00, 1.380959933E-16, 5.906902360E-01, 5.018536413E-04, 3.943348714E-02, 4.830594843E-03,-3.722911615E-01,-6.354347695E-04,-6.046599679E-02, 1.846374324E-01
       127, 1.144283370E+00, 1.401342967E-16, 5.845589256E-01, 4.914360956E-04, 3.876934376E-02, 4.831518972E-03,-3.645523006E-01,-6.165914873E-04,-5.858260395E-02, 1.808036737E-01
       128, 1.161110464E+00, 1.421950214E-16, 5.784891345E-01, 4.812170631E-04, 3.810981251E-02, 4.832222695E-03,-3.569614334E-01,-5.982081338E-04,-5.675797867E-02, 1.770430209E-01
       129, 1.178122657E+00, 1.442784141E-16, 5.724804544E-01, 4.711944908E-04, 3.745526145E-02, 4.832714821E-03,-3.495169545E-01,-5.802829173E-04,-5.499034639E-02, 1.733547040E-01
       130, 1.195321983E+00, 1.463847241E-16, 5.665324619E-01, 4.613658906E-04, 3.680603096E-02, 4.833003895E-03,-3.422170050E-01,-5.628267997E-04,-5.327798496E-02, 1.697378141E-01
       131, 1.212710502E+00, 1.485142035E-16, 5.606447236E-01, 4.517287008E-04, 3.616243488E-02, 4.833098201E-03,-3.350596582E-01,-5.458212646E-04,-5.161918805E-02, 1.661914084E-01
       132, 1.230290295E+00, 1.506671072E-16, 5.548167939E-01, 4.422805601E-04, 3.552476182E-02, 4.833005775E-03,-3.280431065E-01,-5.292606536E-04,-5.001232465E-02, 1.627146058E-01
       133, 1.248063465E+00, 1.528436928E-16, 5.490482161E-01, 4.330187910E-04, 3.489327629E-02, 4.832734413E-03,-3.211653645E-01,-5.131459716E-04,-4.845580893E-02, 1.593064285E-01
       134, 1.266032141E+00, 1.550442209E-16, 5.433385255E-01, 4.239407597E-04, 3.426821982E-02, 4.832291663E-03,-3.144244031E-01,-4.974659889E-04,-4.694808664E-02, 1.559658918E-01
       135, 1.284198472E+00, 1.572689548E-16, 5.376872492E-01, 4.150437780E-04, 3.364981206E-02, 4.831684846E-03,-3.078182429E-01,-4.822150806E-04,-4.548764165E-02, 1.526920113E-01
       136, 1.302564632E+00, 1.595181607E-16, 5.320939064E-01, 4.063250974E-04, 3.303825187E-02, 4.830921053E-03,-3.013448092E-01,-4.673892483E-04,-4.407300142E-02, 1.494837719E-01
       137, 1.321132820E+00, 1.617921080E-16, 5.265580109E-01, 3.977818807E-04, 3.243371838E-02, 4.830007155E-03,-2.950019755E-01,-4.529783141E-04,-4.270272305E-02, 1.463401377E-01
       138, 1.339905258E+00, 1.640910686E-16, 5.210790716E-01, 3.894113846E-04, 3.183637193E-02, 4.828949809E-03,-2.887876626E-01,-4.389737577E-04,-4.137542879E-02, 1.432600886E-01
       139, 1.358884194E+00, 1.664153178E-16, 5.156565921E-01, 3.812107558E-04, 3.124635512E-02, 4.827755463E-03,-2.826997761E-01,-4.253679790E-04,-4.008977783E-02, 1.402425759E-01
       140, 1.378071897E+00, 1.687651338E-16, 5.102900721E-01, 3.731772154E-04, 3.066379371E-02, 4.826430360E-03,-2.767362215E-01,-4.121527165E-04,-3.884446269E-02, 1.372865679E-01
       141, 1.397470665E+00, 1.711407977E-16, 5.049790078E-01, 3.653078827E-04, 3.008879749E-02, 4.824980543E-03,-2.708948366E-01,-3.993227186E-04,-3.763821126E-02, 1.343910095E-01
       142, 1.417082820E+00, 1.735425939E-16, 4.997228944E-01, 3.575999076E-04, 2.952146123E-02, 4.823411867E-03,-2.651734731E-01,-3.868639867E-04,-3.646978840E-02, 1.315548516E-01
       143, 1.436910708E+00, 1.759708099E-16, 4.945212241E-01, 3.500505486E-04, 2.896186548E-02, 4.821729999E-03,-2.595700600E-01,-3.747703309E-04,-3.533800728E-02, 1.287770742E-01
       144, 1.456956703E+00, 1.784257363E-16, 4.893734876E-01, 3.426569161E-04, 2.841007738E-02, 4.819940429E-03,-2.540824812E-01,-3.630347330E-04,-3.424170731E-02, 1.260566299E-01
       145, 1.477223204E+00, 1.809076668E-16, 4.842791751E-01, 3.354162390E-04, 2.786615145E-02, 4.818048467E-03,-2.487086332E-01,-3.516488162E-04,-3.317977447E-02, 1.233924825E-01
       146, 1.497712636E+00, 1.834168986E-16, 4.792377760E-01, 3.283256420E-04, 2.733013028E-02, 4.816059255E-03,-2.434464047E-01,-3.406042621E-04,-3.215112056E-02, 1.207835802E-01
       147, 1.518427452E+00, 1.859537319E-16, 4.742487807E-01, 3.213823979E-04, 2.680204530E-02, 4.813977767E-03,-2.382937373E-01,-3.298885180E-04,-3.115469421E-02, 1.182289080E-01
       148, 1.539370132E+00, 1.885184704E-16, 4.693116786E-01, 3.145837865E-04, 2.628191744E-02, 4.811808816E-03,-2.332486057E-01,-3.194944570E-04,-3.018947087E-02, 1.157274701E-01
       149, 1.560543180E+00, 1.911114211E-16, 4.644259601E-01, 3.079271021E-04, 2.576975777E-02, 4.809557060E-03,-2.283089723E-01,-3.094145640E-04,-2.925446293E-02, 1.132782734E-01
       150, 1.581949133E+00, 1.937328942E-16, 4.595911166E-01, 3.014096423E-04, 2.526556816E-02, 4.807227004E-03,-2.234728267E-01,-2.996415164E-04,-2.834871443E-02, 1.108803230E-01
       151, 1.603590550E+00, 1.963832034E-16, 4.548066407E-01, 2.950287229E-04, 2.476934184E-02, 4.804823007E-03,-2.187381591E-01,-2.901670133E-04,-2.747130266E-02, 1.085326264E-01
       152, 1.625470023E+00, 1.990626661E-16, 4.500720272E-01, 2.887817006E-04, 2.428106397E-02, 4.802349287E-03,-2.141029944E-01,-2.809825401E-04,-2.662133460E-02, 1.062342085E-01
       153, 1.647590171E+00, 2.017716029E-16, 4.453867725E-01, 2.826659674E-04, 2.380071220E-02, 4.799809922E-03,-2.095654034E-01,-2.720800177E-04,-2.579793959E-02, 1.039841108E-01
       154, 1.669953640E+00, 2.045103380E-16, 4.407503750E-01, 2.766789493E-04, 2.332825717E-02, 4.797208855E-03,-2.051234572E-01,-2.634521753E-04,-2.500027502E-02, 1.017813821E-01
       155, 1.692563107E+00, 2.072791992E-16, 4.361623359E-01, 2.708180943E-04, 2.286366300E-02, 4.794549900E-03,-2.007752575E-01,-2.550900682E-04,-2.422751851E-02, 9.962508778E-02
       156, 1.715421279E+00, 2.100785178E-16, 4.316221584E-01, 2.650809336E-04, 2.240688778E-02, 4.791836744E-03,-1.965189661E-01,-2.469867729E-04,-2.347888313E-02, 9.751431403E-02
       157, 1.738530890E+00, 2.129086290E-16, 4.271293479E-01, 2.594649669E-04, 2.195788399E-02, 4.789072950E-03,-1.923527470E-01,-2.391358891E-04,-2.275360338E-02, 9.544814624E-02
       158, 1.761894707E+00, 2.157698713E-16, 4.226834133E-01, 2.539677637E-04, 2.151659894E-02, 4.786261964E-03,-1.882747651E-01,-2.315300076E-04,-2.205094450E-02, 9.342568189E-02
       159, 1.785515526E+00, 2.186625874E-16, 4.182838668E-01, 2.485868966E-04, 2.108297514E-02, 4.783407114E-03,-1.842832063E-01,-2.241622453E-04,-2.137019252E-02, 9.144602982E-02
       160, 1.809396174E+00, 2.215871233E-16, 4.139302245E-01, 2.433200088E-04, 2.065695073E-02, 4.780511614E-03,-1.803762916E-01,-2.170244154E-04,-2.071065249E-02, 8.950832092E-02
       161, 1.833539509E+00, 2.245438291E-16, 4.096220061E-01, 2.381647899E-04, 2.023845980E-02, 4.777578566E-03,-1.765523047E-01,-2.101099053E-04,-2.007164925E-02, 8.761170753E-02
       162, 1.857948421E+00, 2.275330587E-16, 4.053587344E-01, 2.331189573E-04, 1.982743275E-02, 4.774610970E-03,-1.728095558E-01,-2.034126162E-04,-1.945253117E-02, 8.575534854E-02
       163, 1.882625831E+00, 2.305551698E-16, 4.011399356E-01, 2.281802574E-04, 1.942379661E-02, 4.771611721E-03,-1.691463639E-01,-1.969264578E-04,-1.885267221E-02, 8.393841023E-02
       164, 1.907574692E+00, 2.336105241E-16, 3.969651401E-01, 2.233464718E-04, 1.902747536E-02, 4.768583615E-03,-1.655610783E-01,-1.906446061E-04,-1.827145839E-02, 8.216007886E-02
       165, 1.932797991E+00, 2.366994873E-16, 3.928338818E-01, 2.186154448E-04, 1.863839020E-02, 4.765529349E-03,-1.620520839E-01,-1.845599458E-04,-1.770829893E-02, 8.041956196E-02
       166, 1.958298746E+00, 2.398224291E-16, 3.887456985E-01, 2.139850680E-04, 1.825645985E-02, 4.762451524E-03,-1.586178213E-01,-1.786674162E-04,-1.716262922E-02, 7.871608235E-02
       167, 1.984080010E+00, 2.429797233E-16, 3.847001311E-01, 2.094532293E-04, 1.788160076E-02, 4.759352646E-03,-1.552567468E-01,-1.729619131E-04,-1.663390075E-02, 7.704886411E-02
       168, 2.010144867E+00, 2.461717477E-16, 3.806967245E-01, 2.050178630E-04, 1.751372742E-02, 4.756235129E-03,-1.519672994E-01,-1.674381845E-04,-1.612158938E-02, 7.541714062E-02
       169, 2.036496438E+00, 2.493988844E-16, 3.767350288E-01, 2.006769145E-04, 1.715275251E-02, 4.753101301E-03,-1.487479557E-01,-1.620902255E-04,-1.562517544E-02, 7.382015990E-02
       170, 2.063137876E+00, 2.526615196E-16, 3.728145983E-01, 1.964284138E-04, 1.679858721E-02, 4.749953407E-03,-1.455972421E-01,-1.569115046E-04,-1.514414984E-02, 7.225719687E-02
       171, 2.090072370E+00, 2.559600438E-16, 3.689349912E-01, 1.922704240E-04, 1.645114132E-02, 4.746793612E-03,-1.425137087E-01,-1.518975288E-04,-1.467802752E-02, 7.072753750E-02
       172, 2.117303143E+00, 2.592948517E-16, 3.650957702E-01, 1.882010306E-04, 1.611032351E-02, 4.743624000E-03,-1.394959446E-01,-1.470427165E-04,-1.422633730E-02, 6.923047986E-02
       173, 2.144833455E+00, 2.626663425E-16, 3.612965018E-01, 1.842183850E-04, 1.577604149E-02, 4.740446576E-03,-1.365425616E-01,-1.423424043E-04,-1.378862747E-02, 6.776533703E-02
       174, 2.172666600E+00, 2.660749197E-16, 3.575367568E-01, 1.803206360E-04, 1.544820217E-02, 4.737263271E-03,-1.336522046E-01,-1.377919089E-04,-1.336445817E-02, 6.633143260E-02
       175, 2.200805910E+00, 2.695209913E-16, 3.538161097E-01, 1.765060000E-04, 1.512671180E-02, 4.734075943E-03,-1.308235476E-01,-1.333866689E-04,-1.295340881E-02, 6.492810935E-02
       176, 2.229254752E+00, 2.730049697E-16, 3.501341394E-01, 1.727726884E-04, 1.481147615E-02, 4.730886376E-03,-1.280552419E-01,-1.291227052E-04,-1.255507084E-02, 6.355470737E-02
       177, 2.258016532E+00, 2.765272718E-16, 3.464904303E-01, 1.691189697E-04, 1.450240064E-02, 4.727696284E-03,-1.253460026E-01,-1.249946605E-04,-1.216903967E-02, 6.221059229E-02
       178, 2.287094691E+00, 2.800883192E-16, 3.428845702E-01, 1.655431570E-04, 1.419939047E-02, 4.724507316E-03,-1.226945805E-01,-1.209988685E-04,-1.179493045E-02, 6.089513983E-02
       179, 2.316492709E+00, 2.836885382E-16, 3.393161516E-01, 1.620435705E-04, 1.390235072E-02, 4.721321055E-03,-1.200997284E-01,-1.171305455E-04,-1.143236958E-02, 5.960773705E-02
       180, 2.346214107E+00, 2.873283596E-16, 3.357847711E-01, 1.586186119E-04, 1.361118651E-02, 4.718139017E-03,-1.175602605E-01,-1.133861030E-04,-1.108099621E-02, 5.834779111E-02
       181, 2.376262439E+00, 2.910082190E-16, 3.322900290E-01, 1.552666469E-04, 1.332580306E-02, 4.714962660E-03,-1.150749755E-01,-1.097624886E-04,-1.074046083E-02, 5.711470185E-02
       182, 2.406641303E+00, 2.947285568E-16, 3.288315314E-01, 1.519861098E-04, 1.304610582E-02, 4.711793370E-03,-1.126426718E-01,-1.062549736E-04,-1.041043023E-02, 5.590788857E-02
       183, 2.437354335E+00, 2.984898184E-16, 3.254088887E-01, 1.487754689E-04, 1.277200052E-02, 4.708632481E-03,-1.102622248E-01,-1.028592920E-04,-1.009057008E-02, 5.472679468E-02
       184, 2.468405209E+00, 3.022924539E-16, 3.220217152E-01, 1.456332494E-04, 1.250339334E-02, 4.705481269E-03,-1.079325427E-01,-9.957249375E-05,-9.780561312E-03, 5.357087196E-02
       185, 2.499797644E+00, 3.061369183E-16, 3.186696291E-01, 1.425579567E-04, 1.224019089E-02, 4.702340951E-03,-1.056525206E-01,-9.639160930E-05,-9.480100212E-03, 5.243957169E-02
       186, 2.531535395E+00, 3.100236719E-16, 3.153522535E-01, 1.395481586E-04, 1.198230035E-02, 4.699212692E-03,-1.034210837E-01,-9.331226088E-05,-9.188886510E-03, 5.133236945E-02
       187, 2.563622262E+00, 3.139531797E-16, 3.120692154E-01, 1.366024620E-04, 1.172962950E-02, 4.696097605E-03,-1.012371825E-01,-9.033161473E-05,-8.906636995E-03, 5.024874745E-02
       188, 2.596062084E+00, 3.179259122E-16, 3.088201463E-01, 1.337194859E-04, 1.148208682E-02, 4.692996751E-03,-9.909982097E-02,-8.744580311E-05,-8.633069232E-03, 4.918820049E-02
       189, 2.628858744E+00, 3.219423446E-16, 3.056046803E-01, 1.308979219E-04, 1.123958150E-02, 4.689911143E-03,-9.700803394E-02,-8.465265888E-05,-8.367912036E-03, 4.815024338E-02
       190, 2.662016168E+00, 3.260029579E-16, 3.024224553E-01, 1.281364052E-04, 1.100202354E-02, 4.686841740E-03,-9.496082114E-02,-8.194965442E-05,-8.110905979E-03, 4.713439128E-02
       191, 2.695538323E+00, 3.301082379E-16, 2.992731144E-01, 1.254336569E-04, 1.076932373E-02, 4.683789456E-03,-9.295717802E-02,-7.933404745E-05,-7.861805333E-03, 4.614015251E-02
       192, 2.729429221E+00, 3.342586759E-16, 2.961563063E-01, 1.227883590E-04, 1.054139375E-02, 4.680755159E-03,-9.099613898E-02,-7.680276876E-05,-7.620357880E-03, 4.516705089E-02
       193, 2.763692920E+00, 3.384547688E-16, 2.930716835E-01, 1.201993049E-04, 1.031814620E-02, 4.677739673E-03,-8.907679955E-02,-7.435242738E-05,-7.386324959E-03, 4.421463661E-02
       194, 2.798333519E+00, 3.426970187E-16, 2.900189023E-01, 1.176652655E-04, 1.009949464E-02, 4.674743777E-03,-8.719827619E-02,-7.198043624E-05,-7.159475689E-03, 4.328246614E-02
       195, 2.833355165E+00, 3.469859334E-16, 2.869976223E-01, 1.151850915E-04, 9.885353597E-03, 4.671768212E-03,-8.535970180E-02,-6.968422060E-05,-6.939587710E-03, 4.237010803E-02
       196, 2.868762049E+00, 3.513220261E-16, 2.840075068E-01, 1.127576009E-04, 9.675638608E-03, 4.668813674E-03,-8.356021777E-02,-6.746236530E-05,-6.726446102E-03, 4.147713326E-02
       197, 2.904558409E+00, 3.557058159E-16, 2.810482232E-01, 1.103816444E-04, 9.470266248E-03, 4.665880820E-03,-8.179896552E-02,-6.531235460E-05,-6.519845635E-03, 4.060311769E-02
       198, 2.940748529E+00, 3.601378273E-16, 2.781194434E-01, 1.080560973E-04, 9.269154150E-03, 4.662970266E-03,-8.007510372E-02,-6.323077043E-05,-6.319583721E-03, 3.974765028E-02
       199, 2.977336740E+00, 3.646185909E-16, 2.752208433E-01, 1.057799208E-04, 9.072221023E-03, 4.660082591E-03,-7.838784210E-02,-6.121496560E-05,-6.125465536E-03, 3.891034095E-02
       200, 3.014327421E+00, 3.691486428E-16, 2.723521015E-01, 1.035520611E-04, 8.879386677E-03, 4.657218345E-03,-7.673641059E-02,-5.926383834E-05,-5.937299930E-03, 3.809080602E-02
       201, 3.051725000E+00, 3.737285253E-16, 2.695129006E-01, 1.013714719E-04, 8.690572026E-03, 4.654378034E-03,-7.512002790E-02,-5.737571065E-05,-5.754900425E-03, 3.728866012E-02
       202, 3.089533952E+00, 3.783587866E-16, 2.667029269E-01, 9.923711489E-05, 8.505699105E-03, 4.651562135E-03,-7.353793093E-02,-5.554862535E-05,-5.578089009E-03, 3.650352501E-02
       203, 3.127758803E+00, 3.830399807E-16, 2.639218708E-01, 9.714798350E-05, 8.324691076E-03, 4.648771089E-03,-7.198937819E-02,-5.378023926E-05,-5.406696565E-03, 3.573502799E-02
       204, 3.166404127E+00, 3.877726679E-16, 2.611694262E-01, 9.510310516E-05, 8.147472240E-03, 4.646005306E-03,-7.047365270E-02,-5.206838159E-05,-5.240556128E-03, 3.498281096E-02
       205, 3.205474550E+00, 3.925574147E-16, 2.584452905E-01, 9.310153314E-05, 7.973968041E-03, 4.643265166E-03,-6.899004333E-02,-5.041142201E-05,-5.079504199E-03, 3.424652497E-02
       206, 3.244974747E+00, 3.973947937E-16, 2.557491649E-01, 9.114232567E-05, 7.804105072E-03, 4.640551022E-03,-6.753784700E-02,-4.880796696E-05,-4.923385427E-03, 3.352582464E-02
       207, 3.284909446E+00, 4.022853839E-16, 2.530807546E-01, 8.922455853E-05, 7.637811076E-03, 4.637863197E-03,-6.611638414E-02,-4.725590353E-05,-4.772049262E-03, 3.282037016E-02
       208, 3.325283428E+00, 4.072297706E-16, 2.504397681E-01, 8.734735733E-05, 7.475014948E-03, 4.635201983E-03,-6.472499311E-02,-4.575271154E-05,-4.625348542E-03, 3.212983793E-02
       209, 3.366101523E+00, 4.122285455E-16, 2.478259173E-01, 8.550989053E-05, 7.315646738E-03, 4.632567644E-03,-6.336305255E-02,-4.429671033E-05,-4.483138742E-03, 3.145391948E-02
       210, 3.407368617E+00, 4.172823070E-16, 2.452389158E-01, 8.371132170E-05, 7.159637648E-03, 4.629960421E-03,-6.202995415E-02,-4.288789872E-05,-4.345282447E-03, 3.079230754E-02
       211, 3.449089649E+00, 4.223916598E-16, 2.426784807E-01, 8.195076089E-05, 7.006920023E-03, 4.627380529E-03,-6.072505311E-02,-4.152544750E-05,-4.211644563E-03, 3.014468372E-02
       212, 3.491269612E+00, 4.275572155E-16, 2.401443339E-01, 8.022736225E-05, 6.857427343E-03, 4.624828159E-03,-5.944771137E-02,-4.020693323E-05,-4.082096609E-03, 2.951073184E-02
       213, 3.533913555E+00, 4.327795923E-16, 2.376362012E-01, 7.854032862E-05, 6.711094226E-03, 4.622303479E-03,-5.819733553E-02,-3.893026019E-05,-3.956516658E-03, 2.889015735E-02
       214, 3.577026581E+00, 4.380594153E-16, 2.351538113E-01, 7.688890312E-05, 6.567856423E-03, 4.619806632E-03,-5.697335318E-02,-3.769371742E-05,-3.834782925E-03, 2.828268125E-02
       215, 3.620613851E+00, 4.433973163E-16, 2.326968958E-01, 7.527235335E-05, 6.427650815E-03, 4.617337743E-03,-5.577522033E-02,-3.649583902E-05,-3.716772737E-03, 2.768803408E-02
       216, 3.664680580E+00, 4.487939343E-16, 2.302651880E-01, 7.368995742E-05, 6.290415403E-03, 4.614896911E-03,-5.460240809E-02,-3.533684759E-05,-3.602374092E-03, 2.710594536E-02
       217, 3.709232044E+00, 4.542499150E-16, 2.278584242E-01, 7.214092259E-05, 6.156089289E-03, 4.612484217E-03,-5.345435491E-02,-3.421555019E-05,-3.491476542E-03, 2.653613684E-02
       218, 3.754273574E+00, 4.597659115E-16, 2.254763451E-01, 7.062454992E-05, 6.024612669E-03, 4.610099719E-03,-5.233050481E-02,-3.312989341E-05,-3.383974502E-03, 2.597834165E-02
       219, 3.799810560E+00, 4.653425840E-16, 2.231186948E-01, 6.914012736E-05, 5.895926830E-03, 4.607743461E-03,-5.123033650E-02,-3.207923723E-05,-3.279760128E-03, 2.543230034E-02
       220, 3.845848454E+00, 4.709805999E-16, 2.207852202E-01, 6.768697080E-05, 5.769974143E-03, 4.605415473E-03,-5.015335018E-02,-3.106141431E-05,-3.178736993E-03, 2.489775718E-02
       221, 3.892392764E+00, 4.766806339E-16, 2.184756708E-01, 6.626446108E-05, 5.646698047E-03, 4.603115771E-03,-4.909908573E-02,-3.007564126E-05,-3.080808147E-03, 2.437448647E-02
       222, 3.939449061E+00, 4.824433684E-16, 2.161897970E-01, 6.487192112E-05, 5.526043033E-03, 4.600844349E-03,-4.806704558E-02,-2.912226061E-05,-2.985874232E-03, 2.386224228E-02
       223, 3.987022978E+00, 4.882694929E-16, 2.139273548E-01, 6.350867538E-05, 5.407954633E-03, 4.598601185E-03,-4.705672538E-02,-2.819912718E-05,-2.893845773E-03, 2.336077677E-02
       224, 4.035120208E+00, 4.941597047E-16, 2.116881020E-01, 6.217413664E-05, 5.292379407E-03, 4.596386235E-03,-4.606768012E-02,-2.730540554E-05,-2.804634048E-03, 2.286986774E-02
       225, 4.083746508E+00, 5.001147089E-16, 2.094717994E-01, 6.086765191E-05, 5.179264932E-03, 4.594199437E-03,-4.509945089E-02,-2.644052338E-05,-2.718150042E-03, 2.238928833E-02
       226, 4.132907697E+00, 5.061352182E-16, 2.072782110E-01, 5.958863598E-05, 5.068559789E-03, 4.592040719E-03,-4.415157700E-02,-2.560358038E-05,-2.634317183E-03, 2.191880728E-02
       227, 4.182609659E+00, 5.122219531E-16, 2.051071039E-01, 5.833646690E-05, 4.960213550E-03, 4.589909994E-03,-4.322361036E-02,-2.479269747E-05,-2.553053157E-03, 2.145820531E-02
       228, 4.232858342E+00, 5.183756420E-16, 2.029582486E-01, 5.711065870E-05, 4.854176774E-03, 4.587807167E-03,-4.231515835E-02,-2.400666461E-05,-2.474276388E-03, 2.100729395E-02
       229, 4.283659761E+00, 5.245970215E-16, 2.008314152E-01, 5.591063078E-05, 4.750400991E-03, 4.585732135E-03,-4.142582957E-02,-2.324662443E-05,-2.397909300E-03, 2.056587068E-02
       230, 4.335019996E+00, 5.308868362E-16, 1.987263776E-01, 5.473578882E-05, 4.648838672E-03, 4.583684775E-03,-4.055518342E-02,-2.251130964E-05,-2.323883672E-03, 2.013371229E-02
       231, 4.386945193E+00, 5.372458388E-16, 1.966429134E-01, 5.358560207E-05, 4.549443227E-03, 4.581664953E-03,-3.970281990E-02,-2.179880026E-05,-2.252125829E-03, 1.971062582E-02
       232, 4.439441567E+00, 5.436747905E-16, 1.945808018E-01, 5.245958938E-05, 4.452168988E-03, 4.579672521E-03,-3.886836272E-02,-2.110814310E-05,-2.182567314E-03, 1.929642925E-02
       233, 4.492515402E+00, 5.501744607E-16, 1.925398241E-01, 5.135726489E-05, 4.356971204E-03, 4.577707329E-03,-3.805146692E-02,-2.043914032E-05,-2.115140815E-03, 1.889094627E-02
       234, 4.546173048E+00, 5.567456272E-16, 1.905197618E-01, 5.027811783E-05, 4.263806014E-03, 4.575769210E-03,-3.725175765E-02,-1.979265860E-05,-2.049778977E-03, 1.849398460E-02
       235, 4.600420929E+00, 5.633890766E-16, 1.885204017E-01, 4.922156615E-05, 4.172630427E-03, 4.573857990E-03,-3.646880350E-02,-1.916720944E-05,-1.986420494E-03, 1.810534161E-02
       236, 4.655265537E+00, 5.701056038E-16, 1.865415349E-01, 4.818717832E-05, 4.083402324E-03, 4.571973489E-03,-3.570226598E-02,-1.856089268E-05,-1.925004485E-03, 1.772484938E-02
       237, 4.710713435E+00, 5.768960129E-16, 1.845829520E-01, 4.717449286E-05, 3.996080443E-03, 4.570115522E-03,-3.495182248E-02,-1.797346923E-05,-1.865470542E-03, 1.735234032E-02
       238, 4.766771260E+00, 5.837611165E-16, 1.826444467E-01, 4.618307961E-05, 3.910624360E-03, 4.568283894E-03,-3.421714211E-02,-1.740461784E-05,-1.807763179E-03, 1.698765629E-02
       239, 4.823445721E+00, 5.907017363E-16, 1.807258133E-01, 4.521246100E-05, 3.826994473E-03, 4.566478404E-03,-3.349787356E-02,-1.685484468E-05,-1.751825107E-03, 1.663062092E-02
       240, 4.880743601E+00, 5.977187028E-16, 1.788268514E-01, 4.426215816E-05, 3.745151985E-03, 4.564698846E-03,-3.279367213E-02,-1.632118913E-05,-1.697604423E-03, 1.628106118E-02
       241, 4.938671758E+00, 6.048128560E-16, 1.769473606E-01, 4.333188239E-05, 3.665058905E-03, 4.562945012E-03,-3.210429616E-02,-1.580407335E-05,-1.645050025E-03, 1.593885544E-02
       242, 4.997237124E+00, 6.119850449E-16, 1.750871396E-01, 4.242108744E-05, 3.586678014E-03, 4.561216672E-03,-3.142938816E-02,-1.530567090E-05,-1.594102531E-03, 1.560382973E-02
       243, 5.000000042E+00, 6.123234047E-16, 1.750012331E-01, 4.237947596E-05, 3.583098920E-03, 4.561137305E-03,-3.139855337E-02,-1.528315933E-05,-1.591798191E-03, 1.558852347E-02
       244, 5.056446710E+00, 6.192361278E-16, 1.732459963E-01, 4.152929312E-05, 3.509972851E-03, 4.559513585E-03,-3.076855379E-02,-1.482321902E-05,-1.544717555E-03, 1.527579452E-02
       245, 5.116307601E+00, 6.265669727E-16, 1.714237408E-01, 4.065613996E-05, 3.434907712E-03, 4.557835511E-03,-3.012153156E-02,-1.435511021E-05,-1.496851446E-03, 1.495461535E-02
       246, 5.176826962E+00, 6.339784568E-16, 1.696201827E-01, 3.980128551E-05, 3.361447646E-03, 4.556182208E-03,-2.948807961E-02,-1.390066185E-05,-1.450455603E-03, 1.464017000E-02
       247, 5.238012036E+00, 6.414714673E-16, 1.678351315E-01, 3.896440807E-05, 3.289558433E-03, 4.554553436E-03,-2.886795448E-02,-1.346055663E-05,-1.405484496E-03, 1.433233509E-02
       248, 5.299870145E+00, 6.490469009E-16, 1.660683971E-01, 3.814506905E-05, 3.219206557E-03, 4.552948940E-03,-2.826083741E-02,-1.303582898E-05,-1.361896899E-03, 1.403094858E-02
       249, 5.362408694E+00, 6.567056643E-16, 1.643197964E-01, 3.734284087E-05, 3.150359192E-03, 4.551368456E-03,-2.766638667E-02,-1.262397813E-05,-1.319649868E-03, 1.373585669E-02
       250, 5.425635167E+00, 6.644486740E-16, 1.625891487E-01, 3.655746522E-05, 3.082984213E-03, 4.549811725E-03,-2.708439596E-02,-1.222433307E-05,-1.278699330E-03, 1.344695817E-02
       251, 5.489557131E+00, 6.722768569E-16, 1.608762705E-01, 3.578855042E-05, 3.017050169E-03, 4.548278485E-03,-2.651461856E-02,-1.183860069E-05,-1.239005788E-03, 1.316411841E-02
       252, 5.554182237E+00, 6.801911498E-16, 1.591809834E-01, 3.503568365E-05, 2.952526263E-03, 4.546768457E-03,-2.595676199E-02,-1.146492752E-05,-1.200533571E-03, 1.288719174E-02
       253, 5.619518218E+00, 6.881924999E-16, 1.575031097E-01, 3.429859699E-05, 2.889382346E-03, 4.545281363E-03,-2.541062593E-02,-1.110269609E-05,-1.163245968E-03, 1.261606755E-02
       254, 5.685572896E+00, 6.962818648E-16, 1.558424717E-01, 3.357691632E-05, 2.827588898E-03, 4.543816922E-03,-2.487591750E-02,-1.075264399E-05,-1.127106418E-03, 1.235060834E-02
       255, 5.752354175E+00, 7.044602128E-16, 1.541989001E-01, 3.287030916E-05, 2.767117021E-03, 4.542374845E-03,-2.435232359E-02,-1.041294872E-05,-1.092081346E-03, 1.209069147E-02
       256, 5.819870048E+00, 7.127285226E-16, 1.525722264E-01, 3.217854691E-05, 2.707938442E-03, 4.540954847E-03,-2.383970483E-02,-1.008270113E-05,-1.058133779E-03, 1.183623044E-02
       257, 5.888128596E+00, 7.210877838E-16, 1.509622763E-01, 3.150135794E-05, 2.650025495E-03, 4.539556647E-03,-2.333791599E-02,-9.763350742E-06,-1.025228986E-03, 1.158712991E-02
       258, 5.957137988E+00, 7.295389969E-16, 1.493688768E-01, 3.083834535E-05, 2.593351084E-03, 4.538179951E-03,-2.284664921E-02,-9.455865996E-06,-9.933376336E-04, 1.134324565E-02
       259, 6.026906483E+00, 7.380831733E-16, 1.477918643E-01, 3.018912289E-05, 2.537888680E-03, 4.536824467E-03,-2.236562304E-02,-9.157890693E-06,-9.624295948E-04, 1.110444042E-02
       260, 6.097442431E+00, 7.467213357E-16, 1.462310759E-01, 2.955348762E-05, 2.483612325E-03, 4.535489901E-03,-2.189465432E-02,-8.869092045E-06,-9.324730168E-04, 1.087063273E-02
       261, 6.168754275E+00, 7.554545178E-16, 1.446863500E-01, 2.893108701E-05, 2.430496613E-03, 4.534175957E-03,-2.143349586E-02,-8.589956606E-06,-9.034386865E-04, 1.064170273E-02
       262, 6.240850550E+00, 7.642837650E-16, 1.431575299E-01, 2.832169071E-05, 2.378516681E-03, 4.532882347E-03,-2.098196397E-02,-8.317704338E-06,-8.753040642E-04, 1.041754621E-02
       263, 6.313739883E+00, 7.732101338E-16, 1.416444538E-01, 2.772518670E-05, 2.327648211E-03, 4.531608789E-03,-2.053997305E-02,-8.053093814E-06,-8.480392582E-04, 1.019812291E-02
       264, 6.387430999E+00, 7.822346928E-16, 1.401469573E-01, 2.714122950E-05, 2.277867399E-03, 4.530354991E-03,-2.010727844E-02,-7.799646894E-06,-8.216114208E-04, 9.983317683E-03
       265, 6.461932717E+00, 7.913585218E-16, 1.386648866E-01, 2.656933151E-05, 2.229150927E-03, 4.529120647E-03,-1.968355004E-02,-7.555599683E-06,-7.959969221E-04, 9.772959003E-03
       266, 6.537253954E+00, 8.005827130E-16, 1.371980940E-01, 2.600932258E-05, 2.181475987E-03, 4.527905458E-03,-1.926864441E-02,-7.316221427E-06,-7.711774955E-04, 9.566975591E-03
       267, 6.613403725E+00, 8.099083703E-16, 1.357464247E-01, 2.546119612E-05, 2.134820274E-03, 4.526709140E-03,-1.886250944E-02,-7.082993235E-06,-7.471272390E-04, 9.365347591E-03
       268, 6.690391143E+00, 8.193366099E-16, 1.343097203E-01, 2.492461655E-05, 2.089161957E-03, 4.525531412E-03,-1.846493195E-02,-6.859835438E-06,-7.238161146E-04, 9.167972782E-03
       269, 6.768225423E+00, 8.288685600E-16, 1.328878322E-01, 2.439913385E-05, 2.044479655E-03, 4.524371966E-03,-1.807559969E-02,-6.645143947E-06,-7.012229958E-04, 8.974688353E-03
       270, 6.846915880E+00, 8.385053616E-16, 1.314806194E-01, 2.388455597E-05, 2.000752445E-03, 4.523230498E-03,-1.769435820E-02,-6.435305635E-06,-6.793304155E-04, 8.785417180E-03
       271, 6.926471932E+00, 8.482481681E-16, 1.300879351E-01, 2.338082334E-05, 1.957959867E-03, 4.522106711E-03,-1.732112886E-02,-6.231132154E-06,-6.581171030E-04, 8.600127256E-03
       272, 6.999999954E+00, 8.572527538E-16, 1.288279265E-01, 2.293000377E-05, 1.919676151E-03, 4.521095270E-03,-1.698710405E-02,-6.050478848E-06,-6.393246800E-04, 8.434299816E-03
       273, 7.006903100E+00, 8.580981454E-16, 1.287096312E-01, 2.288767877E-05, 1.916081901E-03, 4.521000311E-03,-1.695574428E-02,-6.033518291E-06,-6.375603616E-04, 8.418731179E-03
       274, 7.088219012E+00, 8.680564724E-16, 1.273455619E-01, 2.240493566E-05, 1.875098957E-03, 4.519911009E-03,-1.659805598E-02,-5.842137433E-06,-6.176395257E-04, 8.241154716E-03
       275, 7.170429398E+00, 8.781243411E-16, 1.259955809E-01, 2.193230802E-05, 1.834991861E-03, 4.518838507E-03,-1.624787207E-02,-5.658728828E-06,-5.983321213E-04, 8.067301349E-03
       276, 7.253544099E+00, 8.883029563E-16, 1.246595504E-01, 2.146941242E-05, 1.795741837E-03, 4.517782498E-03,-1.590494133E-02,-5.481835786E-06,-5.796211690E-04, 7.897045595E-03
       277, 7.337573061E+00, 8.985935362E-16, 1.233373375E-01, 2.101614478E-05, 1.757330518E-03, 4.516742685E-03,-1.556914073E-02,-5.307854261E-06,-5.614933660E-04, 7.730328106E-03
       278, 7.422526342E+00, 9.089973126E-16, 1.220288035E-01, 2.057253170E-05, 1.719739953E-03, 4.515718795E-03,-1.524044819E-02,-5.138161904E-06,-5.439297068E-04, 7.567145308E-03
       279, 7.508414109E+00, 9.195155305E-16, 1.207338037E-01, 2.013828665E-05, 1.682952572E-03, 4.514710552E-03,-1.491869318E-02,-4.976562168E-06,-5.269068892E-04, 7.407408583E-03
       280, 7.595246641E+00, 9.301494488E-16, 1.194522047E-01, 1.971296525E-05, 1.646951167E-03, 4.513717660E-03,-1.460360227E-02,-4.821231664E-06,-5.104098197E-04, 7.250969262E-03
       281, 7.683034331E+00, 9.409003402E-16, 1.181838797E-01, 1.929647396E-05, 1.611718902E-03, 4.512739832E-03,-1.429506291E-02,-4.668802625E-06,-4.944279314E-04, 7.097780970E-03
       282, 7.771787686E+00, 9.517694914E-16, 1.169286955E-01, 1.888877892E-05, 1.577239315E-03, 4.511776793E-03,-1.399301622E-02,-4.520421768E-06,-4.789432786E-04, 6.947822495E-03
       283, 7.861517328E+00, 9.627582032E-16, 1.156865182E-01, 1.848968170E-05, 1.543496298E-03, 4.510828264E-03,-1.369732531E-02,-4.376570730E-06,-4.639381029E-04, 6.801023823E-03
       284, 7.952233996E+00, 9.738677909E-16, 1.144572156E-01, 1.809905204E-05, 1.510474091E-03, 4.509893968E-03,-1.340787483E-02,-4.237350063E-06,-4.494001506E-04, 6.657322618E-03
       285, 8.043948547E+00, 9.850995841E-16, 1.132406542E-01, 1.771661735E-05, 1.478157269E-03, 4.508973628E-03,-1.312452946E-02,-4.104481127E-06,-4.353109894E-04, 6.516645959E-03
       286, 8.136671958E+00, 9.964549270E-16, 1.120367071E-01, 1.734202640E-05, 1.446530723E-03, 4.508066965E-03,-1.284704951E-02,-3.976634797E-06,-4.216557337E-04, 6.378876310E-03
       287, 8.230415327E+00, 1.007935179E-15, 1.108452577E-01, 1.697519453E-05, 1.415579677E-03, 4.507173698E-03,-1.257530654E-02,-3.850444047E-06,-4.084290304E-04, 6.243953882E-03
       288, 8.325189873E+00, 1.019541713E-15, 1.096661817E-01, 1.661621200E-05, 1.385289688E-03, 4.506293580E-03,-1.230932923E-02,-3.726661590E-06,-3.956163114E-04, 6.111902757E-03
       289, 8.421006939E+00, 1.031275919E-15, 1.084993461E-01, 1.626487649E-05, 1.355646630E-03, 4.505426369E-03,-1.204900230E-02,-3.609080469E-06,-3.831986372E-04, 5.982661314E-03
       290, 8.517877992E+00, 1.043139202E-15, 1.073446278E-01, 1.592075906E-05, 1.326636661E-03, 4.504571811E-03,-1.179408653E-02,-3.496546216E-06,-3.711659725E-04, 5.856092430E-03
       291, 8.615814627E+00, 1.055132981E-15, 1.062019122E-01, 1.558378048E-05, 1.298246237E-03, 4.503729656E-03,-1.154446600E-02,-3.385960053E-06,-3.595091508E-04, 5.732150171E-03
       292, 8.714828566E+00, 1.067258691E-15, 1.050710802E-01, 1.525391688E-05, 1.270462114E-03, 4.502899672E-03,-1.130008645E-02,-3.278713948E-06,-3.482164219E-04, 5.610817273E-03
       293, 8.814931657E+00, 1.079517784E-15, 1.039520129E-01, 1.493093198E-05, 1.243271335E-03, 4.502081623E-03,-1.106082386E-02,-3.175506100E-06,-3.372748608E-04, 5.492023170E-03
       294, 8.916135883E+00, 1.091911727E-15, 1.028445948E-01, 1.461469353E-05, 1.216661217E-03, 4.501275268E-03,-1.082655132E-02,-3.075186393E-06,-3.266750799E-04, 5.375705788E-03
       295, 8.999999951E+00, 1.102182113E-15, 1.019463614E-01, 1.436095020E-05, 1.195316172E-03, 4.500623815E-03,-1.063857013E-02,-2.994620369E-06,-3.182588346E-04, 5.282374620E-03
       296, 9.018453354E+00, 1.104442003E-15, 1.017487110E-01, 1.430511590E-05, 1.190619357E-03, 4.500480387E-03,-1.059720629E-02,-2.976892454E-06,-3.164069065E-04, 5.261837804E-03
       297, 9.121896319E+00, 1.117110113E-15, 1.006642416E-01, 1.400217677E-05, 1.165133626E-03, 4.499696768E-03,-1.037274791E-02,-2.881819664E-06,-3.064592124E-04, 5.150399638E-03
       298, 9.226477155E+00, 1.129917572E-15, 9.959106548E-02, 1.370559589E-05, 1.140192146E-03, 4.498924197E-03,-1.015302647E-02,-2.791195309E-06,-2.968190805E-04, 5.041308617E-03
       299, 9.332208381E+00, 1.142865912E-15, 9.852907200E-02, 1.341515980E-05, 1.115783285E-03, 4.498162459E-03,-9.937872514E-03,-2.703516278E-06,-2.874782658E-04, 4.934479828E-03
       300, 9.439102651E+00, 1.155956685E-15, 9.747815314E-02, 1.313077959E-05, 1.091895665E-03, 4.497411352E-03,-9.727204882E-03,-2.618478743E-06,-2.784299769E-04, 4.829873965E-03
       301, 9.547172757E+00, 1.169191456E-15, 9.643819979E-02, 1.285231824E-05, 1.068518159E-03, 4.496670694E-03,-9.520953591E-03,-2.535473206E-06,-2.696654663E-04, 4.727461555E-03
       302, 9.656431635E+00, 1.182571809E-15, 9.540910198E-02, 1.257977984E-05, 1.045639881E-03, 4.495940305E-03,-9.319046259E-03,-2.454559151E-06,-2.611758853E-04, 4.627214349E-03
       303, 9.766892360E+00, 1.196099347E-15, 9.439074896E-02, 1.231300079E-05, 1.023250180E-03, 4.495220022E-03,-9.121395972E-03,-2.376730264E-06,-2.529506762E-04, 4.529079301E-03
       304, 9.878568153E+00, 1.209775687E-15, 9.338303156E-02, 1.205182840E-05, 1.001338632E-03, 4.494509667E-03,-8.927921406E-03,-2.301425769E-06,-2.449822686E-04, 4.433012054E-03
       305, 9.991472380E+00, 1.223602467E-15, 9.238584021E-02, 1.179615253E-05, 9.798950336E-04, 4.493809068E-03,-8.738526147E-03,-2.228610619E-06,-2.372610506E-04, 4.338976706E-03
       306, 1.010561855E+01, 1.237581341E-15, 9.139907040E-02, 1.154581994E-05, 9.589093975E-04, 4.493118087E-03,-8.553071531E-03,-2.158585469E-06,-2.297814798E-04, 4.246894649E-03
       307, 1.022102033E+01, 1.251713984E-15, 9.042262260E-02, 1.130069399E-05, 9.383719521E-04, 4.492436572E-03,-8.371500746E-03,-2.089876331E-06,-2.225369185E-04, 4.156736371E-03
       308, 1.033769154E+01, 1.266002085E-15, 8.945639036E-02, 1.106082800E-05, 9.182731435E-04, 4.491764370E-03,-8.193792125E-03,-2.023280010E-06,-2.155197477E-04, 4.068505725E-03
       309, 1.045564612E+01, 1.280447355E-15, 8.850026805E-02, 1.082594668E-05, 8.986036128E-04, 4.491101345E-03,-8.019794032E-03,-1.960200128E-06,-2.087207943E-04, 3.982109989E-03
       310, 1.057489820E+01, 1.295051524E-15, 8.755416150E-02, 1.059590070E-05, 8.793542006E-04, 4.490447364E-03,-7.849414297E-03,-1.898030438E-06,-2.021350226E-04, 3.897506347E-03
       311, 1.069546206E+01, 1.309816338E-15, 8.661796942E-02, 1.037079823E-05, 8.605159557E-04, 4.489802347E-03,-7.682645898E-03,-1.837276093E-06,-1.957560417E-04, 3.814703469E-03
       312, 1.081735212E+01, 1.324743565E-15, 8.569158990E-02, 1.015041070E-05, 8.420801162E-04, 4.489166185E-03,-7.519380711E-03,-1.779775958E-06,-1.895760990E-04, 3.733634581E-03
       313, 1.094058297E+01, 1.339834992E-15, 8.477492833E-02, 9.934548987E-06, 8.240381017E-04, 4.488538756E-03,-7.359503932E-03,-1.724227899E-06,-1.835916234E-04, 3.654242589E-03
       314, 1.099999988E+01, 1.347111464E-15, 8.434235018E-02, 9.833760382E-06, 8.156174424E-04, 4.488243644E-03,-7.284857186E-03,-1.697486666E-06,-1.808270275E-04, 3.617180026E-03
       315, 1.106516936E+01, 1.355092424E-15, 8.386789098E-02, 9.723213697E-06, 8.063815176E-04, 4.487919961E-03,-7.202983343E-03,-1.668156419E-06,-1.777947709E-04, 3.576529166E-03
       316, 1.119112620E+01, 1.370517688E-15, 8.297037659E-02, 9.516625594E-06, 7.891021631E-04, 4.487309737E-03,-7.049862027E-03,-1.613387863E-06,-1.721817681E-04, 3.500509951E-03
       317, 1.131846857E+01, 1.386112630E-15, 8.208227392E-02, 9.314422586E-06, 7.721920061E-04, 4.486708000E-03,-6.900048773E-03,-1.563716960E-06,-1.667414425E-04, 3.426127251E-03
       318, 1.144721170E+01, 1.401879117E-15, 8.120349062E-02, 9.116154881E-06, 7.556431516E-04, 4.486114598E-03,-6.753237572E-03,-1.516395292E-06,-1.614693468E-04, 3.353213673E-03
       319, 1.157737101E+01, 1.417819034E-15, 8.033395822E-02, 8.921938501E-06, 7.394478865E-04, 4.485529429E-03,-6.609413351E-03,-1.467871566E-06,-1.563652035E-04, 3.281797131E-03
       320, 1.170896206E+01, 1.433934291E-15, 7.947357993E-02, 8.731985862E-06, 7.235986855E-04, 4.484952433E-03,-6.468660299E-03,-1.420399931E-06,-1.514250575E-04, 3.211916528E-03
       321, 1.184200062E+01, 1.450226816E-15, 7.862226086E-02, 8.546085045E-06, 7.080881865E-04, 4.484383573E-03,-6.330944579E-03,-1.373952495E-06,-1.466380586E-04, 3.143547277E-03
       322, 1.197650261E+01, 1.466698558E-15, 7.777989490E-02, 8.364363493E-06, 6.929091855E-04, 4.483822780E-03,-6.196241219E-03,-1.329759397E-06,-1.420032885E-04, 3.076666189E-03
       323, 1.211248411E+01, 1.483351490E-15, 7.694638425E-02, 8.186312161E-06, 6.780546137E-04, 4.483269998E-03,-6.064372024E-03,-1.289440523E-06,-1.375085451E-04, 3.011185028E-03
       324, 1.224996142E+01, 1.500187604E-15, 7.612164930E-02, 8.011789690E-06, 6.635175322E-04, 4.482725111E-03,-5.935127013E-03,-1.249737301E-06,-1.331561564E-04, 2.946999833E-03
       325, 1.238895097E+01, 1.517208915E-15, 7.530562223E-02, 7.840914832E-06, 6.492911713E-04, 4.482188057E-03,-5.808573105E-03,-1.208788567E-06,-1.289422861E-04, 2.884169354E-03
       326, 1.252946941E+01, 1.534417460E-15, 7.449820286E-02, 7.673917714E-06, 6.353689199E-04, 4.481658810E-03,-5.684774615E-03,-1.169776618E-06,-1.248651993E-04, 2.822691138E-03
       327, 1.267153355E+01, 1.551815300E-15, 7.369929913E-02, 7.510339640E-06, 6.217443040E-04, 4.481137277E-03,-5.563664349E-03,-1.132360711E-06,-1.209083091E-04, 2.762556549E-03
       328, 1.281516039E+01, 1.569404516E-15, 7.290881291E-02, 7.350377645E-06, 6.084109741E-04, 4.480623383E-03,-5.445100886E-03,-1.096969640E-06,-1.170790234E-04, 2.703672644E-03
       329, 1.296036713E+01, 1.587187213E-15, 7.212667319E-02, 7.193478884E-06, 5.953627068E-04, 4.480117029E-03,-5.328964495E-03,-1.063275185E-06,-1.133666702E-04, 2.646004800E-03
       330, 1.299999959E+01, 1.592040789E-15, 7.191774771E-02, 7.152027244E-06, 5.919153482E-04, 4.479982206E-03,-5.298245260E-03,-1.054212819E-06,-1.123977778E-04, 2.630750063E-03
       331, 1.310717115E+01, 1.605165520E-15, 7.135280024E-02, 7.039938652E-06, 5.825934110E-04, 4.479618124E-03,-5.215177962E-03,-1.029707391E-06,-1.097778081E-04, 2.589500017E-03
       332, 1.325559001E+01, 1.623341588E-15, 7.058712979E-02, 6.889516779E-06, 5.700971432E-04, 4.479126619E-03,-5.103794884E-03,-9.967305934E-07,-1.062984250E-04, 2.534200220E-03
       333, 1.340564148E+01, 1.641717593E-15, 6.982956359E-02, 6.742435499E-06, 5.578680874E-04, 4.478642461E-03,-4.994756098E-03,-9.653143991E-07,-1.029335629E-04, 2.480039967E-03
       334, 1.355734351E+01, 1.660295734E-15, 6.908003697E-02, 6.598257193E-06, 5.459005574E-04, 4.478165616E-03,-4.888045176E-03,-9.342802020E-07,-9.966809594E-05, 2.427057716E-03
       335, 1.371071427E+01, 1.679078234E-15, 6.833844690E-02, 6.457394092E-06, 5.341889766E-04, 4.477695934E-03,-4.783570227E-03,-9.049634977E-07,-9.651430259E-05, 2.375156835E-03
       336, 1.386577210E+01, 1.698067342E-15, 6.760473780E-02, 6.319177028E-06, 5.227278915E-04, 4.477233375E-03,-4.681318049E-03,-8.756588579E-07,-9.344937962E-05, 2.324377898E-03
       337, 1.402253557E+01, 1.717265330E-15, 6.687880182E-02, 6.184306314E-06, 5.115119623E-04, 4.476777850E-03,-4.581236295E-03,-8.484064030E-07,-9.049508501E-05, 2.274617525E-03
       338, 1.418102344E+01, 1.736674496E-15, 6.616058634E-02, 6.051725310E-06, 5.005359693E-04, 4.476329368E-03,-4.483285483E-03,-8.216979854E-07,-8.761792526E-05, 2.225951966E-03
       339, 1.434125468E+01, 1.756297163E-15, 6.544998659E-02, 5.922406495E-06, 4.897948616E-04, 4.475889178E-03,-4.387316128E-03,-7.964852927E-07,-8.484780732E-05, 2.178214816E-03
       340, 1.450324845E+01, 1.776135680E-15, 6.474697340E-02, 5.795167716E-06, 4.792842674E-04, 4.475466740E-03,-4.293344941E-03,-7.712198012E-07,-8.214551498E-05, 2.131509057E-03
       341, 1.466702416E+01, 1.796192420E-15, 6.405143107E-02, 5.671505586E-06, 4.690044923E-04, 4.475110511E-03,-4.201470733E-03,-7.396676435E-07,-7.955160608E-05, 2.085688638E-03
       342, 1.483260141E+01, 1.816469784E-15, 6.336331882E-02, 5.551382055E-06, 4.589928369E-04, 4.474606957E-03,-4.112928144E-03,-7.145339460E-07,-7.703569478E-05, 2.041687175E-03
       343, 1.500000000E+01, 2.000000000E-15, 6.268263744E-02, 5.433802348E-06, 4.491443426E-04, 4.474063233E-03,-4.026208158E-03,-6.943551056E-07,-7.457046003E-05, 1.998756543E-03
       344, 5.000000042E+00, 5.204005374E-03, 1.749930054E-01, 8.375156187E-05, 3.583103428E-03, 4.561157648E-03,-3.139415925E-02,-3.020064459E-05,-3.177232203E-03, 1.582339272E-02
       345, 6.999999954E+00, 5.204005258E-03, 1.288246218E-01, 4.531588747E-05, 1.919678155E-03, 4.521107189E-03,-1.698580587E-02,-1.195733979E-05,-1.276180338E-03, 8.561780281E-03
       346, 8.999999951E+00, 5.204005335E-03, 1.019447162E-01, 2.838156566E-05, 1.195317100E-03, 4.500631544E-03,-1.063805835E-02,-5.918252086E-06,-6.353145821E-04, 5.362309133E-03
       347, 1.099999988E+01, 5.204005258E-03, 8.434141539E-02, 1.943486029E-05, 8.156179149E-04, 4.488249034E-03,-7.284616419E-03,-3.354350945E-06,-3.609866562E-04, 3.671968475E-03
       348, 1.299999959E+01, 5.204005103E-03, 7.191716665E-02, 1.413492592E-05, 5.919156105E-04, 4.479986171E-03,-5.298117511E-03,-2.083053334E-06,-2.243941295E-04, 2.670624284E-03
       349, 4.999999929E+00, 1.033966345E-02, 1.749687583E-01, 1.634634293E-04, 3.583116368E-03, 4.561217412E-03,-3.138121287E-02,-5.893643827E-05,-6.299781076E-03, 1.570093233E-02
       350, 6.999999954E+00, 1.033966345E-02, 1.288148834E-01, 8.845094437E-05, 1.919684001E-03, 4.521142290E-03,-1.698198070E-02,-2.333781892E-05,-2.530687757E-03, 8.497308391E-03
       351, 8.999999951E+00, 1.033966360E-02, 1.019398680E-01, 5.539848185E-05, 1.195319814E-03, 4.500654316E-03,-1.063655030E-02,-1.155169976E-05,-1.259917096E-03, 5.322396746E-03
       352, 1.099999988E+01, 1.033966345E-02, 8.433866056E-02, 3.793577985E-05, 8.156192990E-04, 4.488264918E-03,-7.283906992E-03,-6.547644155E-06,-7.159254575E-04, 3.644819060E-03
       353, 1.299999997E+01, 1.033966345E-02, 7.191545631E-02, 2.759089010E-05, 5.919163972E-04, 4.479997991E-03,-5.297741227E-03,-4.065978221E-06,-4.450568381E-04, 2.650977834E-03
       354, 4.999999929E+00, 1.540787221E-02, 1.749291441E-01, 2.416839600E-04, 3.583137749E-03, 4.561315155E-03,-3.136006367E-02,-8.711403609E-05,-9.373432744E-03, 1.554880906E-02
       355, 6.999999954E+00, 1.540787221E-02, 1.287989684E-01, 1.307934682E-04, 1.919693647E-03, 4.521199668E-03,-1.697573007E-02,-3.450455896E-05,-3.766052522E-03, 8.418959695E-03
       356, 8.999999951E+00, 1.540787243E-02, 1.019319442E-01, 8.192297628E-05, 1.195324297E-03, 4.500691561E-03,-1.063408581E-02,-1.708099283E-05,-1.875106161E-03, 5.274452796E-03
       357, 1.099999988E+01, 1.540787221E-02, 8.433415785E-02, 5.610095033E-05, 8.156215856E-04, 4.488290906E-03,-7.282747601E-03,-9.682500817E-06,-1.065557060E-03, 3.612411133E-03
       358, 1.299999997E+01, 1.540787221E-02, 7.191265710E-02, 4.080339854E-05, 5.919176669E-04, 4.480017111E-03,-5.297125971E-03,-6.012861125E-06,-6.624412911E-04, 2.627599838E-03
       359, 4.999999929E+00, 2.040951739E-02, 1.748747849E-01, 3.200707281E-04, 3.583166817E-03, 4.561449005E-03,-3.133105069E-02,-1.153168710E-04,-1.240309813E-02, 1.568259775E-02
       360, 6.999999954E+00, 2.040951739E-02, 1.287771252E-01, 1.732502269E-04, 1.919706923E-03, 4.521278370E-03,-1.696715243E-02,-4.569384869E-05,-4.984445597E-03, 8.497003122E-03
       361, 8.999999951E+00, 2.040951769E-02, 1.019210679E-01, 1.085260081E-04, 1.195330485E-03, 4.500742684E-03,-1.063070337E-02,-2.262409804E-05,-2.482002314E-03, 5.324931881E-03
       362, 1.099999988E+01, 2.040951739E-02, 8.432797700E-02, 7.432256441E-05, 8.156247463E-04, 4.488326590E-03,-7.281156227E-03,-1.282567625E-05,-1.410524177E-03, 3.647570852E-03
       363, 1.299999997E+01, 2.040951739E-02, 7.190881445E-02, 5.405807923E-05, 5.919194228E-04, 4.480043370E-03,-5.296281430E-03,-7.965283502E-06,-8.769442390E-04, 2.653420519E-03
       364, 4.999999929E+00, 2.534547320E-02, 1.748062947E-01, 3.972139928E-04, 3.583202065E-03, 4.561617008E-03,-3.129450928E-02,-1.430283212E-04,-1.538792057E-02, 1.561970233E-02
       365, 6.999999954E+00, 2.534547320E-02, 1.287495966E-01, 2.150639588E-04, 1.919723443E-03, 4.521377371E-03,-1.695634437E-02,-5.670416613E-05,-6.185721374E-03, 8.469711998E-03
       366, 8.999999951E+00, 2.534547358E-02, 1.019073591E-01, 1.347345874E-04, 1.195338237E-03, 4.500807052E-03,-1.062644062E-02,-2.808207648E-05,-3.080579092E-03, 5.309712249E-03
       367, 1.099999988E+01, 2.534547320E-02, 8.432018596E-02, 9.227704780E-05, 8.156287162E-04, 4.488371539E-03,-7.279150465E-03,-1.592174203E-05,-1.750827295E-03, 3.637822690E-03
       368, 1.299999997E+01, 2.534547320E-02, 7.190397050E-02, 6.711975099E-05, 5.919216314E-04, 4.480076456E-03,-5.295216911E-03,-9.888805295E-06,-1.088573691E-03, 2.646619689E-03
       369, 4.999999929E+00, 3.021660239E-02, 1.747242732E-01, 4.732567952E-04, 3.583242235E-03, 4.561817252E-03,-3.125076842E-02,-1.702929046E-04,-1.832751260E-02, 1.559168325E-02
       370, 6.999999954E+00, 3.021660239E-02, 1.287166192E-01, 2.563170145E-04, 1.919742917E-03, 4.521495693E-03,-1.694340013E-02,-6.755568582E-05,-7.369898494E-03, 8.462544529E-03
       371, 8.999999951E+00, 3.021660284E-02, 1.018909345E-01, 1.606017374E-04, 1.195347450E-03, 4.500884066E-03,-1.062133420E-02,-3.346546330E-05,-3.670885216E-03, 5.307461156E-03
       372, 1.099999988E+01, 3.021660239E-02, 8.431085070E-02, 1.100012617E-04, 8.156334506E-04, 4.488425351E-03,-7.276747417E-03,-1.897673129E-05,-2.086506160E-03, 3.637096298E-03
       373, 1.299999997E+01, 3.021660239E-02, 7.189816613E-02, 8.001546080E-05, 5.919242699E-04, 4.480116077E-03,-5.293941445E-03,-1.178723986E-05,-1.297358869E-03, 2.646442462E-03
       374, 4.999999929E+00, 3.502375636E-02, 1.746293061E-01, 5.480941132E-04, 3.583285883E-03, 4.562047791E-03,-3.120015090E-02,-1.970650854E-04,-2.122146705E-02, 1.554884154E-02
       375, 6.999999954E+00, 3.502375636E-02, 1.286784229E-01, 2.969579565E-04, 1.919765016E-03, 4.521632354E-03,-1.692841173E-02,-7.823311572E-05,-8.536971614E-03, 8.448650949E-03
       376, 8.999999951E+00, 3.502375688E-02, 1.018719074E-01, 1.860967583E-04, 1.195358012E-03, 4.500973133E-03,-1.061541979E-02,-3.876731276E-05,-4.252954074E-03, 5.301361761E-03
       377, 1.099999988E+01, 3.502375636E-02, 8.430003527E-02, 1.274747474E-04, 8.156389008E-04, 4.488487626E-03,-7.273963717E-03,-2.198692208E-05,-2.417590900E-03, 3.633868466E-03
       378, 1.299999997E+01, 3.502375636E-02, 7.189144102E-02, 9.273058447E-05, 5.919273139E-04, 4.480161946E-03,-5.292463810E-03,-1.365835434E-05,-1.503322712E-03, 2.644504787E-03
       379, 4.999999929E+00, 3.976777532E-02, 1.745219648E-01, 6.217669727E-04, 3.583331496E-03, 4.562306671E-03,-3.114297269E-02,-2.233528505E-04,-2.406951404E-02, 1.550789706E-02
       380, 6.999999954E+00, 3.976777532E-02, 1.286352316E-01, 3.370137482E-04, 1.919789408E-03, 4.521786383E-03,-1.691146887E-02,-8.874205856E-05,-9.686973657E-03, 8.436984554E-03
       381, 8.999999951E+00, 3.976777591E-02, 1.018503881E-01, 2.112378941E-04, 1.195369811E-03, 4.501073670E-03,-1.060873208E-02,-4.399094408E-05,-4.826834487E-03, 5.296997724E-03
       382, 1.099999988E+01, 3.976777532E-02, 8.428780189E-02, 1.447104949E-04, 8.156450191E-04, 4.488557973E-03,-7.270815525E-03,-2.495433091E-05,-2.744119333E-03, 3.631953673E-03
       383, 1.299999997E+01, 3.976777532E-02, 7.188383368E-02, 1.052747813E-04, 5.919307394E-04, 4.480213783E-03,-5.290792531E-03,-1.550347189E-05,-1.706492531E-03, 2.643575455E-03
       384, 4.999999929E+00, 4.444948847E-02, 1.744028060E-01, 6.942584844E-04, 3.583377478E-03, 4.562591931E-03,-3.107954277E-02,-2.491440234E-04,-2.687143954E-02, 1.545998325E-02
       385, 6.999999954E+00, 4.444948847E-02, 1.285872629E-01, 3.764795323E-04, 1.919815746E-03, 4.521956820E-03,-1.689265897E-02,-9.907986754E-05,-1.081994437E-02, 8.422680910E-03
       386, 8.999999951E+00, 4.444948913E-02, 1.018264834E-01, 2.360233173E-04, 1.195382732E-03, 4.501185103E-03,-1.060130484E-02,-4.913555070E-05,-5.392575368E-03, 5.291303558E-03
       387, 1.099999988E+01, 4.444948847E-02, 8.427421090E-02, 1.617077005E-04, 8.156517567E-04, 4.488636011E-03,-7.267318543E-03,-2.787865979E-05,-3.066128365E-03, 3.629246320E-03
       388, 1.299999997E+01, 4.444948847E-02, 7.187538147E-02, 1.176476620E-04, 5.919345226E-04, 4.480271316E-03,-5.288935890E-03,-1.732246044E-05,-1.906894621E-03, 2.642121219E-03
       389, 4.999999929E+00, 4.906971409E-02, 1.742723721E-01, 7.655694489E-04, 3.583422189E-03, 4.562901623E-03,-3.101016286E-02,-2.744335604E-04,-2.962710992E-02, 1.540816164E-02
       390, 6.999999954E+00, 4.906971409E-02, 1.285347283E-01, 4.153594908E-04, 1.919843680E-03, 4.522142718E-03,-1.687206714E-02,-1.092464496E-04,-1.193594052E-02, 8.407331624E-03
       391, 8.999999951E+00, 4.906971482E-02, 1.018002973E-01, 2.604567202E-04, 1.195396661E-03, 4.501306870E-03,-1.059317085E-02,-5.420152156E-05,-5.950230843E-03, 5.285259680E-03
       392, 1.099999988E+01, 4.906971409E-02, 8.425932087E-02, 1.784692883E-04, 8.156590656E-04, 4.488721366E-03,-7.263488021E-03,-3.076025955E-05,-3.383656834E-03, 3.626411866E-03
       393, 1.299999997E+01, 4.906971409E-02, 7.186612060E-02, 1.298515252E-04, 5.919386396E-04, 4.480334277E-03,-5.286901925E-03,-1.911558685E-05,-2.104556271E-03, 2.640623304E-03
       394, 4.999999929E+00, 5.362925975E-02, 1.741311909E-01, 8.356968228E-04, 3.583463953E-03, 4.563233810E-03,-3.093512730E-02,-2.992156628E-04,-3.233645823E-02, 1.535186938E-02
       395, 6.999999954E+00, 5.362925975E-02, 1.284778333E-01, 4.536553029E-04, 1.919872855E-03, 4.522343144E-03,-1.684977619E-02,-1.192411849E-04,-1.303503136E-02, 8.390577581E-03
       396, 8.999999951E+00, 5.362926055E-02, 1.017719305E-01, 2.845401136E-04, 1.195411482E-03, 4.501438422E-03,-1.058436202E-02,-5.918893381E-05,-6.499858170E-03, 5.278627018E-03
       397, 1.099999988E+01, 5.362925975E-02, 8.424318860E-02, 1.949969901E-04, 8.156668979E-04, 4.488813674E-03,-7.259338762E-03,-3.359929499E-05,-3.696744458E-03, 3.623281605E-03
       398, 1.299999997E+01, 5.362925975E-02, 7.185608622E-02, 1.418877853E-04, 5.919430672E-04, 4.480402406E-03,-5.284698436E-03,-2.088299739E-05,-2.299505109E-03, 2.638957019E-03
       399, 4.999999929E+00, 5.812892238E-02, 1.739797756E-01, 9.046414856E-04, 3.583501083E-03, 4.563586582E-03,-3.085472296E-02,-3.234865790E-04,-3.499948167E-02, 1.529167768E-02
       400, 6.999999954E+00, 5.812892238E-02, 1.284167773E-01, 4.913703501E-04, 1.919902915E-03, 4.522557185E-03,-1.682586659E-02,-1.290640353E-04,-1.411729889E-02, 8.372670710E-03
       401, 8.999999951E+00, 5.812892325E-02, 1.017414808E-01, 3.082764604E-04, 1.195427081E-03, 4.501579221E-03,-1.057490930E-02,-6.409810492E-05,-7.041518082E-03, 5.271548376E-03
       402, 1.099999988E+01, 5.812892238E-02, 8.422586918E-02, 2.112931488E-04, 8.156752062E-04, 4.488912580E-03,-7.254885129E-03,-3.639605192E-05,-4.005432059E-03, 3.619947985E-03
       403, 1.299999997E+01, 5.812892238E-02, 7.184531238E-02, 1.537582837E-04, 5.919477821E-04, 4.480475453E-03,-5.282332986E-03,-2.262491031E-05,-2.491769085E-03, 2.637187501E-03
       404, 4.999999929E+00, 6.256948846E-02, 1.738186250E-01, 9.724049096E-04, 3.583531891E-03, 4.563958056E-03,-3.076922907E-02,-3.472433597E-04,-3.761623672E-02, 1.522766081E-02
       405, 6.999999954E+00, 6.256948846E-02, 1.283517540E-01, 5.285079439E-04, 1.919933507E-03, 4.522783945E-03,-1.680041656E-02,-1.387150554E-04,-1.518283648E-02, 8.353595959E-03
       406, 8.999999951E+00, 6.256948940E-02, 1.017090431E-01, 3.316685739E-04, 1.195443344E-03, 4.501728741E-03,-1.056484274E-02,-6.892935996E-05,-7.575274357E-03, 5.263999970E-03
       407, 1.099999988E+01, 6.256948846E-02, 8.420741603E-02, 2.273599662E-04, 8.156839436E-04, 4.489017739E-03,-7.250141055E-03,-3.915080678E-05,-4.309761632E-03, 3.616389745E-03
       408, 1.299999997E+01, 6.256948846E-02, 7.183383210E-02, 1.654647438E-04, 5.919527618E-04, 4.480553170E-03,-5.279812903E-03,-2.434153424E-05,-2.681376304E-03, 2.635297074E-03
       409, 4.999999929E+00, 6.695173415E-02, 1.736482233E-01, 1.038990116E-03, 3.583554702E-03, 4.564346386E-03,-3.067891706E-02,-3.704841577E-04,-4.018683741E-02, 1.516006769E-02
       410, 6.999999954E+00, 6.695173415E-02, 1.282829512E-01, 5.650718611E-04, 1.919964280E-03, 4.523022549E-03,-1.677350203E-02,-1.481945292E-04,-1.623174869E-02, 8.333433234E-03
       411, 8.999999951E+00, 6.695173514E-02, 1.016747092E-01, 3.547194582E-04, 1.195460160E-03, 4.501886472E-03,-1.055419147E-02,-7.368309774E-05,-8.101193876E-03, 5.256017826E-03
       412, 1.099999988E+01, 6.695173415E-02, 8.418788092E-02, 2.431997396E-04, 8.156930642E-04, 4.489128813E-03,-7.245120058E-03,-4.186386337E-05,-4.609776203E-03, 3.612626750E-03
       413, 1.299999997E+01, 6.695173415E-02, 7.182167737E-02, 1.770089415E-04, 5.919579840E-04, 4.480635318E-03,-5.277145299E-03,-2.603309028E-05,-2.868355015E-03, 2.633297870E-03
       414, 4.999999929E+00, 7.127642538E-02, 1.734690408E-01, 1.104401256E-03, 3.583567868E-03, 4.564749766E-03,-3.058405052E-02,-3.932080229E-04,-4.271145214E-02, 1.508907984E-02
       415, 6.999999954E+00, 7.127642538E-02, 1.282105510E-01, 6.010661403E-04, 1.919994887E-03, 4.523272142E-03,-1.674519670E-02,-1.575029212E-04,-1.726415033E-02, 8.312228112E-03
       416, 8.999999951E+00, 7.127642644E-02, 1.016385684E-01, 3.774321876E-04, 1.195477417E-03, 4.502051915E-03,-1.054298376E-02,-7.835975997E-05,-8.619346222E-03, 5.247617124E-03
       417, 1.099999988E+01, 7.127642538E-02, 8.416731402E-02, 2.588147810E-04, 8.157025228E-04, 4.489245474E-03,-7.239835245E-03,-4.453553888E-05,-4.905519356E-03, 3.608664726E-03
       418, 1.299999997E+01, 7.127642538E-02, 7.180887920E-02, 1.883926485E-04, 5.919634269E-04, 4.480721666E-03,-5.274337072E-03,-2.769980259E-05,-3.052733947E-03, 2.631192048E-03
       419, 4.999999929E+00, 7.554431806E-02, 1.732815331E-01, 1.168643630E-03, 3.583569775E-03, 4.565166436E-03,-3.048488519E-02,-4.154148939E-04,-4.519029851E-02, 1.501491104E-02
       420, 6.999999954E+00, 7.554431806E-02, 1.281347300E-01, 6.364951158E-04, 1.920024992E-03, 4.523531894E-03,-1.671557206E-02,-1.666408801E-04,-1.828016526E-02, 8.290044082E-03
       421, 8.999999951E+00, 7.554431918E-02, 1.016007071E-01, 3.998099340E-04, 1.195495008E-03, 4.502224586E-03,-1.053124704E-02,-8.295983821E-05,-9.129803117E-03, 5.238824178E-03
       422, 1.099999988E+01, 7.554431806E-02, 8.414576394E-02, 2.742074376E-04, 8.157122755E-04, 4.489367406E-03,-7.234299316E-03,-4.716617078E-05,-5.197035119E-03, 3.604516903E-03
       423, 1.299999997E+01, 7.554431806E-02, 7.179546762E-02, 1.996176495E-04, 5.919690692E-04, 4.480811988E-03,-5.271394907E-03,-2.934190283E-05,-3.234542239E-03, 2.628987469E-03
       424, 4.999999929E+00, 7.975615815E-02, 1.730861421E-01, 1.231723654E-03, 3.583558855E-03, 4.565594683E-03,-3.038166905E-02,-4.371055847E-04,-4.762363760E-02, 1.493771709E-02
       425, 6.999999954E+00, 7.975615815E-02, 1.280556593E-01, 6.713634160E-04, 1.920054262E-03, 4.523800995E-03,-1.668469737E-02,-1.756092336E-04,-1.927992563E-02, 8.266918658E-03
       426, 8.999999951E+00, 7.975615934E-02, 1.015612089E-01, 4.218559694E-04, 1.195512829E-03, 4.502404014E-03,-1.051900788E-02,-8.748387904E-05,-9.632638308E-03, 5.229650224E-03
       427, 1.099999988E+01, 7.975615815E-02, 8.412327776E-02, 2.893800944E-04, 8.157222791E-04, 4.489494300E-03,-7.228524573E-03,-4.975611728E-05,-5.484368012E-03, 3.600186647E-03
       428, 1.299999997E+01, 7.975615815E-02, 7.178147172E-02, 2.106857443E-04, 5.919748904E-04, 4.480906065E-03,-5.268325270E-03,-3.095963262E-05,-3.413809010E-03, 2.626685054E-03
       429, 4.999999929E+00, 8.391268182E-02, 1.728832958E-01, 1.293648528E-03, 3.583533595E-03, 4.566032848E-03,-3.027464233E-02,-4.582816051E-04,-5.001177094E-02, 1.485776071E-02
       430, 6.999999954E+00, 8.391268182E-02, 1.279735046E-01, 7.056758262E-04, 1.920082378E-03, 4.524078663E-03,-1.665263971E-02,-1.844089239E-04,-2.026357121E-02, 8.242940778E-03
       431, 8.999999951E+00, 8.391268308E-02, 1.015201549E-01, 4.435735901E-04, 1.195530776E-03, 4.502589743E-03,-1.050629201E-02,-9.193246192E-05,-1.012792748E-02, 5.220137029E-03
       432, 1.099999988E+01, 8.391268182E-02, 8.409990108E-02, 3.043351268E-04, 8.157324920E-04, 4.489625856E-03,-7.222522927E-03,-5.230574483E-05,-5.767563523E-03, 3.595697757E-03
       433, 1.299999997E+01, 8.391268182E-02, 7.176691966E-02, 2.215987153E-04, 5.919808702E-04, 4.481003687E-03,-5.265134418E-03,-3.255323678E-05,-3.590563242E-03, 2.624299919E-03
       434, 4.999999929E+00, 8.801461558E-02, 1.726734084E-01, 1.354426777E-03, 3.583492538E-03, 4.566479326E-03,-3.016403744E-02,-4.789453731E-04,-5.235504036E-02, 1.477492359E-02
       435, 6.999999954E+00, 8.801461558E-02, 1.278884263E-01, 7.394375495E-04, 1.920109028E-03, 4.524364137E-03,-1.661946405E-02,-1.930410847E-04,-2.123124961E-02, 8.218022254E-03
       436, 8.999999951E+00, 8.801461690E-02, 1.014776235E-01, 4.649662736E-04, 1.195548751E-03, 4.502781331E-03,-1.049312432E-02,-9.630623076E-05,-1.061574853E-02, 5.210223714E-03
       437, 1.099999988E+01, 8.801461558E-02, 8.407567805E-02, 3.190750056E-04, 8.157428735E-04, 4.489761784E-03,-7.216305920E-03,-5.481544453E-05,-6.046667951E-03, 3.591006697E-03
       438, 1.299999997E+01, 8.801461558E-02, 7.175183871E-02, 2.323584003E-04, 5.919869892E-04, 4.481104647E-03,-5.261828416E-03,-3.412297182E-05,-3.764833826E-03, 2.621799328E-03
       439, 4.999999929E+00, 9.206267639E-02, 1.724568807E-01, 1.414066218E-03, 3.583434297E-03, 4.566932568E-03,-3.005007893E-02,-4.990992422E-04,-5.465381081E-02, 1.469015098E-02
       440, 6.999999954E+00, 9.206267639E-02, 1.278005798E-01, 7.726532591E-04, 1.920133913E-03, 4.524656683E-03,-1.658523327E-02,-2.015067598E-04,-2.218310962E-02, 8.192566484E-03
       441, 8.999999951E+00, 9.206267776E-02, 1.014336908E-01, 4.860371254E-04, 1.195566657E-03, 4.502978351E-03,-1.047952892E-02,-1.006057603E-04,-1.109617837E-02, 5.200133950E-03
       442, 1.099999988E+01, 9.206267639E-02, 8.405065140E-02, 3.336019326E-04, 8.157533844E-04, 4.489901805E-03,-7.209884726E-03,-5.728556399E-05,-6.321726151E-03, 3.586256436E-03
       443, 1.299999997E+01, 9.206267639E-02, 7.173625527E-02, 2.429664350E-04, 5.919932285E-04, 4.481208747E-03,-5.258413145E-03,-3.566906449E-05,-3.936649235E-03, 2.619282664E-03
       444, 4.999999929E+00, 9.605757177E-02, 1.722341003E-01, 1.472579496E-03, 3.583357551E-03, 4.567391086E-03,-2.993298372E-02,-5.187482102E-04,-5.691861581E-02, 1.460245036E-02
       445, 6.999999954E+00, 9.605757177E-02, 1.277101152E-01, 8.053296073E-04, 1.920156747E-03, 4.524955591E-03,-1.655000817E-02,-2.098077241E-04,-2.312353751E-02, 8.166075738E-03
       446, 8.999999951E+00, 9.605757321E-02, 1.013884302E-01, 5.067903167E-04, 1.195584402E-03, 4.503180388E-03,-1.046552914E-02,-1.048319078E-04,-1.157143794E-02, 5.189568399E-03
       447, 1.099999988E+01, 9.605757177E-02, 8.402486249E-02, 3.479187773E-04, 8.157639870E-04, 4.490045645E-03,-7.203270155E-03,-5.971659239E-05,-6.594011349E-03, 3.581246688E-03
       448, 1.299999997E+01, 9.605757177E-02, 7.172019488E-02, 2.534249129E-04, 5.919995699E-04, 4.481315795E-03,-5.254894294E-03,-3.719182068E-05,-4.106805792E-03, 2.616606688E-03
       449, 4.999999929E+00, 1.000000000E-01, 1.720054411E-01, 1.529978373E-03, 3.583261036E-03, 4.567853444E-03,-2.981296101E-02,-5.378969022E-04,-5.913297260E-02, 1.451277837E-02
       450, 6.999999954E+00, 1.000000000E-01, 1.276171778E-01, 8.374728077E-04, 1.920177252E-03, 4.525260175E-03,-1.651384744E-02,-2.179456235E-04,-2.404560283E-02, 8.139014203E-03
       451, 8.999999951E+00, 1.000000015E-01, 1.013419127E-01, 5.272297519E-04, 1.195601897E-03, 4.503387042E-03,-1.045114756E-02,-1.089854750E-04,-1.203801100E-02, 5.178802247E-03
       452, 1.099999988E+01, 1.000000000E-01, 8.399835128E-02, 3.620282272E-04, 8.157746444E-04, 4.490193044E-03,-7.196472644E-03,-6.210899009E-05,-6.861508735E-03, 3.576159506E-03
       453, 1.299999997E+01, 1.000000000E-01, 7.170368224E-02, 2.637357987E-04, 5.920059956E-04, 4.481425605E-03,-5.251277353E-03,-3.869152849E-05,-4.274048273E-03, 2.613901879E-03
       454, 4.999999929E+00, 1.037429218E-01, 1.717803108E-01, 1.584136392E-03, 3.583148476E-03, 4.568300494E-03,-2.969495118E-02,-5.558426558E-04,-6.119445011E-02, 1.442509727E-02
       455, 6.999999954E+00, 1.037429218E-01, 1.275255899E-01, 8.678874299E-04, 1.920194534E-03, 4.525557866E-03,-1.647823878E-02,-2.256191882E-04,-2.490650195E-02, 8.112540095E-03
       456, 8.999999951E+00, 1.037429233E-01, 1.012960511E-01, 5.465940405E-04, 1.195618409E-03, 4.503589798E-03,-1.043697568E-02,-1.129121656E-04,-1.247420897E-02, 5.168277676E-03
       457, 1.099999988E+01, 1.037429218E-01, 8.397220777E-02, 3.754042492E-04, 8.157849138E-04, 4.490337931E-03,-7.189771727E-03,-6.437373149E-05,-7.111777911E-03, 3.571193589E-03
       458, 1.299999997E+01, 1.037429218E-01, 7.168739618E-02, 2.735144931E-04, 5.920122397E-04, 4.481533658E-03,-5.247711033E-03,-4.011232585E-05,-4.430598375E-03, 2.611266729E-03
       459, 4.999999929E+00, 1.075400176E-01, 1.715439701E-01, 1.638731764E-03, 3.583011635E-03, 4.568761063E-03,-2.957123656E-02,-5.738071662E-04,-6.327860661E-02, 1.433253352E-02
       460, 6.999999954E+00, 1.075400176E-01, 1.274293505E-01, 8.986372577E-04, 1.920209571E-03, 4.525868030E-03,-1.644085059E-02,-2.333496311E-04,-2.577946767E-02, 8.084431819E-03
       461, 8.999999951E+00, 1.075400192E-01, 1.012478396E-01, 5.661966944E-04, 1.195634980E-03, 4.503801889E-03,-1.042208502E-02,-1.168784878E-04,-1.291711147E-02, 5.157037740E-03
       462, 1.099999988E+01, 1.075400176E-01, 8.394471806E-02, 3.889540101E-04, 8.157954552E-04, 4.490489778E-03,-7.182728243E-03,-6.666446879E-05,-7.366075895E-03, 3.565855301E-03
       463, 1.299999997E+01, 1.075400176E-01, 7.167026888E-02, 2.834241262E-04, 5.920187062E-04, 4.481647022E-03,-5.243961563E-03,-4.155059045E-05,-4.589736749E-03, 2.608412042E-03
       464, 4.999999929E+00, 1.113920715E-01, 1.712960787E-01, 1.693753120E-03, 3.582847604E-03, 4.569234507E-03,-2.944166404E-02,-5.917784535E-04,-6.539702871E-02, 1.423604007E-02
       465, 6.999999954E+00, 1.113920715E-01, 1.273283078E-01, 9.297218804E-04, 1.920221923E-03, 4.526190754E-03,-1.640162815E-02,-2.411349428E-04,-2.666946409E-02, 8.055174181E-03
       466, 8.999999951E+00, 1.113920731E-01, 1.011971988E-01, 5.860391820E-04, 1.195651518E-03, 4.504023501E-03,-1.040645216E-02,-1.208841233E-04,-1.336925744E-02, 5.145378790E-03
       467, 1.099999988E+01, 1.113920715E-01, 8.391583599E-02, 4.026791668E-04, 8.158062474E-04, 4.490648764E-03,-7.175330727E-03,-6.898123689E-05,-7.625858077E-03, 3.560344652E-03
       468, 1.299999997E+01, 1.113920715E-01, 7.165227123E-02, 2.934661885E-04, 5.920253910E-04, 4.481765852E-03,-5.240022720E-03,-4.300642658E-05,-4.752365900E-03, 2.605482671E-03
       469, 4.999999929E+00, 1.152998790E-01, 1.710362907E-01, 1.749184702E-03, 3.582653197E-03, 4.569720071E-03,-2.930607980E-02,-6.097422348E-04,-6.753072221E-02, 1.413505654E-02
       470, 6.999999954E+00, 1.152998790E-01, 1.272223063E-01, 9.611390459E-04, 1.920231098E-03, 4.526526099E-03,-1.636051582E-02,-2.489724597E-04,-2.756877339E-02, 8.024452958E-03
       471, 8.999999951E+00, 1.152998807E-01, 1.011440475E-01, 6.061219830E-04, 1.195667920E-03, 4.504254817E-03,-1.039005322E-02,-1.249284881E-04,-1.382678869E-02, 5.133103112E-03
       472, 1.099999988E+01, 1.152998790E-01, 8.388551421E-02, 4.165807601E-04, 8.158172653E-04, 4.490815066E-03,-7.167567422E-03,-7.132394379E-05,-7.888927114E-03, 3.554526248E-03
       473, 1.299999997E+01, 1.152998790E-01, 7.163337336E-02, 3.036417515E-04, 5.920322886E-04, 4.481890298E-03,-5.235888123E-03,-4.447986430E-05,-4.917118550E-03, 2.602380468E-03
       474, 4.999999929E+00, 1.192642470E-01, 1.707642546E-01, 1.805009037E-03, 3.582424962E-03, 4.570216880E-03,-2.916432941E-02,-6.276827013E-04,-6.967904259E-02, 1.402950229E-02
       475, 6.999999954E+00, 1.192642470E-01, 1.271111867E-01, 9.928862714E-04, 1.920236560E-03, 4.526874095E-03,-1.631745689E-02,-2.568592341E-04,-2.847732410E-02, 7.992290893E-03
       476, 8.999999951E+00, 1.192642488E-01, 1.010883023E-01, 6.264456508E-04, 1.195684071E-03, 4.504496009E-03,-1.037286375E-02,-1.290109412E-04,-1.428971777E-02, 5.120247129E-03
       477, 1.099999988E+01, 1.192642470E-01, 8.385370400E-02, 4.306599665E-04, 8.158284804E-04, 4.490988862E-03,-7.159426260E-03,-7.369249160E-05,-8.155305903E-03, 3.548433927E-03
       478, 1.299999997E+01, 1.192642470E-01, 7.161354452E-02, 3.139520228E-04, 5.920393920E-04, 4.482020517E-03,-5.231551197E-03,-4.597094253E-05,-5.084016329E-03, 2.599134293E-03
       479, 4.999999929E+00, 1.232859942E-01, 1.704796126E-01, 1.861207330E-03, 3.582159168E-03, 4.570723933E-03,-2.901625801E-02,-6.455833211E-04,-7.184127908E-02, 1.391928773E-02
       480, 6.999999954E+00, 1.232859942E-01, 1.269947862E-01, 1.024960590E-03, 1.920237722E-03, 4.527234739E-03,-1.627239367E-02,-2.647920940E-04,-2.939502416E-02, 7.958635111E-03
       481, 8.999999951E+00, 1.232859960E-01, 1.010298773E-01, 6.470105145E-04, 1.195699843E-03, 4.504747242E-03,-1.035485872E-02,-1.331307685E-04,-1.475804864E-02, 5.106778838E-03
       482, 1.099999988E+01, 1.232859942E-01, 8.382035528E-02, 4.449178394E-04, 8.158398603E-04, 4.491170326E-03,-7.150894853E-03,-7.608674944E-05,-8.425013543E-03, 3.542046636E-03
       483, 1.299999997E+01, 1.232859942E-01, 7.159275305E-02, 3.243981364E-04, 5.920466930E-04, 4.482156665E-03,-5.227005175E-03,-4.747968571E-05,-5.253077195E-03, 2.595729235E-03
       484, 4.999999929E+00, 1.273659511E-01, 1.701820018E-01, 1.917759506E-03, 3.581851793E-03, 4.571240089E-03,-2.886171038E-02,-6.634266985E-04,-7.401667834E-02, 1.380431344E-02
       485, 6.999999954E+00, 1.273659511E-01, 1.268729381E-01, 1.057358672E-03, 1.920233944E-03, 4.527607994E-03,-1.622526749E-02,-2.727676366E-04,-3.032177094E-02, 7.923451194E-03
       486, 8.999999951E+00, 1.273659530E-01, 1.009686848E-01, 6.678167900E-04, 1.195715096E-03, 4.505008669E-03,-1.033601250E-02,-1.372871880E-04,-1.523178238E-02, 5.092685816E-03
       487, 1.099999988E+01, 1.273659511E-01, 8.378541655E-02, 4.593554010E-04, 8.158513680E-04, 4.491359634E-03,-7.141960513E-03,-7.850655937E-05,-8.698068519E-03, 3.535360058E-03
       488, 1.299999997E+01, 1.273659511E-01, 7.157096637E-02, 3.349812219E-04, 5.920541818E-04, 4.482298896E-03,-5.222243118E-03,-4.900610759E-05,-5.424318207E-03, 2.592163554E-03
       489, 4.999999929E+00, 1.315049601E-01, 1.698710534E-01, 1.974644098E-03, 3.581498497E-03, 4.571764060E-03,-2.870053114E-02,-6.811945144E-04,-7.620444546E-02, 1.368446832E-02
       490, 6.999999954E+00, 1.315049601E-01, 1.267454718E-01, 1.090076741E-03, 1.920224526E-03, 4.527993781E-03,-1.617601877E-02,-2.807822314E-04,-3.125745061E-02, 7.886692049E-03
       491, 8.999999951E+00, 1.315049621E-01, 1.009046345E-01, 6.888645197E-04, 1.195729672E-03, 4.505280436E-03,-1.031629890E-02,-1.414793317E-04,-1.571091673E-02, 5.077946141E-03
       492, 1.099999988E+01, 1.315049601E-01, 8.374883490E-02, 4.739735984E-04, 8.158629623E-04, 4.491556956E-03,-7.132610237E-03,-8.095172866E-05,-8.974487397E-03, 3.528362638E-03
       493, 1.299999997E+01, 1.315049601E-01, 7.154815098E-02, 3.457023733E-04, 5.920618470E-04, 4.482447371E-03,-5.217257916E-03,-5.055020615E-05,-5.597756684E-03, 2.588430436E-03
       494, 4.999999929E+00, 1.357038760E-01, 1.695463937E-01, 2.031838200E-03, 3.581094617E-03, 4.572294402E-03,-2.853256506E-02,-6.988675150E-04,-7.840373980E-02, 1.355964474E-02
       495, 6.999999954E+00, 1.357038760E-01, 1.266122130E-01, 1.123110567E-03, 1.920208711E-03, 4.528391979E-03,-1.612458703E-02,-2.888320191E-04,-3.220193648E-02, 7.848314639E-03
       496, 8.999999951E+00, 1.357038781E-01, 1.008376339E-01, 7.101535810E-04, 1.195743401E-03, 4.505562672E-03,-1.029569122E-02,-1.457062512E-04,-1.619544494E-02, 5.062540964E-03
       497, 1.099999988E+01, 1.357038760E-01, 8.371055592E-02, 4.887733127E-04, 8.158745968E-04, 4.491762462E-03,-7.122830694E-03,-8.342203912E-05,-9.254284635E-03, 3.521045060E-03
       498, 1.299999997E+01, 1.357038760E-01, 7.152427239E-02, 3.565626585E-04, 5.920696751E-04, 4.482602246E-03,-5.212042272E-03,-5.211196655E-05,-5.773410123E-03, 2.584525307E-03
       499, 4.999999929E+00, 1.399635659E-01, 1.692076437E-01, 2.089317416E-03, 3.580635138E-03, 4.572829500E-03,-2.835765758E-02,-7.164255404E-04,-8.061366931E-02, 1.342973535E-02
       500, 6.999999954E+00, 1.399635659E-01, 1.264729835E-01, 1.156455448E-03, 1.920185672E-03, 4.528802422E-03,-1.607091086E-02,-2.969129077E-04,-3.315508840E-02, 7.808274783E-03
       501, 8.999999951E+00, 1.399635680E-01, 1.007675879E-01, 7.316836712E-04, 1.195756093E-03, 4.505855494E-03,-1.027416216E-02,-1.499669273E-04,-1.668535575E-02, 5.046449999E-03
       502, 1.099999988E+01, 1.399635659E-01, 8.367052372E-02, 5.037553488E-04, 8.158862198E-04, 4.491976317E-03,-7.112608213E-03,-8.591724568E-05,-9.537472835E-03, 3.513396799E-03
       503, 1.299999997E+01, 1.399635659E-01, 7.149929514E-02, 3.675631142E-04, 5.920776508E-04, 4.482763679E-03,-5.206588675E-03,-5.369136328E-05,-5.951294935E-03, 2.580442692E-03
       504, 4.999999929E+00, 1.442849094E-01, 1.688544196E-01, 2.147055811E-03, 3.580114684E-03, 4.573367561E-03,-2.817565506E-02,-7.338475245E-04,-8.283329036E-02, 1.329463513E-02
       505, 6.999999954E+00, 1.442849094E-01, 1.263276013E-01, 1.190106187E-03, 1.920154516E-03, 4.529224890E-03,-1.601492798E-02,-3.050205336E-04,-3.411675242E-02, 7.766528077E-03
       506, 8.999999951E+00, 1.442849115E-01, 1.006943992E-01, 7.534543001E-04, 1.195767543E-03, 4.506159005E-03,-1.025168386E-02,-1.542602604E-04,-1.718063350E-02, 5.029652945E-03
       507, 1.099999988E+01, 1.442849094E-01, 8.362868089E-02, 5.189204328E-04, 8.158977737E-04, 4.492198682E-03,-7.101928785E-03,-8.843707081E-05,-9.824063975E-03, 3.505407605E-03
       508, 1.299999997E+01, 1.442849094E-01, 7.147318275E-02, 3.787047434E-04, 5.920857568E-04, 4.482931829E-03,-5.200889400E-03,-5.528835916E-05,-6.131426211E-03, 2.576176712E-03
       509, 4.999999929E+00, 1.486687988E-01, 1.684863330E-01, 2.205025863E-03, 3.579527492E-03, 4.573906598E-03,-2.798640483E-02,-7.511114507E-04,-8.506161236E-02, 1.315424208E-02
       510, 6.999999954E+00, 1.486687988E-01, 1.261758805E-01, 1.224057069E-03, 1.920114273E-03, 4.529659110E-03,-1.595657531E-02,-3.131502450E-04,-3.508676175E-02, 7.723029084E-03
       511, 8.999999951E+00, 1.486688010E-01, 1.006179681E-01, 7.754647783E-04, 1.195777526E-03, 4.506473286E-03,-1.022822784E-02,-1.585850581E-04,-1.768125880E-02, 5.012128973E-03
       512, 1.099999988E+01, 1.486687988E-01, 8.358496847E-02, 5.342692071E-04, 8.159091949E-04, 4.492429713E-03,-7.090778079E-03,-9.098119688E-05,-1.011406917E-02, 3.497067105E-03
       513, 1.299999997E+01, 1.486687988E-01, 7.144589772E-02, 3.899885103E-04, 5.920939733E-04, 4.483106854E-03,-5.194936534E-03,-5.690289924E-05,-6.313817882E-03, 2.571721044E-03
       514, 4.999999929E+00, 1.531161394E-01, 1.681029916E-01, 2.263198417E-03, 3.578867398E-03, 4.574444419E-03,-2.778975551E-02,-7.681942609E-04,-8.729759944E-02, 1.300845616E-02
       515, 6.999999954E+00, 1.531161394E-01, 1.260176313E-01, 1.258301835E-03, 1.920063898E-03, 4.530104750E-03,-1.589578902E-02,-3.212971179E-04,-3.606493609E-02, 7.677731906E-03
       516, 8.999999951E+00, 1.531161417E-01, 1.005381923E-01, 7.977142078E-04, 1.195785793E-03, 4.506798404E-03,-1.020376507E-02,-1.629400220E-04,-1.818720799E-02, 4.993856984E-03
       517, 1.099999988E+01, 1.531161394E-01, 8.353932590E-02, 5.498022258E-04, 8.159204130E-04, 4.492669560E-03,-7.079141438E-03,-9.354926339E-05,-1.040749714E-02, 3.488364620E-03
       518, 1.299999997E+01, 1.531161394E-01, 7.141740148E-02, 4.014153380E-04, 5.921022780E-04, 4.483288909E-03,-5.188721982E-03,-5.853490978E-05,-6.498484060E-03, 2.567069695E-03
       519, 4.999999929E+00, 1.576278496E-01, 1.677039985E-01, 2.321542632E-03, 3.578127817E-03, 4.574978617E-03,-2.758555737E-02,-7.850718725E-04,-8.954016623E-02, 1.285717770E-02
       520, 6.999999954E+00, 1.576278496E-01, 1.258526602E-01, 1.292833663E-03, 1.920002258E-03, 4.530561410E-03,-1.583250461E-02,-3.294559578E-04,-3.705107984E-02, 7.630590413E-03
       521, 8.999999951E+00, 1.576278520E-01, 1.004549670E-01, 8.202014706E-04, 1.195792077E-03, 4.507134401E-03,-1.017826601E-02,-1.673237537E-04,-1.869845179E-02, 4.974815443E-03
       522, 1.099999988E+01, 1.576278496E-01, 8.349169100E-02, 5.655199484E-04, 8.159313503E-04, 4.492918366E-03,-7.067003854E-03,-9.614087686E-05,-1.070435395E-02, 3.479289033E-03
       523, 1.299999997E+01, 1.576278496E-01, 7.138765440E-02, 4.129861079E-04, 5.921106460E-04, 4.483478149E-03,-5.182237447E-03,-6.018429977E-05,-6.685438977E-03, 2.562216964E-03
       524, 4.999999929E+00, 1.622048611E-01, 1.672889537E-01, 2.380025925E-03, 3.577301721E-03, 4.575506550E-03,-2.737366302E-02,-8.017192187E-04,-9.178817191E-02, 1.270030841E-02
       525, 6.999999954E+00, 1.622048611E-01, 1.256807697E-01, 1.327645140E-03, 1.919928134E-03, 4.531028624E-03,-1.576665683E-02,-3.376212949E-04,-3.804498140E-02, 7.581558707E-03
       526, 8.999999951E+00, 1.622048635E-01, 1.003681850E-01, 8.429252171E-04, 1.195796085E-03, 4.507481298E-03,-1.015170056E-02,-1.717347682E-04,-1.921495535E-02, 4.954982434E-03
       527, 1.099999988E+01, 1.622048611E-01, 8.344199996E-02, 5.814227331E-04, 8.159419215E-04, 4.493176266E-03,-7.054349964E-03,-9.875560976E-05,-1.100464328E-02, 3.469828792E-03
       528, 1.299999997E+01, 1.622048611E-01, 7.135661573E-02, 4.247016575E-04, 5.921190492E-04, 4.483674729E-03,-5.175474396E-03,-6.185096371E-05,-6.874695520E-03, 2.557156844E-03
       529, 4.999999929E+00, 1.668481190E-01, 1.668574535E-01, 2.438613915E-03, 3.576381622E-03, 4.576025333E-03,-2.715392772E-02,-8.181102634E-04,-9.404042054E-02, 1.253775357E-02
       530, 6.999999954E+00, 1.668481190E-01, 1.255017587E-01, 1.362728241E-03, 1.919840213E-03, 4.531505848E-03,-1.569817982E-02,-3.457873377E-04,-3.904641291E-02, 7.530590390E-03
       531, 8.999999951E+00, 1.668481215E-01, 1.002777363E-01, 8.658838548E-04, 1.195797500E-03, 4.507839087E-03,-1.012403805E-02,-1.761714810E-04,-1.973667837E-02, 4.934335662E-03
       532, 1.099999988E+01, 1.668481190E-01, 8.339018729E-02, 5.975108308E-04, 8.159520328E-04, 4.493443388E-03,-7.041164048E-03,-1.013929934E-04,-1.130836785E-02, 3.459972351E-03
       533, 1.299999997E+01, 1.668481190E-01, 7.132424360E-02, 4.365627752E-04, 5.921274567E-04, 4.483878800E-03,-5.168424062E-03,-6.353478068E-05,-7.066264941E-03, 2.551882606E-03
       534, 4.999999929E+00, 1.715585821E-01, 1.664090917E-01, 2.497270384E-03, 3.575359551E-03, 4.576531821E-03,-2.692620945E-02,-8.342179570E-04,-9.629566669E-02, 1.236942347E-02
       535, 6.999999954E+00, 1.715585821E-01, 1.253154221E-01, 1.398074302E-03, 1.919737080E-03, 4.531992460E-03,-1.562700719E-02,-3.539479529E-04,-4.005513126E-02, 7.477638404E-03
       536, 8.999999951E+00, 1.715585846E-01, 1.001835086E-01, 8.890755355E-04, 1.195795977E-03, 4.508207735E-03,-1.009524722E-02,-1.806321928E-04,-2.026357575E-02, 4.912852496E-03
       537, 1.099999988E+01, 1.715585821E-01, 8.333618581E-02, 6.137843808E-04, 8.159615819E-04, 4.493719847E-03,-7.027430057E-03,-1.040525086E-04,-1.161552909E-02, 3.449708184E-03
       538, 1.299999997E+01, 1.715585821E-01, 7.129049500E-02, 4.485701950E-04, 5.921358340E-04, 4.484090508E-03,-5.161077479E-03,-6.523560690E-05,-7.260157021E-03, 2.546387114E-03
       539, 4.999999929E+00, 1.763372232E-01, 1.659434592E-01, 2.555957236E-03, 3.574227040E-03, 4.577022595E-03,-2.669036929E-02,-8.500141340E-04,-9.855261790E-02, 1.219523193E-02
       540, 6.999999954E+00, 1.763372232E-01, 1.251215512E-01, 1.433673991E-03, 1.919617218E-03, 4.532487749E-03,-1.555307206E-02,-3.620966883E-04,-4.107087751E-02, 7.422655416E-03
       541, 8.999999951E+00, 1.763372258E-01, 1.000853868E-01, 9.124981431E-04, 1.195791144E-03, 4.508587178E-03,-1.006529630E-02,-1.851150747E-04,-2.079559702E-02, 4.890510021E-03
       542, 1.099999988E+01, 1.763372232E-01, 8.327992659E-02, 6.302434038E-04, 8.159704565E-04, 4.494005751E-03,-7.013131602E-03,-1.067335820E-04,-1.192612550E-02, 3.439024408E-03
       543, 1.299999997E+01, 1.763372232E-01, 7.125532573E-02, 4.607245931E-04, 5.921441431E-04, 4.484310000E-03,-5.153425487E-03,-6.695327484E-05,-7.456381555E-03, 2.540663596E-03
       544, 4.999999929E+00, 1.811850290E-01, 1.654601451E-01, 2.614634439E-03, 3.572975100E-03, 4.577493945E-03,-2.644627194E-02,-8.654695449E-04,-1.008099307E-01, 1.201509449E-02
       545, 6.999999954E+00, 1.811850290E-01, 1.249199335E-01, 1.469517283E-03, 1.919478997E-03, 4.532990912E-03,-1.547630722E-02,-3.702267771E-04,-4.209337490E-02, 7.365594202E-03
       546, 8.999999951E+00, 1.811850317E-01, 9.998325326E-02, 9.361492811E-04, 1.195782595E-03, 4.508977316E-03,-1.003415303E-02,-1.896181751E-04,-2.133268496E-02, 4.867284949E-03
       547, 1.099999988E+01, 1.811850290E-01, 8.322133894E-02, 6.468877954E-04, 8.159785345E-04, 4.494301192E-03,-6.998251939E-03,-1.094355985E-04,-1.224015232E-02, 3.427908692E-03
       548, 1.299999997E+01, 1.811850290E-01, 7.121869042E-02, 4.730265875E-04, 5.921523419E-04, 4.484537416E-03,-5.145458710E-03,-6.868759464E-05,-7.654948320E-03, 2.534705652E-03
       549, 4.999999929E+00, 1.861030006E-01, 1.649587369E-01, 2.673259976E-03, 3.571594201E-03, 4.577941856E-03,-2.619378644E-02,-8.805539224E-04,-1.030662049E-01, 1.182892973E-02
       550, 6.999999954E+00, 1.861030006E-01, 1.247103530E-01, 1.505593436E-03, 1.919320669E-03, 4.533501044E-03,-1.539664503E-02,-3.783311349E-04,-4.312232828E-02, 7.306408153E-03
       551, 8.999999951E+00, 1.861030034E-01, 9.987698757E-02, 9.600262585E-04, 1.195769896E-03, 4.509378017E-03,-1.000178468E-02,-1.941394373E-04,-2.187477552E-02, 4.843153651E-03
       552, 1.099999988E+01, 1.861030006E-01, 8.316035039E-02, 6.637173173E-04, 8.159856827E-04, 4.494606250E-03,-6.982773957E-03,-1.121579006E-04,-1.255760181E-02, 3.416348240E-03
       553, 1.299999997E+01, 1.861030006E-01, 7.118054245E-02, 4.854767350E-04, 5.921603842E-04, 4.484772891E-03,-5.137167519E-03,-7.043835735E-05,-7.855865453E-03, 2.528506536E-03
       554, 4.999999929E+00, 1.910921536E-01, 1.644388209E-01, 2.731789794E-03, 3.570074258E-03, 4.578361992E-03,-2.593278660E-02,-8.952360158E-04,-1.053199842E-01, 1.163666139E-02
       555, 6.999999954E+00, 1.910921536E-01, 1.244925899E-01, 1.541890962E-03, 1.919140362E-03, 4.534017137E-03,-1.531401760E-02,-3.864023048E-04,-4.415742379E-02, 7.245050458E-03
       556, 8.999999951E+00, 1.910921564E-01, 9.976646677E-02, 9.841260763E-04, 1.195752574E-03, 4.509789106E-03,-9.968157975E-03,-1.986766845E-04,-2.242179802E-02, 4.818092187E-03
       557, 1.099999988E+01, 1.910921536E-01, 8.309688668E-02, 6.807315905E-04, 8.159917562E-04, 4.494920989E-03,-6.966680183E-03,-1.148997791E-04,-1.287846475E-02, 3.404330292E-03
       558, 1.299999997E+01, 1.910921536E-01, 7.114083397E-02, 4.980755250E-04, 5.921682192E-04, 4.485016557E-03,-5.128542035E-03,-7.220533397E-05,-8.059139113E-03, 2.522058694E-03
       559, 4.999999929E+00, 1.961535182E-01, 1.638999828E-01, 2.790177770E-03, 3.568404606E-03, 4.578749677E-03,-2.566315114E-02,-9.094835470E-04,-1.075697633E-01, 1.143822102E-02
       560, 6.999999954E+00, 1.961535182E-01, 1.242664210E-01, 1.578397599E-03, 1.918936076E-03, 4.534538067E-03,-1.522835687E-02,-3.944324350E-04,-4.519833008E-02, 7.181473915E-03
       561, 8.999999951E+00, 1.961535212E-01, 9.965156518E-02, 1.008445413E-03, 1.195730123E-03, 4.510210366E-03,-9.933239091E-03,-2.032276009E-04,-2.297367583E-02, 4.792076341E-03
       562, 1.099999988E+01, 1.961535182E-01, 8.303087167E-02, 6.979300894E-04, 8.159965978E-04, 4.495245456E-03,-6.949952812E-03,-1.176604624E-04,-1.320273019E-02, 3.391842150E-03
       563, 1.299999997E+01, 1.961535182E-01, 7.109951585E-02, 5.108233727E-04, 5.921757915E-04, 4.485268536E-03,-5.119572169E-03,-7.398826663E-05,-8.264773636E-03, 2.515354118E-03
       564, 4.999999929E+00, 2.012881397E-01, 1.633418084E-01, 2.848375683E-03, 3.566573986E-03, 4.579099881E-03,-2.538476403E-02,-9.232631124E-04,-1.098139909E-01, 1.123354341E-02
       565, 6.999999954E+00, 2.012881397E-01, 1.240316197E-01, 1.615100280E-03, 1.918705670E-03, 4.535062586E-03,-1.513959477E-02,-4.024133093E-04,-4.624469765E-02, 7.115631411E-03
       566, 8.999999951E+00, 2.012881427E-01, 9.953215443E-02, 1.032980611E-03, 1.195701995E-03, 4.510641535E-03,-9.896993782E-03,-2.077897138E-04,-2.353032574E-02, 4.765081687E-03
       567, 1.099999988E+01, 2.012881397E-01, 8.296222737E-02, 7.153121342E-04, 8.160000370E-04, 4.495579682E-03,-6.932573707E-03,-1.204391115E-04,-1.353038356E-02, 3.378870749E-03
       568, 1.299999997E+01, 2.012881397E-01, 7.105653769E-02, 5.237206153E-04, 5.921830402E-04, 4.485528946E-03,-5.110247630E-03,-7.578686779E-05,-8.472773130E-03, 2.508385230E-03
       569, 4.999999929E+00, 2.064970782E-01, 1.627638840E-01, 2.906333148E-03, 3.564570524E-03, 4.579407200E-03,-2.509751517E-02,-9.365401945E-04,-1.120510667E-01, 1.102257338E-02
       570, 6.999999954E+00, 2.064970782E-01, 1.237879561E-01, 1.651985107E-03, 1.918446863E-03, 4.535589321E-03,-1.504766327E-02,-4.103363555E-04,-4.729615701E-02, 7.047476348E-03
       571, 8.999999951E+00, 2.064970813E-01, 9.940810343E-02, 1.057727659E-03, 1.195667603E-03, 4.511082300E-03,-9.859387399E-03,-2.123604037E-04,-2.409165648E-02, 4.737083497E-03
       572, 1.099999988E+01, 2.064970782E-01, 8.289087391E-02, 7.328768823E-04, 8.160018891E-04, 4.495923674E-03,-6.914524377E-03,-1.232348359E-04,-1.386140638E-02, 3.365402572E-03
       573, 1.299999997E+01, 2.064970782E-01, 7.101184777E-02, 5.367675113E-04, 5.921898990E-04, 4.485797895E-03,-5.100557904E-03,-7.760082159E-05,-8.683141467E-03, 2.501144899E-03
       574, 4.999999929E+00, 2.117814095E-01, 1.621657970E-01, 2.963997620E-03, 3.562381718E-03, 4.579665841E-03,-2.480130119E-02,-9.492793804E-04,-1.142793352E-01, 1.080524088E-02
       575, 6.999999954E+00, 2.117814095E-01, 1.235351969E-01, 1.689037321E-03, 1.918157220E-03, 4.536116756E-03,-1.495249443E-02,-4.181926448E-04,-4.835231805E-02, 6.976963287E-03
       576, 8.999999951E+00, 2.117814126E-01, 9.927927842E-02, 1.082682182E-03, 1.195626316E-03, 4.511532296E-03,-9.820384901E-03,-2.169369263E-04,-2.465756871E-02, 4.708056797E-03
       577, 1.099999988E+01, 2.117814095E-01, 8.281672949E-02, 7.506233187E-04, 8.160019543E-04, 4.496277420E-03,-6.895785965E-03,-1.260466924E-04,-1.419577656E-02, 3.351423622E-03
       578, 1.299999997E+01, 2.117814095E-01, 7.096539300E-02, 5.499642363E-04, 5.921962956E-04, 4.486075483E-03,-5.090492210E-03,-7.942978749E-05,-8.895880545E-03, 2.493625610E-03
       579, 4.999999929E+00, 2.171422247E-01, 1.615471367E-01, 3.021314220E-03, 3.559994419E-03, 4.579869605E-03,-2.449602599E-02,-9.614444372E-04,-1.164970885E-01, 1.058152586E-02
       580, 6.999999954E+00, 2.171422247E-01, 1.232731058E-01, 1.726241276E-03, 1.917834147E-03, 4.536643232E-03,-1.485402055E-02,-4.259728282E-04,-4.941276990E-02, 6.904046857E-03
       581, 8.999999951E+00, 2.171422280E-01, 9.914554291E-02, 1.107839417E-03, 1.195577454E-03, 4.511991099E-03,-9.779950795E-03,-2.215163943E-04,-2.522795520E-02, 4.677976400E-03
       582, 1.099999988E+01, 2.171422247E-01, 8.273971039E-02, 7.685502468E-04, 8.160000169E-04, 4.496640882E-03,-6.876339267E-03,-1.288736743E-04,-1.453346988E-02, 3.336919978E-03
       583, 1.299999997E+01, 2.171422247E-01, 7.091711896E-02, 5.633108767E-04, 5.922021515E-04, 4.486361800E-03,-5.080039503E-03,-8.127339944E-05,-9.110989907E-03, 2.485818966E-03
       584, 4.999999929E+00, 2.225806310E-01, 1.609074949E-01, 3.078225906E-03, 3.557394820E-03, 4.580011863E-03,-2.418160080E-02,-9.729975108E-04,-1.187025733E-01, 1.035135965E-02
       585, 6.999999954E+00, 2.225806310E-01, 1.230014434E-01, 1.763580409E-03, 1.917474885E-03, 4.537166931E-03,-1.475217427E-02,-4.336671149E-04,-5.047708220E-02, 6.828682101E-03
       586, 8.999999951E+00, 2.225806343E-01, 9.900675774E-02, 1.133194206E-03, 1.195520292E-03, 4.512458222E-03,-9.738049159E-03,-2.260957553E-04,-2.580270148E-02, 4.646816933E-03
       587, 1.099999988E+01, 2.225806310E-01, 8.265973093E-02, 7.866562823E-04, 8.159958440E-04, 4.497013997E-03,-6.856164756E-03,-1.317146988E-04,-1.487445980E-02, 3.321877838E-03
       588, 1.299999997E+01, 2.225806310E-01, 7.086696984E-02, 5.768074200E-04, 5.922073813E-04, 4.486656923E-03,-5.069188524E-03,-8.313125545E-05,-9.328466872E-03, 2.477716068E-03
       589, 4.999999929E+00, 2.280977512E-01, 1.602464666E-01, 3.134673508E-03, 3.554568439E-03, 4.580085547E-03,-2.385794459E-02,-9.839002369E-04,-1.208939955E-01, 1.011472029E-02
       590, 6.999999954E+00, 2.280977512E-01, 1.227199676E-01, 1.801037205E-03, 1.917076502E-03, 4.537685872E-03,-1.464688879E-02,-4.412653061E-04,-5.154480460E-02, 6.750823678E-03
       591, 8.999999951E+00, 2.280977546E-01, 9.886278102E-02, 1.158740972E-03, 1.195454050E-03, 4.512933114E-03,-9.694643751E-03,-2.306717717E-04,-2.638168526E-02, 4.614552952E-03
       592, 1.099999988E+01, 2.280977512E-01, 8.257670345E-02, 8.049398437E-04, 8.159891846E-04, 4.497396672E-03,-6.835242598E-03,-1.345686010E-04,-1.521871547E-02, 3.306283034E-03
       593, 1.299999997E+01, 2.280977512E-01, 7.081488840E-02, 5.904537512E-04, 5.922118924E-04, 4.486960919E-03,-5.057927811E-03,-8.500291697E-05,-9.548308212E-03, 2.469308520E-03
       594, 4.999999929E+00, 2.336947247E-01, 1.595636505E-01, 3.190595254E-03, 3.551500107E-03, 4.580083124E-03,-2.352498484E-02,-9.941136050E-04,-1.230695170E-01, 9.871602560E-03
       595, 6.999999954E+00, 2.336947247E-01, 1.224284334E-01, 1.838593167E-03, 1.916635882E-03, 4.538197896E-03,-1.453809796E-02,-4.487568211E-04,-5.261546499E-02, 6.670429939E-03
       596, 8.999999951E+00, 2.336947282E-01, 9.871346821E-02, 1.184473705E-03, 1.195377894E-03, 4.513415150E-03,-9.649698066E-03,-2.352410324E-04,-2.696477485E-02, 4.581158752E-03
       597, 1.099999988E+01, 2.336947247E-01, 8.249053830E-02, 8.233991425E-04, 8.159797686E-04, 4.497788783E-03,-6.813552620E-03,-1.374341532E-04,-1.556620141E-02, 3.290120959E-03
       598, 1.299999997E+01, 2.336947247E-01, 7.076081601E-02, 6.042496514E-04, 5.922155845E-04, 4.487273839E-03,-5.046245675E-03,-8.688791005E-05,-9.770510170E-03, 2.460588447E-03
       599, 4.999999929E+00, 2.393727073E-01, 1.588586501E-01, 3.245927092E-03, 3.548173964E-03, 4.579996583E-03,-2.318265845E-02,-1.003597089E-03,-1.252272518E-01, 9.621953372E-03
       600, 6.999999954E+00, 2.393727073E-01, 1.221265934E-01, 1.876228800E-03, 1.916149723E-03, 4.538700662E-03,-1.442573633E-02,-4.561306579E-04,-5.368856896E-02, 6.587451794E-03
       601, 8.999999951E+00, 2.393727108E-01, 9.855867210E-02, 1.210385947E-03, 1.195290935E-03, 4.513903630E-03,-9.603175352E-03,-2.397999838E-04,-2.755182919E-02, 4.546608761E-03
       602, 1.099999988E+01, 2.393727073E-01, 8.240114380E-02, 8.420321712E-04, 8.159673052E-04, 4.498190175E-03,-6.791074312E-03,-1.403100633E-04,-1.591687778E-02, 3.273376516E-03
       603, 1.299999997E+01, 2.393727073E-01, 7.070469255E-02, 6.181947934E-04, 5.922183489E-04, 4.487595719E-03,-5.034130153E-03,-8.878572939E-05,-9.995066635E-03, 2.451547566E-03
       604, 4.999999929E+00, 2.451328714E-01, 1.581310745E-01, 3.300602752E-03, 3.544573443E-03, 4.579817414E-03,-2.283091222E-02,-1.012309616E-03,-1.273652685E-01, 9.365788368E-03
       605, 6.999999954E+00, 2.451328714E-01, 1.218141978E-01, 1.913923514E-03, 1.915614521E-03, 4.539191630E-03,-1.430973933E-02,-4.633755051E-04,-5.476359990E-02, 6.501864566E-03
       606, 8.999999951E+00, 2.451328750E-01, 9.839824284E-02, 1.236470770E-03, 1.195192218E-03, 4.514397771E-03,-9.555038552E-03,-2.443448991E-04,-2.814269808E-02, 4.510876783E-03
       607, 1.099999988E+01, 2.451328714E-01, 8.230842629E-02, 8.608366933E-04, 8.159514820E-04, 4.498600653E-03,-6.767786839E-03,-1.431949621E-04,-1.627070193E-02, 3.256034780E-03
       608, 1.299999997E+01, 2.451328714E-01, 7.064645644E-02, 6.322887326E-04, 5.922200685E-04, 4.487926581E-03,-5.021569014E-03,-9.069583776E-05,-1.022196872E-02, 2.442176644E-03
       609, 4.999999929E+00, 2.509764065E-01, 1.573805389E-01, 3.354553519E-03, 3.540681268E-03, 4.579536592E-03,-2.246970299E-02,-1.020209323E-03,-1.294815987E-01, 9.103098973E-03
       610, 6.999999954E+00, 2.509764065E-01, 1.214909945E-01, 1.951655751E-03, 1.915026572E-03, 4.539668053E-03,-1.419004344E-02,-4.704793273E-04,-5.584002048E-02, 6.413606893E-03
       611, 8.999999951E+00, 2.509764103E-01, 9.823202798E-02, 1.262720756E-03, 1.195080730E-03, 4.514896705E-03,-9.505250337E-03,-2.488718731E-04,-2.873722284E-02, 4.473938086E-03
       612, 1.099999988E+01, 2.509764065E-01, 8.221229003E-02, 8.798102359E-04, 8.159319638E-04, 4.499019985E-03,-6.743669085E-03,-1.460873915E-04,-1.662762820E-02, 3.238080955E-03
       613, 1.299999997E+01, 2.509764065E-01, 7.058604460E-02, 6.465308975E-04, 5.922206166E-04, 4.488266426E-03,-5.008549813E-03,-9.261765375E-05,-1.045120488E-02, 2.432465890E-03
       614, 4.999999929E+00, 2.569045194E-01, 1.566066655E-01, 3.407708330E-03, 3.536479450E-03, 4.579144559E-03,-2.209899801E-02,-1.027253441E-03,-1.315742424E-01, 8.833899631E-03
       615, 6.999999954E+00, 2.569045194E-01, 1.211567297E-01, 1.989402923E-03, 1.914381955E-03, 4.540126967E-03,-1.406658639E-02,-4.774296811E-04,-5.691727208E-02, 6.322648919E-03
       616, 8.999999951E+00, 2.569045233E-01, 9.805987247E-02, 1.289127989E-03, 1.194955387E-03, 4.515399468E-03,-9.453773240E-03,-2.533767367E-04,-2.933523561E-02, 4.435762319E-03
       617, 1.099999988E+01, 2.569045194E-01, 8.211263725E-02, 8.989500781E-04, 8.159083909E-04, 4.499447897E-03,-6.718699662E-03,-1.489857872E-04,-1.698760585E-02, 3.219500147E-03
       618, 1.299999997E+01, 2.569045194E-01, 7.052339247E-02, 6.609205835E-04, 5.922198566E-04, 4.488615235E-03,-4.995059911E-03,-9.455055176E-05,-1.068276259E-02, 2.422406130E-03
       619, 4.999999929E+00, 2.629184342E-01, 1.558090849E-01, 3.459993747E-03, 3.531949284E-03, 4.578631205E-03,-2.171877578E-02,-1.033398400E-03,-1.336411661E-01, 8.558208323E-03
       620, 6.999999954E+00, 2.629184342E-01, 1.208111475E-01, 2.027141086E-03, 1.913676530E-03, 4.540565178E-03,-1.393930734E-02,-4.842139996E-04,-5.799477324E-02, 6.228963636E-03
       621, 8.999999951E+00, 2.629184381E-01, 9.788161873E-02, 1.315683989E-03, 1.194815034E-03, 4.515904999E-03,-9.400569731E-03,-2.578552692E-04,-2.993655790E-02, 4.396334891E-03
       622, 1.099999988E+01, 2.629184342E-01, 8.200936811E-02, 9.182532408E-04, 8.158803779E-04, 4.499884068E-03,-6.692856892E-03,-1.518885271E-04,-1.735057875E-02, 3.200276097E-03
       623, 1.299999997E+01, 2.629184342E-01, 7.045843391E-02, 6.754569523E-04, 5.922176415E-04, 4.488972970E-03,-4.981086444E-03,-9.649386188E-05,-1.091662849E-02, 2.411988823E-03
       624, 4.999999929E+00, 2.690193927E-01, 1.549874360E-01, 3.511333948E-03, 3.527071353E-03, 4.577985853E-03,-2.132902690E-02,-1.038600003E-03,-1.356802995E-01, 8.276053390E-03
       625, 6.999999954E+00, 2.690193927E-01, 1.204539908E-01, 2.064845215E-03, 1.912905924E-03, 4.540979248E-03,-1.380814692E-02,-4.908190853E-04,-5.907191962E-02, 6.132493886E-03
       626, 8.999999951E+00, 2.690193968E-01, 9.769710670E-02, 1.342379802E-03, 1.194658444E-03, 4.516412130E-03,-9.345602233E-03,-2.623029324E-04,-3.054100074E-02, 4.355615579E-03
       627, 1.099999988E+01, 2.690193927E-01, 8.190238072E-02, 9.377164635E-04, 8.158475122E-04, 4.500328130E-03,-6.666118802E-03,-1.547938473E-04,-1.771648565E-02, 3.180393173E-03
       628, 1.299999997E+01, 2.690193927E-01, 7.039110127E-02, 6.901390259E-04, 5.922138130E-04, 4.489339567E-03,-4.966616279E-03,-9.844687695E-05,-1.115278639E-02, 2.401204822E-03
       629, 4.999999929E+00, 2.752086549E-01, 1.541413679E-01, 3.561650736E-03, 3.521825529E-03, 4.577197243E-03,-2.092975464E-02,-1.042813544E-03,-1.376895389E-01, 7.987474410E-03
       630, 6.999999954E+00, 2.752086549E-01, 1.200850011E-01, 2.102489210E-03, 1.912065532E-03, 4.541365487E-03,-1.367304744E-02,-4.972312738E-04,-6.014808409E-02, 6.033223000E-03
       631, 8.999999951E+00, 2.752086590E-01, 9.750617387E-02, 1.369205959E-03, 1.194484311E-03, 4.516919581E-03,-9.288833084E-03,-2.667149042E-04,-3.114836468E-02, 4.313585609E-03
       632, 1.099999988E+01, 2.752086549E-01, 8.179157112E-02, 9.573361972E-04, 8.158093525E-04, 4.500779659E-03,-6.638463154E-03,-1.577000311E-04,-1.808526171E-02, 3.159838581E-03
       633, 1.299999997E+01, 2.752086549E-01, 7.032132529E-02, 7.049656738E-04, 5.922082010E-04, 4.489714938E-03,-4.951636019E-03,-1.004088434E-04,-1.139121689E-02, 2.390043530E-03
       634, 4.999999929E+00, 2.814874987E-01, 1.532705403E-01, 3.610863565E-03, 3.516190983E-03, 4.576253513E-03,-2.052097501E-02,-1.045993828E-03,-1.396667569E-01, 7.692524762E-03
       635, 6.999999954E+00, 2.814874987E-01, 1.197039188E-01, 2.140045693E-03, 1.911150500E-03, 4.541719936E-03,-1.353395312E-02,-5.034364310E-04,-6.122261830E-02, 5.931110737E-03
       636, 8.999999951E+00, 2.814875029E-01, 9.730865535E-02, 1.396152245E-03, 1.194291247E-03, 4.517425952E-03,-9.230224577E-03,-2.710864289E-04,-3.175844060E-02, 4.270226867E-03
       637, 1.099999988E+01, 2.814874987E-01, 8.167683329E-02, 9.771086508E-04, 8.157654271E-04, 4.501238180E-03,-6.609867484E-03,-1.606052229E-04,-1.845683834E-02, 3.138590229E-03
       638, 1.299999997E+01, 2.814874987E-01, 7.024903517E-02, 7.199355939E-04, 5.922006227E-04, 4.490098966E-03,-4.936132065E-03,-1.023789684E-04,-1.163189742E-02, 2.378497158E-03
       639, 4.999999929E+00, 2.878572208E-01, 1.523746247E-01, 3.658889566E-03, 3.510146194E-03, 4.575142187E-03,-2.010271711E-02,-1.048095023E-03,-1.416098077E-01, 7.391268477E-03
       640, 6.999999954E+00, 2.878572208E-01, 1.193104837E-01, 2.177486062E-03, 1.910155723E-03, 4.542038357E-03,-1.339081029E-02,-5.094199759E-04,-6.229485257E-02, 5.826128354E-03
       641, 8.999999951E+00, 2.878572251E-01, 9.710438394E-02, 1.423207897E-03, 1.194077779E-03, 4.517929718E-03,-9.169739117E-03,-2.754123766E-04,-3.237100912E-02, 4.225499322E-03
       642, 1.099999988E+01, 2.878572208E-01, 8.155805913E-02, 9.970297085E-04, 8.157152322E-04, 4.501703152E-03,-6.580309131E-03,-1.635071928E-04,-1.883114104E-02, 3.116637437E-03
       643, 1.299999997E+01, 2.878572208E-01, 7.017415847E-02, 7.350473516E-04, 5.921908820E-04, 4.490491504E-03,-4.920090641E-03,-1.043564184E-04,-1.187480399E-02, 2.366550753E-03
       644, 4.999999929E+00, 2.943191364E-01, 1.514533051E-01, 3.705643563E-03, 3.503668967E-03, 4.573850158E-03,-1.967502393E-02,-1.049070885E-03,-1.435165272E-01, 7.083780027E-03
       645, 6.999999954E+00, 2.943191364E-01, 1.189044353E-01, 2.214780442E-03, 1.909075835E-03, 4.542316219E-03,-1.324356761E-02,-5.151669216E-04,-6.336409462E-02, 5.718246859E-03
       646, 8.999999951E+00, 2.943191408E-01, 9.689319018E-02, 1.450361602E-03, 1.193842346E-03, 4.518429218E-03,-9.107339312E-03,-2.796873446E-04,-3.298583912E-02, 4.179389749E-03
       647, 1.099999988E+01, 2.943191364E-01, 8.143513848E-02, 1.017094866E-03, 8.156582303E-04, 4.502173975E-03,-6.549765213E-03,-1.664039017E-04,-1.920808920E-02, 3.093965133E-03
       648, 1.299999997E+01, 2.943191364E-01, 7.009662118E-02, 7.502993433E-04, 5.921787687E-04, 4.490892375E-03,-4.903497765E-03,-1.063402500E-04,-1.211991131E-02, 2.354198747E-03
       649, 4.999999929E+00, 3.008745801E-01, 1.505062792E-01, 3.751038105E-03, 3.496736447E-03, 4.572363678E-03,-1.923795319E-02,-1.048874627E-03,-1.453847301E-01, 6.770141264E-03
       650, 6.999999954E+00, 3.008745801E-01, 1.184855129E-01, 2.251897678E-03, 1.907905205E-03, 4.542548683E-03,-1.309217616E-02,-5.206618828E-04,-6.442962962E-02, 5.607441493E-03
       651, 8.999999951E+00, 3.008745846E-01, 9.667490246E-02, 1.477601354E-03, 1.193583290E-03, 4.518922650E-03,-9.042988009E-03,-2.839057967E-04,-3.360268784E-02, 4.131868438E-03
       652, 1.099999988E+01, 3.008745801E-01, 8.130795914E-02, 1.037299331E-03, 8.155938486E-04, 4.502649975E-03,-6.518212631E-03,-1.692932318E-04,-1.958759628E-02, 3.070551494E-03
       653, 1.299999997E+01, 3.008745801E-01, 7.001634762E-02, 7.656897281E-04, 5.921640575E-04, 4.491301365E-03,-4.886339199E-03,-1.083295015E-04,-1.236719087E-02, 2.341432691E-03
       654, 4.999999929E+00, 3.075249055E-01, 1.495332595E-01, 3.794983483E-03, 3.489325143E-03, 4.570668340E-03,-1.879157781E-02,-1.047460320E-03,-1.472122140E-01, 6.450467693E-03
       655, 6.999999954E+00, 3.075249055E-01, 1.180534559E-01, 2.288805308E-03, 1.906637925E-03, 4.542730592E-03,-1.293658967E-02,-5.258889981E-04,-6.549072070E-02, 5.493689253E-03
       656, 8.999999951E+00, 3.075249101E-01, 9.644934711E-02, 1.504914498E-03, 1.193298860E-03, 4.519408060E-03,-8.976648256E-03,-2.880619748E-04,-3.422130119E-02, 4.082912604E-03
       657, 1.099999988E+01, 3.075249055E-01, 8.117640687E-02, 1.057637986E-03, 8.155214764E-04, 4.503130408E-03,-6.485628105E-03,-1.721728093E-04,-1.996957133E-02, 3.046384995E-03
       658, 1.299999997E+01, 3.075249055E-01, 6.993326050E-02, 7.812165065E-04, 5.921465072E-04, 4.491718223E-03,-4.868600458E-03,-1.103231950E-04,-1.261661039E-02, 2.328237114E-03
       659, 4.999999929E+00, 3.142714859E-01, 1.485339742E-01, 3.837387941E-03, 3.481410956E-03, 4.568749071E-03,-1.833599881E-02,-1.044780840E-03,-1.489971514E-01, 6.124851310E-03
       660, 6.999999954E+00, 3.142714859E-01, 1.176080045E-01, 2.325469535E-03, 1.905267809E-03, 4.542856451E-03,-1.277676471E-02,-5.308319116E-04,-6.654661066E-02, 5.376969198E-03
       661, 8.999999951E+00, 3.142714906E-01, 9.621634848E-02, 1.532287689E-03, 1.192987201E-03, 4.519883337E-03,-8.908283366E-03,-2.921498891E-04,-3.484141446E-02, 4.032498050E-03
       662, 1.099999988E+01, 3.142714859E-01, 8.104036541E-02, 1.078105337E-03, 8.154404642E-04, 4.503614449E-03,-6.451988227E-03,-1.750402112E-04,-2.035391885E-02, 3.021447729E-03
       663, 1.299999997E+01, 3.142714859E-01, 6.984728087E-02, 7.968775001E-04, 5.921258602E-04, 4.492142657E-03,-4.850266885E-03,-1.123202566E-04,-1.286813392E-02, 2.314604793E-03
       664, 4.999999929E+00, 3.211157144E-01, 1.475081682E-01, 3.878157294E-03, 3.472969203E-03, 4.566590120E-03,-1.787129338E-02,-1.040787079E-03,-1.507366070E-01, 5.793415833E-03
       665, 6.999999954E+00, 3.211157144E-01, 1.171488998E-01, 2.361855207E-03, 1.903788381E-03, 4.542920420E-03,-1.261266103E-02,-5.354738501E-04,-6.759652222E-02, 5.257263032E-03
       666, 8.999999951E+00, 3.211157192E-01, 9.597572905E-02, 1.559706879E-03, 1.192646353E-03, 4.520346202E-03,-8.837857093E-03,-2.961632806E-04,-3.546275168E-02, 3.980601783E-03
       667, 1.099999988E+01, 3.211157144E-01, 8.089971648E-02, 1.098695522E-03, 8.153501209E-04, 4.504101193E-03,-6.417269491E-03,-1.778928603E-04,-2.074053676E-02, 2.995724202E-03
       668, 1.299999997E+01, 3.211157144E-01, 6.975832814E-02, 8.126703031E-04, 5.921018408E-04, 4.492574333E-03,-4.831323677E-03,-1.143195584E-04,-1.312172357E-02, 2.300523401E-03
       669, 4.999999929E+00, 3.280590044E-01, 1.464556043E-01, 3.917195588E-03, 3.463974664E-03, 4.564175049E-03,-1.739758101E-02,-1.035432624E-03,-1.524279191E-01, 5.456324416E-03
       670, 6.999999954E+00, 3.280590044E-01, 1.166758841E-01, 2.397925792E-03, 1.902192877E-03, 4.542916295E-03,-1.244424172E-02,-5.397976622E-04,-6.863965712E-02, 5.134555866E-03
       671, 8.999999951E+00, 3.280590093E-01, 9.572730954E-02, 1.587157299E-03, 1.192274246E-03, 4.520794197E-03,-8.765333742E-03,-3.000956499E-04,-3.608502431E-02, 3.927201023E-03
       672, 1.099999988E+01, 3.280590044E-01, 8.075433982E-02, 1.119402290E-03, 8.152497119E-04, 4.504589641E-03,-6.381448283E-03,-1.807280873E-04,-2.112931600E-02, 2.969197959E-03
       673, 1.299999997E+01, 3.280590044E-01, 6.966632005E-02, 8.285923015E-04, 5.920741547E-04, 4.493012869E-03,-4.811755854E-03,-1.163199078E-04,-1.337733964E-02, 2.285983644E-03
       674, 4.999999929E+00, 3.351027897E-01, 1.453760642E-01, 3.954404764E-03, 3.454401627E-03, 4.561486728E-03,-1.691502957E-02,-1.028675102E-03,-1.540704184E-01, 5.113697885E-03
       675, 6.999999954E+00, 3.351027897E-01, 1.161887017E-01, 2.433643369E-03, 1.900474233E-03, 4.542837495E-03,-1.227147335E-02,-5.437858378E-04,-6.967519649E-02, 5.008836942E-03
       676, 8.999999951E+00, 3.351027947E-01, 9.547090904E-02, 1.614623431E-03, 1.191868698E-03, 4.521224679E-03,-8.690678217E-03,-3.039403029E-04,-3.670793152E-02, 3.872273723E-03
       677, 1.099999988E+01, 3.351027897E-01, 8.060411324E-02, 1.140218991E-03, 8.151384575E-04, 4.505078705E-03,-6.344500889E-03,-1.835431150E-04,-2.152014087E-02, 2.941852478E-03
       678, 1.299999997E+01, 3.351027897E-01, 6.957117267E-02, 8.446406608E-04, 5.920424881E-04, 4.493457836E-03,-4.791548218E-03,-1.183200560E-04,-1.363493874E-02, 2.270975192E-03
       679, 4.999999929E+00, 3.422485248E-01, 1.442693498E-01, 3.989684748E-03, 3.444223914E-03, 4.558507326E-03,-1.642377900E-02,-1.020467891E-03,-1.556615775E-01, 4.765728665E-03
       680, 6.999999954E+00, 3.422485248E-01, 1.156870988E-01, 2.468968616E-03, 1.898625084E-03, 4.542677047E-03,-1.209432622E-02,-5.474204280E-04,-7.070230176E-02, 4.880098536E-03
       681, 8.999999951E+00, 3.422485299E-01, 9.520634519E-02, 1.642088995E-03, 1.191427405E-03, 4.521634810E-03,-8.613855997E-03,-3.076903238E-04,-3.733116054E-02, 3.815798530E-03
       682, 1.099999988E+01, 3.422485248E-01, 8.044891261E-02, 1.161138555E-03, 8.150155299E-04, 4.505567191E-03,-6.306403536E-03,-1.863350470E-04,-2.191289050E-02, 2.913671579E-03
       683, 1.299999997E+01, 3.422485248E-01, 6.947280041E-02, 8.608123147E-04, 5.920065061E-04, 4.493908748E-03,-4.770685357E-03,-1.203186967E-04,-1.389447323E-02, 2.255486860E-03
       684, 4.999999929E+00, 3.494976853E-01, 1.431352838E-01, 4.022933974E-03, 3.433414936E-03, 4.555218303E-03,-1.592399778E-02,-1.010761932E-03,-1.571983880E-01, 4.412598543E-03
       685, 6.999999954E+00, 3.494976853E-01, 1.151708243E-01, 2.503860786E-03, 1.896637759E-03, 4.542427574E-03,-1.191277457E-02,-5.506830340E-04,-7.172011648E-02, 4.748335678E-03
       686, 8.999999951E+00, 3.494976905E-01, 9.493343423E-02, 1.669536923E-03, 1.190947943E-03, 4.522021544E-03,-8.534833221E-03,-3.113385425E-04,-3.795438733E-02, 3.757754894E-03
       687, 1.099999988E+01, 3.494976853E-01, 8.028861193E-02, 1.182153487E-03, 8.148800517E-04, 4.506053804E-03,-6.267132458E-03,-1.891008440E-04,-2.230743867E-02, 2.884639652E-03
       688, 1.299999997E+01, 3.494976853E-01, 6.937111599E-02, 8.771039477E-04, 5.919658522E-04, 4.494365064E-03,-4.749151732E-03,-1.223144496E-04,-1.415589122E-02, 2.239506776E-03
       689, 4.999999929E+00, 3.568517682E-01, 1.419737110E-01, 4.054048858E-03, 3.421947758E-03, 4.551600415E-03,-1.541587721E-02,-9.995127606E-04,-1.586790743E-01, 4.054483136E-03
       690, 6.999999954E+00, 3.568517682E-01, 1.146396302E-01, 2.538277695E-03, 1.894504281E-03, 4.542081276E-03,-1.172679692E-02,-5.535548987E-04,-7.272776704E-02, 4.613546968E-03
       691, 8.999999951E+00, 3.568517735E-01, 9.465199123E-02, 1.696949344E-03, 1.190427761E-03, 4.522381620E-03,-8.453576876E-03,-3.148775065E-04,-3.857727609E-02, 3.698123153E-03
       692, 1.099999988E+01, 3.568517682E-01, 8.012308336E-02, 1.203255846E-03, 8.147310932E-04, 4.506537131E-03,-6.226663934E-03,-1.918373159E-04,-2.270365187E-02, 2.854740957E-03
       693, 1.299999997E+01, 3.568517682E-01, 6.926603052E-02, 8.935119869E-04, 5.919201467E-04, 4.494826183E-03,-4.726931708E-03,-1.243058611E-04,-1.441913833E-02, 2.223023976E-03
       694, 4.999999929E+00, 3.643122920E-01, 1.407844999E-01, 4.082924360E-03, 3.409795157E-03, 4.547633709E-03,-1.489962493E-02,-9.866763722E-04,-1.601014870E-01, 3.691606480E-03
       695, 6.999999954E+00, 3.643122920E-01, 1.140932720E-01, 2.572175713E-03, 1.892216359E-03, 4.541629923E-03,-1.153637626E-02,-5.560169578E-04,-7.372436212E-02, 4.475735302E-03
       696, 8.999999951E+00, 3.643122975E-01, 9.436183022E-02, 1.724307561E-03, 1.189864177E-03, 4.522711547E-03,-8.370054932E-03,-3.182995114E-04,-3.919947813E-02, 3.636884487E-03
       697, 1.099999988E+01, 3.643122920E-01, 7.995219724E-02, 1.224437236E-03, 8.145676702E-04, 4.507015643E-03,-6.184974290E-03,-1.945411583E-04,-2.310138899E-02, 2.823959623E-03
       698, 1.299999997E+01, 3.643122920E-01, 6.915745340E-02, 9.100326005E-04, 5.918689855E-04, 4.495291436E-03,-4.704009530E-03,-1.262914044E-04,-1.468415788E-02, 2.206028381E-03
       699, 4.999999929E+00, 3.718807975E-01, 1.395675427E-01, 4.109453923E-03, 3.396929689E-03, 4.543297525E-03,-1.437546728E-02,-9.722090776E-04,-1.614634977E-01, 3.324186961E-03
       700, 6.999999954E+00, 3.718807975E-01, 1.135315092E-01, 2.605509758E-03, 1.889765395E-03, 4.541064831E-03,-1.134150021E-02,-5.580498679E-04,-7.470899356E-02, 4.334908609E-03
       701, 8.999999951E+00, 3.718808030E-01, 9.406276439E-02, 1.751592031E-03, 1.189254373E-03, 4.523007598E-03,-8.284236402E-03,-3.215966551E-04,-3.982063223E-02, 3.574021095E-03
       702, 1.099999988E+01, 3.718807975E-01, 7.977582221E-02, 1.245688782E-03, 8.143887414E-04, 4.507487684E-03,-6.142039911E-03,-1.972089509E-04,-2.350050158E-02, 2.792279602E-03
       703, 1.299999997E+01, 3.718807975E-01, 6.904529239E-02, 9.266616890E-04, 5.918119393E-04, 4.495760088E-03,-4.680369275E-03,-1.282694856E-04,-1.495088897E-02, 2.188509537E-03
       704, 4.999999929E+00, 3.795588474E-01, 1.383227574E-01, 4.133529648E-03, 3.383323758E-03, 4.538570497E-03,-1.384364961E-02,-9.560683573E-04,-1.627630048E-01, 2.952464460E-03
       705, 6.999999954E+00, 3.795588474E-01, 1.129541057E-01, 2.638233302E-03, 1.887142476E-03, 4.540376859E-03,-1.114216126E-02,-5.596339286E-04,-7.568073753E-02, 4.191078734E-03
       706, 8.999999951E+00, 3.795588530E-01, 9.375460625E-02, 1.778782349E-03, 1.188595394E-03, 4.523265798E-03,-8.196091333E-03,-3.247608105E-04,-4.044036513E-02, 3.509516291E-03
       707, 1.099999988E+01, 3.795588474E-01, 7.959382522E-02, 1.267001116E-03, 8.141932064E-04, 4.507951462E-03,-6.097837293E-03,-1.998371393E-04,-2.390083532E-02, 2.759685470E-03
       708, 1.299999997E+01, 3.795588474E-01, 6.892945361E-02, 9.433948698E-04, 5.917485519E-04, 4.496231328E-03,-4.655994863E-03,-1.302384444E-04,-1.521926596E-02, 2.170455893E-03
       709, 4.999999929E+00, 3.873480273E-01, 1.370500884E-01, 4.155042430E-03, 3.368949697E-03, 4.533430564E-03,-1.330443610E-02,-9.382129330E-04,-1.639979426E-01, 2.576693459E-03
       710, 6.999999954E+00, 3.873480273E-01, 1.123608305E-01, 2.670298359E-03, 1.884338380E-03, 4.539556386E-03,-1.093835701E-02,-5.607490818E-04,-7.663865662E-02, 4.044261148E-03
       711, 8.999999951E+00, 3.873480330E-01, 9.343716783E-02, 1.805857226E-03, 1.187884139E-03, 4.523481907E-03,-8.105590901E-03,-3.277835916E-04,-4.105829228E-02, 3.443354574E-03
       712, 1.099999988E+01, 3.873480273E-01, 7.940607159E-02, 1.288364367E-03, 8.139799026E-04, 4.508405046E-03,-6.052343118E-03,-2.024220121E-04,-2.430222989E-02, 2.726162511E-03
       713, 1.299999997E+01, 3.873480273E-01, 6.880984154E-02, 9.602274589E-04, 5.916783389E-04, 4.496704269E-03,-4.630870160E-03,-1.321965351E-04,-1.548921843E-02, 2.151855348E-03
       714, 4.999999929E+00, 3.952499456E-01, 1.357495077E-01, 4.173882129E-03, 3.353779848E-03, 4.527854970E-03,-1.275810974E-02,-9.186027339E-04,-1.651662879E-01, 2.197144110E-03
       715, 6.999999954E+00, 3.952499456E-01, 1.117514583E-01, 2.701655482E-03, 1.881343576E-03, 4.538593303E-03,-1.073009045E-02,-5.613750153E-04,-7.758180090E-02, 3.894475818E-03
       716, 8.999999951E+00, 3.952499515E-01, 9.311026091E-02, 1.832794477E-03, 1.187117363E-03, 4.523651417E-03,-8.012707630E-03,-3.306563255E-04,-4.167401736E-02, 3.375521732E-03
       717, 1.099999988E+01, 3.952499456E-01, 7.921242510E-02, 1.309768148E-03, 8.137476034E-04, 4.508846355E-03,-6.005534304E-03,-2.049596915E-04,-2.470451710E-02, 2.691696032E-03
       718, 1.299999997E+01, 3.952499456E-01, 6.868635909E-02, 9.771544614E-04, 5.916007866E-04, 4.497177938E-03,-4.604979004E-03,-1.341419288E-04,-1.576067289E-02, 2.132696786E-03
       719, 4.999999929E+00, 4.032662342E-01, 1.344210157E-01, 4.189937726E-03, 3.337786655E-03, 4.521820279E-03,-1.220497281E-02,-8.971993397E-04,-1.662660620E-01, 1.814100986E-03
       720, 6.999999954E+00, 4.032662342E-01, 1.111257696E-01, 2.732253773E-03, 1.878148230E-03, 4.537476999E-03,-1.051737024E-02,-5.614912388E-04,-7.850920790E-02, 3.741747864E-03
       721, 8.999999951E+00, 4.032662402E-01, 9.277369721E-02, 1.859570995E-03, 1.186291670E-03, 4.523769533E-03,-7.917415530E-03,-3.333700891E-04,-4.228713152E-02, 3.306004801E-03
       722, 1.099999988E+01, 4.032662342E-01, 7.901274806E-02, 1.331201532E-03, 8.134950149E-04, 4.509273152E-03,-5.957388019E-03,-2.074461758E-04,-2.510752067E-02, 2.656271373E-03
       723, 1.299999997E+01, 4.032662342E-01, 6.855890753E-02, 9.941705699E-04, 5.915153504E-04, 4.497651275E-03,-4.578305196E-03,-1.360727123E-04,-1.603355301E-02, 2.112970122E-03
       724, 4.999999929E+00, 4.113985483E-01, 1.330646426E-01, 4.203097500E-03, 3.320942753E-03, 4.515302387E-03,-1.164534721E-02,-8.739658159E-04,-1.672953315E-01, 1.427861604E-03
       725, 6.999999954E+00, 4.113985483E-01, 1.104835519E-01, 2.762040894E-03, 1.874742206E-03, 4.536196348E-03,-1.030021081E-02,-5.610770819E-04,-7.941990382E-02, 3.586108242E-03
       726, 8.999999951E+00, 4.113985544E-01, 9.242728865E-02, 1.886162742E-03, 1.185403508E-03, 4.523831164E-03,-7.819690173E-03,-3.359157717E-04,-4.289721378E-02, 3.234792268E-03
       727, 1.099999988E+01, 4.113985483E-01, 7.880690140E-02, 1.352653040E-03, 8.132207738E-04, 4.509683035E-03,-5.907881700E-03,-2.098773379E-04,-2.551105650E-02, 2.619873869E-03
       728, 1.299999997E+01, 4.113985483E-01, 6.842738658E-02, 1.011270155E-03, 5.914214533E-04, 4.498123126E-03,-4.550832443E-03,-1.379868953E-04,-1.630777780E-02, 2.092664942E-03
       729, 4.999999929E+00, 4.196485673E-01, 1.316804491E-01, 4.213249197E-03, 3.303221069E-03, 4.508276535E-03,-1.107957456E-02,-8.488671817E-04,-1.682522139E-01, 1.038738365E-03
       730, 6.999999954E+00, 4.196485673E-01, 1.098245996E-01, 2.790963081E-03, 1.871115075E-03, 4.534739696E-03,-1.007863260E-02,-5.601117200E-04,-8.031290515E-02, 3.427591838E-03
       731, 8.999999951E+00, 4.196485735E-01, 9.207084758E-02, 1.912544729E-03, 1.184449169E-03, 4.523830911E-03,-7.719508702E-03,-3.382840490E-04,-4.350383177E-02, 3.161874184E-03
       732, 1.099999988E+01, 4.196485673E-01, 7.859474477E-02, 1.374110623E-03, 8.129234449E-04, 4.510073425E-03,-5.856993110E-03,-2.122489072E-04,-2.591493404E-02, 2.582489693E-03
       733, 1.299999997E+01, 4.196485673E-01, 6.829169441E-02, 1.028447249E-03, 5.913184844E-04, 4.498592237E-03,-4.522544385E-03,-1.398824120E-04,-1.658326105E-02, 2.071769765E-03
       734, 4.999999929E+00, 4.280179948E-01, 1.302685276E-01, 4.220280248E-03, 3.284594930E-03, 4.500717325E-03,-1.050801591E-02,-8.218708283E-04,-1.691348847E-01, 6.470612714E-04
       735, 6.999999954E+00, 4.280179948E-01, 1.091487153E-01, 2.818965152E-03, 1.867256122E-03, 4.533094853E-03,-9.852662311E-03,-5.585739135E-04,-8.118722064E-02, 3.266240407E-03
       736, 8.999999951E+00, 4.280180012E-01, 9.170418701E-02, 1.938691004E-03, 1.183424785E-03, 4.523763054E-03,-7.616849938E-03,-3.404653481E-04,-4.410654239E-02, 3.087242234E-03
       737, 1.099999988E+01, 4.280179948E-01, 7.837613660E-02, 1.395561649E-03, 8.126015180E-04, 4.510441565E-03,-5.804700431E-03,-2.145564438E-04,-2.631895630E-02, 2.544105922E-03
       738, 1.299999997E+01, 4.280179948E-01, 6.815172767E-02, 1.045695524E-03, 5.912057977E-04, 4.499057249E-03,-4.493424698E-03,-1.417571005E-04,-1.685991128E-02, 2.050272605E-03
       739, 4.999999929E+00, 4.365085591E-01, 1.288290032E-01, 4.224077993E-03, 3.265038165E-03, 4.492598744E-03,-9.931051592E-03,-7.929461550E-04,-1.699415840E-01, 2.531752107E-04
       740, 6.999999954E+00, 4.365085591E-01, 1.084557098E-01, 2.845990559E-03, 1.863154358E-03, 4.531249077E-03,-9.622333135E-03,-5.564430261E-04,-8.204186906E-02, 3.102105985E-03
       741, 8.999999951E+00, 4.365085656E-01, 9.132712093E-02, 1.964574638E-03, 1.182326324E-03, 4.523621539E-03,-7.511694611E-03,-3.424498224E-04,-4.470489164E-02, 3.010889822E-03
       742, 1.099999988E+01, 4.365085591E-01, 7.815093424E-02, 1.416992893E-03, 8.122534058E-04, 4.510784501E-03,-5.750982322E-03,-2.167953310E-04,-2.672291812E-02, 2.504709848E-03
       743, 1.299999997E+01, 4.365085591E-01, 6.800738156E-02, 1.063008283E-03, 5.910827101E-04, 4.499516691E-03,-4.463457134E-03,-1.436087058E-04,-1.713763336E-02, 2.028162598E-03
       744, 4.999999929E+00, 4.451220135E-01, 1.273620343E-01, 4.224529901E-03, 3.244525228E-03, 4.483894184E-03,-9.349081303E-03,-7.620649076E-04,-1.706706185E-01,-1.425632411E-04
       745, 6.999999954E+00, 4.451220135E-01, 1.077454028E-01, 2.871981413E-03, 1.858798525E-03, 4.529189069E-03,-9.387703334E-03,-5.536965741E-04,-8.287602259E-02, 2.935232320E-03
       746, 8.999999951E+00, 4.451220201E-01, 9.093946454E-02, 1.990167708E-03, 1.181149591E-03, 4.523399966E-03,-7.404025507E-03,-3.442273937E-04,-4.529841403E-02, 2.932812059E-03
       747, 1.099999988E+01, 4.451220135E-01, 7.791899406E-02, 1.438390513E-03, 8.118774410E-04, 4.511099082E-03,-5.695817943E-03,-2.189608223E-04,-2.712660595E-02, 2.464288996E-03
       748, 1.299999997E+01, 4.451220135E-01, 6.785854983E-02, 1.080378458E-03, 5.909485000E-04, 4.499968976E-03,-4.432625512E-03,-1.454348788E-04,-1.741632886E-02, 2.005430054E-03
       749, 4.999999929E+00, 4.538601367E-01, 1.258678138E-01, 4.221523779E-03, 3.223031307E-03, 4.474576466E-03,-8.762524363E-03,-7.292016543E-04,-1.713203640E-01,-5.397805777E-04
       750, 6.999999954E+00, 4.538601367E-01, 1.070176241E-01, 2.896878359E-03, 1.854177114E-03, 4.526900963E-03,-9.148777731E-03,-5.503135839E-04,-8.368817865E-02, 2.765668835E-03
       751, 8.999999951E+00, 4.538601435E-01, 9.054103454E-02, 2.015441293E-03, 1.179890220E-03, 4.523091578E-03,-7.293827562E-03,-3.457878241E-04,-4.588663324E-02, 2.853005976E-03
       752, 1.099999988E+01, 4.538601367E-01, 7.768017156E-02, 1.459740039E-03, 8.114718738E-04, 4.511381943E-03,-5.639186982E-03,-2.210480419E-04,-2.752979821E-02, 2.422831115E-03
       753, 1.299999997E+01, 4.538601367E-01, 6.770512482E-02, 1.097798602E-03, 5.908024058E-04, 4.500412391E-03,-4.400913670E-03,-1.472331836E-04,-1.769589430E-02, 1.982065040E-03
       754, 4.999999929E+00, 4.627247331E-01, 1.243465702E-01, 4.214948062E-03, 3.200532457E-03, 4.464617871E-03,-8.171819383E-03,-6.943335046E-04,-1.718892685E-01,-9.380975740E-04
       755, 6.999999954E+00, 4.627247331E-01, 1.062722133E-01, 2.920620762E-03, 1.849278380E-03, 4.524370314E-03,-8.905621566E-03,-5.462739401E-04,-8.447739953E-02, 2.593484664E-03
       756, 8.999999951E+00, 4.627247400E-01, 9.013164948E-02, 2.040365458E-03, 1.178543678E-03, 4.522689245E-03,-7.181087874E-03,-3.471206924E-04,-4.646906294E-02, 2.771470653E-03
       757, 1.099999988E+01, 4.627247331E-01, 7.743432152E-02, 1.481026352E-03, 8.110348697E-04, 4.511629500E-03,-5.581069725E-03,-2.230519650E-04,-2.793226663E-02, 2.380325023E-03
       758, 1.299999997E+01, 4.627247331E-01, 6.754699752E-02, 1.115260867E-03, 5.906436240E-04, 4.500845091E-03,-4.368305488E-03,-1.490011006E-04,-1.797622058E-02, 1.958056611E-03
       759, 4.999999929E+00, 4.717176332E-01, 1.227985678E-01, 4.204691972E-03, 3.177005716E-03, 4.453990168E-03,-7.577424302E-03,-6.574416262E-04,-1.723758606E-01,-1.337099381E-03
       760, 6.999999954E+00, 4.717176332E-01, 1.055090215E-01, 2.943146759E-03, 1.844090363E-03, 4.521582099E-03,-8.658333357E-03,-5.415571507E-04,-8.524333250E-02, 2.418755450E-03
       761, 8.999999951E+00, 4.717176402E-01, 8.971113003E-02, 2.064909247E-03, 1.177105260E-03, 4.522185453E-03,-7.065795827E-03,-3.482153605E-04,-4.704520758E-02, 2.688207285E-03
       762, 1.099999988E+01, 4.717176332E-01, 7.718129814E-02, 1.502233677E-03, 8.105645065E-04, 4.511837937E-03,-5.521447153E-03,-2.249673927E-04,-2.833377631E-02, 2.336760685E-03
       763, 1.299999997E+01, 4.717176332E-01, 6.738405763E-02, 1.132756984E-03, 5.904713077E-04, 4.501265094E-03,-4.334785010E-03,-1.507360045E-04,-1.825719289E-02, 1.933393393E-03
       764, 4.999999929E+00, 4.808406941E-01, 1.212241081E-01, 4.190646081E-03, 3.152429245E-03, 4.442664649E-03,-6.979814727E-03,-6.185087741E-04,-1.727787543E-01,-1.736419596E-03
       765, 6.999999954E+00, 4.808406941E-01, 1.047279110E-01, 2.964393318E-03, 1.838600894E-03, 4.518520702E-03,-8.406950951E-03,-5.361421364E-04,-8.598458642E-02, 2.241561044E-03
       766, 8.999999951E+00, 4.808407013E-01, 8.927929930E-02, 2.089040680E-03, 1.175570090E-03, 4.521572294E-03,-6.947943321E-03,-3.490609513E-04,-4.761456238E-02, 2.603219246E-03
       767, 1.099999988E+01, 4.808406941E-01, 7.692095513E-02, 1.523345569E-03, 8.100587721E-04, 4.512003197E-03,-5.460301016E-03,-2.267889441E-04,-2.873408419E-02, 2.292128497E-03
       768, 1.299999997E+01, 4.808406941E-01, 6.721619363E-02, 1.150278254E-03, 5.902845647E-04, 4.501670272E-03,-4.300336488E-03,-1.524351692E-04,-1.853869231E-02, 1.908065288E-03
       769, 4.999999929E+00, 4.900957997E-01, 1.196235304E-01, 4.172701935E-03, 3.126782453E-03, 4.430612164E-03,-6.379486706E-03,-5.775326438E-04,-1.730966331E-01,-2.135460478E-03
       770, 6.999999954E+00, 4.900957997E-01, 1.039287565E-01, 2.984296227E-03, 1.832797624E-03, 4.515169913E-03,-8.151556987E-03,-5.300065083E-04,-8.669998925E-02, 2.061974446E-03
       771, 8.999999951E+00, 4.900958070E-01, 8.883598323E-02, 2.112726742E-03, 1.173933122E-03, 4.520841449E-03,-6.827524934E-03,-3.496463977E-04,-4.817661305E-02, 2.516512087E-03
       772, 1.099999988E+01, 4.900957997E-01, 7.665314591E-02, 1.544344899E-03, 8.095155623E-04, 4.512120970E-03,-5.397613868E-03,-2.285111099E-04,-2.913293888E-02, 2.246419343E-03
       773, 1.299999997E+01, 4.900957997E-01, 6.704329281E-02, 1.167815546E-03, 5.900824559E-04, 4.502058343E-03,-4.264944380E-03,-1.540957664E-04,-1.882059627E-02, 1.882063533E-03
       774, 4.999999929E+00, 4.994848611E-01, 1.179972123E-01, 4.150755216E-03, 3.100046136E-03, 4.417803164E-03,-5.776949948E-03,-5.345441708E-04,-1.733282969E-01,-2.534155866E-03
       775, 6.999999954E+00, 4.994848611E-01, 1.031114455E-01, 3.002790060E-03, 1.826668049E-03, 4.511512924E-03,-7.892235696E-03,-5.231303622E-04,-8.738867060E-02, 1.880081770E-03
       776, 8.999999951E+00, 4.994848686E-01, 8.838101087E-02, 2.135933382E-03, 1.172189137E-03, 4.519984180E-03,-6.704538008E-03,-3.499605233E-04,-4.873083666E-02, 2.428093770E-03
       777, 1.099999988E+01, 4.994848611E-01, 7.637772378E-02, 1.565213832E-03, 8.089326782E-04, 4.512186684E-03,-5.333369098E-03,-2.301282540E-04,-2.953008118E-02, 2.199624591E-03
       778, 1.299999997E+01, 4.994848611E-01, 6.686524134E-02, 1.185359284E-03, 5.898639938E-04, 4.502426864E-03,-4.228593299E-03,-1.557148728E-04,-1.910277681E-02, 1.855379232E-03
       779, 4.999999929E+00, 5.090098173E-01, 1.163455705E-01, 4.124700239E-03, 3.072202615E-03, 4.404207737E-03,-5.172737755E-03,-4.893747724E-04,-1.734726609E-01,-2.931643444E-03
       780, 6.999999954E+00, 5.090098173E-01, 1.022758792E-01, 3.019808392E-03, 1.820199531E-03, 4.507532328E-03,-7.629079373E-03,-5.154935794E-04,-8.804963761E-02, 1.695982314E-03
       781, 8.999999951E+00, 5.090098249E-01, 8.791421478E-02, 2.158625512E-03, 1.170332746E-03, 4.518991314E-03,-6.578982683E-03,-3.499920222E-04,-4.927670261E-02, 2.337974806E-03
       782, 1.099999988E+01, 5.090098173E-01, 7.609454206E-02, 1.585933819E-03, 8.083078245E-04, 4.512195494E-03,-5.267551012E-03,-2.316345951E-04,-2.992524527E-02, 2.151736945E-03
       783, 1.299999997E+01, 5.090098173E-01, 6.668192436E-02, 1.202899436E-03, 5.896281401E-04, 4.502773222E-03,-4.191268057E-03,-1.572894754E-04,-1.938510013E-02, 1.828002570E-03
       784, 4.999999929E+00, 5.186726350E-01, 1.146690613E-01, 4.094429769E-03, 3.043235873E-03, 4.389795656E-03,-4.567400974E-03,-4.421101988E-04,-1.735286771E-01,-3.327545473E-03
       785, 6.999999954E+00, 5.186726350E-01, 1.014219730E-01, 3.035283794E-03, 1.813379329E-03, 4.503210115E-03,-7.362188419E-03,-5.070761949E-04,-8.868190627E-02, 1.509775148E-03
       786, 8.999999951E+00, 5.186726428E-01, 8.743543141E-02, 2.180767009E-03, 1.168358390E-03, 4.517853237E-03,-6.450862019E-03,-3.497294312E-04,-4.981367346E-02, 2.246168330E-03
       787, 1.099999988E+01, 5.186726350E-01, 7.580345428E-02, 1.606485586E-03, 8.076386070E-04, 4.512142268E-03,-5.200144936E-03,-2.330241802E-04,-3.031815891E-02, 2.102750516E-03
       788, 1.299999997E+01, 5.186726350E-01, 6.649322604E-02, 1.220425480E-03, 5.893738048E-04, 4.503094627E-03,-4.152953777E-03,-1.588164488E-04,-1.966742643E-02, 1.799923412E-03
       789, 4.999999929E+00, 5.284753098E-01, 1.129681816E-01, 4.059848177E-03, 3.013131700E-03, 4.374536429E-03,-3.961504495E-03,-3.929101343E-04,-1.734953990E-01,-3.721740568E-03
       790, 6.999999954E+00, 5.284753098E-01, 1.005496572E-01, 3.049147910E-03, 1.806194627E-03, 4.498527677E-03,-7.091671549E-03,-4.978586564E-04,-8.928450338E-02, 1.321567575E-03
       791, 8.999999951E+00, 5.284753176E-01, 8.694450143E-02, 2.202320715E-03, 1.166260344E-03, 4.516559874E-03,-6.320182222E-03,-3.491611082E-04,-5.034120520E-02, 2.152690048E-03
       792, 1.099999988E+01, 5.284753098E-01, 7.550431434E-02, 1.626849127E-03, 8.069225310E-04, 4.512021580E-03,-5.131137301E-03,-2.342908794E-04,-3.070854214E-02, 2.052660107E-03
       793, 1.299999997E+01, 5.284753098E-01, 6.629902970E-02, 1.237926405E-03, 5.890998437E-04, 4.503388102E-03,-4.113635966E-03,-1.602925621E-04,-1.994961149E-02, 1.771133071E-03
       794, 4.999999929E+00, 5.384198657E-01, 1.112434691E-01, 4.020862346E-03, 2.981877821E-03, 4.358399345E-03,-3.355628860E-03,-3.416213267E-04,-1.733720328E-01,-4.113262567E-03
       795, 6.999999954E+00, 5.384198657E-01, 9.965887761E-02, 3.061331534E-03, 1.798632565E-03, 4.493465806E-03,-6.817645934E-03,-4.878219555E-04,-8.985646807E-02, 1.131473282E-03
       796, 8.999999951E+00, 5.384198737E-01, 8.644127019E-02, 2.223248444E-03, 1.164032720E-03, 4.515100688E-03,-6.186952803E-03,-3.482752856E-04,-5.085874725E-02, 2.057558309E-03
       797, 1.099999988E+01, 5.384198657E-01, 7.519697677E-02, 1.647003687E-03, 8.061569996E-04, 4.511827694E-03,-5.060515687E-03,-2.354284451E-04,-3.109610724E-02, 2.001461292E-03
       798, 1.299999997E+01, 5.384198657E-01, 6.609921788E-02, 1.255390702E-03, 5.888050571E-04, 4.503650474E-03,-4.073300500E-03,-1.617144768E-04,-2.023150716E-02, 1.741624366E-03
       799, 4.999999929E+00, 5.485083564E-01, 1.094955027E-01, 3.977377244E-03, 2.949464044E-03, 4.341353527E-03,-2.750367913E-03,-2.882642789E-04,-1.731578853E-01,-4.501896903E-03
       800, 6.999999954E+00, 5.485083564E-01, 9.874959649E-02, 3.071764703E-03, 1.790680275E-03, 4.488004701E-03,-6.540237259E-03,-4.769476697E-04,-9.039685358E-02, 9.396135929E-04
       801, 8.999999951E+00, 5.485083646E-01, 8.592558806E-02, 2.243510988E-03, 1.161669468E-03, 4.513464660E-03,-6.051186667E-03,-3.470601494E-04,-5.136574348E-02, 1.960794011E-03
       802, 1.099999988E+01, 5.485083564E-01, 7.488129686E-02, 1.666927751E-03, 8.053393121E-04, 4.511554557E-03,-4.988268863E-03,-2.364305157E-04,-3.148055928E-02, 1.949150428E-03
       803, 1.299999997E+01, 5.485083564E-01, 6.589367240E-02, 1.272806362E-03, 5.884881880E-04, 4.503878367E-03,-4.031933593E-03,-1.630787549E-04,-2.051295987E-02, 1.711390125E-03
       804, 4.999999929E+00, 5.587428652E-01, 1.077249028E-01, 3.929303249E-03, 2.915882399E-03, 4.323367993E-03,-2.146337056E-03,-2.328856229E-04,-1.728523503E-01,-4.887075533E-03
       805, 6.999999954E+00, 5.587428652E-01, 9.782179285E-02, 3.080376792E-03, 1.782324920E-03, 4.482123968E-03,-6.259579828E-03,-4.652180697E-04,-9.090472940E-02, 7.461168166E-04
       806, 8.999999951E+00, 5.587428735E-01, 8.539731088E-02, 2.263068129E-03, 1.159164383E-03, 4.511640288E-03,-5.912900156E-03,-3.455039588E-04,-5.186163328E-02, 1.862423645E-03
       807, 1.099999988E+01, 5.587428652E-01, 7.455713092E-02, 1.686599030E-03, 8.044666624E-04, 4.511195786E-03,-4.914386875E-03,-2.372905985E-04,-3.186159728E-02, 1.895725495E-03
       808, 1.299999997E+01, 5.587428652E-01, 6.568227450E-02, 1.290160852E-03, 5.881479204E-04, 4.504068188E-03,-3.989521834E-03,-1.643818665E-04,-2.079381009E-02, 1.680422390E-03
       809, 4.999999929E+00, 5.691255055E-01, 1.059323317E-01, 3.876555188E-03, 2.881127266E-03, 4.304411708E-03,-1.544162900E-03,-1.755013601E-04,-1.724549379E-01,-5.268279907E-03
       810, 6.999999954E+00, 5.691255055E-01, 9.687546334E-02, 3.087096608E-03, 1.773553726E-03, 4.475802636E-03,-5.975816627E-03,-4.526159636E-04,-9.137918367E-02, 5.511168654E-04
       811, 8.999999951E+00, 5.691255139E-01, 8.485630037E-02, 2.281878682E-03, 1.156511112E-03, 4.509615569E-03,-5.772115178E-03,-3.435950789E-04,-5.234589833E-02, 1.762474692E-03
       812, 1.099999988E+01, 5.691255055E-01, 7.422433652E-02, 1.705994466E-03, 8.035361383E-04, 4.510744652E-03,-4.838861150E-03,-2.380020442E-04,-3.223891455E-02, 1.841186153E-03
       813, 1.299999997E+01, 5.691255055E-01, 6.546490497E-02, 1.307441095E-03, 5.877828775E-04, 4.504216125E-03,-3.946052320E-03,-1.656201667E-04,-2.107389228E-02, 1.648713019E-03
       814, 4.999999929E+00, 5.796584212E-01, 1.041184942E-01, 3.819052480E-03, 2.845195515E-03, 4.284453649E-03,-9.444861730E-04,-1.161424022E-04,-1.719652785E-01,-5.644989210E-03
       815, 6.999999954E+00, 5.796584212E-01, 9.591062283E-02, 3.091852487E-03, 1.764354031E-03, 4.469019159E-03,-5.689099424E-03,-4.391249297E-04,-9.181932509E-02, 3.547539134E-04
       816, 8.999999951E+00, 5.796584298E-01, 8.430242453E-02, 2.299900444E-03, 1.153703153E-03, 4.507377996E-03,-5.628857150E-03,-3.413209712E-04,-5.281800371E-02, 1.660972243E-03
       817, 1.099999988E+01, 5.796584212E-01, 7.388277263E-02, 1.725090218E-03, 8.025447207E-04, 4.510194077E-03,-4.761684595E-03,-2.385580440E-04,-3.261219760E-02, 1.785533043E-03
       818, 1.299999997E+01, 5.796584212E-01, 6.524144422E-02, 1.324633458E-03, 5.873916205E-04, 4.504318128E-03,-3.901512730E-03,-1.667899049E-04,-2.135303632E-02, 1.616255503E-03
       819, 4.999999929E+00, 5.903437875E-01, 1.022841372E-01, 3.756719412E-03, 2.808086627E-03, 4.263462855E-03,-3.479602895E-04,-5.484160270E-05,-1.713831164E-01,-6.016678068E-03
       820, 6.999999954E+00, 5.903437875E-01, 9.492730507E-02, 3.094572407E-03, 1.754713325E-03, 4.461751428E-03,-5.399588863E-03,-4.247295546E-04,-9.222428434E-02, 1.571757645E-04
       821, 8.999999951E+00, 5.903437963E-01, 8.373555810E-02, 2.317090211E-03, 1.150733871E-03, 4.504914545E-03,-5.483132881E-03,-3.386699267E-04,-5.327697280E-02, 1.557947767E-03
       822, 1.099999988E+01, 5.903437875E-01, 7.353229998E-02, 1.743861657E-03, 8.014892826E-04, 4.509536615E-03,-4.682851645E-03,-2.389516952E-04,-3.298112628E-02, 1.728767880E-03
       823, 1.299999997E+01, 5.903437875E-01, 6.501177243E-02, 1.341723756E-03, 5.869726464E-04, 4.504369906E-03,-3.855891315E-03,-1.678872223E-04,-2.163106817E-02, 1.583045030E-03
       824, 4.999999929E+00, 6.011838108E-01, 1.004300502E-01, 3.689485568E-03, 2.769802818E-03, 4.241408488E-03, 2.447494444E-04, 8.360828228E-06,-1.707083175E-01,-6.382811722E-03
       825, 6.999999954E+00, 6.011838108E-01, 9.392556335E-02, 3.095184114E-03, 1.744619295E-03, 4.453976788E-03,-5.107454448E-03,-4.094153443E-04,-9.259321624E-02,-4.146247375E-05
       826, 8.999999951E+00, 6.011838198E-01, 8.315558308E-02, 2.333403851E-03, 1.147596505E-03, 4.502211674E-03,-5.334995328E-03,-3.356297475E-04,-5.372264440E-02, 1.453444918E-03
       827, 1.099999988E+01, 6.011838108E-01, 7.317278122E-02, 1.762283354E-03, 8.003665889E-04, 4.508764444E-03,-4.602358311E-03,-2.391760069E-04,-3.334537435E-02, 1.670893487E-03
       828, 1.299999997E+01, 6.011838108E-01, 6.477576967E-02, 1.358697247E-03, 5.865243871E-04, 4.504366915E-03,-3.809176877E-03,-1.689081611E-04,-2.190780848E-02, 1.549076964E-03
       829, 4.999999929E+00, 6.121807297E-01, 9.855706513E-02, 3.617286247E-03, 2.730349180E-03, 4.218259969E-03, 8.329665571E-04, 7.341915125E-05,-1.699408671E-01,-6.742850291E-03
       830, 6.999999954E+00, 6.121807297E-01, 9.290547109E-02, 3.093615256E-03, 1.734059875E-03, 4.445672048E-03,-4.812874558E-03,-3.931687930E-04,-9.292530173E-02,-2.409996506E-04
       831, 8.999999951E+00, 6.121807388E-01, 8.256238911E-02, 2.348796413E-03, 1.144284172E-03, 4.499255314E-03,-5.184490603E-03,-3.321886042E-04,-5.415465666E-02, 1.347509745E-03
       832, 1.099999988E+01, 6.121807297E-01, 7.280408123E-02, 1.780329082E-03, 7.991732970E-04, 4.507869354E-03,-4.520202266E-03,-2.392238854E-04,-3.370461069E-02, 1.611914606E-03
       833, 1.299999997E+01, 6.121807297E-01, 6.453331601E-02, 1.375538610E-03, 5.860452077E-04, 4.504304346E-03,-3.761358808E-03,-1.698486745E-04,-2.218307219E-02, 1.514346048E-03
       834, 4.999999929E+00, 6.233368149E-01, 9.666605633E-02, 3.540062873E-03, 2.689733779E-03, 4.193987010E-03, 1.416004350E-03, 1.402811631E-04,-1.690808718E-01,-7.096249565E-03
       835, 6.999999954E+00, 6.233368149E-01, 9.186712248E-02, 3.089793503E-03, 1.723023295E-03, 4.436813503E-03,-4.516036473E-03,-3.759775473E-04,-9.321974997E-02,-4.412675021E-04
       836, 8.999999951E+00, 6.233368242E-01, 8.195587385E-02, 2.363222058E-03, 1.140789881E-03, 4.496030857E-03,-5.031634368E-03,-3.283351441E-04,-5.457198215E-02, 1.240179000E-03
       837, 1.099999988E+01, 6.233368149E-01, 7.242606737E-02, 1.797971813E-03, 7.979059566E-04, 4.506842736E-03,-4.436382955E-03,-2.390881113E-04,-3.405849962E-02, 1.551837928E-03
       838, 1.299999997E+01, 6.233368149E-01, 6.428429172E-02, 1.392231924E-03, 5.855334052E-04, 4.504177115E-03,-3.712427234E-03,-1.707046042E-04,-2.245666843E-02, 1.478847016E-03
       839, 4.999999929E+00, 6.346543703E-01, 9.475794053E-02, 3.457763423E-03, 2.647967746E-03, 4.168559629E-03, 1.993166878E-03, 2.088882064E-04,-1.681285615E-01,-7.442461868E-03
       840, 6.999999954E+00, 6.346543703E-01, 9.081063307E-02, 3.083646701E-03, 1.711498131E-03, 4.427376949E-03,-4.217136310E-03,-3.578302458E-04,-9.347580002E-02,-6.420940440E-04
       841, 8.999999951E+00, 6.346543798E-01, 8.133594358E-02, 2.376634002E-03, 1.137106543E-03, 4.492523158E-03,-4.876479422E-03,-3.240571001E-04,-5.497421678E-02, 1.131495797E-03
       842, 1.099999988E+01, 6.346543703E-01, 7.203860973E-02, 1.815183723E-03, 7.965610106E-04, 4.505675571E-03,-4.350901694E-03,-2.387613391E-04,-3.440670026E-02, 1.490671447E-03
       843, 1.299999997E+01, 6.346543703E-01, 6.402857736E-02, 1.408760661E-03, 5.849872074E-04, 4.503979856E-03,-3.662373089E-03,-1.714716929E-04,-2.272840190E-02, 1.442576423E-03
       844, 4.999999929E+00, 6.461357329E-01, 9.283367650E-02, 3.370342858E-03, 2.605065387E-03, 4.141948283E-03, 2.563750139E-03, 2.791749923E-04,-1.670842910E-01,-7.780936672E-03
       845, 6.999999954E+00, 6.461357329E-01, 8.973614036E-02, 3.075102977E-03, 1.699473364E-03, 4.417337706E-03,-3.916379156E-03,-3.387173651E-04,-9.369272324E-02,-8.432947100E-04
       846, 8.999999951E+00, 6.461357425E-01, 8.070251358E-02, 2.388984675E-03, 1.133226985E-03, 4.488716532E-03,-4.719074150E-03,-3.193431338E-04,-5.536079343E-02, 1.021514126E-03
       847, 1.099999988E+01, 6.461357329E-01, 7.164158146E-02, 1.831936189E-03, 7.951347967E-04, 4.504358419E-03,-4.263761727E-03,-2.382361697E-04,-3.474886664E-02, 1.428424493E-03
       848, 1.299999997E+01, 6.461357329E-01, 6.376605401E-02, 1.425107691E-03, 5.844047715E-04, 4.503706905E-03,-3.611188118E-03,-1.721455803E-04,-2.299807363E-02, 1.405532715E-03
       849, 4.999999929E+00, 6.577832735E-01, 9.089426479E-02, 3.277763560E-03, 2.561044268E-03, 4.114123941E-03, 3.127043594E-03, 3.510695522E-04,-1.659485427E-01,-8.111121864E-03
       850, 6.999999954E+00, 6.577832735E-01, 8.864380436E-02, 3.064091017E-03, 1.686938430E-03, 4.406670644E-03,-3.613978541E-03,-3.186297569E-04,-9.386982465E-02,-1.044695290E-03
       851, 8.999999951E+00, 6.577832833E-01, 8.005550866E-02, 2.400225745E-03, 1.129143965E-03, 4.484594746E-03,-4.559471418E-03,-3.141817432E-04,-5.573114762E-02, 9.102885719E-04
       852, 1.099999988E+01, 6.577832735E-01, 7.123485903E-02, 1.848199782E-03, 7.936235486E-04, 4.502881410E-03,-4.174968270E-03,-2.375051531E-04,-3.508464849E-02, 1.365107918E-03
       853, 1.299999997E+01, 6.577832735E-01, 6.349660333E-02, 1.441255281E-03, 5.837841833E-04, 4.503352292E-03,-3.558864855E-03,-1.727218145E-04,-2.326547981E-02, 1.367714710E-03
       854, 4.999999929E+00, 6.695993975E-01, 8.894074726E-02, 3.179995771E-03, 2.515925298E-03, 4.085058135E-03, 3.682331229E-03, 4.244930868E-04,-1.647219271E-01,-8.432465272E-03
       855, 6.999999954E+00, 6.695993975E-01, 8.753380815E-02, 3.050540022E-03, 1.673883278E-03, 4.395350205E-03,-3.310157468E-03,-2.975659264E-04,-9.400643855E-02,-1.246047137E-03
       856, 8.999999951E+00, 6.695994075E-01, 7.939486359E-02, 2.410308152E-03, 1.124850184E-03, 4.480141023E-03,-4.397728601E-03,-3.085617634E-04,-5.608471941E-02, 7.978766920E-04
       857, 1.099999988E+01, 6.695993975E-01, 7.081832255E-02, 1.863944280E-03, 7.920233983E-04, 4.501234230E-03,-4.084528602E-03,-2.365607864E-04,-3.541369225E-02, 1.300734301E-03
       858, 1.299999997E+01, 6.695993975E-01, 6.322010782E-02, 1.457185076E-03, 5.831234566E-04, 4.502909728E-03,-3.505396671E-03,-1.731958642E-04,-2.353041145E-02, 1.329120808E-03
       859, 4.999999929E+00, 6.815865448E-01, 8.697420664E-02, 3.077018031E-03, 2.469732788E-03, 4.054723056E-03, 4.228892286E-03, 4.993597295E-04,-1.634051810E-01,-8.744415932E-03
       860, 6.999999954E+00, 6.815865448E-01, 8.640635849E-02, 3.034381064E-03, 1.660298432E-03, 4.383350434E-03,-3.005145685E-03,-2.755348092E-04,-9.410194682E-02,-1.447280034E-03
       861, 8.999999951E+00, 6.815865550E-01, 7.872052361E-02, 2.419182152E-03, 1.120338305E-03, 4.475338039E-03,-4.233907676E-03,-3.024722148E-04,-5.642095431E-02, 6.843400807E-04
       862, 1.099999988E+01, 6.815865448E-01, 7.039185607E-02, 1.879138672E-03, 7.903303785E-04, 4.499406117E-03,-3.992452164E-03,-2.353954994E-04,-3.573564168E-02, 1.235319936E-03
       863, 1.299999997E+01, 6.815865448E-01, 6.293645097E-02, 1.472878079E-03, 5.824205318E-04, 4.502372600E-03,-3.450777918E-03,-1.735630983E-04,-2.379265428E-02, 1.289749595E-03
       864, 4.999999929E+00, 6.937471908E-01, 8.499576592E-02, 2.968817615E-03, 2.422494512E-03, 4.023091647E-03, 4.766002394E-03, 5.755762362E-04,-1.619991656E-01,-9.046424432E-03
       865, 6.999999954E+00, 6.937471908E-01, 8.526168605E-02, 3.015544463E-03, 1.646175046E-03, 4.370645008E-03,-2.699183213E-03,-2.524658232E-04,-9.415577699E-02,-1.648041913E-03
       866, 8.999999951E+00, 6.937472012E-01, 7.803244489E-02, 2.426797378E-03, 1.115600970E-03, 4.470167926E-03,-4.068075344E-03,-2.959023419E-04,-5.673930421E-02, 5.697437837E-04
       867, 1.099999988E+01, 6.937471908E-01, 6.995534790E-02, 1.893751192E-03, 7.885404261E-04, 4.497385847E-03,-3.898750643E-03,-2.340017888E-04,-3.605016764E-02, 1.168881988E-03
       868, 1.299999997E+01, 6.937471908E-01, 6.264551743E-02, 1.488314647E-03, 5.816732762E-04, 4.501733953E-03,-3.395004013E-03,-1.738188015E-04,-2.405199011E-02, 1.249601666E-03
       869, 4.999999929E+00, 7.060838467E-01, 8.300658767E-02, 2.855390991E-03, 2.374241745E-03, 3.990137677E-03, 5.292935304E-03, 6.530419942E-04,-1.605048695E-01,-9.337943720E-03
       870, 6.999999954E+00, 7.060838467E-01, 8.410004605E-02, 2.993959910E-03, 1.631504968E-03, 4.357207271E-03,-2.392519320E-03,-2.283950140E-04,-9.416737675E-02,-1.848149544E-03
       871, 8.999999951E+00, 7.060838572E-01, 7.733059503E-02, 2.433102891E-03, 1.110630816E-03, 4.464612270E-03,-3.900303127E-03,-2.888417003E-04,-5.703922809E-02, 4.541567227E-04
       872, 1.099999988E+01, 7.060838467E-01, 6.950869090E-02, 1.907749284E-03, 7.866493852E-04, 4.495161730E-03,-3.803441144E-03,-2.323715829E-04,-3.635689238E-02, 1.101435841E-03
       873, 1.299999997E+01, 7.060838467E-01, 6.234719324E-02, 1.503474505E-03, 5.808794832E-04, 4.500986482E-03,-3.338071439E-03,-1.739581702E-04,-2.430819767E-02, 1.208679699E-03
       874, 4.999999929E+00, 7.185990599E-01, 8.100787331E-02, 2.736744259E-03, 2.325009294E-03, 3.955835820E-03, 5.808964817E-03, 7.316490924E-04,-1.589234114E-01,-9.618430881E-03
       875, 6.999999954E+00, 7.185990599E-01, 8.292171892E-02, 2.969562822E-03, 1.616280801E-03, 4.343010265E-03,-2.085410654E-03,-2.033845960E-04,-9.413623673E-02,-2.047519495E-03
       876, 8.999999951E+00, 7.185990706E-01, 7.661495351E-02, 2.438047247E-03, 1.105420501E-03, 4.458652121E-03,-3.730667407E-03,-2.812802628E-04,-5.732019334E-02, 3.376518831E-04
       877, 1.099999988E+01, 7.185990599E-01, 6.905178285E-02, 1.921099605E-03, 7.846530117E-04, 4.492721596E-03,-3.706530183E-03,-2.304971577E-04,-3.665531935E-02, 1.033002506E-03
       878, 1.299999997E+01, 7.185990599E-01, 6.204136598E-02, 1.518336743E-03, 5.800368721E-04, 4.500122522E-03,-3.279977734E-03,-1.739763241E-04,-2.456105164E-02, 1.166986955E-03
       879, 4.999999929E+00, 7.312954149E-01, 7.900086209E-02, 2.612893598E-03, 2.274835511E-03, 3.920161750E-03, 6.313366021E-03, 8.112822825E-04,-1.572560385E-01,-9.887349109E-03
       880, 6.999999954E+00, 7.312954149E-01, 8.172701050E-02, 2.942290159E-03, 1.600495961E-03, 4.328026774E-03,-1.778120671E-03,-1.773698760E-04,-9.406190683E-02,-2.245754950E-03
       881, 8.999999951E+00, 7.312954258E-01, 7.588551221E-02, 2.441578561E-03, 1.099962717E-03, 4.452267997E-03,-3.559249433E-03,-2.732083628E-04,-5.758167699E-02, 2.203055906E-04
       882, 1.099999988E+01, 7.312954149E-01, 6.858452680E-02, 1.933768107E-03, 7.825469795E-04, 4.490052792E-03,-3.608044020E-03,-2.283712225E-04,-3.694519697E-02, 9.636067966E-04
       883, 1.299999997E+01, 7.312954149E-01, 6.172792501E-02, 1.532879804E-03, 5.791430885E-04, 4.499134038E-03,-3.220721533E-03,-1.738683229E-04,-2.481032242E-02, 1.124526514E-03
       884, 4.999999929E+00, 7.441755335E-01, 7.698683019E-02, 2.483865691E-03, 2.223762292E-03, 3.883092218E-03, 6.805416036E-03, 8.918187763E-04,-1.555041223E-01,-1.014416913E-02
       885, 6.999999954E+00, 7.441755335E-01, 8.051625236E-02, 2.912077917E-03, 1.584144743E-03, 4.312229355E-03,-1.470919920E-03,-1.503585978E-04,-9.394398134E-02,-2.442720250E-03
       886, 8.999999951E+00, 7.441755445E-01, 7.514227585E-02, 2.443644581E-03, 1.094250221E-03, 4.445439888E-03,-3.386135371E-03,-2.646167734E-04,-5.782316677E-02, 1.021981925E-04
       887, 1.099999988E+01, 7.441755335E-01, 6.810683140E-02, 1.945720021E-03, 7.803268847E-04, 4.487142178E-03,-3.508010483E-03,-2.259864827E-04,-3.722628277E-02, 8.932742375E-04
       888, 1.299999997E+01, 7.441755335E-01, 6.140676168E-02, 1.547081471E-03, 5.781957045E-04, 4.498012610E-03,-3.160302724E-03,-1.736291483E-04,-2.505577606E-02, 1.081301842E-03
       889, 4.999999929E+00, 7.572420753E-01, 7.496708961E-02, 2.349698151E-03, 2.171835062E-03, 3.844605144E-03, 7.284395280E-03, 9.731279032E-04,-1.536691563E-01,-1.038836922E-02
       890, 6.999999954E+00, 7.572420753E-01, 7.928980226E-02, 2.878864755E-03, 1.567222382E-03, 4.295590389E-03,-1.164089168E-03,-1.223690744E-04,-9.378209329E-02,-2.638172542E-03
       891, 8.999999951E+00, 7.572420866E-01, 7.438526247E-02, 2.444192765E-03, 1.088275852E-03, 4.438147268E-03,-3.211416383E-03,-2.554967273E-04,-5.804416201E-02,-1.658598967E-05
       892, 1.099999988E+01, 7.572420753E-01, 6.761861119E-02, 1.956919892E-03, 7.779882504E-04, 4.483976111E-03,-3.406442704E-03,-2.233352542E-04,-3.749807935E-02, 8.220315713E-04
       893, 1.299999997E+01, 7.572420753E-01, 6.107776956E-02, 1.560918864E-03, 5.771922193E-04, 4.496749430E-03,-3.098722523E-03,-1.732537238E-04,-2.529717556E-02, 1.037318618E-03
       894, 4.999999929E+00, 7.704977387E-01, 7.294298702E-02, 2.210439968E-03, 2.119102739E-03, 3.804679707E-03, 7.749589535E-03, 1.055071237E-03,-1.517527570E-01,-1.061943601E-02
       895, 6.999999954E+00, 7.704977387E-01, 7.804804449E-02, 2.842591857E-03, 1.549725116E-03, 4.278082119E-03,-8.579152030E-04,-9.340647367E-05,-9.357592541E-02,-2.831866067E-03
       896, 8.999999951E+00, 7.704977502E-01, 7.361450391E-02, 2.443170362E-03, 1.082032561E-03, 4.430369103E-03,-3.035188659E-03,-2.458399558E-04,-5.824417471E-02,-1.359591390E-04
       897, 1.099999988E+01, 7.704977387E-01, 6.711978703E-02, 1.967331561E-03, 7.755265351E-04, 4.480540449E-03,-3.303371194E-03,-2.204095694E-04,-3.776020072E-02, 7.499054221E-04
       898, 1.299999997E+01, 7.704977387E-01, 6.074084465E-02, 1.574368461E-03, 5.761300600E-04, 4.495335284E-03,-3.035983483E-03,-1.727369105E-04,-2.553428177E-02, 9.925847250E-04
       899, 4.999999929E+00, 7.839452610E-01, 7.091590247E-02, 2.066151926E-03, 2.065617683E-03, 3.763296427E-03, 8.200292235E-03, 1.137502839E-03,-1.497566669E-01,-1.083686670E-02
       900, 6.999999954E+00, 7.839452610E-01, 7.679139011E-02, 2.803202874E-03, 1.531650244E-03, 4.259676700E-03,-5.526919911E-04,-6.348264201E-05,-9.332521270E-02,-3.023561974E-03
       901, 8.999999951E+00, 7.839452727E-01, 7.283004627E-02, 2.440524497E-03, 1.075513434E-03, 4.422083866E-03,-2.857553437E-03,-2.356387811E-04,-5.842273060E-02,-2.558296718E-04
       902, 1.099999988E+01, 7.839452610E-01, 6.661028640E-02, 1.976918191E-03, 7.729371400E-04, 4.476820543E-03,-3.198825308E-03,-2.172021256E-04,-3.801231287E-02, 6.769271503E-04
       903, 1.299999997E+01, 7.839452610E-01, 6.039588563E-02, 1.587406103E-03, 5.750065830E-04, 4.493760549E-03,-2.972089484E-03,-1.720735175E-04,-2.576685270E-02, 9.471089481E-04
       904, 4.999999929E+00, 7.975874190E-01, 6.888724792E-02, 1.916907013E-03, 2.011435634E-03, 3.720437257E-03, 8.635805825E-03, 1.220269358E-03,-1.476827506E-01,-1.104017132E-02
       905, 6.999999954E+00, 7.975874190E-01, 7.552027722E-02, 2.760644151E-03, 1.512996188E-03, 4.240346247E-03,-2.487202242E-04,-3.261026588E-05,-9.302973956E-02,-3.213015536E-03
       906, 8.999999951E+00, 7.975874309E-01, 7.203195036E-02, 2.436202268E-03, 1.068711721E-03, 4.413269549E-03,-2.678616987E-03,-2.248862265E-04,-5.857937037E-02,-3.761017395E-04
       907, 1.099999988E+01, 7.975874190E-01, 6.609004383E-02, 1.985642341E-03, 7.702154173E-04, 4.472801235E-03,-3.092837219E-03,-2.137055666E-04,-3.825405196E-02, 6.031313858E-04
       908, 1.299999997E+01, 7.975874190E-01, 6.004279407E-02, 1.600006989E-03, 5.738190752E-04, 4.492015179E-03,-2.907045776E-03,-1.712583174E-04,-2.599464333E-02, 9.008996983E-04
       909, 4.999999929E+00, 8.114270298E-01, 6.685846576E-02, 1.762790807E-03, 1.956615620E-03, 3.676085672E-03, 9.055442436E-03, 1.303209892E-03,-1.455329886E-01,-1.122887417E-02
       910, 6.999999954E+00, 8.114270298E-01, 7.423517115E-02, 2.714864961E-03, 1.493762553E-03, 4.220062884E-03, 5.369296441E-05,-8.053727290E-07,-9.268934303E-02,-3.399977923E-03
       911, 8.999999951E+00, 8.114270419E-01, 7.122029215E-02, 2.430150844E-03, 1.061620862E-03, 4.403903679E-03,-2.498490624E-03,-2.135757777E-04,-5.871365044E-02,-4.966769445E-04
       912, 1.099999988E+01, 8.114270298E-01, 6.555900117E-02, 1.993465969E-03, 7.673566791E-04, 4.468466853E-03,-2.985441956E-03,-2.099126249E-04,-3.848505656E-02, 5.285538294E-04
       913, 1.299999997E+01, 8.114270298E-01, 5.968147472E-02, 1.612145660E-03, 5.725647560E-04, 4.490088696E-03,-2.840859126E-03,-1.702860697E-04,-2.621740561E-02, 8.539674686E-04
       914, 4.999999929E+00, 8.254669514E-01, 6.483102722E-02, 1.603901856E-03, 1.901219858E-03, 3.630226759E-03, 9.458525215E-03, 1.386155630E-03,-1.433094735E-01,-1.140251347E-02
       915, 6.999999954E+00, 8.254669514E-01, 7.293656463E-02, 2.665817774E-03, 1.473950179E-03, 4.198798784E-03, 3.542343782E-04, 3.191358652E-05,-9.230391295E-02,-3.584196577E-03
       916, 8.999999951E+00, 8.254669637E-01, 7.039516318E-02, 2.422317550E-03, 1.054234520E-03, 4.393963339E-03,-2.317290677E-03,-2.017021161E-04,-5.882514490E-02,-6.174512810E-04
       917, 1.099999988E+01, 8.254669514E-01, 6.501710806E-02, 2.000350476E-03, 7.643562069E-04, 4.463801215E-03,-2.876677484E-03,-2.058161320E-04,-3.870496778E-02, 4.532326885E-04
       918, 1.299999997E+01, 8.254669514E-01, 5.931183575E-02, 1.623796033E-03, 5.712407793E-04, 4.487970186E-03,-2.773537882E-03,-1.691515691E-04,-2.643492536E-02, 8.063232040E-04
       919, 4.999999929E+00, 8.397100830E-01, 6.280643077E-02, 1.440352067E-03, 1.845313627E-03, 3.582847303E-03, 9.844390571E-03, 1.468930108E-03,-1.410144098E-01,-1.156064223E-02
       920, 6.999999954E+00, 8.397100830E-01, 7.162497788E-02, 2.613458502E-03, 1.453561206E-03, 4.176526271E-03, 6.525850883E-04, 6.552536442E-05,-9.187339320E-02,-3.765416219E-03
       921, 8.999999951E+00, 8.397100955E-01, 6.955667105E-02, 2.412650042E-03, 1.046546608E-03, 4.383425180E-03,-2.135138515E-03,-1.892595094E-04,-5.891344424E-02,-7.383201375E-04
       922, 1.099999988E+01, 8.397100830E-01, 6.446432222E-02, 2.006256739E-03, 7.612092619E-04, 4.458787623E-03,-2.766584745E-03,-2.014091064E-04,-3.891342973E-02, 3.772082541E-04
       923, 1.299999997E+01, 8.397100830E-01, 5.893378902E-02, 1.634931369E-03, 5.698442360E-04, 4.485648284E-03,-2.705092976E-03,-1.678492110E-04,-2.664689206E-02, 7.579791091E-04
       924, 4.999999929E+00, 8.541593657E-01, 6.078620025E-02, 1.272267072E-03, 1.788965134E-03, 3.533935876E-03, 1.021239065E-02, 1.551349632E-03,-1.386501151E-01,-1.170283063E-02
       925, 6.999999954E+00, 8.541593657E-01, 7.030095873E-02, 2.557746765E-03, 1.432599123E-03, 4.153217858E-03, 9.484209033E-04, 1.000059548E-04,-9.139778289E-02,-3.943379419E-03
       926, 8.999999951E+00, 8.541593784E-01, 6.870493980E-02, 2.401096399E-03, 1.038551324E-03, 4.372265451E-03,-1.952160931E-03,-1.762498950E-04,-5.897815826E-02,-8.591523900E-04
       927, 1.099999988E+01, 8.541593657E-01, 6.390060987E-02, 2.011145147E-03, 7.579110968E-04, 4.453408867E-03,-2.655207674E-03,-1.966847630E-04,-3.911009042E-02, 3.005230168E-04
       928, 1.299999997E+01, 8.541593657E-01, 5.854725029E-02, 1.645524332E-03, 5.683721574E-04, 4.483111172E-03,-2.635530669E-03,-1.663736239E-04,-2.685299611E-02, 7.089524957E-04
       929, 4.999999929E+00, 8.688177834E-01, 5.877188295E-02, 1.099786563E-03, 1.732245350E-03, 3.483482932E-03, 1.056189465E-02, 1.633223529E-03,-1.362190152E-01,-1.182866837E-02
       930, 6.999999954E+00, 8.688177834E-01, 6.896508259E-02, 2.498646153E-03, 1.411068810E-03, 4.128846266E-03, 1.241412809E-03, 1.353283398E-04,-9.087713760E-02,-4.117826453E-03
       931, 8.999999951E+00, 8.688177964E-01, 6.784011028E-02, 2.387605858E-03, 1.030243179E-03, 4.360460018E-03,-1.768488740E-03,-1.626652571E-04,-5.901892212E-02,-9.799086017E-04
       932, 1.099999988E+01, 8.688177834E-01, 6.332594608E-02, 2.014975648E-03, 7.544569673E-04, 4.447647228E-03,-2.542593261E-03,-1.916365473E-04,-3.929460261E-02, 2.232224015E-04
       933, 1.299999997E+01, 8.688177834E-01, 5.815213957E-02, 1.655547014E-03, 5.668215189E-04, 4.480346569E-03,-2.564870977E-03,-1.647197734E-04,-2.705311253E-02, 6.592596641E-04
       934, 4.999999929E+00, 8.836883630E-01, 5.676504765E-02, 9.230645963E-04, 1.675227834E-03, 3.431480886E-03, 1.089228935E-02, 1.714354095E-03,-1.337236350E-01,-1.193776587E-02
       935, 6.999999954E+00, 8.836883630E-01, 6.761795246E-02, 2.436124499E-03, 1.388976593E-03, 4.103384519E-03, 1.531227313E-03, 1.714623652E-04,-9.031156951E-02,-4.288495375E-03
       936, 8.999999951E+00, 8.836883762E-01, 6.696234051E-02, 2.372126323E-03, 1.021617031E-03, 4.347984392E-03,-1.584258364E-03,-1.484787692E-04,-5.903539007E-02,-1.100349132E-03
       937, 1.099999988E+01, 8.836883630E-01, 6.274031517E-02, 2.017707809E-03, 7.508421451E-04, 4.441484480E-03,-2.428791590E-03,-1.862580959E-04,-3.946662463E-02, 1.453544834E-04
       938, 1.299999997E+01, 8.836883630E-01, 5.774838137E-02, 1.664970896E-03, 5.651892427E-04, 4.477341727E-03,-2.493130995E-03,-1.628825953E-04,-2.724699861E-02, 6.089171898E-04
       939, 4.999999929E+00, 8.987741753E-01, 5.476728259E-02, 7.422698899E-04, 1.617988543E-03, 3.377924213E-03, 1.120298033E-02, 1.794536250E-03,-1.311665932E-01,-1.202975359E-02
       940, 6.999999954E+00, 8.987741753E-01, 6.626019881E-02, 2.370154165E-03, 1.366330285E-03, 4.076806008E-03, 1.817526994E-03, 2.083747643E-04,-8.970124789E-02,-4.455122855E-03
       941, 8.999999951E+00, 8.987741887E-01, 6.607180615E-02, 2.354606367E-03, 1.012668122E-03, 4.334813754E-03,-1.399611006E-03,-1.337243289E-04,-5.902722823E-02,-1.220439643E-03
       942, 1.099999988E+01, 8.987741753E-01, 6.214371103E-02, 2.019300854E-03, 7.470619314E-04, 4.434901897E-03,-2.313855892E-03,-1.805432563E-04,-3.962582069E-02, 6.696911295E-05
       943, 1.299999997E+01, 8.987741753E-01, 5.733590494E-02, 1.673766891E-03, 5.634722018E-04, 4.474083421E-03,-2.420319550E-03,-1.608567307E-04,-2.743431877E-02, 5.579428496E-04
       944, 4.999999929E+00, 9.140783356E-01, 5.278019338E-02, 5.575861282E-04, 1.560605614E-03, 3.322809529E-03, 1.149339409E-02, 1.873557903E-03,-1.285506005E-01,-1.210428270E-02
       945, 6.999999954E+00, 9.140783356E-01, 6.489247948E-02, 2.300712317E-03, 1.343139223E-03, 4.049084552E-03, 2.099971129E-03, 2.460291643E-04,-8.904640032E-02,-4.617445043E-03
       946, 8.999999951E+00, 9.140783492E-01, 6.516870091E-02, 2.334999113E-03, 1.003392108E-03, 4.320922989E-03,-1.214692287E-03,-1.184101767E-04,-5.899412949E-02,-1.340086855E-03
       947, 1.099999988E+01, 9.140783356E-01, 6.153613757E-02, 2.019713726E-03, 7.431116714E-04, 4.427880256E-03,-2.197842588E-03,-1.744862068E-04,-3.977186137E-02,-1.188133725E-05
       948, 1.299999997E+01, 9.140783356E-01, 5.691464462E-02, 1.681905322E-03, 5.616672255E-04, 4.470557946E-03,-2.346458801E-03,-1.586366992E-04,-2.761482898E-02, 5.063561834E-04
       949, 4.999999929E+00, 9.296040040E-01, 5.080540077E-02, 3.692122300E-04, 1.503159139E-03, 3.266135686E-03, 1.176298043E-02, 1.951200481E-03,-1.258784582E-01,-1.216102741E-02
       950, 6.999999954E+00, 9.296040040E-01, 6.351547946E-02, 2.227781203E-03, 1.319414307E-03, 4.020194461E-03, 2.378216148E-03, 2.843860286E-04,-8.834731331E-02,-4.775198484E-03
       951, 8.999999951E+00, 9.296040179E-01, 6.425323676E-02, 2.313256842E-03, 9.937850940E-04, 4.306286713E-03,-1.029652791E-03,-1.025054827E-04,-5.893582279E-02,-1.459047094E-03
       952, 1.099999988E+01, 9.296040040E-01, 6.091760900E-02, 2.018905139E-03, 7.389867691E-04, 4.420399848E-03,-2.080811276E-03,-1.680814566E-04,-3.990442447E-02,-9.114198547E-05
       953, 1.299999997E+01, 9.296040040E-01, 5.648454007E-02, 1.689355990E-03, 5.597711045E-04, 4.466751115E-03,-2.271569265E-03,-1.562174147E-04,-2.778828830E-02, 4.541807596E-04
       954, 4.999999929E+00, 9.453543867E-01, 4.884453834E-02, 1.773625799E-04, 1.445730921E-03, 3.207903859E-03, 1.201121350E-02, 2.027239396E-03,-1.231530501E-01,-1.219968705E-02
       955, 6.999999954E+00, 9.453543867E-01, 6.212991064E-02, 2.151348429E-03, 1.295168028E-03, 3.990110611E-03, 2.651916083E-03, 3.234023935E-04,-8.760433245E-02,-4.928119606E-03
       956, 8.999999951E+00, 9.453544008E-01, 6.332564417E-02, 2.289331624E-03, 9.838436690E-04, 4.290879310E-03,-8.446473847E-04,-8.602277228E-05,-5.885205507E-02,-1.577296485E-03
       957, 1.099999988E+01, 9.453543867E-01, 6.028815026E-02, 2.016833646E-03, 7.346827035E-04, 4.412440489E-03,-1.962824762E-03,-1.613238430E-04,-4.002319587E-02,-1.707554035E-04
       958, 1.299999997E+01, 9.453543867E-01, 5.604553659E-02, 1.696088201E-03, 5.577805962E-04, 4.462648252E-03,-2.195673346E-03,-1.535937489E-04,-2.795444399E-02, 4.014400361E-04
       959, 4.999999929E+00, 9.613327362E-01, 4.689925018E-02,-1.773277129E-05, 1.388404214E-03, 3.148117633E-03, 1.223759062E-02, 2.101443829E-03,-1.203773271E-01,-1.221998570E-02
       960, 6.999999954E+00, 9.613327362E-01, 6.073651152E-02, 2.071407256E-03, 1.270414490E-03, 3.958808508E-03, 2.920723114E-03, 3.630317367E-04,-8.681786216E-02,-5.075944753E-03
       961, 8.999999951E+00, 9.613327505E-01, 6.238617255E-02, 2.263178042E-03, 9.735649417E-04, 4.274674968E-03,-6.598359786E-04,-6.896689496E-05,-5.874259378E-02,-1.694651465E-03
       962, 1.099999988E+01, 9.613327362E-01, 5.964779739E-02, 2.013457710E-03, 7.301950450E-04, 4.403981525E-03,-1.843949084E-03,-1.542085888E-04,-4.012787031E-02,-2.506614690E-04
       963, 1.299999997E+01, 9.613327362E-01, 5.559758544E-02, 1.702070755E-03, 5.556924311E-04, 4.458234194E-03,-2.118795448E-03,-1.507606591E-04,-2.811304400E-02, 3.481577743E-04
       964, 4.999999929E+00, 9.775423519E-01, 4.497118870E-02,-2.158278987E-04, 1.331263451E-03, 3.086783079E-03, 1.244163469E-02, 2.173576576E-03,-1.175543069E-01,-1.222167233E-02
       965, 6.999999954E+00, 9.775423519E-01, 5.933604682E-02, 1.987956900E-03, 1.245169434E-03, 3.926264366E-03, 3.184288267E-03, 4.032240940E-04,-8.598836597E-02,-5.218411384E-03
       966, 8.999999951E+00, 9.775423664E-01, 6.143509049E-02, 2.234751953E-03, 9.629465738E-04, 4.257647716E-03,-4.753823323E-04,-5.134214462E-05,-5.860723710E-02,-1.810990906E-03
       967, 1.099999988E+01, 9.775423519E-01, 5.899659782E-02, 2.008735773E-03, 7.255194727E-04, 4.395001851E-03,-1.724253527E-03,-1.467311954E-04,-4.021815168E-02,-3.307983639E-04
       968, 1.299999997E+01, 9.775423519E-01, 5.514064410E-02, 1.707271979E-03, 5.535033191E-04, 4.453493284E-03,-2.040962040E-03,-1.477132038E-04,-2.826383801E-02, 2.943604129E-04
       969, 4.999999929E+00, 9.939865811E-01, 4.306201211E-02,-4.166608354E-04, 1.274393958E-03, 3.023908868E-03, 1.262289781E-02, 2.243394848E-03,-1.146870784E-01,-1.220452271E-02
       970, 6.999999954E+00, 9.939865811E-01, 5.792930710E-02, 1.901002815E-03, 1.219450250E-03, 3.892455174E-03, 3.442262160E-03, 4.439261174E-04,-8.511636716E-02,-5.355259174E-03
       971, 8.999999951E+00, 9.939865959E-01, 6.047268600E-02, 2.204010989E-03, 9.519868151E-04, 4.239771467E-03,-2.914545232E-04,-3.315441275E-05,-5.844581049E-02,-1.926172217E-03
       972, 1.099999988E+01, 9.939865811E-01, 5.833461079E-02, 2.002626322E-03, 7.206517928E-04, 4.385479923E-03,-1.603810648E-03,-1.388878381E-04,-4.029375395E-02,-4.111012147E-04
       973, 1.299999997E+01, 9.939865811E-01, 5.467467658E-02, 1.711659773E-03, 5.512099569E-04, 4.448409376E-03,-1.962201647E-03,-1.444465548E-04,-2.840657852E-02, 2.400770191E-04
       974, 4.999999929E+00, 1.010668820E+00, 4.117338187E-02,-6.199534315E-04, 1.217881656E-03, 2.959506398E-03, 1.278096004E-02, 2.310650347E-03,-1.117787846E-01,-1.216833875E-02
       975, 6.999999954E+00, 1.010668820E+00, 5.651710818E-02, 1.810556970E-03, 1.193275980E-03, 3.857358775E-03, 3.694295565E-03, 4.850810508E-04,-8.420244874E-02,-5.486231105E-03
       976, 8.999999951E+00, 1.010668835E+00, 5.949926670E-02, 2.170914570E-03, 9.406845372E-04, 4.221020056E-03,-1.082246068E-04,-1.441083942E-05,-5.825816724E-02,-2.040056796E-03
       977, 1.099999988E+01, 1.010668820E+00, 5.766190765E-02, 1.995087997E-03, 7.155879566E-04, 4.375393774E-03,-1.482696200E-03,-1.306746110E-04,-4.035440145E-02,-4.915037591E-04
       978, 1.299999997E+01, 1.010668820E+00, 5.419965377E-02, 1.715201655E-03, 5.488090356E-04, 4.442965832E-03,-1.882544837E-03,-1.409560412E-04,-2.854102075E-02, 1.853386962E-04
       979, 4.999999929E+00, 1.027592512E+00, 3.930696036E-02,-8.254112098E-04, 1.161812758E-03, 2.893589883E-03, 1.291542915E-02, 2.375089611E-03,-1.088326071E-01,-1.211294905E-02
       980, 6.999999954E+00, 1.027592512E+00, 5.510029065E-02, 1.716638125E-03, 1.166667325E-03, 3.820953937E-03, 3.940039975E-03, 5.266284219E-04,-8.324725313E-02,-5.611072723E-03
       981, 8.999999951E+00, 1.027592528E+00, 5.851516005E-02, 2.135424140E-03, 9.290392669E-04, 4.201367283E-03, 7.413140801E-05, 4.879917600E-06,-5.804418926E-02,-2.152500671E-03
       982, 1.099999988E+01, 1.027592512E+00, 5.697857225E-02, 1.986079683E-03, 7.103240802E-04, 4.364721033E-03,-1.360989404E-03,-1.220905521E-04,-4.039982912E-02,-5.719276320E-04
       983, 1.299999997E+01, 1.027592512E+00, 5.371555365E-02, 1.717864789E-03, 5.462972488E-04, 4.437145526E-03,-1.802024236E-03,-1.372369484E-04,-2.866692287E-02, 1.301758801E-04
       984, 4.999999929E+00, 1.044761154E+00, 3.746440856E-02,-1.032723268E-03, 1.106273455E-03, 2.826176467E-03, 1.302594102E-02, 2.436454212E-03,-1.058517587E-01,-1.203820962E-02
       985, 6.999999954E+00, 1.044761154E+00, 5.367971923E-02, 1.619272137E-03, 1.139646632E-03, 3.783220431E-03, 4.179148229E-03, 5.685039308E-04,-8.225148128E-02,-5.729532092E-03
       986, 8.999999951E+00, 1.044761169E+00, 5.752071351E-02, 2.097503329E-03, 9.170512167E-04, 4.180786942E-03, 2.554338189E-04, 2.470771331E-05,-5.780378788E-02,-2.263358696E-03
       987, 1.099999988E+01, 1.044761154E+00, 5.628470122E-02, 1.975560923E-03, 7.048564644E-04, 4.353438942E-03,-1.238772192E-03,-1.131352293E-04,-4.042978687E-02,-6.523304069E-04
       988, 1.299999997E+01, 1.044761154E+00, 5.322236167E-02, 1.719615974E-03, 5.436713014E-04, 4.430930847E-03,-1.720674671E-03,-1.332849104E-04,-2.878404588E-02, 7.461996340E-05
       989, 4.999999929E+00, 1.062178289E+00, 3.564738373E-02,-1.241562177E-03, 1.051349596E-03, 2.757286351E-03, 1.311215929E-02, 2.494480277E-03,-1.028394726E-01,-1.194400160E-02
       990, 6.999999954E+00, 1.062178289E+00, 5.225628207E-02, 1.518492245E-03, 1.112237885E-03, 3.744139110E-03, 4.411275313E-03, 6.106396575E-04,-8.121589234E-02,-5.841361250E-03
       991, 8.999999951E+00, 1.062178305E+00, 5.651629466E-02, 2.057118141E-03, 9.047213243E-04, 4.159252938E-03, 4.354994569E-04, 4.506082266E-05,-5.753690463E-02,-2.372483694E-03
       992, 1.099999988E+01, 1.062178289E+00, 5.558040427E-02, 1.963490712E-03, 6.991816145E-04, 4.341524382E-03,-1.116129800E-03,-1.037900813E-04,-4.044403638E-02,-7.325966868E-04
       993, 1.299999997E+01, 1.062178289E+00, 5.272007104E-02, 1.720421725E-03, 5.409279188E-04, 4.424303700E-03,-1.638533189E-03,-1.290958201E-04,-2.889215454E-02, 1.870718117E-05
       994, 4.999999929E+00, 1.079847516E+00, 3.385753722E-02,-1.451583863E-03, 9.971263673E-04, 2.686942930E-03, 1.317377549E-02, 2.548898706E-03,-9.979899206E-02,-1.183023042E-02
       995, 6.999999954E+00, 1.079847516E+00, 5.083089002E-02, 1.414339350E-03, 1.084466680E-03, 3.703691981E-03, 4.636079209E-03, 6.529641941E-04,-8.014130363E-02,-5.946317511E-03
       996, 8.999999951E+00, 1.079847532E+00, 5.550229131E-02, 2.014237137E-03, 8.920512789E-04, 4.136739298E-03, 6.141419273E-04, 6.592590808E-05,-5.724351215E-02,-2.479727048E-03
       997, 1.099999988E+01, 1.079847516E+00, 5.486580456E-02, 1.949828080E-03, 6.932962622E-04, 4.328953894E-03,-9.931510898E-04,-9.406629138E-05,-4.044234759E-02,-8.126679921E-04
       998, 1.299999997E+01, 1.079847516E+00, 5.220868305E-02, 1.720248343E-03, 5.380638567E-04, 4.417245518E-03,-1.555639001E-03,-1.246655186E-04,-2.899101877E-02,-3.752511970E-05
       999, 4.999999929E+00, 1.097772482E+00, 3.209651234E-02,-1.662427505E-03, 9.436879721E-04, 2.615172954E-03, 1.321050881E-02, 2.599435451E-03,-9.673356046E-02,-1.169682585E-02
      1000, 6.999999954E+00, 1.097772482E+00, 4.940447581E-02, 1.306862269E-03, 1.056360199E-03, 3.661862291E-03, 4.853221541E-03, 6.954026616E-04,-7.902859003E-02,-6.044164656E-03
      1001, 8.999999951E+00, 1.097772499E+00, 5.447911157E-02, 1.968831621E-03, 8.790435458E-04, 4.113220177E-03, 7.911717955E-04, 8.728801469E-05,-5.692361458E-02,-2.584938618E-03
      1002, 1.099999988E+01, 1.097772482E+00, 5.414103906E-02, 1.934534615E-03, 6.871973856E-04, 4.315703704E-03,-8.699281191E-04,-8.397827325E-05,-4.042450694E-02,-8.924933261E-04
      1003, 1.299999997E+01, 1.097772482E+00, 5.168820732E-02, 1.719061929E-03, 5.350759116E-04, 4.409737264E-03,-1.472033522E-03,-1.199901859E-04,-2.908041351E-02,-9.403897665E-05
      1004, 4.999999929E+00, 1.115956889E+00, 3.036594229E-02,-1.873715443E-03, 8.911173077E-04, 2.542006713E-03, 1.322210469E-02, 2.645811566E-03,-9.364640605E-02,-1.154374101E-02
      1005, 6.999999954E+00, 1.115956889E+00, 4.797799313E-02, 1.196117995E-03, 1.027947170E-03, 3.618634598E-03, 5.062368198E-03, 7.378763776E-04,-7.787868297E-02,-6.134671994E-03
      1006, 8.999999951E+00, 1.115956906E+00, 5.344718387E-02, 1.920875844E-03, 8.657013990E-04, 4.088669962E-03, 9.663967179E-04, 1.091304807E-04,-5.657724739E-02,-2.687966777E-03
      1007, 1.099999988E+01, 1.115956889E+00, 5.340625868E-02, 1.917572333E-03, 6.808822316E-04, 4.301749752E-03,-7.465555902E-04,-7.350767068E-05,-4.039031920E-02,-9.719456146E-04
      1008, 1.299999997E+01, 1.115956889E+00, 5.115866215E-02, 1.716828446E-03, 5.319609313E-04, 4.401759440E-03,-1.387760362E-03,-1.150662146E-04,-2.916011879E-02,-1.507943991E-04
      1009, 4.999999929E+00, 1.134404493E+00, 2.866744842E-02,-2.085053073E-03, 8.394956513E-04, 2.467478256E-03, 1.320833228E-02, 2.687742891E-03,-9.054072409E-02,-1.137095001E-02
      1010, 6.999999954E+00, 1.134404493E+00, 4.655241573E-02, 1.082171975E-03, 9.992578242E-04, 3.573994857E-03, 5.263190013E-03, 7.803027759E-04,-7.669256879E-02,-6.217614224E-03
      1011, 8.999999951E+00, 1.134404510E+00, 5.240695701E-02, 1.870347203E-03, 8.520289461E-04, 4.063063321E-03, 1.139621738E-03, 1.314348643E-04,-5.620447814E-02,-2.788658801E-03
      1012, 1.099999988E+01, 1.134404493E+00, 5.266162863E-02, 1.898902902E-03, 6.743483369E-04, 4.287067720E-03,-6.231310138E-04,-6.265554124E-05,-4.033960280E-02,-1.050970020E-03
      1013, 1.299999997E+01, 1.134404493E+00, 5.062007477E-02, 1.713513759E-03, 5.287158263E-04, 4.393292102E-03,-1.302865398E-03,-1.098902941E-04,-2.922992008E-02,-2.077507854E-04
      1014, 4.999999929E+00, 1.153119101E+00, 2.700263868E-02,-2.296028693E-03, 7.889023519E-04, 2.391625645E-03, 1.316898174E-02, 2.724939241E-03,-8.741965894E-02,-1.117844410E-02
      1015, 6.999999954E+00, 1.153119101E+00, 4.512873638E-02, 9.650983769E-04, 9.703238410E-04, 3.527930495E-03, 5.455363603E-03, 8.225957075E-04,-7.547128770E-02,-6.292773064E-03
      1016, 8.999999951E+00, 1.153119119E+00, 5.135890006E-02, 1.817226441E-03, 8.380311525E-04, 4.036375261E-03, 1.310649689E-03, 1.541808765E-04,-5.580540777E-02,-2.886861420E-03
      1017, 1.099999988E+01, 1.153119101E+00, 5.190732862E-02, 1.878489253E-03, 6.675935508E-04, 4.271633063E-03,-4.997554131E-04,-5.142707401E-05,-4.027218955E-02,-1.129477462E-03
      1018, 1.299999997E+01, 1.153119101E+00, 5.007248171E-02, 1.709083686E-03, 5.253375820E-04, 4.384314865E-03,-1.217396815E-03,-1.044592608E-04,-2.928960881E-02,-2.648643485E-04
      1019, 4.999999929E+00, 1.172104580E+00, 2.537310641E-02,-2.506213299E-03, 7.394145337E-04, 2.314491270E-03, 1.310386098E-02, 2.757103900E-03,-8.428628574E-02,-1.096622801E-02
      1020, 6.999999954E+00, 1.172104580E+00, 4.370796578E-02, 8.449803291E-04, 9.411782872E-04, 3.480430496E-03, 5.638572261E-03, 8.646656458E-04,-7.421593290E-02,-6.359938633E-03
      1021, 8.999999951E+00, 1.172104598E+00, 5.030350232E-02, 1.761497849E-03, 8.237138629E-04, 4.008581174E-03, 1.479281522E-03, 1.773463615E-04,-5.538017102E-02,-2.982421038E-03
      1022, 1.099999988E+01, 1.172104580E+00, 5.114355318E-02, 1.856295473E-03, 6.606160567E-04, 4.255421045E-03,-3.765324853E-04,-3.982397709E-05,-4.018792815E-02,-1.207379563E-03
      1023, 1.299999997E+01, 1.172104580E+00, 4.951592903E-02, 1.703504096E-03, 5.218232705E-04, 4.374806920E-03,-1.131405043E-03,-9.877059957E-05,-2.933898398E-02,-3.220915281E-04
      1024, 4.999999929E+00, 1.191364850E+00, 2.378042946E-02,-2.715160315E-03, 6.911068150E-04, 2.236122224E-03, 1.301279169E-02, 2.783932752E-03,-8.114358942E-02,-1.073431766E-02
      1025, 6.999999954E+00, 1.191364850E+00, 4.229113148E-02, 7.219101396E-04, 9.118555469E-04, 3.431485478E-03, 5.812506611E-03, 9.064197534E-04,-7.292764912E-02,-6.418910636E-03
      1026, 8.999999951E+00, 1.191364868E+00, 4.924127318E-02, 1.703149473E-03, 8.090838206E-04, 3.979656907E-03, 1.645316482E-03, 2.009073322E-04,-5.492893592E-02,-3.075183878E-03
      1027, 1.099999988E+01, 1.191364850E+00, 5.037051185E-02, 1.832286818E-03, 6.534143945E-04, 4.238406772E-03,-2.535687915E-04,-2.784955966E-05,-4.008668478E-02,-1.284588545E-03
      1028, 1.299999997E+01, 1.191364850E+00, 4.895047262E-02, 1.696740924E-03, 5.181700636E-04, 4.364747048E-03,-1.044942752E-03,-9.282119441E-05,-2.937785110E-02,-3.793779283E-04
      1029, 4.999999929E+00, 1.210903887E+00, 2.222616981E-02,-2.922405253E-03, 6.440510445E-04, 2.156570780E-03, 1.289560344E-02, 2.805113080E-03,-7.799444098E-02,-1.048272829E-02
      1030, 6.999999954E+00, 1.210903887E+00, 4.087927662E-02, 5.959895063E-04, 8.823912432E-04, 3.381087775E-03, 5.976865228E-03, 9.477615444E-04,-7.160763085E-02,-6.469497266E-03
      1031, 8.999999951E+00, 1.210903906E+00, 4.817274198E-02, 1.642173322E-03, 7.941486842E-04, 3.949578830E-03, 1.808552276E-03, 2.248378750E-04,-5.445190342E-02,-3.164995966E-03
      1032, 1.099999988E+01, 1.210903887E+00, 4.958842938E-02, 1.806429837E-03, 6.459874820E-04, 4.220565227E-03,-1.309736323E-04,-1.550762493E-05,-3.996834255E-02,-1.361014506E-03
      1033, 1.299999997E+01, 1.210903887E+00, 4.837617851E-02, 1.688760511E-03, 5.143752460E-04, 4.354113637E-03,-9.580649502E-04,-8.661182505E-05,-2.940602416E-02,-4.366876998E-04
      1034, 4.999999929E+00, 1.230725728E+00, 2.071187364E-02,-3.127465096E-03, 5.983160619E-04, 2.075894975E-03, 1.275212746E-02, 2.820319591E-03,-7.484156841E-02,-1.021147186E-02
      1035, 6.999999954E+00, 1.230725728E+00, 3.947345870E-02, 4.673297573E-04, 8.528221523E-04, 3.329231519E-03, 6.131355288E-03, 9.885908430E-04,-7.025711983E-02,-6.511514972E-03
      1036, 8.999999951E+00, 1.230725746E+00, 4.709845780E-02, 1.578565588E-03, 7.789170410E-04, 3.918323900E-03, 1.968785482E-03, 2.491100791E-04,-5.394930824E-02,-3.251703602E-03
      1037, 1.099999988E+01, 1.230725728E+00, 4.879754592E-02, 1.778692497E-03, 6.383346373E-04, 4.201871315E-03,-8.858956063E-06,-2.803021259E-06,-3.983280258E-02,-1.436565840E-03
      1038, 1.299999997E+01, 1.230725728E+00, 4.779312307E-02, 1.679529276E-03, 5.104362286E-04, 4.342884698E-03,-8.708284525E-04,-8.013846697E-05,-2.942332592E-02,-4.939672962E-04
      1039, 4.999999929E+00, 1.250834464E+00, 1.923907229E-02,-3.329837810E-03, 5.539674852E-04, 1.994159348E-03, 1.258218632E-02, 2.829221435E-03,-7.168752326E-02,-9.920564138E-03
      1040, 6.999999954E+00, 1.250834464E+00, 3.807474829E-02, 3.360520628E-04, 8.231861088E-04, 3.275912724E-03, 6.275693327E-03, 1.028804149E-03,-6.887740297E-02,-6.544790015E-03
      1041, 8.999999951E+00, 1.250834482E+00, 4.601898924E-02, 1.512326852E-03, 7.633984179E-04, 3.885869718E-03, 2.125812051E-03, 2.736939674E-04,-5.342142001E-02,-3.335153946E-03
      1042, 1.099999988E+01, 1.250834464E+00, 4.799811718E-02, 1.749044320E-03, 6.304555985E-04, 4.182299886E-03, 1.126607651E-04, 1.025852087E-05,-3.967998447E-02,-1.511149488E-03
      1043, 1.299999997E+01, 1.250834464E+00, 4.720139335E-02, 1.669013076E-03, 5.063505629E-04, 4.331037889E-03,-7.832925722E-04,-7.338943839E-05,-2.942958470E-02,-5.511500441E-04
      1044, 4.999999929E+00, 1.271234248E+00, 1.780928389E-02,-3.529001678E-03, 5.110675314E-04, 1.911435875E-03, 1.238558487E-02, 2.831467435E-03,-6.853464448E-02,-9.609989874E-03
      1045, 6.999999954E+00, 1.271234248E+00, 3.668422768E-02, 2.022876250E-04, 7.935219045E-04, 3.221129365E-03, 6.409606073E-03, 1.068294908E-03,-6.746981065E-02,-6.569159851E-03
      1046, 8.999999951E+00, 1.271234267E+00, 4.493492409E-02, 1.443462297E-03, 7.476032888E-04, 3.852194603E-03, 2.279427708E-03, 2.985575020E-04,-5.286854319E-02,-3.415195305E-03
      1047, 1.099999988E+01, 1.271234248E+00, 4.719041459E-02, 1.717456522E-03, 6.223505455E-04, 4.161825786E-03, 2.334686417E-04, 2.367028331E-05,-3.950982662E-02,-1.584671029E-03
      1048, 1.299999997E+01, 1.271234248E+00, 4.660108736E-02, 1.657178804E-03, 5.021159550E-04, 4.318550534E-03,-6.955193868E-04,-6.637922215E-05,-2.942463778E-02,-6.082058281E-04
      1049, 4.999999929E+00, 1.291929293E+00, 1.642401608E-02,-3.724413725E-03, 4.696748753E-04, 1.827805157E-03, 1.216209684E-02, 2.826683609E-03,-6.538501577E-02,-9.279685890E-03
      1050, 6.999999954E+00, 1.291929293E+00, 3.530298945E-02, 6.617783579E-05, 7.638691787E-04, 3.164881467E-03, 6.532830769E-03, 1.106953611E-03,-6.603571215E-02,-6.584473898E-03
      1051, 8.999999951E+00, 1.291929312E+00, 4.384686903E-02, 1.371981915E-03, 7.315430780E-04, 3.817277660E-03, 2.429428172E-03, 3.236666686E-04,-5.229101617E-02,-3.491677363E-03
      1052, 1.099999988E+01, 1.291929293E+00, 4.637472540E-02, 1.683902151E-03, 6.140201240E-04, 4.140423951E-03, 3.534454508E-04, 3.742454959E-05,-3.932228635E-02,-1.657034586E-03
      1053, 1.299999997E+01, 1.291929293E+00, 4.599231429E-02, 1.643994749E-03, 4.977302802E-04, 4.305399646E-03,-6.075729138E-04,-5.911109680E-05,-2.940833407E-02,-6.650705295E-04
      1054, 4.999999929E+00, 1.312923873E+00, 1.508477002E-02,-3.915508312E-03, 4.298445541E-04, 1.743357956E-03, 1.191144703E-02, 2.814478416E-03,-6.224041683E-02,-8.929554520E-03
      1055, 6.999999954E+00, 1.312923873E+00, 3.393213513E-02,-7.212556548E-05, 7.342683025E-04, 3.107171177E-03, 6.645115297E-03, 1.144667364E-03,-6.457651237E-02,-6.590592113E-03
      1056, 8.999999951E+00, 1.312923892E+00, 4.275544921E-02, 1.297900721E-03, 7.152301606E-04, 3.781098846E-03, 2.575609355E-03, 3.489853881E-04,-5.168921050E-02,-3.564451191E-03
      1057, 1.099999988E+01, 1.312923873E+00, 4.555135282E-02, 1.648356244E-03, 6.054654619E-04, 4.118069413E-03, 4.724697878E-04, 5.151256704E-05,-3.911734060E-02,-1.728143153E-03
      1058, 1.299999997E+01, 1.312923873E+00, 4.537519471E-02, 1.629429077E-03, 4.931915977E-04, 4.291561954E-03,-5.195188904E-04,-5.157094067E-05,-2.938053409E-02,-7.216797750E-04
      1059, 4.999999929E+00, 1.334222322E+00, 1.379304569E-02,-4.101695483E-03, 3.916279236E-04, 1.658197183E-03, 1.163329389E-02, 2.794429727E-03,-5.910226337E-02,-8.559428163E-03
      1060, 6.999999954E+00, 1.334222322E+00, 3.257277370E-02,-2.124603123E-04, 7.047602560E-04, 3.048002846E-03, 6.746220018E-03, 1.181320110E-03,-6.309365468E-02,-6.587385611E-03
      1061, 8.999999951E+00, 1.334222342E+00, 4.166130789E-02, 1.221238972E-03, 6.986778586E-04, 3.743639042E-03, 2.717767847E-03, 3.744754513E-04,-5.106353163E-02,-3.633369734E-03
      1062, 1.099999988E+01, 1.334222322E+00, 4.472061604E-02, 1.610795967E-03, 5.966881862E-04, 4.094737316E-03, 5.904182174E-04, 6.592451070E-05,-3.889498651E-02,-1.797898860E-03
      1063, 1.299999997E+01, 1.334222322E+00, 4.474986080E-02, 1.613450190E-03, 4.884981655E-04, 4.277013929E-03,-4.314252642E-04,-4.376300900E-05,-2.934110661E-02,-7.779866269E-04
      1064, 4.999999929E+00, 1.355829040E+00, 1.255034923E-02,-4.282358274E-03, 3.550726768E-04, 1.572440484E-03, 1.132720555E-02, 2.766072539E-03,-5.597154825E-02,-8.169055482E-03
      1065, 6.999999954E+00, 1.355829040E+00, 3.122602001E-02,-3.546534824E-04, 6.753864990E-04, 2.987383148E-03, 6.835918197E-03, 1.216793017E-03,-6.158861717E-02,-6.574737946E-03
      1066, 8.999999951E+00, 1.355829060E+00, 4.056510593E-02, 1.142022371E-03, 6.819004330E-04, 3.704880125E-03, 2.855701508E-03, 4.000964552E-04,-5.041441973E-02,-3.698288410E-03
      1067, 1.099999988E+01, 1.355829040E+00, 4.388285033E-02, 1.571200767E-03, 5.876904431E-04, 4.070403006E-03, 7.071654373E-04, 8.064943570E-05,-3.865524174E-02,-1.866203019E-03
      1068, 1.299999997E+01, 1.355829040E+00, 4.411645664E-02, 1.596027414E-03, 4.836484560E-04, 4.261731817E-03,-3.433623888E-04,-3.568969459E-05,-2.928992936E-02,-8.339293220E-04
      1069, 4.999999929E+00, 1.377748487E+00, 1.135820215E-02,-4.456850071E-03, 3.202229313E-04, 1.486223648E-03, 1.099262616E-02, 2.728920527E-03,-5.284873947E-02,-7.758054102E-03
      1070, 6.999999954E+00, 1.377748487E+00, 2.989299323E-02,-4.985213701E-04, 6.461888367E-04, 2.925321180E-03, 6.913995119E-03, 1.250964504E-03,-6.006290241E-02,-6.552544913E-03
      1071, 8.999999951E+00, 1.377748507E+00, 3.946752125E-02, 1.060282273E-03, 6.649130717E-04, 3.664805039E-03, 2.989209933E-03, 4.258058401E-04,-4.974234925E-02,-3.759065445E-03
      1072, 1.099999988E+01, 1.377748487E+00, 4.303840700E-02, 1.529552530E-03, 5.784749151E-04, 4.045042077E-03, 8.225844349E-04, 9.567526509E-05,-3.839814471E-02,-1.932956196E-03
      1073, 1.299999997E+01, 1.377748487E+00, 4.347513838E-02, 1.577130964E-03, 4.786411707E-04, 4.245691662E-03,-2.554025137E-04,-2.735231406E-05,-2.922689274E-02,-8.894465283E-04
      1074, 4.999999929E+00, 1.399985190E+00, 1.021815377E-02,-4.624490657E-03, 2.871194008E-04, 1.399705122E-03, 1.062884897E-02, 2.682378616E-03,-4.973372309E-02,-7.325845665E-03
      1075, 6.999999954E+00, 1.399985190E+00, 2.857481547E-02,-6.438693778E-04, 6.172092805E-04, 2.861828548E-03, 6.980248734E-03, 1.283710444E-03,-5.851803421E-02,-6.520715392E-03
      1076, 8.999999951E+00, 1.399985211E+00, 3.836924827E-02, 9.760558833E-04, 6.477318736E-04, 3.623397871E-03, 3.118094684E-03, 4.515590247E-04,-4.904782751E-02,-3.815562192E-03
      1077, 1.099999988E+01, 1.399985190E+00, 4.218765346E-02, 1.485835737E-03, 5.690448356E-04, 4.018630423E-03, 9.365466287E-04, 1.109887596E-04,-3.812375479E-02,-1.998058218E-03
      1078, 1.299999997E+01, 1.399985190E+00, 4.282607444E-02, 1.556731982E-03, 4.734752557E-04, 4.228869348E-03,-1.676199282E-04,-1.875301160E-05,-2.915189874E-02,-9.444767065E-04
      1079, 4.999999929E+00, 1.422543741E+00, 9.131795280E-03,-4.784557557E-03, 2.557996583E-04, 1.313072049E-03, 1.023498070E-02, 2.625807468E-03,-4.662570208E-02,-6.871833584E-03
      1080, 6.999999954E+00, 1.422543741E+00, 2.727261025E-02,-7.904919247E-04, 5.884899056E-04, 2.796919482E-03, 7.034489945E-03, 1.314903854E-03,-5.695555545E-02,-6.479170183E-03
      1081, 8.999999951E+00, 1.422543762E+00, 3.727099729E-02, 8.893864610E-04, 6.303738270E-04, 3.580643920E-03, 3.242159508E-03, 4.773093332E-04,-4.833139340E-02,-3.867643138E-03
      1082, 1.099999988E+01, 1.422543741E+00, 4.133097310E-02, 1.440037634E-03, 5.594040042E-04, 3.991144292E-03, 1.048922064E-03, 1.265754882E-04,-3.783215268E-02,-2.061408624E-03
      1083, 1.299999997E+01, 1.422543741E+00, 4.216944568E-02, 1.534802638E-03, 4.681499166E-04, 4.211240627E-03,-8.009082754E-05,-9.894397792E-06,-2.906486102E-02,-9.989572132E-04
      1084, 4.999999929E+00, 1.445428798E+00, 8.100778871E-03,-4.936282762E-03, 2.262985032E-04, 1.226548424E-03, 9.809862778E-03, 2.558502147E-03,-4.352300123E-02,-6.394973004E-03
      1085, 6.999999954E+00, 1.445428798E+00, 2.598750103E-02,-9.381723200E-04, 5.600727049E-04, 2.730610950E-03, 7.076542551E-03, 1.344414832E-03,-5.537702247E-02,-6.427841074E-03
      1086, 8.999999951E+00, 1.445428820E+00, 3.617349388E-02, 8.003235185E-04, 6.128567848E-04, 3.536529774E-03, 3.361210875E-03, 5.030079436E-04,-4.759361786E-02,-3.915176384E-03
      1087, 1.099999988E+01, 1.445428798E+00, 4.046876532E-02, 1.392148380E-03, 5.495567984E-04, 3.962560345E-03, 1.159579586E-03, 1.424197812E-04,-3.752344060E-02,-2.122906941E-03
      1088, 1.299999997E+01, 1.445428798E+00, 4.150544557E-02, 1.511316223E-03, 4.626646342E-04, 4.192781158E-03, 7.106701419E-06,-7.797619421E-07,-2.896570535E-02,-1.052824364E-03
      1089, 4.999999929E+00, 1.468645087E+00, 7.126841155E-03,-5.078849805E-03, 1.986484501E-04, 1.140406194E-03, 9.352057640E-03, 2.479618920E-03,-4.042305669E-02,-5.894015347E-03
      1090, 6.999999954E+00, 1.468645087E+00, 2.472060981E-02,-1.086682658E-03, 5.319994414E-04, 2.662922795E-03, 7.106243099E-03, 1.372110831E-03,-5.378399945E-02,-6.366671519E-03
      1091, 8.999999951E+00, 1.468645109E+00, 3.507747810E-02, 7.089230101E-04, 5.951994345E-04, 3.491043385E-03, 3.475058620E-03, 5.286038359E-04,-4.683510440E-02,-3.958034202E-03
      1092, 1.099999988E+01, 1.468645087E+00, 3.960144533E-02, 1.342161220E-03, 5.395081853E-04, 3.932855716E-03, 1.268387071E-03, 1.585046869E-04,-3.719774263E-02,-2.182452643E-03
      1093, 1.299999997E+01, 1.468645087E+00, 4.083428034E-02, 1.486247264E-03, 4.570191784E-04, 4.173466548E-03, 9.389274927E-05, 8.586968818E-06,-2.885436999E-02,-1.106013070E-03
      1094, 4.999999929E+00, 1.492197403E+00, 6.211827118E-03,-5.211377810E-03, 1.728803321E-04, 1.054980495E-03, 8.859807603E-03, 2.388207747E-03,-3.732236372E-02,-5.367520872E-03
      1095, 6.999999954E+00, 1.492197403E+00, 2.347305572E-02,-1.235783723E-03, 5.043114987E-04, 2.593877886E-03, 7.123440625E-03, 1.397856789E-03,-5.217805263E-02,-6.295616632E-03
      1096, 8.999999951E+00, 1.492197425E+00, 3.398370377E-02, 6.152475162E-04, 5.774212633E-04, 3.444174146E-03, 3.583516431E-03, 5.540438586E-04,-4.605648813E-02,-3.996093393E-03
      1097, 1.099999988E+01, 1.492197403E+00, 3.872944409E-02, 1.290072644E-03, 5.292637308E-04, 3.902008076E-03, 1.375211641E-03, 1.748119898E-04,-3.685520484E-02,-2.239945302E-03
      1098, 1.299999997E+01, 1.492197403E+00, 4.015616913E-02, 1.459571643E-03, 4.512136227E-04, 4.153272372E-03, 1.801856662E-04, 1.820119136E-05,-2.873080635E-02,-1.158456970E-03
      1099, 4.999999929E+00, 1.516090608E+00, 5.357718601E-03,-5.332911060E-03, 1.490239976E-04, 9.706906958E-04, 8.330986608E-03, 2.283157105E-03,-3.421641455E-02,-4.813533470E-03
      1100, 6.999999954E+00, 1.516090608E+00, 2.224595379E-02,-1.385224901E-03, 4.770497327E-04, 2.523502284E-03, 7.127996019E-03, 1.421515088E-03,-5.056074360E-02,-6.214642729E-03
      1101, 8.999999951E+00, 1.516090631E+00, 3.289293765E-02, 5.193664175E-04, 5.595425194E-04, 3.395912963E-03, 3.686402059E-03, 5.792729125E-04,-4.525843372E-02,-4.029235655E-03
      1102, 1.099999988E+01, 1.516090608E+00, 3.785320810E-02, 1.235882562E-03, 5.188296067E-04, 3.869995684E-03, 1.479919825E-03, 1.913221870E-04,-3.649599518E-02,-2.295284643E-03
      1103, 1.299999997E+01, 1.516090608E+00, 3.947134407E-02, 1.431266712E-03, 4.452483599E-04, 4.132174254E-03, 2.659021349E-04, 2.805762165E-05,-2.859497903E-02,-1.210088902E-03
      1104, 4.999999929E+00, 1.540329637E+00, 4.566661328E-03,-5.442411834E-03, 1.271090376E-04, 8.880695467E-04, 7.763163949E-03, 2.163238121E-03,-3.109997346E-02,-4.229936129E-03
      1105, 6.999999954E+00, 1.540329637E+00, 2.104041377E-02,-1.534744078E-03, 4.502543237E-04, 2.451825447E-03, 7.119781168E-03, 1.442945128E-03,-4.893362213E-02,-6.123725428E-03
      1106, 8.999999951E+00, 1.540329660E+00, 3.180595859E-02, 4.213560663E-04, 5.415841673E-04, 3.346252336E-03, 3.783537526E-03, 6.042339012E-04,-4.444163368E-02,-4.057347580E-03
      1107, 1.099999988E+01, 1.540329637E+00, 3.697319923E-02, 1.179594472E-03, 5.082125961E-04, 3.836797463E-03, 1.582377801E-03, 2.080144621E-04,-3.612030378E-02,-2.348371104E-03
      1108, 1.299999997E+01, 1.540329637E+00, 3.878005039E-02, 1.401311411E-03, 4.391241163E-04, 4.110147907E-03, 3.509572798E-04, 3.815025586E-05,-2.844686603E-02,-1.260841054E-03
      1109, 4.999999929E+00, 1.564919496E+00, 3.840980753E-03,-5.538750692E-03, 1.071653617E-04, 8.078033416E-04, 7.153787021E-03, 2.027129207E-03,-2.796780877E-02,-3.614471400E-03
      1110, 6.999999954E+00, 1.564919496E+00, 1.985753911E-02,-1.684067488E-03, 4.239646322E-04, 2.378880460E-03, 7.098677765E-03, 1.462003099E-03,-4.729821781E-02,-6.022848046E-03
      1111, 8.999999951E+00, 1.564919519E+00, 3.072355670E-02, 3.212999565E-04, 5.235678402E-04, 3.295186433E-03, 3.874749655E-03, 6.288676986E-04,-4.360680831E-02,-4.080321044E-03
      1112, 1.099999988E+01, 1.564919496E+00, 3.608989445E-02, 1.121215621E-03, 4.974200968E-04, 3.802393055E-03, 1.682451620E-03, 2.248666410E-04,-3.572834290E-02,-2.399106117E-03
      1113, 1.299999997E+01, 1.564919496E+00, 3.808254652E-02, 1.369686382E-03, 4.328419624E-04, 4.087169145E-03, 4.352647693E-04, 4.847235138E-05,-2.828645915E-02,-1.310644982E-03
      1114, 4.999999929E+00, 1.589865261E+00, 3.183168683E-03,-5.620706749E-03, 8.922321936E-05, 7.307862107E-04, 6.500676346E-03, 1.873563650E-03,-2.481636405E-02,-2.965296001E-03
      1115, 6.999999954E+00, 1.589865261E+00, 1.869842609E-02,-1.832909555E-03, 3.982190580E-04, 2.304704319E-03, 7.064575743E-03, 1.478541770E-03,-4.565603092E-02,-5.912000960E-03
      1116, 8.999999951E+00, 1.589865284E+00, 2.964653237E-02, 2.192888787E-04, 5.055157864E-04, 3.242711172E-03, 3.959870701E-03, 6.531131015E-04,-4.275470575E-02,-4.098053644E-03
      1117, 1.099999988E+01, 1.589865261E+00, 3.520378560E-02, 1.060757173E-03, 4.864601218E-04, 3.766762890E-03, 1.780007485E-03, 2.418551528E-04,-3.532034710E-02,-2.447391989E-03
      1118, 1.299999997E+01, 1.589865261E+00, 3.737910411E-02, 1.336374097E-03, 4.264033267E-04, 4.063213947E-03, 5.187368920E-04, 5.901638748E-05,-2.811376431E-02,-1.359431412E-03
      1119, 4.999999929E+00, 1.615172084E+00, 2.595802898E-03,-5.686987539E-03, 7.331183559E-05, 6.581901639E-04, 5.803099606E-03, 1.701652143E-03,-2.164726491E-02,-2.282023260E-03
      1120, 6.999999954E+00, 1.615172084E+00, 1.756416325E-02,-1.980972691E-03, 3.730549058E-04, 2.229338273E-03, 7.017371311E-03, 1.492410382E-03,-4.400852206E-02,-5.791178521E-03
      1121, 8.999999951E+00, 1.615172108E+00, 2.857569532E-02, 1.154210691E-04, 4.874508125E-04, 3.188824298E-03, 4.038738779E-03, 6.769069324E-04,-4.188610020E-02,-4.110449061E-03
      1122, 1.099999988E+01, 1.615172084E+00, 3.431537904E-02, 9.982343795E-04, 4.753412976E-04, 3.729888254E-03, 1.874912013E-03, 2.589550831E-04,-3.489657314E-02,-2.493132142E-03
      1123, 1.299999997E+01, 1.615172084E+00, 3.667000809E-02, 1.301358987E-03, 4.198100083E-04, 4.038258511E-03, 6.012846596E-04, 6.977404825E-05,-2.792880181E-02,-1.407130390E-03
      1124, 4.999999929E+00, 1.640845191E+00, 2.081332499E-03,-5.736289854E-03, 5.945511915E-05, 5.915464841E-04, 5.063864041E-03, 1.511531530E-03,-1.847391177E-02,-1.567824141E-03
      1125, 6.999999954E+00, 1.640845191E+00, 1.645583105E-02,-2.127947004E-03, 3.485082585E-04, 2.152828236E-03, 6.956964661E-03, 1.503452615E-03,-4.235710107E-02,-5.660374838E-03
      1126, 8.999999951E+00, 1.640845215E+00, 2.751186358E-02, 9.802344760E-06, 4.693962212E-04, 3.133525461E-03, 4.111197741E-03, 7.001842107E-04,-4.100178781E-02,-4.117417170E-03
      1127, 1.099999988E+01, 1.640845191E+00, 3.342519534E-02, 9.336667446E-04, 4.640728605E-04, 3.691751353E-03, 1.967032412E-03, 2.761401594E-04,-3.445729964E-02,-2.536231197E-03
      1128, 1.299999997E+01, 1.640845191E+00, 3.595555664E-02, 1.264627571E-03, 4.130641871E-04, 4.012279306E-03, 6.828179325E-04, 8.073621149E-05,-2.773160657E-02,-1.453671631E-03
      1129, 4.999999929E+00, 1.666889884E+00, 1.641628047E-03,-5.767435104E-03, 4.766208260E-05, 5.328187662E-04, 4.292762321E-03, 1.305457699E-03,-1.533206456E-02,-8.325632842E-04
      1130, 6.999999954E+00, 1.666889884E+00, 1.537450185E-02,-2.273509947E-03, 3.246138592E-04, 2.075225301E-03, 6.883256341E-03, 1.511508849E-03,-4.070311301E-02,-5.519589398E-03
      1131, 8.999999951E+00, 1.666889908E+00, 2.645586257E-02,-9.745375977E-05, 4.513757466E-04, 3.076816292E-03, 4.177097469E-03, 7.228781401E-04,-4.010258584E-02,-4.118874128E-03
      1132, 1.099999988E+01, 1.666889884E+00, 3.253376889E-02, 8.670781974E-04, 4.526646493E-04, 3.652335387E-03, 2.056236775E-03, 2.933827348E-04,-3.400282713E-02,-2.576595623E-03
      1133, 1.299999997E+01, 1.666889884E+00, 3.523606125E-02, 1.226168587E-03, 4.061684348E-04, 3.985253113E-03, 7.632455515E-04, 9.189292317E-05,-2.752222823E-02,-1.498984596E-03
      1134, 4.999999929E+00, 1.693311540E+00, 1.277198896E-03,-5.779606039E-03, 3.790968833E-05, 4.844213081E-04, 3.510909492E-03, 1.089229161E-03,-1.229237542E-02,-9.746215630E-05
      1135, 6.999999954E+00, 1.693311540E+00, 1.432124038E-02,-2.417326104E-03, 3.014050057E-04, 1.996586379E-03, 6.796143565E-03, 1.516413444E-03,-3.904782341E-02,-5.368816679E-03
      1136, 8.999999951E+00, 1.693311565E+00, 2.540852395E-02,-2.062258720E-04, 4.334134844E-04, 3.018700489E-03, 4.236295022E-03, 7.449202220E-04,-3.918933534E-02,-4.114743181E-03
      1137, 1.099999988E+01, 1.693311540E+00, 3.164164744E-02, 7.984972416E-04, 4.411270962E-04, 3.611624615E-03, 2.142394317E-03, 3.106537480E-04,-3.353347786E-02,-2.614133986E-03
      1138, 1.299999997E+01, 1.693311540E+00, 3.451184659E-02, 1.185973123E-03, 3.991257240E-04, 3.957157087E-03, 8.424754648E-04, 1.032333821E-04,-2.730073137E-02,-1.542998552E-03
      1139, 4.999999929E+00, 1.720115616E+00, 9.861112756E-04,-5.772711302E-03, 3.011897269E-05, 4.491099893E-04, 2.753248050E-03, 8.735820234E-04,-9.465316062E-03, 6.031496976E-04
      1140, 6.999999954E+00, 1.720115616E+00, 1.329710464E-02,-2.559046386E-03, 2.789134586E-04, 1.916974997E-03, 6.695515633E-03, 1.517990691E-03,-3.739240290E-02,-5.208032254E-03
      1141, 8.999999951E+00, 1.720115642E+00, 2.437068456E-02,-3.163846811E-04, 4.155338191E-04, 2.959183926E-03, 4.288654598E-03, 7.662401144E-04,-3.826289735E-02,-4.104954450E-03
      1142, 1.099999988E+01, 1.720115616E+00, 3.074939172E-02, 7.279571186E-04, 4.294712144E-04, 3.569604427E-03, 2.225375697E-03, 3.279226958E-04,-3.304959560E-02,-2.648756775E-03
      1143, 1.299999997E+01, 1.720115616E+00, 3.378325052E-02, 1.144034749E-03, 3.919394360E-04, 3.927968820E-03, 9.204148508E-04, 1.147459095E-04,-2.706719569E-02,-1.585642619E-03
      1144, 4.999999929E+00, 1.747307647E+00, 7.629805796E-04,-5.747725809E-03, 2.413285507E-05, 4.296808391E-04, 2.064544752E-03, 6.714480796E-04,-6.983797395E-03, 1.224958878E-03
      1145, 6.999999954E+00, 1.747307647E+00, 1.230314743E-02,-2.698307240E-03, 2.571693659E-04, 1.836462317E-03, 6.581247530E-03, 1.516057309E-03,-3.573790529E-02,-5.037201567E-03
      1146, 8.999999951E+00, 1.747307673E+00, 2.334318529E-02,-4.277928226E-04, 3.977613480E-04, 2.898274744E-03, 4.334047313E-03, 7.867656458E-04,-3.732414807E-02,-4.089444721E-03
      1147, 1.099999988E+01, 1.747307647E+00, 2.985757487E-02, 6.554959667E-04, 4.177085827E-04, 3.526261415E-03, 2.305053315E-03, 3.451577207E-04,-3.255154533E-02,-2.680376701E-03
      1148, 1.299999997E+01, 1.747307647E+00, 3.305062399E-02, 1.100349662E-03, 3.846133683E-04, 3.897666393E-03, 9.969702436E-04, 1.264179272E-04,-2.682171621E-02,-1.626845957E-03
      1149, 4.999999929E+00, 1.774893249E+00, 5.987308736E-04,-5.706823454E-03, 1.971129840E-05, 4.284883277E-04, 1.486246877E-03, 4.976506272E-04,-4.959632562E-03, 1.728836576E-03
      1150, 6.999999954E+00, 1.774893249E+00, 1.134041866E-02,-2.834729926E-03, 2.362012074E-04, 1.755128420E-03, 6.453192952E-03, 1.510419320E-03,-3.408524403E-02,-4.856272181E-03
      1151, 8.999999951E+00, 1.774893275E+00, 2.232687005E-02,-5.403047820E-04, 3.801208024E-04, 2.835983436E-03, 4.372351488E-03, 8.064230928E-04,-3.637397702E-02,-4.068157930E-03
      1152, 1.099999988E+01, 1.774893249E+00, 2.896678195E-02, 5.811569773E-04, 4.058513276E-04, 3.481583445E-03, 2.381301488E-03, 3.623256109E-04,-3.203971256E-02,-2.708908822E-03
      1153, 1.299999997E+01, 1.774893249E+00, 3.231433088E-02, 1.054916814E-03, 3.771517399E-04, 3.866228436E-03, 1.072047687E-03, 1.382359455E-04,-2.656440328E-02,-1.666537990E-03
      1154, 4.999999929E+00, 1.802878116E+00, 4.816421763E-04,-5.653184455E-03, 1.655545668E-05, 4.469180003E-04, 1.040993857E-03, 3.619269891E-04,-3.437216080E-03, 2.094972617E-03
      1155, 6.999999954E+00, 1.802878116E+00, 1.040996855E-02,-2.967919261E-03, 2.160357615E-04, 1.673063961E-03, 6.311175274E-03, 1.500867372E-03,-3.243516801E-02,-4.665152840E-03
      1156, 8.999999951E+00, 1.802878143E+00, 2.132258469E-02,-6.537668060E-04, 3.626369668E-04, 2.772322964E-03, 4.403452568E-03, 8.251371372E-04,-3.541328419E-02,-4.041044914E-03
      1157, 1.099999988E+01, 1.802878116E+00, 2.807760937E-02, 5.049885486E-04, 3.939121022E-04, 3.435559731E-03, 2.453996764E-03, 3.793917952E-04,-3.151450317E-02,-2.734271209E-03
      1158, 1.299999997E+01, 1.802878116E+00, 3.157474791E-02, 1.007738056E-03, 3.695591962E-04, 3.833634186E-03, 1.145552902E-03, 1.501855514E-04,-2.629538260E-02,-1.704648409E-03
      1159, 4.999999929E+00, 1.831268029E+00, 3.993772082E-04,-5.590345185E-03, 1.435415946E-05, 4.850330404E-04, 7.255988550E-04, 2.634688365E-04,-2.378119581E-03, 2.327501095E-03
      1160, 6.999999954E+00, 1.831268029E+00, 9.512851866E-03,-3.097461995E-03, 1.966980988E-04, 1.590372304E-03, 6.154976753E-03, 1.487179158E-03,-3.078822385E-02,-4.463732269E-03
      1161, 8.999999951E+00, 1.831268056E+00, 2.033117600E-02,-7.680168091E-04, 3.453345958E-04, 2.707308870E-03, 4.427243237E-03, 8.428308250E-04,-3.444297789E-02,-4.008063267E-03
      1162, 1.099999988E+01, 1.831268029E+00, 2.719066428E-02, 4.270444168E-04, 3.819040623E-04, 3.388180905E-03, 2.523018164E-03, 3.963203131E-04,-3.097634287E-02,-2.756385150E-03
      1163, 1.299999997E+01, 1.831268029E+00, 3.083226444E-02, 9.588182736E-04, 3.618408110E-04, 3.799863553E-03, 1.217391456E-03, 1.622514052E-04,-2.601479538E-02,-1.741107297E-03
      1164, 4.999999929E+00, 1.860068850E+00, 3.410042721E-04,-5.521505611E-03, 1.282994320E-05, 5.415801525E-04, 5.173359062E-04, 1.971700745E-04,-1.686886252E-03, 2.451455945E-03
      1165, 6.999999954E+00, 1.860068850E+00, 8.650133680E-03,-3.222925719E-03, 1.782116068E-04, 1.507172307E-03, 5.984324892E-03, 1.469098541E-03,-2.914473068E-02,-4.251786021E-03
      1166, 8.999999951E+00, 1.860068877E+00, 1.935349062E-02,-8.828842881E-04, 3.282383299E-04, 2.640959405E-03, 4.443623513E-03, 8.594254856E-04,-3.346397255E-02,-3.969177182E-03
      1167, 1.099999988E+01, 1.860068850E+00, 2.630656393E-02, 3.473838004E-04, 3.698408393E-04, 3.339439095E-03, 2.588247507E-03, 4.130737979E-04,-3.042567671E-02,-2.775174911E-03
      1168, 1.299999997E+01, 1.860068850E+00, 3.008728227E-02, 9.081655303E-04, 3.540020887E-04, 3.764897179E-03, 1.287468921E-03, 1.744172242E-04,-2.572279848E-02,-1.775845374E-03
      1169, 4.999999929E+00, 1.889286525E+00, 2.981105709E-04,-5.449204453E-03, 1.176493206E-05, 6.143639473E-04, 3.869404766E-04, 1.552490729E-04,-1.254833684E-03, 2.497749862E-03
      1170, 6.999999954E+00, 1.889286525E+00, 7.822896048E-03,-3.343854433E-03, 1.605980504E-04, 1.423601976E-03, 5.798882784E-03, 1.446362317E-03,-2.750474641E-02,-4.029123885E-03
      1171, 8.999999951E+00, 1.889286554E+00, 1.839037409E-02,-9.981902321E-04, 3.113726109E-04, 2.573295675E-03, 4.452500575E-03, 8.748407350E-04,-3.247718496E-02,-3.924357201E-03
      1172, 1.099999988E+01, 1.889286525E+00, 2.542593498E-02, 2.660715382E-04, 3.577365103E-04, 3.289327997E-03, 2.649569710E-03, 4.296135979E-04,-2.986296838E-02,-2.790568067E-03
      1173, 1.299999997E+01, 1.889286525E+00, 2.934021542E-02, 8.557912014E-04, 3.460489636E-04, 3.728716508E-03, 1.355691001E-03, 1.866657557E-04,-2.541956427E-02,-1.808794209E-03
      1174, 4.999999929E+00, 1.918927090E+00, 2.648654456E-04,-5.375250096E-03, 1.100354546E-05, 7.007917535E-04, 3.082820510E-04, 1.298189607E-04,-9.906671212E-04, 2.493281301E-03
      1175, 6.999999954E+00, 1.918927090E+00, 7.032246984E-03,-3.459765323E-03, 1.438776722E-04, 1.339823292E-03, 5.598219277E-03, 1.418659972E-03,-2.586798209E-02,-3.795391985E-03
      1176, 8.999999951E+00, 1.918927118E+00, 1.744266987E-02,-1.113747035E-03, 2.947615964E-04, 2.504341810E-03, 4.453788261E-03, 8.889945703E-04,-3.148352970E-02,-3.873580000E-03
      1177, 1.099999988E+01, 1.918927090E+00, 2.454941285E-02, 1.831782207E-04, 3.456055652E-04, 3.237842951E-03, 2.706872934E-03, 4.458997859E-04,-2.928869917E-02,-2.802495621E-03
      1178, 1.299999997E+01, 1.918927090E+00, 2.859148988E-02, 8.017101112E-04, 3.379877979E-04, 3.691303845E-03, 1.421963721E-03, 1.989787647E-04,-2.510528057E-02,-1.839886342E-03
      1179, 4.999999929E+00, 1.948996664E+00, 2.375067258E-04,-5.300827600E-03, 1.044137338E-05, 7.983386967E-04, 2.622175897E-04, 1.150723348E-04,-8.298606603E-04, 2.457926529E-03
      1180, 6.999999954E+00, 1.948996664E+00, 6.279332448E-03,-3.570149267E-03, 1.280693417E-04, 1.256028666E-03, 5.381792955E-03, 1.385640164E-03,-2.423377064E-02,-3.550112658E-03
      1181, 8.999999951E+00, 1.948996693E+00, 1.651121853E-02,-1.229358398E-03, 2.784290757E-04, 2.434125150E-03, 4.447406445E-03, 9.018032675E-04,-3.048391429E-02,-3.816827724E-03
      1182, 1.099999988E+01, 1.948996664E+00, 2.367764091E-02, 9.878031639E-05, 3.334628713E-04, 3.184981023E-03, 2.760048875E-03, 4.618911740E-04,-2.870336741E-02,-2.810892650E-03
      1183, 1.299999997E+01, 1.948996664E+00, 2.784154328E-02, 7.459406695E-04, 3.298253778E-04, 3.652642426E-03, 1.486193626E-03, 2.113370407E-04,-2.478015043E-02,-1.869055227E-03
      1184, 4.999999929E+00, 1.979501456E+00, 2.136999743E-04,-5.226681945E-03, 1.001059889E-05, 9.048070844E-04, 2.361975696E-04, 1.070593620E-04,-7.312793999E-04, 2.404554613E-03
      1185, 6.999999954E+00, 1.979501456E+00, 5.565349045E-03,-3.674463020E-03, 1.131907556E-04, 1.172449626E-03, 5.148938238E-03, 1.346916415E-03,-2.260104561E-02,-3.292781901E-03
      1186, 8.999999951E+00, 1.979501486E+00, 1.559685704E-02,-1.344819221E-03, 2.623983866E-04, 2.362676477E-03, 4.433280437E-03, 9.131812130E-04,-2.947923504E-02,-3.754087202E-03
      1187, 1.099999988E+01, 1.979501456E+00, 2.281126982E-02, 1.296027388E-05, 3.213236346E-04, 3.130741073E-03, 2.808992799E-03, 4.775452648E-04,-2.810748665E-02,-2.815698285E-03
      1188, 1.299999997E+01, 1.979501456E+00, 2.709082462E-02, 6.885050134E-04, 3.215689082E-04, 3.612716486E-03, 1.548287986E-03, 2.237204104E-04,-2.444439227E-02,-1.896235393E-03
      1189, 4.999999929E+00, 2.010447767E+00, 1.920193998E-04,-5.153270004E-03, 9.667609870E-06, 1.018397442E-03, 2.224612287E-04, 1.033028512E-04,-6.700177940E-04, 2.341116070E-03
      1190, 6.999999954E+00, 2.010447767E+00, 4.891559563E-03,-3.772122183E-03, 9.925869193E-05, 1.089368596E-03, 4.898831938E-03, 1.302026397E-03,-2.096826471E-02,-3.022654150E-03
      1191, 8.999999951E+00, 2.010447797E+00, 1.470041813E-02,-1.459915462E-03, 2.466923348E-04, 2.290030279E-03, 4.411340218E-03, 9.230406757E-04,-2.847037220E-02,-3.685349042E-03
      1192, 1.099999988E+01, 2.010447767E+00, 2.195095670E-02,-7.419335738E-05, 3.092033590E-04, 3.075123832E-03, 2.853603939E-03, 4.928182490E-04,-2.750158555E-02,-2.816855472E-03
      1193, 1.299999997E+01, 2.010447767E+00, 2.633979388E-02, 6.294291416E-04, 3.132260047E-04, 3.571511325E-03, 1.608154973E-03, 2.361077412E-04,-2.409823982E-02,-1.921362853E-03
      1194, 4.999999929E+00, 2.041841986E+00, 1.715936710E-04,-5.080869795E-03, 9.384211946E-06, 1.137665760E-03, 2.163212208E-04, 1.022747322E-04,-6.313053144E-04, 2.272371615E-03
      1195, 6.999999954E+00, 2.041841986E+00, 4.259311067E-03,-3.862497091E-03, 8.628931409E-05, 1.007135003E-03, 4.630482032E-03, 1.250456625E-03,-1.933339985E-02,-2.738874398E-03
      1196, 8.999999951E+00, 2.041842016E+00, 1.382272984E-02,-1.574423965E-03, 2.313331156E-04, 2.216225077E-03, 4.381519297E-03, 9.312912294E-04,-2.745818426E-02,-3.610604828E-03
      1197, 1.099999988E+01, 2.041841986E+00, 2.109736432E-02,-1.625858244E-04, 2.971178026E-04, 3.018131988E-03, 2.893786151E-03, 5.076652248E-04,-2.688620878E-02,-2.814311632E-03
      1198, 1.299999997E+01, 2.041841986E+00, 2.558892166E-02, 5.687430411E-04, 3.048046846E-04, 3.529013382E-03, 1.665703783E-03, 2.484769074E-04,-2.374194180E-02,-1.944375334E-03
      1199, 4.999999929E+00, 2.073690596E+00, 1.518858651E-04,-5.009649564E-03, 9.141920131E-06, 1.261432460E-03, 2.149436602E-04, 1.030401484E-04,-6.063584727E-04, 2.201174912E-03
      1200, 6.999999954E+00, 2.073690596E+00, 3.670052727E-03,-3.944905192E-03, 7.429850641E-05, 9.261873792E-04, 4.342731985E-03, 1.191619267E-03,-1.769400507E-02,-2.440419106E-03
      1201, 8.999999951E+00, 2.073690627E+00, 1.296461524E-02,-1.688112204E-03, 2.163422411E-04, 2.141303817E-03, 4.343753200E-03, 9.378397808E-04,-2.644350050E-02,-3.529848345E-03
      1202, 1.099999988E+01, 2.073690596E+00, 2.025116022E-02,-2.521160802E-04, 2.850829322E-04, 2.959770288E-03, 2.929447682E-03, 5.220401637E-04,-2.626191396E-02,-2.808018489E-03
      1203, 1.299999997E+01, 2.073690596E+00, 2.483868874E-02, 5.064808128E-04, 2.963133547E-04, 3.485210299E-03, 1.720844849E-03, 2.608047780E-04,-2.337576153E-02,-1.965212294E-03
      1204, 4.999999929E+00, 2.106000175E+00, 1.325621057E-04,-4.939710090E-03, 8.928392187E-06, 1.388680551E-03, 2.165849200E-04, 1.050157864E-04,-5.898691737E-04, 2.129250813E-03
      1205, 6.999999954E+00, 2.106000175E+00, 3.125350558E-03,-4.018604720E-03, 6.330218557E-05, 8.470836527E-04, 4.034310606E-03, 1.124871483E-03,-1.604742394E-02,-2.126167131E-03
      1206, 8.999999951E+00, 2.106000206E+00, 1.212689249E-02,-1.800738121E-03, 2.017404709E-04, 2.065314354E-03, 4.297977389E-03, 9.425913101E-04,-2.542711279E-02,-3.443075670E-03
      1207, 1.099999988E+01, 2.106000175E+00, 1.941301594E-02,-3.426766861E-04, 2.731148751E-04, 2.900045622E-03, 2.960501069E-03, 5.358958749E-04,-2.562926913E-02,-2.797932311E-03
      1208, 1.299999997E+01, 2.106000175E+00, 2.408958568E-02, 4.426807992E-04, 2.877607984E-04, 3.440090995E-03, 1.773490058E-03, 2.730672445E-04,-2.299997665E-02,-1.983814830E-03
      1209, 4.999999929E+00, 2.138777393E+00, 1.134144093E-04,-4.871109766E-03, 8.735224742E-06, 1.518460113E-03, 2.201394309E-04, 1.078253989E-04,-5.785441643E-04, 2.057665605E-03
      1210, 6.999999954E+00, 2.138777393E+00, 2.626890480E-03,-4.082791309E-03, 5.331646462E-05, 7.705422352E-04, 3.703980525E-03, 1.049553427E-03,-1.439132577E-02,-1.795045247E-03
      1211, 8.999999951E+00, 2.138777425E+00, 1.131037507E-02,-1.912049806E-03, 1.875477507E-04, 1.988310051E-03, 4.244125356E-03, 9.454457233E-04,-2.440976768E-02,-3.350276404E-03
      1212, 1.099999988E+01, 2.138777393E+00, 1.858360613E-02,-4.341537390E-04, 2.612298692E-04, 2.838967120E-03, 2.986863400E-03, 5.491840138E-04,-2.498885199E-02,-2.784014029E-03
      1213, 1.299999997E+01, 2.138777393E+00, 2.334211231E-02, 3.773857162E-04, 2.791561596E-04, 3.393645737E-03, 1.823552976E-03, 2.852392551E-04,-2.261487896E-02,-2.000125838E-03
      1214, 4.999999929E+00, 2.172029020E+00, 9.431533141E-05,-4.803879471E-03, 8.556584969E-06, 1.649806296E-03, 2.248770502E-04, 1.112133987E-04,-5.702722597E-04, 1.987097809E-03
      1215, 6.999999954E+00, 2.172029020E+00, 2.176453245E-03,-4.136602698E-03, 4.435740662E-05, 6.974961441E-04, 3.350881775E-03, 9.650898600E-04,-1.272485326E-02,-1.446371902E-03
      1216, 8.999999951E+00, 2.172029053E+00, 1.051587252E-02,-2.021784908E-03, 1.737831576E-04, 1.910350530E-03, 4.182125723E-03, 9.462981020E-04,-2.339215625E-02,-3.251432879E-03
      1217, 1.099999988E+01, 2.172029020E+00, 1.776360777E-02,-5.264267846E-04, 2.494442114E-04, 2.776546248E-03, 3.008456467E-03, 5.618550542E-04,-2.434124867E-02,-2.766228761E-03
      1218, 1.299999997E+01, 2.172029020E+00, 2.259677723E-02, 3.106427724E-04, 2.705089253E-04, 3.345866215E-03, 1.870949024E-03, 2.972948392E-04,-2.222077432E-02,-2.014090538E-03
      1219, 4.999999929E+00, 2.205761922E+00, 7.519103363E-05,-4.738031329E-03, 8.388349408E-06, 1.781670283E-03, 2.302901181E-04, 1.149952136E-04,-5.636500652E-04, 1.917996636E-03
      1220, 6.999999954E+00, 2.205761922E+00, 1.775830288E-03,-4.179141209E-03, 3.643986023E-05, 6.291598834E-04, 2.975229318E-03, 8.711992350E-04,-1.105087202E-02,-1.080536630E-03
      1221, 8.999999951E+00, 2.205761955E+00, 9.744191483E-03,-2.129670174E-03, 1.604648552E-04, 1.831502608E-03, 4.111898585E-03, 9.450393115E-04,-2.237490224E-02,-3.146521767E-03
      1222, 1.099999988E+01, 2.205761922E+00, 1.695369934E-02,-6.193687340E-04, 2.377742051E-04, 2.712796924E-03, 3.025206819E-03, 5.738584209E-04,-2.368705180E-02,-2.744545992E-03
      1223, 1.299999997E+01, 2.205761922E+00, 2.185409731E-02, 2.425037762E-04, 2.618289059E-04, 3.296745614E-03, 1.915595576E-03, 3.092070669E-04,-2.181798194E-02,-2.025656686E-03
      1224, 4.999999929E+00, 2.239983065E+00, 5.600497306E-05,-4.673563892E-03, 8.227552015E-06, 1.912862922E-03, 2.360040650E-04, 1.190278767E-04,-5.577096123E-04, 1.850673849E-03
      1225, 6.999999954E+00, 2.239983065E+00, 1.426629187E-03,-4.209529854E-03, 2.957451199E-05, 5.671009273E-04, 2.579564674E-03, 7.682910817E-04,-9.379881623E-03,-7.002456982E-04
      1226, 8.999999951E+00, 2.239983098E+00, 8.996137357E-03,-2.235420799E-03, 1.476100590E-04, 1.751841499E-03, 4.033351529E-03, 9.415527032E-04,-2.135854967E-02,-3.035505402E-03
      1227, 1.099999988E+01, 2.239983065E+00, 1.615455997E-02,-7.128457885E-04, 2.262361061E-04, 2.647735635E-03, 3.037045600E-03, 5.851424819E-04,-2.302685823E-02,-2.718939473E-03
      1228, 1.299999997E+01, 2.239983065E+00, 2.111459709E-02, 1.730252427E-04, 2.531262132E-04, 3.246278684E-03, 1.957412166E-03, 3.209480304E-04,-2.140683378E-02,-2.034774499E-03
      1229, 4.999999929E+00, 2.274699515E+00, 3.674782385E-05,-4.610465213E-03, 8.072023316E-06, 2.042011911E-03, 2.417254094E-04, 1.231916904E-04,-5.517566093E-04, 1.785356944E-03
      1230, 6.999999954E+00, 2.274699515E+00, 1.129902387E-03,-4.227025257E-03, 2.376200469E-05, 5.132906166E-04, 2.170630210E-03, 6.580193446E-04,-7.735646948E-03,-3.122403580E-04
      1231, 8.999999951E+00, 2.274699549E+00, 8.272516573E-03,-2.338739488E-03, 1.352350153E-04, 1.671452331E-03, 3.946374746E-03, 9.357145910E-04,-2.034354577E-02,-2.918332775E-03
      1232, 1.099999988E+01, 2.274699515E+00, 1.536686869E-02,-8.067173622E-04, 2.148460679E-04, 2.581381581E-03, 3.043908498E-03, 5.956545177E-04,-2.236126718E-02,-2.689387397E-03
      1233, 1.299999997E+01, 2.274699515E+00, 2.037880822E-02, 1.022685021E-04, 2.444112369E-04, 3.194461824E-03, 1.996320713E-03, 3.324888971E-04,-2.098767399E-02,-2.041396539E-03
      1234, 4.999999929E+00, 2.309918441E+00, 1.743118662E-05,-4.548714682E-03, 7.920149837E-06, 2.167537372E-03, 2.472120734E-04, 1.273787543E-04,-5.452722679E-04, 1.722220092E-03
      1235, 6.999999954E+00, 2.309918441E+00, 8.855562890E-04,-4.231200175E-03, 1.898339850E-05, 4.700851591E-04, 1.761363697E-03, 5.441028052E-04,-6.160620455E-03, 7.043737179E-05
      1236, 8.999999951E+00, 2.309918476E+00, 7.574139692E-03,-2.439315637E-03, 1.233549941E-04, 1.590432113E-03, 3.850833943E-03, 9.273882151E-04,-1.933022379E-02,-2.794914069E-03
      1237, 1.099999988E+01, 2.309918441E+00, 1.459130370E-02,-9.008360196E-04, 2.036200873E-04, 2.513756824E-03, 3.045735515E-03, 6.053406420E-04,-2.169087792E-02,-2.655872032E-03
      1238, 1.299999997E+01, 2.309918441E+00, 1.964726885E-02, 3.029981051E-05, 2.356946185E-04, 3.141293148E-03, 2.032245653E-03, 3.437999609E-04,-2.056085802E-02,-2.045477780E-03
      1239, 4.999999929E+00, 2.345647117E+00,-1.916439463E-06,-4.488284144E-03, 7.770710786E-06, 2.287656307E-03, 2.522565139E-04, 1.314869150E-04,-5.378565643E-04, 1.661402690E-03
      1240, 6.999999954E+00, 2.345647117E+00, 6.916203271E-04,-4.222198312E-03, 1.518836477E-05, 4.400708077E-04, 1.371278222E-03, 4.324362302E-04,-4.715492396E-03, 4.290330054E-04
      1241, 8.999999951E+00, 2.345647152E+00, 6.901825318E-03,-2.536823292E-03, 1.119843001E-04, 1.508892279E-03, 3.746565504E-03, 9.164263918E-04,-1.831878819E-02,-2.665150634E-03
      1242, 1.099999988E+01, 2.345647117E+00, 1.382854167E-02,-9.950473833E-04, 1.925739492E-04, 2.444886470E-03, 3.042470735E-03, 6.141457143E-04,-2.101628696E-02,-2.618378953E-03
      1243, 1.299999997E+01, 2.345647117E+00, 1.892052305E-02,-4.280954900E-05, 2.269872242E-04, 3.086772564E-03, 2.065114046E-03, 3.548506676E-04,-2.012675234E-02,-2.046976133E-03
      1244, 4.999999929E+00, 2.381892919E+00,-2.125246598E-05,-4.429138575E-03, 7.622765370E-06, 2.400417956E-03, 2.566759762E-04, 1.354180629E-04,-5.291993214E-04, 1.603019491E-03
      1245, 6.999999954E+00, 2.381892919E+00, 5.436909475E-04,-4.200910000E-03, 1.228626612E-05, 4.257307479E-04, 1.023123656E-03, 3.298346950E-04,-3.466605723E-03, 7.404386391E-04
      1246, 8.999999951E+00, 2.381892955E+00, 6.256405048E-03,-2.630918874E-03, 1.011363031E-04, 1.426962004E-03, 3.633363932E-03, 9.026662991E-04,-1.730927755E-02,-2.528897988E-03
      1247, 1.099999988E+01, 2.381892919E+00, 1.307925710E-02,-1.089190036E-03, 1.817231730E-04, 2.374798877E-03, 3.034061963E-03, 6.220133864E-04,-2.033808512E-02,-2.576896873E-03
      1248, 1.299999997E+01, 2.381892919E+00, 1.819912010E-02,-1.169831870E-04, 2.183001153E-04, 3.030901847E-03, 2.094855902E-03, 3.656096132E-04,-1.968573494E-02,-2.045852845E-03
      1249, 4.999999929E+00, 2.418663334E+00,-4.052249832E-05,-4.371236580E-03, 7.475574123E-06, 2.503774490E-03, 2.603082714E-04, 1.390783580E-04,-5.190667454E-04, 1.547164604E-03
      1250, 6.999999954E+00, 2.418663334E+00, 4.349972363E-04,-4.169013843E-03, 1.014753054E-05, 4.289749065E-04, 7.357616067E-04, 2.435775678E-04,-2.463126618E-03, 9.878011996E-04
      1251, 8.999999951E+00, 2.418663370E+00, 5.638730395E-03,-2.721240698E-03, 9.082349177E-05, 1.344792588E-03, 3.510970466E-03, 8.859280759E-04,-1.630153784E-02,-2.385939377E-03
      1252, 1.099999988E+01, 2.418663334E+00, 1.234412187E-02,-1.183095414E-03, 1.710829595E-04, 2.303525898E-03, 3.020460079E-03, 6.288860047E-04,-1.965685380E-02,-2.531417292E-03
      1253, 1.299999997E+01, 2.418663334E+00, 1.748361382E-02,-1.921395333E-04, 2.096445172E-04, 2.973684744E-03, 2.121404306E-03, 3.760445091E-04,-1.923819390E-02,-2.042072302E-03
      1254, 4.999999929E+00, 2.455965953E+00,-5.966241240E-05,-4.314530862E-03, 7.328544011E-06, 2.595689825E-03, 2.630119963E-04, 1.423786437E-04,-5.072927826E-04, 1.493910797E-03
      1255, 6.999999954E+00, 2.455965953E+00, 3.572946271E-04,-4.128799419E-03, 8.618813552E-06, 4.506806246E-04, 5.173810161E-04, 1.770958317E-04,-1.716978397E-03, 1.164083851E-03
      1256, 8.999999951E+00, 2.455965989E+00, 5.049680510E-03,-2.807405917E-03, 8.105755468E-05, 1.262563264E-03, 3.379067578E-03, 8.660061076E-04,-1.529521133E-02,-2.236030612E-03
      1257, 1.099999988E+01, 2.455965953E+00, 1.162380478E-02,-1.276587678E-03, 1.606681395E-04, 2.231103175E-03, 3.001618428E-03, 6.347042858E-04,-1.897316190E-02,-2.481932786E-03
      1258, 1.299999997E+01, 2.455965953E+00, 1.677456188E-02,-2.681917527E-04, 2.010317865E-04, 2.915127055E-03, 2.144695309E-03, 3.861221989E-04,-1.878452513E-02,-2.035601604E-03
      1259, 4.999999929E+00, 2.493808480E+00,-7.860031467E-05,-4.258968820E-03, 7.181190881E-06, 2.674284835E-03, 2.646699796E-04, 1.452357868E-04,-4.937737150E-04, 1.443306454E-03
      1260, 6.999999954E+00, 2.493808480E+00, 3.022714674E-04,-4.082647776E-03, 7.546424376E-06, 4.904452716E-04, 3.637009988E-04, 1.291249419E-04,-1.200433761E-03, 1.273508957E-03
      1261, 8.999999951E+00, 2.493808517E+00, 4.490171478E-03,-2.889005704E-03, 7.184948950E-05, 1.180488987E-03, 3.237261236E-03, 8.426635660E-04,-1.428969374E-02,-2.078840401E-03
      1262, 1.099999988E+01, 2.493808480E+00, 1.091897128E-02,-1.369483516E-03, 1.504931249E-04, 2.157570494E-03, 2.977491933E-03, 6.394070928E-04,-1.828756141E-02,-2.428437553E-03
      1263, 1.299999997E+01, 2.493808480E+00, 1.607252517E-02,-3.450476542E-04, 1.924733770E-04, 2.855236725E-03, 2.164668148E-03, 3.958087541E-04,-1.832513192E-02,-2.026410665E-03
      1264, 4.999999929E+00, 2.532198730E+00,-9.725857343E-05,-4.204493333E-03, 7.033115021E-06, 2.738013927E-03, 2.651940959E-04, 1.475759265E-04,-4.784691114E-04, 1.395371990E-03
      1265, 6.999999954E+00, 2.532198730E+00, 2.627786881E-04,-4.032646434E-03, 6.796889960E-06, 5.466866015E-04, 2.620991426E-04, 9.690507706E-05,-8.623604724E-04, 1.330664106E-03
      1266, 8.999999951E+00, 2.532198767E+00, 3.961167968E-03,-2.965601955E-03, 6.320974326E-05, 1.098830949E-03, 3.085066821E-03, 8.156354207E-04,-1.328410278E-02,-1.913948632E-03
      1267, 1.099999988E+01, 2.532198730E+00, 1.023028346E-02,-1.461592023E-03, 1.405718628E-04, 2.082972217E-03, 2.948035886E-03, 6.429318236E-04,-1.760058238E-02,-2.370927577E-03
      1268, 1.299999997E+01, 2.532198730E+00, 1.537806706E-02,-4.226096172E-04, 1.839808044E-04, 2.794023934E-03, 2.181265331E-03, 4.050695208E-04,-1.786042462E-02,-2.014472735E-03
      1269, 4.999999929E+00, 2.571144629E+00,-1.155561528E-04,-4.151043752E-03, 6.883986810E-06, 2.785841328E-03, 2.645299658E-04, 1.493396687E-04,-4.614080237E-04, 1.350095241E-03
      1270, 6.999999954E+00, 2.571144629E+00, 2.334018358E-04,-3.980440490E-03, 6.266985682E-06, 6.170509413E-04, 1.978747200E-04, 7.633561430E-05,-6.488568927E-04, 1.350439233E-03
      1271, 8.999999951E+00, 2.571144667E+00, 3.463696041E-03,-3.036722903E-03, 5.514838267E-05, 1.017910873E-03, 2.921901061E-03, 7.846161987E-04,-1.227727327E-02,-1.740850018E-03
      1272, 1.099999988E+01, 2.571144629E+00, 9.558400092E-03,-1.552714453E-03, 1.309177929E-04, 2.007357810E-03, 2.913204787E-03, 6.452131062E-04,-1.691272813E-02,-2.309395004E-03
      1273, 1.299999997E+01, 2.571144629E+00, 1.469175275E-02,-5.007745342E-04, 1.755656095E-04, 2.731501202E-03, 2.194432526E-03, 4.138690364E-04,-1.739081909E-02,-1.999764435E-03
      1274, 4.999999929E+00, 2.610654221E+00,-1.334113723E-04,-4.098557176E-03, 6.733540148E-06, 2.817382757E-03, 2.626619494E-04, 1.504872878E-04,-4.426945790E-04, 1.307426237E-03
      1275, 6.999999954E+00, 2.610654221E+00, 2.104123375E-04,-3.927181026E-03, 5.883398107E-06, 6.989268899E-04, 1.584173556E-04, 6.363773267E-05,-5.160241469E-04, 1.346061783E-03
      1276, 8.999999951E+00, 2.610654260E+00, 2.998856532E-03,-3.101857767E-03, 4.767528439E-05, 9.381305461E-04, 2.747081356E-03, 7.492606535E-04,-1.126778198E-02,-1.558942763E-03
      1277, 1.099999988E+01, 2.610654221E+00, 8.903977054E-03,-1.642643777E-03, 1.215438099E-04, 1.930782506E-03, 2.872950558E-03, 6.461823513E-04,-1.622446875E-02,-2.243827852E-03
      1278, 1.299999997E+01, 2.610654221E+00, 1.401414859E-02,-5.794337480E-04, 1.672393212E-04, 2.667683506E-03, 2.204118606E-03, 4.221709772E-04,-1.691673518E-02,-1.982265501E-03
      1279, 4.999999929E+00, 2.650735663E+00,-1.507449553E-04,-4.046969996E-03, 6.581571844E-06, 2.832980337E-03, 2.596169291E-04, 1.510018180E-04,-4.225061231E-04, 1.267273879E-03
      1280, 6.999999954E+00, 2.650735663E+00, 1.913981863E-04,-3.873625450E-03, 5.596811524E-06, 7.898537428E-04, 1.346353336E-04, 5.604130778E-05,-4.332274245E-04, 1.326879109E-03
      1281, 8.999999951E+00, 2.650735703E+00, 2.567836539E-03,-3.160451903E-03, 4.080031951E-05, 8.599985046E-04, 2.559849056E-03, 7.091871215E-04,-1.025405253E-02,-1.367558069E-03
      1282, 1.099999988E+01, 2.650735663E+00, 8.267668046E-03,-1.731164355E-03, 1.124622308E-04, 1.853308125E-03, 2.827220366E-03, 6.457683252E-04,-1.553623372E-02,-2.174211310E-03
      1283, 1.299999997E+01, 2.650735663E+00, 1.334582140E-02,-6.584729851E-04, 1.590134183E-04, 2.602588400E-03, 2.210275657E-03, 4.299382067E-04,-1.643859519E-02,-1.961958422E-03
      1284, 4.999999929E+00, 2.691397234E+00,-1.674830353E-04,-3.996219615E-03, 6.427944914E-06, 2.833683625E-03, 2.554646616E-04, 1.508903757E-04,-4.010833069E-04, 1.229506077E-03
      1285, 6.999999954E+00, 2.691397234E+00, 1.748502826E-04,-3.820251477E-03, 5.374952669E-06, 8.877376648E-04, 1.205787461E-04, 5.168115354E-05,-3.809226888E-04, 1.299016992E-03
      1286, 8.999999951E+00, 2.691397274E+00, 2.171914041E-03,-3.211903614E-03, 3.453347129E-05, 7.841662036E-04, 2.359440693E-03, 6.639967560E-04,-9.234616439E-03,-1.166030076E-03
      1287, 1.099999988E+01, 2.691397234E+00, 7.650125672E-03,-1.818051464E-03, 1.036847685E-04, 1.775004112E-03, 2.775954243E-03, 6.438952249E-04,-1.484840449E-02,-2.100523440E-03
      1288, 1.299999997E+01, 2.691397234E+00, 1.268733786E-02,-7.377722759E-04, 1.508992909E-04, 2.536236157E-03, 2.212858936E-03, 4.371328228E-04,-1.595682259E-02,-1.938828235E-03
      1289, 4.999999929E+00, 2.732647329E+00,-1.835598556E-04,-3.946246155E-03, 6.272593125E-06, 2.821127249E-03, 2.503130178E-04, 1.501822639E-04,-3.787141998E-04, 1.193958012E-03
      1290, 6.999999954E+00, 2.732647329E+00, 1.598353815E-04,-3.767355231E-03, 5.196851554E-06, 9.909049337E-04, 1.125506166E-04, 4.937927003E-05,-3.471980516E-04, 1.266251155E-03
      1291, 8.999999951E+00, 2.732647370E+00, 1.812445368E-03,-3.255565803E-03, 2.888475737E-05, 7.114758999E-04, 2.145257826E-03, 6.133229135E-04,-8.208685789E-03,-9.538658257E-04
      1292, 1.099999988E+01, 2.732647329E+00, 7.052002981E-03,-1.903070668E-03, 9.522251382E-05, 1.695948856E-03, 2.719081798E-03, 6.404831603E-04,-1.416130370E-02,-2.022731171E-03
      1293, 1.299999997E+01, 2.732647329E+00, 1.203926393E-02,-8.172058803E-04, 1.429082021E-04, 2.468649923E-03, 2.211826679E-03, 4.437161766E-04,-1.547184067E-02,-1.912862754E-03
      1294, 4.999999929E+00, 2.774494467E+00,-1.989199245E-04,-3.896993813E-03, 6.115523735E-06, 2.797307913E-03, 2.442951231E-04, 1.489256720E-04,-3.557131408E-04, 1.160441107E-03
      1295, 6.999999954E+00, 2.774494467E+00, 1.457743015E-04,-3.715118875E-03, 5.048796688E-06, 1.098061715E-03, 1.083006071E-04, 4.840583675E-05,-3.249179387E-04, 1.230871100E-03
      1296, 8.999999951E+00, 2.774494508E+00, 1.490815844E-03,-3.290758663E-03, 2.386370456E-05, 6.430208107E-04, 1.917218131E-03, 5.569365948E-04,-7.177291230E-03,-7.310914264E-04
      1297, 1.099999988E+01, 2.774494467E+00, 6.473955626E-03,-1.985977091E-03, 8.708592517E-05, 1.616231372E-03, 2.656518809E-03, 6.354435482E-04,-1.347518659E-02,-1.940782050E-03
      1298, 1.299999997E+01, 2.774494467E+00, 1.140216425E-02,-8.966422220E-04, 1.350512495E-04, 2.399855905E-03, 2.207139713E-03, 4.496487254E-04,-1.498407026E-02,-1.884052409E-03
      1299, 4.999999929E+00, 2.816947288E+00,-2.135190877E-04,-3.848411968E-03, 5.956815704E-06, 2.764305375E-03, 2.375614051E-04, 1.471820891E-04,-3.324017535E-04, 1.128757063E-03
      1300, 6.999999954E+00, 2.816947288E+00, 1.323032636E-04,-3.663654347E-03, 4.921696834E-06, 1.208216970E-03, 1.064592884E-04, 4.831154529E-05,-3.097970996E-04, 1.194255429E-03
      1301, 8.999999951E+00, 2.816947330E+00, 1.208320199E-03,-3.316803863E-03, 1.947793546E-05, 5.802124946E-04, 1.676401881E-03, 4.949493031E-04,-6.145308761E-03,-4.988917459E-04
      1302, 1.099999988E+01, 2.816947288E+00, 5.916644497E-03,-2.066513829E-03, 7.928482908E-05, 1.535953476E-03, 2.588163539E-03, 6.286819561E-04,-1.279022954E-02,-1.854619574E-03
      1303, 1.299999997E+01, 2.816947288E+00, 1.077660169E-02,-9.759438060E-04, 1.273393270E-04, 2.329883581E-03, 2.198761193E-03, 4.548899067E-04,-1.449392736E-02,-1.852389766E-03
      1304, 4.999999929E+00, 2.860014560E+00,-2.273243700E-04,-3.800455436E-03, 5.796612080E-06, 2.724025286E-03, 2.302475103E-04, 1.450095412E-04,-3.090472397E-04, 1.098724974E-03
      1305, 6.999999954E+00, 2.860014560E+00, 1.191902660E-04,-3.613030144E-03, 4.809417936E-06, 1.320599604E-03, 1.061821986E-04, 4.881636474E-05,-2.992252971E-04, 1.157241325E-03
      1306, 8.999999951E+00, 2.860014603E+00, 9.659261676E-04,-3.333095760E-03, 1.573023422E-05, 5.248369407E-04, 1.426062384E-03, 4.281269684E-04,-5.124542061E-03,-2.605663294E-04
      1307, 1.099999988E+01, 2.860014560E+00, 5.380739321E-03,-2.144410842E-03, 7.182843227E-05, 1.455232594E-03, 2.513888737E-03, 6.200947662E-04,-1.210650743E-02,-1.764150970E-03
      1308, 1.299999997E+01, 2.860014560E+00, 1.016313693E-02,-1.054967121E-03, 1.197830879E-04, 2.258765951E-03, 2.186656257E-03, 4.593981208E-04,-1.400182052E-02,-1.817869028E-03
      1309, 4.999999929E+00, 2.903705176E+00,-2.403128051E-04,-3.753083752E-03, 5.635107449E-06, 2.678042648E-03, 2.224669849E-04, 1.424574738E-04,-2.858609828E-04, 1.070189335E-03
      1310, 6.999999954E+00, 2.903705176E+00, 1.062852872E-04,-3.563287557E-03, 4.707744346E-06, 1.434583136E-03, 1.069366763E-04, 4.974201969E-05,-2.915775111E-04, 1.120343586E-03
      1311, 8.999999951E+00, 2.903705219E+00, 7.638806429E-04,-3.339222598E-03, 1.261354735E-05, 4.790600684E-04, 1.172830217E-03, 3.583210510E-04,-4.137141852E-03,-2.273365948E-05
      1312, 1.099999988E+01, 2.903705176E+00, 4.866923454E-03,-2.219384373E-03, 6.472534779E-05, 1.374205454E-03, 2.433536652E-03, 6.095667378E-04,-1.142398182E-02,-1.669252011E-03
      1313, 1.299999997E+01, 2.903705176E+00, 9.562328192E-03,-1.133562507E-03, 1.123929090E-04, 2.186539838E-03, 2.170791573E-03, 4.631305205E-04,-1.350814865E-02,-1.780484364E-03
      1314, 4.999999929E+00, 2.948028158E+00,-2.524694566E-04,-3.706260627E-03, 5.472533837E-06, 2.627593788E-03, 2.143190598E-04, 1.395696252E-04,-2.630183493E-04, 1.043015261E-03
      1315, 6.999999954E+00, 2.948028158E+00, 9.349056637E-05,-3.514450405E-03, 4.613726632E-06, 1.549620782E-03, 1.083762180E-04, 5.097118306E-05,-2.858144983E-04, 1.083884769E-03
      1316, 8.999999951E+00, 2.948028202E+00, 6.011832099E-04,-3.335141047E-03, 1.010426214E-05, 4.453239723E-04, 9.273362544E-04, 2.887592889E-04,-3.216760737E-03, 2.041380298E-04
      1317, 1.099999988E+01, 2.948028158E+00, 4.375899270E-03,-2.291134182E-03, 5.798363691E-05, 1.293032953E-03, 2.346913483E-03, 5.969684443E-04,-1.074248846E-02,-1.569776847E-03
      1318, 1.299999997E+01, 2.948028158E+00, 8.974731034E-03,-1.211573960E-03, 1.051788566E-04, 2.113246248E-03, 2.151134621E-03, 4.660430046E-04,-1.301329820E-02,-1.740230796E-03
      1319, 4.999999929E+00, 2.992992659E+00,-2.637858529E-04,-3.659953350E-03, 5.309149524E-06, 2.573696981E-03, 2.058846572E-04, 1.363833192E-04,-2.406500020E-04, 1.017085036E-03
      1320, 6.999999954E+00, 2.992992659E+00, 8.074271853E-05,-3.466530929E-03, 4.525266721E-06, 1.665189966E-03, 1.102662998E-04, 5.242312022E-05,-2.812503027E-04, 1.048071740E-03
      1321, 8.999999951E+00, 2.992992703E+00, 4.751006951E-04,-3.321337836E-03, 8.156045936E-06, 4.260821052E-04, 7.030355778E-04, 2.233378840E-04,-2.403513526E-03, 4.066649480E-04
      1322, 1.099999988E+01, 2.992992659E+00, 3.908394964E-03,-2.359340643E-03, 5.161086833E-05, 1.211906639E-03, 2.253778735E-03, 5.821511114E-04,-1.006171093E-02,-1.465522915E-03
      1323, 1.299999997E+01, 2.992992659E+00, 8.400898318E-03,-1.288839024E-03, 9.815065392E-05, 2.038930812E-03, 2.127652597E-03, 4.680903617E-04,-1.251763911E-02,-1.697104558E-03
      1324, 4.999999929E+00, 3.038607963E+00,-2.742596035E-04,-3.614132605E-03, 5.145233867E-06, 2.517310419E-03, 1.972489205E-04, 1.329405635E-04,-2.188821711E-04, 9.922806148E-04
      1325, 6.999999954E+00, 3.038607963E+00, 6.800185318E-05,-3.419533328E-03, 4.440849358E-06, 1.780744847E-03, 1.124402716E-04, 5.403891630E-05,-2.774153706E-04, 1.013041883E-03
      1326, 8.999999951E+00, 3.038608008E+00, 3.810404366E-04,-3.298906168E-03, 6.698349795E-06, 4.233822490E-04, 5.125701359E-04, 1.665132784E-04,-1.731911073E-03, 5.730010898E-04
      1327, 1.099999988E+01, 3.038607963E+00, 3.465172855E-03,-2.423662365E-03, 4.561419670E-05, 1.131057396E-03, 2.153837255E-03, 5.649479055E-04,-9.381163093E-03,-1.356240541E-03
      1328, 1.299999997E+01, 3.038607963E+00, 7.841380384E-03,-1.365188567E-03, 9.131765210E-05, 1.963644344E-03, 2.100311597E-03, 4.692250351E-04,-1.202152124E-02,-1.651098741E-03
      1329, 4.999999929E+00, 3.084883491E+00,-2.838948639E-04,-3.568773100E-03, 4.981087382E-06, 2.459412994E-03, 1.885090840E-04, 1.292954678E-04,-1.978504141E-04, 9.684718771E-04
      1330, 6.999999954E+00, 3.084883491E+00, 5.524489498E-05,-3.373455878E-03, 4.359364957E-06, 1.895674974E-03, 1.147728968E-04, 5.577227095E-05,-2.739745791E-04, 9.788900245E-04
      1331, 8.999999951E+00, 3.084883537E+00, 3.130176136E-04,-3.269460549E-03, 5.642734902E-06, 4.384055757E-04, 3.633287020E-04, 1.214285728E-04,-1.217484314E-03, 6.965493517E-04
      1332, 1.099999988E+01, 3.084883491E+00, 3.047038771E-03,-2.483732690E-03, 4.000046055E-05, 1.050767206E-03, 2.046731719E-03, 5.451670244E-04,-8.700178312E-03,-1.241620717E-03
      1333, 1.299999997E+01, 3.084883491E+00, 7.296725425E-03,-1.440446392E-03, 8.468880376E-05, 1.887443508E-03, 2.069075338E-03, 4.693971511E-04,-1.152526935E-02,-1.602202961E-03
      1334, 4.999999929E+00, 3.131828798E+00,-2.927029480E-04,-3.523854245E-03, 4.817032487E-06, 2.400955137E-03, 1.797696080E-04, 1.255103122E-04,-1.776912002E-04, 9.455236629E-04
      1335, 6.999999954E+00, 3.131828798E+00, 4.246145760E-05,-3.328292222E-03, 4.279990462E-06, 2.009269375E-03, 1.171642330E-04, 5.758393561E-05,-2.706778972E-04, 9.456849767E-04
      1336, 8.999999951E+00, 3.131828845E+00, 2.646190782E-04,-3.234820476E-03, 4.895621093E-06, 4.711444145E-04, 2.551951898E-04, 8.814730209E-05,-8.512104421E-04, 7.777240519E-04
      1337, 1.099999988E+01, 3.131828798E+00, 2.654852332E-03,-2.539155700E-03, 3.477629635E-05, 9.713851345E-04, 1.932038755E-03, 5.225906602E-04,-8.017911530E-03,-1.121291906E-03
      1338, 1.299999997E+01, 3.131828798E+00, 6.767480185E-03,-1.514428928E-03, 7.827264073E-05, 1.810391675E-03, 2.033903593E-03, 4.685543930E-04,-1.102917818E-02,-1.550404767E-03
      1339, 4.999999929E+00, 3.179453579E+00,-3.007022602E-04,-3.479360330E-03, 4.653409858E-06, 2.342729350E-03, 1.711283273E-04, 1.216455407E-04,-1.585206689E-04, 9.233117306E-04
      1340, 6.999999954E+00, 3.179453579E+00, 2.965126419E-05,-3.284032098E-03, 4.202107614E-06, 2.120686394E-03, 1.195296486E-04, 5.943830870E-05,-2.673304962E-04, 9.134796606E-04
      1341, 8.999999951E+00, 3.179453626E+00, 2.300212794E-04,-3.196675969E-03, 4.371639656E-06, 5.203811911E-04, 1.819103321E-04, 6.515826215E-05,-6.058466659E-04, 8.235452310E-04
      1342, 1.099999988E+01, 3.179453579E+00, 2.289536838E-03,-2.589502216E-03, 2.994825834E-05, 8.933491462E-04, 1.809275141E-03, 4.969749026E-04,-7.333378079E-03,-9.948283777E-04
      1343, 1.299999997E+01, 3.179453579E+00, 6.254190932E-03,-1.586944836E-03, 7.207725621E-05, 1.732559989E-03, 1.994750169E-03, 4.666423173E-04,-1.053350622E-02,-1.495684459E-03
      1344, 4.999999929E+00, 3.227767668E+00,-3.079171329E-04,-3.435279920E-03, 4.490568705E-06, 2.285261279E-03, 1.626601690E-04, 1.177492645E-04,-1.404109842E-04, 9.017380738E-04
      1345, 6.999999954E+00, 3.227767668E+00, 1.682252121E-05,-3.240661769E-03, 4.125245862E-06, 2.228931283E-03, 1.217936167E-04, 6.130129162E-05,-2.637745181E-04, 8.823173893E-04
      1346, 8.999999951E+00, 3.227767716E+00, 2.046087311E-04,-3.156407869E-03, 4.001970448E-06, 5.839939697E-04, 1.346600928E-04, 5.017270070E-05,-4.482876883E-04, 8.433036200E-04
      1347, 1.099999988E+01, 3.227767668E+00, 1.952086059E-03,-2.634306430E-03, 2.552291839E-05, 8.172157670E-04, 1.677926351E-03, 4.680565071E-04,-6.645566495E-03,-8.617784914E-04
      1348, 1.299999997E+01, 3.227767668E+00, 5.757404888E-03,-1.657794403E-03, 6.611029252E-05, 1.654028739E-03, 1.951560800E-03, 4.636000659E-04,-1.003847009E-02,-1.438010386E-03
      1349, 4.999999929E+00, 3.276781041E+00,-3.143756550E-04,-3.391604661E-03, 4.328853367E-06, 2.228786853E-03, 1.544076673E-04, 1.138513274E-04,-1.233794542E-04, 8.807378287E-04
      1350, 6.999999954E+00, 3.276781041E+00, 3.990865519E-06,-3.198164197E-03, 4.049041680E-06, 2.332845468E-03, 1.238861191E-04, 6.313897804E-05,-2.598780823E-04, 8.522364218E-04
      1351, 8.999999951E+00, 3.276781090E+00, 1.850879880E-04,-3.115025317E-03, 3.736154686E-06, 6.594400786E-04, 1.051681572E-04, 4.076581110E-05,-3.492581779E-04, 8.455507389E-04
      1352, 1.099999988E+01, 3.276781041E+00, 1.643562179E-03,-2.673064898E-03, 2.150688894E-05, 7.436998609E-04, 1.537520807E-03, 4.355734843E-04,-5.953696287E-03,-7.217389404E-04
      1353, 1.299999997E+01, 3.276781041E+00, 5.277672006E-03,-1.726768374E-03, 6.037893502E-05, 1.574889116E-03, 1.904270765E-03, 4.593635358E-04,-9.544236480E-03,-1.377350435E-03
      1354, 4.999999929E+00, 3.326503821E+00,-3.201073227E-04,-3.348327882E-03, 4.168590497E-06, 2.173310270E-03, 1.463839188E-04, 1.099636324E-04,-1.073979108E-04, 8.602766424E-04
      1355, 6.999999954E+00, 3.326503821E+00,-8.821347145E-06,-3.156519095E-03, 3.973209210E-06, 2.431111939E-03, 1.257410015E-04, 6.491670484E-05,-2.555288070E-04, 8.232712930E-04
      1356, 8.999999951E+00, 3.326503871E+00, 1.692758979E-04,-3.073207282E-03, 3.539509891E-06, 7.442034164E-04, 8.710845690E-05, 3.502783529E-05,-2.871860387E-04, 8.368402802E-04
      1357, 1.099999988E+01, 3.326503821E+00, 1.365073941E-03,-2.705241351E-03, 1.790665470E-05, 6.737262186E-04, 1.387789984E-03, 3.993132788E-04,-5.257741260E-03,-5.745111691E-04
      1358, 1.299999997E+01, 3.326503821E+00, 4.815547501E-03,-1.793647359E-03, 5.488991338E-05, 1.495245472E-03, 1.852799831E-03, 4.538632438E-04,-9.050907561E-03,-1.313648929E-03
      1359, 4.999999929E+00, 3.376946275E+00,-3.251412534E-04,-3.305443403E-03, 4.010080040E-06, 2.118696483E-03, 1.385816395E-04, 1.060847665E-04,-9.240966669E-05, 8.403416828E-04
      1360, 6.999999954E+00, 3.376946275E+00,-2.158558173E-05,-3.115702966E-03, 3.897518992E-06, 2.522281780E-03, 1.272956133E-04, 6.659898476E-05,-2.506310325E-04, 7.954531990E-04
      1361, 8.999999951E+00, 3.376946325E+00, 1.557868282E-04,-3.031389489E-03, 3.389055091E-06, 8.360740586E-04, 7.619757819E-05, 3.163064854E-05,-2.478425032E-04, 8.215739514E-04
      1362, 1.099999988E+01, 3.376946275E+00, 1.117715330E-03,-2.730283447E-03, 1.472800134E-05, 6.084920856E-04, 1.228979675E-03, 3.592080242E-04,-4.559413761E-03,-4.204131447E-04
      1363, 1.299999997E+01, 3.376946275E+00, 4.371595207E-03,-1.858201325E-03, 4.964951190E-05, 1.415218272E-03, 1.797049580E-03, 4.470216064E-04,-8.558514563E-03,-1.246831924E-03
      1364, 4.999999929E+00, 3.428118819E+00,-3.295050425E-04,-3.262944756E-03, 3.853590840E-06, 2.064755282E-03, 1.309819006E-04, 1.022054935E-04,-7.834425620E-05, 8.209311145E-04
      1365, 6.999999954E+00, 3.428118819E+00,-3.426764822E-05,-3.075689125E-03, 3.821782558E-06, 2.604826848E-03, 1.284913065E-04, 6.815008328E-05,-2.451056073E-04, 7.688093575E-04
      1366, 8.999999951E+00, 3.428118870E+00, 1.437580870E-04,-2.989844145E-03, 3.269777445E-06, 9.332538391E-04, 6.971955283E-05, 2.971522506E-05,-2.223927233E-04, 8.025351383E-04
      1367, 1.099999988E+01, 3.428118819E+00, 9.024334185E-04,-2.747662101E-03, 1.197469608E-05, 5.495308520E-04, 1.062383480E-03, 3.155060563E-04,-3.863804528E-03,-2.607935630E-04
      1368, 1.299999997E+01, 3.428118819E+00, 3.946391360E-03,-1.920187432E-03, 4.466358974E-05, 1.334947959E-03, 1.736899429E-03, 4.387529510E-04,-8.067008569E-03,-1.176811382E-03
      1369, 4.999999929E+00, 3.480032020E+00,-3.332242433E-04,-3.220824820E-03, 3.699360126E-06, 2.011297650E-03, 1.235623262E-04, 9.831341470E-05,-6.513030272E-05, 8.020465648E-04
      1370, 6.999999954E+00, 3.480032020E+00,-4.682830066E-05,-3.036447818E-03, 3.745841554E-06, 2.677221685E-03, 1.292746655E-04, 6.953493548E-05,-2.388912717E-04, 7.433615581E-04
      1371, 8.999999951E+00, 3.480032072E+00, 1.326534964E-04,-2.948739406E-03, 3.171854430E-06, 1.034346804E-03, 6.600755548E-05, 2.874515308E-05,-2.054991012E-04, 7.814242302E-04
      1372, 1.099999988E+01, 3.480032020E+00, 7.197880563E-04,-2.756944873E-03, 9.646001467E-06, 4.987504729E-04, 8.910973004E-04, 2.690080262E-04,-3.181612571E-03,-9.877702583E-05
      1373, 1.299999997E+01, 3.480032020E+00, 3.540529527E-03,-1.979348082E-03, 3.993761255E-05, 1.254600085E-03, 1.672199745E-03, 4.289591426E-04,-7.576241846E-03,-1.103463376E-03
      1374, 4.999999929E+00, 3.532696599E+00,-3.363223828E-04,-3.179075729E-03, 3.547595455E-06, 1.958164499E-03, 1.163026903E-04, 9.439620926E-05,-5.270305598E-05, 7.836890501E-04
      1375, 6.999999954E+00, 3.532696599E+00,-5.922399881E-05,-2.997946396E-03, 3.669560339E-06, 2.738053370E-03, 1.295995266E-04, 7.072039809E-05,-2.319472432E-04, 7.191251738E-04
      1376, 8.999999951E+00, 3.532696651E+00, 1.221366733E-04,-2.908178770E-03, 3.088787603E-06, 1.138295934E-03, 6.404682405E-05, 2.838964854E-05,-1.939534566E-04, 7.592691734E-04
      1377, 1.099999988E+01, 3.532696599E+00, 5.695864782E-04,-2.757913418E-03, 7.732855749E-06, 4.584010734E-04, 7.207337218E-04, 2.213708672E-04,-2.530999617E-03, 6.009788911E-05
      1378, 1.299999997E+01, 3.532696599E+00, 3.154626714E-03,-2.035409192E-03, 3.547669722E-05, 1.174372166E-03, 1.602766497E-03, 4.175304981E-04,-7.085954493E-03,-1.026635274E-03
      1379, 4.999999929E+00, 3.586123430E+00,-3.388211919E-04,-3.137688936E-03, 3.398477690E-06, 1.905236053E-03, 1.091861629E-04, 9.044347928E-05,-4.100550675E-05, 7.658562530E-04
      1380, 6.999999954E+00, 3.586123430E+00,-7.140788407E-05,-2.960149611E-03, 3.592821570E-06, 2.786152093E-03, 1.294298003E-04, 7.167649267E-05,-2.242562109E-04, 6.961061449E-04
      1381, 8.999999951E+00, 3.586123483E+00, 1.119933401E-04,-2.868225793E-03, 3.016208183E-06, 1.244305868E-03, 6.321572403E-05, 2.844427837E-05,-1.858104772E-04, 7.366917281E-04
      1382, 1.099999988E+01, 3.586123430E+00, 4.504575231E-04,-2.750706474E-03, 6.213421852E-06, 4.309142337E-04, 5.594054678E-04, 1.750105784E-04,-1.936864834E-03, 2.077329764E-04
      1383, 1.299999997E+01, 3.586123430E+00, 2.789330482E-03,-2.088077521E-03, 3.128567087E-05, 1.094502904E-03, 1.528375206E-03, 4.043413246E-04,-6.595763219E-03,-9.461356324E-04
      1384, 4.999999929E+00, 3.640323547E+00,-3.407408667E-04,-3.096655403E-03, 3.252164244E-06, 1.852430604E-03, 1.021993750E-04, 8.644701372E-05,-2.998849436E-05, 7.485421427E-04
      1385, 6.999999954E+00, 3.640323547E+00,-8.333100101E-05,-2.923020128E-03, 3.515524539E-06, 2.820726619E-03, 1.287425433E-04, 7.237837829E-05,-2.158278052E-04, 6.742979423E-04
      1386, 8.999999951E+00, 3.640323601E+00, 1.020846598E-04,-2.828919196E-03, 2.951126203E-06, 1.351769612E-03, 6.312722505E-05, 2.878095262E-05,-1.798700553E-04, 7.140711439E-04
      1387, 1.099999988E+01, 3.640323547E+00, 3.595568019E-04,-2.735925201E-03, 5.050059865E-06, 4.185812410E-04, 4.162258607E-04, 1.328008713E-04,-1.425444639E-03, 3.353072534E-04
      1388, 1.299999997E+01, 3.640323547E+00, 2.445327081E-03,-2.137037712E-03, 2.736914388E-05, 1.015284684E-03, 1.448756044E-03, 3.892483239E-04,-6.105153601E-03,-8.617307200E-04
      1389, 4.999999929E+00, 3.695308141E+00,-3.421003889E-04,-3.055965756E-03, 3.108792067E-06, 1.799698761E-03, 9.533322046E-05, 8.240074124E-05,-1.961105759E-05, 7.317377839E-04
      1390, 6.999999954E+00, 3.695308141E+00,-9.494379888E-05,-2.886519199E-03, 3.437585776E-06, 2.841480776E-03, 1.275307079E-04, 7.280868165E-05,-2.067015291E-04, 6.536789205E-04
      1391, 8.999999951E+00, 3.695308196E+00, 9.231930217E-05,-2.790281996E-03, 2.891458587E-06, 1.460205709E-03, 6.353474122E-05, 2.931754872E-05,-1.753747003E-04, 6.916416421E-04
      1392, 1.099999988E+01, 3.695308141E+00, 2.926525898E-04,-2.714650441E-03, 4.190382227E-06, 4.231150945E-04, 2.985010756E-04, 9.754543017E-05,-1.015314746E-03, 4.360978761E-04
      1393, 1.299999997E+01, 3.695308141E+00, 2.123350118E-03,-2.181948968E-03, 2.373159437E-05, 9.370806355E-04, 1.363592844E-03, 3.720891368E-04,-5.613487075E-03,-7.731426915E-04
      1394, 4.999999929E+00, 3.751088567E+00,-3.429178393E-04,-3.015610446E-03, 2.968480136E-06, 1.747016633E-03, 8.858208993E-05, 7.830094376E-05,-9.838445246E-06, 7.154311303E-04
      1395, 6.999999954E+00, 3.751088567E+00,-1.061978442E-04,-2.850607557E-03, 3.358941498E-06, 2.848683540E-03, 1.258050011E-04, 7.295938228E-05,-1.969475135E-04, 6.342101860E-04
      1396, 8.999999951E+00, 3.751088623E+00, 8.263661976E-05,-2.752327053E-03, 2.835729599E-06, 1.569205159E-03, 6.427635742E-05, 2.999977666E-05,-1.718331727E-04, 6.695501055E-04
      1397, 1.099999988E+01, 3.751088567E+00, 2.446880961E-04,-2.688289185E-03, 3.573385654E-06, 4.452345677E-04, 2.091793809E-04, 7.043642909E-05,-7.101201858E-04, 5.074825290E-04
      1398, 1.299999997E+01, 3.751088567E+00, 1.824188494E-03,-2.222441733E-03, 2.037745531E-05, 8.603479484E-04, 1.272531273E-03, 3.526838929E-04,-5.120038138E-03,-6.800582198E-04
      1399, 4.999999929E+00, 3.807676344E+00,-3.432105864E-04,-2.975579922E-03, 2.831331568E-06, 1.694379608E-03, 8.194227908E-05, 7.414559343E-05,-6.398055660E-07, 6.996080494E-04
      1400, 6.999999954E+00, 3.807676344E+00,-1.170476215E-04,-2.815246396E-03, 3.279551021E-06, 2.843166569E-03, 1.235940778E-04, 7.283254390E-05,-1.866643680E-04, 6.158367938E-04
      1401, 8.999999951E+00, 3.807676401E+00, 7.299640820E-05,-2.715060425E-03, 2.782877731E-06, 1.678386075E-03, 6.524170986E-05, 3.079030754E-05,-1.689169445E-04, 6.478903463E-04
      1402, 1.099999988E+01, 3.807676344E+00, 2.106084695E-04,-2.658296190E-03, 3.138400908E-06, 4.844517385E-04, 1.462884421E-04, 5.097799606E-05,-4.981904742E-04, 5.518226581E-04
      1403, 1.299999997E+01, 3.807676344E+00, 1.548690881E-03,-2.258115277E-03, 1.731118263E-05, 7.856695927E-04, 1.175206203E-03, 3.308423921E-04,-4.624094161E-03,-5.821571055E-04
      1404, 4.999999929E+00, 3.865083157E+00,-3.429954266E-04,-2.935864709E-03, 2.697435369E-06, 1.641797293E-03, 7.541193781E-05, 6.993379808E-05, 8.011991599E-06, 6.842538568E-04
      1405, 6.999999954E+00, 3.865083157E+00,-1.274522594E-04,-2.780398312E-03, 3.199400194E-06, 2.826234353E-03, 1.209420402E-04, 7.243976217E-05,-1.759728263E-04, 5.984885494E-04
      1406, 8.999999951E+00, 3.865083215E+00, 6.337259757E-05,-2.678483440E-03, 2.732128945E-06, 1.787354980E-03, 6.635205183E-05, 3.166205491E-05,-1.663983716E-04, 6.267235908E-04
      1407, 1.099999988E+01, 3.865083157E+00, 1.860713134E-04,-2.625952735E-03, 2.832793794E-06, 5.391802518E-04, 1.046438882E-04, 3.795000286E-05,-3.588577305E-04, 5.747414528E-04
      1408, 1.299999997E+01, 3.865083157E+00, 1.297761057E-03,-2.288537929E-03, 1.453725733E-05, 7.137967455E-04, 1.071308468E-03, 3.063835622E-04,-4.125178724E-03,-4.791798235E-04
      1409, 4.999999929E+00, 3.923320860E+00,-3.422887423E-04,-2.896455474E-03, 2.566867798E-06, 1.589289594E-03, 6.899097527E-05, 6.566599851E-05, 1.614070328E-05, 6.693528727E-04
      1410, 6.999999954E+00, 3.923320860E+00,-1.373768200E-04,-2.746028269E-03, 3.118503820E-06, 2.799492560E-03, 1.179071032E-04, 7.180132139E-05,-1.650108134E-04, 5.820835721E-04
      1411, 8.999999951E+00, 3.923320919E+00, 5.374934741E-05,-2.642593948E-03, 2.682911861E-06, 1.895671841E-03, 6.754799912E-05, 3.259388657E-05,-1.641128589E-04, 6.060912571E-04
      1412, 1.099999988E+01, 3.923320860E+00, 1.677795985E-04,-2.592257842E-03, 2.615709091E-06, 6.071212195E-04, 7.827500807E-05, 2.967845552E-05,-2.704126519E-04, 5.824589225E-04
      1413, 1.299999997E+01, 3.923320860E+00, 1.072333165E-03,-2.313253428E-03, 1.206002751E-05, 6.457036739E-04, 9.607242103E-04, 2.791776982E-04,-3.623498925E-03,-3.710660768E-04
      1414, 4.999999929E+00, 3.982401480E+00,-3.411066107E-04,-2.857343121E-03, 2.439693516E-06, 1.536883848E-03, 6.268014097E-05, 6.134359230E-05, 2.376790686E-05, 6.548881293E-04
      1415, 6.999999954E+00, 3.982401480E+00,-1.467928982E-04,-2.712104180E-03, 3.036905855E-06, 2.764628043E-03, 1.145482981E-04, 7.094030454E-05,-1.539054948E-04, 5.665393972E-04
      1416, 8.999999951E+00, 3.982401540E+00, 4.411863731E-05,-2.607387063E-03, 2.634799907E-06, 2.002819941E-03, 6.878189456E-05, 3.356791021E-05,-1.619355751E-04, 5.860227211E-04
      1417, 1.099999988E+01, 3.982401480E+00, 1.534518676E-04,-2.557916288E-03, 2.457947938E-06, 6.857420744E-04, 6.205281369E-05, 2.461743614E-05,-2.150986605E-04, 5.802739242E-04
      1418, 1.299999997E+01, 3.982401480E+00, 8.733078897E-04,-2.331799405E-03, 9.883218261E-06, 5.826535052E-04, 8.437994661E-04, 2.492303602E-04,-3.120768254E-03,-2.582160044E-04
      1419, 4.999999929E+00, 4.042337217E+00,-3.394648648E-04,-2.818518862E-03, 2.315966572E-06, 1.484612773E-03, 5.647968921E-05, 5.696821830E-05, 3.091579220E-05, 6.408435152E-04
      1420, 6.999999954E+00, 4.042337217E+00,-1.556786183E-04,-2.678596894E-03, 2.954676838E-06, 2.723201255E-03, 1.109206144E-04, 6.987937678E-05,-1.427679551E-04, 5.517790168E-04
      1421, 8.999999951E+00, 4.042337277E+00, 3.447878311E-05,-2.572855601E-03, 2.587471129E-06, 2.108178122E-03, 7.001299747E-05, 3.456790358E-05,-1.597672508E-04, 5.665402915E-04
      1422, 1.099999988E+01, 4.042337217E+00, 1.416051660E-04,-2.523391894E-03, 2.339730840E-06, 7.726591677E-04, 5.225804952E-05, 2.163050054E-05,-1.804254690E-04, 5.720224798E-04
      1423, 1.299999997E+01, 4.042337217E+00, 7.014203221E-04,-2.343747505E-03, 8.008830745E-06, 5.262603783E-04, 7.217787560E-04, 2.168168990E-04,-2.621538954E-03,-1.419013346E-04
      1424, 4.999999929E+00, 4.103140447E+00,-3.373791214E-04,-2.779974172E-03, 2.195731192E-06, 1.432513001E-03, 5.039288867E-05, 5.254194502E-05, 3.759901990E-05, 6.272024914E-04
      1425, 6.999999954E+00, 4.103140447E+00,-1.640178906E-04,-2.645480090E-03, 2.871908996E-06, 2.676520549E-03, 1.070751739E-04, 6.864034860E-05,-1.316968870E-04, 5.377327124E-04
      1426, 8.999999951E+00, 4.103140508E+00, 2.483352259E-05,-2.538990287E-03, 2.540679696E-06, 2.210996149E-03, 7.120451478E-05, 3.557829620E-05,-1.575255791E-04, 5.476623946E-04
      1427, 1.099999988E+01, 4.103140447E+00, 1.313083404E-04,-2.488978025E-03, 2.248027314E-06, 8.658441674E-04, 4.644369870E-05, 1.994892934E-05,-1.583670647E-04, 5.602117900E-04
      1428, 1.299999997E+01, 4.103140447E+00, 5.570076945E-04,-2.348775107E-03, 6.435136988E-06, 4.785172737E-04, 5.973900510E-04, 1.826882129E-04,-2.134912732E-03,-2.486824127E-05
      1429, 4.999999929E+00, 4.164823726E+00,-3.348650971E-04,-2.741700934E-03, 2.079022488E-06, 1.380624076E-03, 4.442079789E-05, 4.806901196E-05, 4.382491309E-05, 6.139477869E-04
      1430, 6.999999954E+00, 4.164823726E+00,-1.717994017E-04,-2.612729935E-03, 2.788710656E-06, 2.625643227E-03, 1.030529402E-04, 6.724097794E-05,-1.207658795E-04, 5.243410404E-04
      1431, 8.999999951E+00, 4.164823788E+00, 1.519144788E-05,-2.505779842E-03, 2.494235363E-06, 2.310378056E-03, 7.232182005E-05, 3.658340589E-05,-1.551398907E-04, 5.294052845E-04
      1432, 1.099999988E+01, 4.164823726E+00, 1.219845157E-04,-2.454856101E-03, 2.174321486E-06, 9.636789466E-04, 4.308445958E-05, 1.908635864E-05,-1.440054544E-04, 5.464017179E-04
      1433, 1.299999997E+01, 4.164823726E+00, 4.396723493E-04,-2.346776696E-03, 5.153742363E-06, 4.417405392E-04, 4.752862890E-04, 1.482580722E-04,-1.675617925E-03, 8.827681753E-05
      1434, 4.999999929E+00, 4.227399792E+00,-3.319382411E-04,-2.703691408E-03, 1.965867150E-06, 1.328987795E-03, 3.856772196E-05, 4.355145740E-05, 4.962986913E-05, 6.010639292E-04
      1435, 6.999999954E+00, 4.227399792E+00,-1.790159802E-04,-2.580324724E-03, 2.705202152E-06, 2.571486065E-03, 9.889140596E-05, 6.569784593E-05,-1.100371105E-04, 5.115498666E-04
      1436, 8.999999951E+00, 4.227399855E+00, 5.565659518E-06,-2.473210988E-03, 2.447988425E-06, 2.405273685E-03, 7.333140536E-05, 3.756686299E-05,-1.525477322E-04, 5.117842819E-04
      1437, 1.099999988E+01, 4.227399792E+00, 1.132755999E-04,-2.421137266E-03, 2.113018038E-06, 1.064921787E-03, 4.125143485E-05, 1.874146246E-05,-1.343862214E-04, 5.315371304E-04
      1438, 1.299999997E+01, 4.227399792E+00, 3.479255776E-04,-2.337983892E-03, 4.146429062E-06, 4.183725941E-04, 3.617878413E-04, 1.153676551E-04,-1.262675141E-03, 1.913080948E-04
      1439, 4.999999929E+00, 4.290881567E+00,-3.286135898E-04,-2.665938204E-03, 1.856283970E-06, 1.277647727E-03, 3.283576506E-05, 3.899254629E-05, 5.503111241E-05, 5.885346500E-04
      1440, 6.999999954E+00, 4.290881567E+00,-1.856644852E-04,-2.548245002E-03, 2.621514497E-06, 2.514959282E-03, 9.463173004E-05, 6.403135107E-05,-9.957399911E-05, 4.993021372E-04
      1441, 8.999999951E+00, 4.290881631E+00,-4.026447363E-06,-2.441268401E-03, 2.401818609E-06, 2.494487245E-03, 7.420043183E-05, 3.851137759E-05,-1.496931473E-04, 4.948140318E-04
      1442, 1.099999988E+01, 4.290881567E+00, 1.049568742E-04,-2.387889213E-03, 2.060392008E-06, 1.168638132E-03, 4.038093741E-05, 1.872955776E-05,-1.277344556E-04, 5.161871955E-04
      1443, 1.299999997E+01, 4.290881567E+00, 2.790010232E-04,-2.323034900E-03, 3.383493566E-06, 4.106228514E-04, 2.634414502E-04, 8.625301112E-05,-9.144678310E-04, 2.778824182E-04
      1444, 4.999999929E+00, 4.355282160E+00,-3.249064648E-04,-2.628434428E-03, 1.750284370E-06, 1.226648911E-03, 2.722600410E-05, 3.439792882E-05, 6.002475139E-05, 5.763434617E-04
      1445, 6.999999954E+00, 4.355282160E+00,-1.917463393E-04,-2.516474028E-03, 2.537790201E-06, 2.457019973E-03, 9.032258159E-05, 6.226803699E-05,-8.944748851E-05, 4.875341964E-04
      1446, 8.999999951E+00, 4.355282225E+00,-1.356336393E-05,-2.409934677E-03, 2.355626890E-06, 2.576703308E-03, 7.489683098E-05, 3.939899746E-05,-1.465265406E-04, 4.785083779E-04
      1447, 1.099999988E+01, 4.355282160E+00, 9.688514587E-05,-2.355152858E-03, 2.013921494E-06, 1.274125698E-03, 4.012775922E-05, 1.893666943E-05,-1.229716290E-04, 5.006951567E-04
      1448, 1.299999997E+01, 4.355282160E+00, 2.290419763E-04,-2.302957407E-03, 2.825419344E-06, 4.200155783E-04, 1.848150583E-04, 6.269662998E-05,-6.419634281E-04, 3.439172188E-04
      1449, 4.999999929E+00, 4.420614869E+00,-3.208322967E-04,-2.591173625E-03, 1.647872915E-06, 1.176037666E-03, 2.174513150E-05, 2.977162071E-05, 6.463072058E-05, 5.644748141E-04
      1450, 6.999999954E+00, 4.420614869E+00,-1.972681245E-04,-2.484998320E-03, 2.454183874E-06, 2.398602945E-03, 8.601659197E-05, 6.043878993E-05,-7.972981299E-05, 4.761793261E-04
      1451, 8.999999951E+00, 4.420614935E+00,-2.301969569E-05,-2.379190291E-03, 2.309329482E-06, 2.650534658E-03, 7.538988707E-05, 4.021148954E-05,-1.430055152E-04, 4.628800308E-04
      1452, 1.099999988E+01, 4.420614869E+00, 8.896774074E-05,-2.322952460E-03, 1.971868267E-06, 1.380846885E-03, 4.027677083E-05, 1.929150724E-05,-1.194298735E-04, 4.852696186E-04
      1453, 1.299999997E+01, 4.420614869E+00, 1.936754943E-04,-2.278998245E-03, 2.428064461E-06, 4.470028957E-04, 1.269092393E-04, 4.505523447E-05,-4.443982259E-04, 3.886068425E-04
      1454, 4.999999929E+00, 4.486893186E+00,-3.164064034E-04,-2.554149843E-03, 1.549047773E-06, 1.125861469E-03, 1.639565893E-05, 2.511912881E-05, 6.886388997E-05, 5.529128753E-04
      1455, 6.999999954E+00, 4.486893186E+00,-2.022414867E-04,-2.453807755E-03, 2.370860259E-06, 2.340483094E-03, 8.176223348E-05, 5.857330271E-05,-7.048100316E-05, 4.651768132E-04
      1456, 8.999999951E+00, 4.486893253E+00,-3.236648972E-05,-2.349013625E-03, 2.262853626E-06, 2.714600190E-03, 7.565125182E-05, 4.093074651E-05,-1.390963217E-04, 4.479394979E-04
      1457, 1.099999988E+01, 4.486893186E+00, 8.114392841E-05,-2.291301751E-03, 1.933013193E-06, 1.488370972E-03, 4.069078053E-05, 1.974852498E-05,-1.166862149E-04, 4.700383995E-04
      1458, 1.299999997E+01, 4.486893186E+00, 1.687344053E-04,-2.252368397E-03, 2.149179407E-06, 4.908233160E-04, 8.732400283E-05, 3.280687350E-05,-3.105710907E-04, 4.146080612E-04
      1459, 4.999999929E+00, 4.554130797E+00,-3.116441086E-04,-2.517357655E-03, 1.453801183E-06, 1.076168894E-03, 1.118166877E-05, 2.044613206E-05, 7.273659452E-05, 5.416422276E-04
      1460, 6.999999954E+00, 4.554130797E+00,-2.066822156E-04,-2.422895121E-03, 2.287989057E-06, 2.283167346E-03, 7.759595689E-05, 5.669490999E-05,-6.173833405E-05, 4.544792525E-04
      1461, 8.999999951E+00, 4.554130865E+00,-4.157170878E-05,-2.319381064E-03, 2.216134915E-06, 2.767625293E-03, 7.565634068E-05, 4.153934877E-05,-1.347758622E-04, 4.336939873E-04
      1462, 1.099999988E+01, 4.554130797E+00, 7.337368432E-05,-2.260207658E-03, 1.896487292E-06, 1.596325397E-03, 4.127968930E-05, 2.027774186E-05,-1.144656181E-04, 4.550808908E-04
      1463, 1.299999997E+01, 4.554130797E+00, 1.507901463E-04,-2.224088109E-03, 1.953321923E-06, 5.496915580E-04, 6.184954408E-05, 2.488345464E-05,-2.244659168E-04, 4.264916814E-04
      1464, 4.999999929E+00, 4.622341587E+00,-3.065607894E-04,-2.480792178E-03, 1.362119883E-06, 1.027009578E-03, 6.107560362E-06, 1.575870522E-05, 7.626046547E-05, 5.306475644E-04
      1465, 6.999999954E+00, 4.622341587E+00,-2.106087571E-04,-2.392255281E-03, 2.205737998E-06, 2.226875647E-03, 7.353805337E-05, 5.481776918E-05,-5.351183302E-05, 4.440559117E-04
      1466, 8.999999951E+00, 4.622341656E+00,-5.060089757E-05,-2.290267195E-03, 2.169116016E-06, 2.808564823E-03, 7.538598955E-05, 4.202142616E-05,-1.300341433E-04, 4.201456661E-04
      1467, 1.099999988E+01, 4.622341587E+00, 6.563084281E-05,-2.229672543E-03, 1.861662082E-06, 1.704355060E-03, 4.198207184E-05, 2.085855898E-05,-1.125834026E-04, 4.404472247E-04
      1468, 1.299999997E+01, 4.622341587E+00, 1.373309805E-04,-2.194925994E-03, 1.813720092E-06, 6.212309227E-04, 4.616297911E-05, 2.000498533E-05,-1.707647410E-04, 4.286707502E-04
      1469, 4.999999929E+00, 4.691539642E+00,-3.011719000E-04,-2.444449126E-03, 1.273985529E-06, 9.784342139E-04, 1.177749415E-06, 1.106366598E-05, 7.944667949E-05, 5.199134097E-04
      1470, 6.999999954E+00, 4.691539642E+00,-2.140405473E-04,-2.361884181E-03, 2.124266281E-06, 2.171601357E-03, 6.959414088E-05, 5.294708143E-05,-4.578791758E-05, 4.338913620E-04
      1471, 8.999999951E+00, 4.691539712E+00,-5.941807493E-05,-2.261645162E-03, 2.121746722E-06, 2.836728594E-03, 7.482822473E-05, 4.236395134E-05,-1.248768044E-04, 4.072897788E-04
      1472, 1.099999988E+01, 4.691539642E+00, 5.789889076E-05,-2.199695576E-03, 1.828077074E-06, 1.812085949E-03, 4.275406174E-05, 2.147605218E-05,-1.109107088E-04, 4.261695524E-04
      1473, 1.299999997E+01, 4.691539642E+00, 1.266688581E-04,-2.165404378E-03, 1.711616664E-06, 7.029433594E-04, 3.680030501E-05, 1.712956434E-05,-1.376461598E-04, 4.247515661E-04
      1474, 4.999999929E+00, 4.761739250E+00,-2.954929852E-04,-2.408324845E-03, 1.189375134E-06, 9.304945750E-04,-3.602969859E-06, 6.368410988E-06, 8.230583203E-05, 5.094249465E-04
      1475, 6.999999954E+00, 4.761739250E+00,-2.169967249E-04,-2.331778040E-03, 2.043720023E-06, 2.117203680E-03, 6.575991198E-05, 5.108166861E-05,-3.853887371E-05, 4.239801691E-04
      1476, 8.999999951E+00, 4.761739321E+00,-6.798684730E-05,-2.233487154E-03, 2.073985112E-06, 2.851886358E-03, 7.397986628E-05, 4.255794323E-05,-1.193267936E-04, 3.951133511E-04
      1477, 1.099999988E+01, 4.761739250E+00, 5.016837967E-05,-2.170273579E-03, 1.795390903E-06, 1.919093280E-03, 4.356245789E-05, 2.211863166E-05,-1.093534841E-04, 4.122689090E-04
      1478, 1.299999997E+01, 4.761739250E+00, 1.177299253E-04,-2.135859138E-03, 1.634464674E-06, 7.925479306E-04, 3.135895972E-05, 1.551424287E-05,-1.171237476E-04, 4.171941564E-04
      1479, 4.999999929E+00, 4.832954907E+00,-2.895397161E-04,-2.372416304E-03, 1.108261475E-06, 8.832435459E-04,-8.229286764E-06, 1.680796351E-06, 8.484769427E-05, 4.991677337E-04
      1480, 6.999999954E+00, 4.832954907E+00,-2.194953925E-04,-2.301932851E-03, 1.964230104E-06, 2.063490275E-03, 6.202567473E-05, 4.921670857E-05,-3.173075600E-05, 4.143222077E-04
      1481, 8.999999951E+00, 4.832954979E+00,-7.627166784E-05,-2.205765010E-03, 2.025799585E-06, 2.854332618E-03, 7.284760173E-05, 4.259931686E-05,-1.134245842E-04, 3.835940552E-04
      1482, 1.099999988E+01, 4.832954907E+00, 4.243533012E-05,-2.141401532E-03, 1.763347739E-06, 2.024871653E-03, 4.438048205E-05, 2.277661602E-05,-1.078398575E-04, 3.987596485E-04
      1483, 1.299999997E+01, 4.832954907E+00, 1.098507275E-04,-2.106497975E-03, 1.574051656E-06, 8.881404964E-04, 2.830561843E-05, 1.467772116E-05,-1.041970519E-04, 4.075712401E-04
      1484, 4.999999929E+00, 4.905201321E+00,-2.833279247E-04,-2.336721164E-03, 1.030613477E-06, 8.367351573E-04,-1.269564095E-05,-2.990240056E-06, 8.708165367E-05, 4.891263584E-04
      1485, 6.999999954E+00, 4.905201321E+00,-2.215532621E-04,-2.272344105E-03, 1.885911935E-06, 2.010271937E-03, 5.838025890E-05, 4.734589704E-05,-2.532890306E-05, 4.049193410E-04
      1486, 8.999999951E+00, 4.905201394E+00,-8.423914707E-05,-2.178450922E-03, 1.977171330E-06, 2.844878357E-03, 7.144806650E-05, 4.248921216E-05,-1.072264165E-04, 3.727004731E-04
      1487, 1.099999988E+01, 4.905201321E+00, 3.470023814E-05,-2.113072855E-03, 1.731753749E-06, 2.128807318E-03, 4.518508768E-05, 2.344122842E-05,-1.063122529E-04, 3.856525167E-04
      1488, 1.299999997E+01, 4.905201321E+00, 1.026251125E-04,-2.077447034E-03, 1.525020846E-06, 9.882174461E-04, 2.670416320E-05, 1.432109286E-05,-9.585656913E-05, 3.968363310E-04
      1489, 4.999999929E+00, 4.978493410E+00,-2.768736080E-04,-2.301237895E-03, 9.563965911E-07, 7.910246280E-04,-1.699598837E-05,-7.634472093E-06, 8.901677635E-05, 4.792853372E-04
      1490, 6.999999954E+00, 4.978493410E+00,-2.231856526E-04,-2.243006740E-03, 1.808866431E-06, 1.957390092E-03, 5.481352738E-05, 4.546318082E-05,-1.930210406E-05, 3.957724760E-04
      1491, 8.999999951E+00, 4.978493484E+00,-9.185929996E-05,-2.151518117E-03, 1.928096640E-06, 2.824762110E-03, 6.980673075E-05, 4.223411170E-05,-1.008023159E-04, 3.623925506E-04
      1492, 1.099999988E+01, 4.978493410E+00, 2.696748413E-05,-2.085279522E-03, 1.700460303E-06, 2.230156302E-03, 4.595525222E-05, 2.410389353E-05,-1.047222001E-04, 3.729564302E-04
      1493, 1.299999997E+01, 4.978493410E+00, 9.580346667E-05,-2.048782032E-03, 1.483849116E-06, 1.091626963E-03, 2.599261364E-05, 1.426302708E-05,-9.031464765E-05, 3.855592369E-04
      1494, 4.999999929E+00, 5.052846308E+00,-2.701929781E-04,-2.265965785E-03, 8.855731385E-07, 7.461684030E-04,-2.112302227E-05,-1.224049273E-05, 9.066042531E-05, 4.696293715E-04
      1495, 6.999999954E+00, 5.052846308E+00,-2.244066885E-04,-2.213915227E-03, 1.733181512E-06, 1.904725516E-03, 5.131701852E-05, 4.356344177E-05,-1.362338680E-05, 3.868808217E-04
      1496, 8.999999951E+00, 5.052846383E+00,-9.910643834E-05,-2.124941535E-03, 1.878588404E-06, 2.795484441E-03, 6.795584064E-05, 4.184498708E-05,-9.422986491E-05, 3.526245268E-04
      1497, 1.099999988E+01, 5.052846308E+00, 1.924499983E-05,-2.058012101E-03, 1.669351777E-06, 2.328026718E-03, 4.667093351E-05, 2.475582958E-05,-1.030271016E-04, 3.606794316E-04
      1498, 1.299999997E+01, 5.052846308E+00, 8.923062633E-05,-2.020548011E-03, 1.448184797E-06, 1.197495497E-03, 2.583331100E-05, 1.439369668E-05,-8.650603789E-05, 3.740778752E-04
      1499, 4.999999929E+00, 5.128275369E+00,-2.633026150E-04,-2.230905058E-03, 8.181026201E-07, 7.022241737E-04,-2.506819626E-05,-1.679511776E-05, 9.201802366E-05, 4.601415492E-04
      1500, 6.999999954E+00, 5.128275369E+00,-2.252294896E-04,-2.185063668E-03, 1.658933683E-06, 1.852196795E-03, 4.788431472E-05, 4.164262572E-05,-8.269643864E-06, 3.782420426E-04
      1501, 8.999999951E+00, 5.128275446E+00,-1.059595672E-04,-2.098698151E-03, 1.828676104E-06, 2.758599396E-03, 6.592681002E-05, 4.133363125E-05,-8.757872399E-05, 3.433514112E-04
      1502, 1.099999988E+01, 5.128275369E+00, 1.154409452E-05,-2.031259738E-03, 1.638336579E-06, 2.421372925E-03, 4.731244489E-05, 2.538780723E-05,-1.011884469E-04, 3.488291234E-04
      1503, 1.299999997E+01, 5.128275369E+00, 8.280876203E-05,-1.992771277E-03, 1.416430300E-06, 1.305154145E-03, 2.602099122E-05, 1.464601807E-05,-8.378744779E-05, 3.625938649E-04
      1504, 4.999999929E+00, 5.204796170E+00,-2.562195556E-04,-2.196057068E-03, 7.539420050E-07, 6.592508955E-04,-2.882221145E-05,-2.128291610E-05, 9.309448694E-05, 4.508037231E-04
      1505, 6.999999954E+00, 5.204796170E+00,-2.256663955E-04,-2.156445916E-03, 1.586189483E-06, 1.799754514E-03, 4.451109862E-05, 3.969794667E-05,-3.221854134E-06, 3.698517700E-04
      1506, 8.999999951E+00, 5.204796248E+00,-1.124022831E-04,-2.072766933E-03, 1.778404114E-06, 2.715528153E-03, 6.374909608E-05, 4.071165957E-05,-8.091095925E-05, 3.345309104E-04
      1507, 1.099999988E+01, 5.204796170E+00, 3.879349896E-06,-2.005010116E-03, 1.607340472E-06, 2.509002721E-03, 4.786025265E-05, 2.599013614E-05,-9.917129459E-05, 3.374128914E-04
      1508, 1.299999997E+01, 5.204796170E+00, 7.647537794E-05,-1.965466563E-03, 1.387480480E-06, 1.414073073E-03, 2.642848178E-05, 1.497830341E-05,-8.176250974E-05, 3.512284062E-04
      1509, 4.999999929E+00, 5.282424513E+00,-2.489613279E-04,-2.161424402E-03, 6.930459987E-07, 6.173087955E-04,-3.237406870E-05,-2.568638994E-05, 9.389376677E-05, 4.415975406E-04
      1510, 6.999999954E+00, 5.282424513E+00,-2.257291913E-04,-2.128055724E-03, 1.515006733E-06, 1.747374507E-03, 4.119450215E-05, 3.772765136E-05, 1.535941202E-06, 3.617042573E-04
      1511, 8.999999951E+00, 5.282424591E+00,-1.184221826E-04,-2.047128812E-03, 1.727828739E-06, 2.667459021E-03, 6.144978063E-05, 3.999018009E-05,-7.428049361E-05, 3.261246042E-04
      1512, 1.099999988E+01, 5.282424513E+00,-3.731490907E-06,-1.979249412E-03, 1.576301601E-06, 2.589602242E-03, 4.829508633E-05, 2.655266464E-05,-9.694442545E-05, 3.264380883E-04
      1513, 1.299999997E+01, 5.282424513E+00, 7.019026041E-05,-1.938641298E-03, 1.360557472E-06, 1.523805392E-03, 2.697498975E-05, 1.536407833E-05,-8.018087511E-05, 3.400550590E-04
      1514, 4.999999929E+00, 5.361176426E+00,-2.415460963E-04,-2.127011009E-03, 6.353672720E-07, 5.764593549E-04,-3.571054543E-05,-2.998534851E-05, 9.441770108E-05, 4.325031042E-04
      1515, 6.999999954E+00, 5.361176426E+00,-2.254292394E-04,-2.099886815E-03, 1.445435540E-06, 1.695051695E-03, 3.793291253E-05, 3.573074552E-05, 6.017621734E-06, 3.537930209E-04
      1516, 8.999999951E+00, 5.361176506E+00,-1.240102244E-04,-2.021766410E-03, 1.677015153E-06, 2.615372732E-03, 5.905080422E-05, 3.917807801E-05,-6.772848510E-05, 3.180998719E-04
      1517, 1.099999988E+01, 5.361176426E+00,-1.126767190E-05,-1.953962237E-03, 1.545166878E-06, 2.661788429E-03, 4.859836847E-05, 2.706486478E-05,-9.448090657E-05, 3.159115943E-04
      1518, 1.299999997E+01, 5.361176426E+00, 6.392763717E-05,-1.912298187E-03, 1.335104950E-06, 1.633938678E-03, 2.760743692E-05, 1.578604639E-05,-7.887996658E-05, 3.291187091E-04
      1519, 4.999999929E+00, 5.441068173E+00,-2.339928282E-04,-2.092822451E-03, 5.808566477E-07, 5.367652617E-04,-3.881630215E-05,-3.415577734E-05, 9.466641351E-05, 4.234987572E-04
      1520, 6.999999954E+00, 5.441068173E+00,-2.247776031E-04,-2.071932966E-03, 1.377519103E-06, 1.642795063E-03, 3.472584490E-05, 3.370704256E-05, 1.023501042E-05, 3.461105846E-04
      1521, 8.999999951E+00, 5.441068255E+00,-1.291604561E-04,-1.996663846E-03, 1.626035531E-06, 2.560162541E-03, 5.657417777E-05, 3.828452485E-05,-6.129348336E-05, 3.104255182E-04
      1522, 1.099999988E+01, 5.441068173E+00,-1.870565409E-05,-1.929131651E-03, 1.513889478E-06, 2.724184614E-03, 4.875284846E-05, 2.751613466E-05,-9.175900238E-05, 3.058392015E-04
      1523, 1.299999997E+01, 5.441068173E+00, 5.767142653E-05,-1.886436766E-03, 1.310719237E-06, 1.744053150E-03, 2.828927980E-05, 1.623230503E-05,-7.775056057E-05, 3.184471108E-04
      1524, 4.999999929E+00, 5.522116252E+00,-2.263214150E-04,-2.058866096E-03, 5.294632567E-07, 4.982903316E-04,-4.167386335E-05,-3.816991057E-05, 9.463930649E-05, 4.145608276E-04
      1525, 6.999999954E+00, 5.522116252E+00,-2.237851582E-04,-2.044188095E-03, 1.311294384E-06, 1.590623807E-03, 3.157324869E-05, 3.165708039E-05, 1.419883181E-05, 3.386486859E-04
      1526, 8.999999951E+00, 5.522116334E+00,-1.338702075E-04,-1.971806964E-03, 1.574968882E-06, 2.502753397E-03, 5.404543508E-05, 3.732180681E-05,-5.501726750E-05, 3.030667938E-04
      1527, 1.099999988E+01, 5.522116252E+00,-2.601945380E-05,-1.904739208E-03, 1.482427310E-06, 2.775525677E-03, 4.874340628E-05, 2.789622730E-05,-8.876356128E-05, 2.962245612E-04
      1528, 1.299999997E+01, 5.522116252E+00, 5.141233793E-05,-1.861054329E-03, 1.287103542E-06, 1.853684816E-03, 2.899400741E-05, 1.669405762E-05,-7.671630058E-05, 3.080576581E-04
      1529, 4.999999929E+00, 5.604337398E+00,-2.185527267E-04,-2.025151394E-03, 4.811346265E-07, 4.610993678E-04,-4.426466234E-05,-4.199677434E-05, 9.433579246E-05, 4.056661466E-04
      1530, 6.999999954E+00, 5.604337398E+00,-2.224626308E-04,-2.016646309E-03, 1.246792630E-06, 1.538564472E-03, 2.847601180E-05, 2.958113117E-05, 1.792006858E-05, 3.314000705E-04
      1531, 8.999999951E+00, 5.604337482E+00,-1.381406102E-04,-1.947183781E-03, 1.523901873E-06, 2.444122475E-03, 5.149469338E-05, 3.630588326E-05,-4.894627828E-05, 2.959852383E-04
      1532, 1.099999988E+01, 5.604337398E+00,-3.318115318E-05,-1.880765137E-03, 1.450742415E-06, 2.814780579E-03, 4.855819496E-05, 2.819594141E-05,-8.548804405E-05, 2.870683637E-04
      1533, 1.299999997E+01, 5.604337398E+00, 4.514609741E-05,-1.836146496E-03, 1.264036971E-06, 1.962290877E-03, 2.970116430E-05, 1.716428845E-05,-7.572099234E-05, 2.979618804E-04
      1534, 4.999999929E+00, 5.687748590E+00,-2.107086449E-04,-1.991689894E-03, 4.358166469E-07, 4.252578980E-04,-4.656866926E-05,-4.560127764E-05, 9.375502016E-05, 3.967865448E-04
      1535, 6.999999954E+00, 5.687748590E+00,-2.208207260E-04,-1.989301837E-03, 1.184039802E-06, 1.486648882E-03, 2.543499558E-05, 2.748058109E-05, 2.140082036E-05, 3.243550472E-04
      1536, 8.999999951E+00, 5.687748675E+00,-1.419770280E-04,-1.922784828E-03, 1.472929034E-06, 2.385199722E-03, 4.895391445E-05, 3.525488260E-05,-4.312684498E-05, 2.891402858E-04
      1537, 1.099999988E+01, 5.687748590E+00,-4.016162235E-05,-1.857188565E-03, 1.418801191E-06, 2.841276097E-03, 4.818985047E-05, 2.840775523E-05,-8.193644405E-05, 2.783666444E-04
      1538, 1.299999997E+01, 5.687748590E+00, 3.887239675E-05,-1.811707488E-03, 1.241353095E-06, 2.069217543E-03, 3.039387061E-05, 1.763700806E-05,-7.472099358E-05, 2.881674334E-04
      1539, 4.999999929E+00, 5.772367054E+00,-2.028121511E-04,-1.958495979E-03, 3.934534664E-07, 3.908318171E-04,-4.856321745E-05,-4.894291014E-05, 9.289500114E-05, 3.879007316E-04
      1540, 6.999999954E+00, 5.772367054E+00,-2.188702738E-04,-1.962149360E-03, 1.123056983E-06, 1.434912703E-03, 2.245117958E-05, 2.535721180E-05, 2.465055301E-05, 3.175076894E-04
      1541, 8.999999951E+00, 5.772367140E+00,-1.453888980E-04,-1.898603285E-03, 1.422151028E-06, 2.326721207E-03, 4.645129647E-05, 3.418561484E-05,-3.759580805E-05, 2.824980250E-04
      1542, 1.099999988E+01, 5.772367054E+00,-4.693142989E-05,-1.833987947E-03, 1.386575399E-06, 2.854806294E-03, 4.763665702E-05, 2.852643762E-05,-7.812472750E-05, 2.701117882E-04
      1543, 1.299999997E+01, 5.772367054E+00, 3.259424282E-05,-1.787730348E-03, 1.218924842E-06, 2.173670502E-03, 3.105717928E-05, 1.810678345E-05,-7.368087283E-05, 2.786812836E-04
      1544, 4.999999929E+00, 5.858210261E+00,-1.948874556E-04,-1.925586027E-03, 3.539871647E-07, 3.578867811E-04,-5.022295028E-05,-5.197536294E-05, 9.175350737E-05, 3.789632627E-04
      1545, 6.999999954E+00, 5.858210261E+00,-2.166218170E-04,-1.935183441E-03, 1.063860666E-06, 1.383394393E-03, 1.952713940E-05, 2.321162058E-05, 2.768714228E-05, 3.108435503E-04
      1546, 8.999999951E+00, 5.858210349E+00,-1.483888048E-04,-1.874634268E-03, 1.371670969E-06, 2.269134108E-03, 4.400656963E-05, 3.311038633E-05,-3.237376104E-05, 2.760285043E-04
      1547, 1.099999988E+01, 5.858210261E+00,-5.346190556E-05,-1.811141355E-03, 1.354043720E-06, 2.855690696E-03, 4.690320009E-05, 2.854970665E-05,-7.408106806E-05, 2.622860498E-04
      1548, 1.299999997E+01, 5.858210261E+00, 2.631756585E-05,-1.764206858E-03, 1.196653626E-06, 2.274692871E-03, 3.167694985E-05, 1.856819484E-05,-7.257065553E-05, 2.695058785E-04
      1549, 4.999999929E+00, 5.945295940E+00,-1.869600076E-04,-1.892981612E-03, 3.173573690E-07, 3.264874673E-04,-5.152056356E-05,-5.464638644E-05, 9.032741135E-05, 3.699803850E-04
      1550, 6.999999954E+00, 5.945295940E+00,-2.140858338E-04,-1.908399803E-03, 1.006463103E-06, 1.332134539E-03, 1.666400541E-05, 2.104673039E-05, 3.051181468E-05, 3.043699772E-04
      1551, 8.999999951E+00, 5.945296028E+00,-1.509911973E-04,-1.850874793E-03, 1.321589965E-06, 2.212598641E-03, 4.162979115E-05, 3.203621199E-05,-2.746439374E-05, 2.697245822E-04
      1552, 1.099999988E+01, 5.945295940E+00,-5.972621546E-05,-1.788627521E-03, 1.321193603E-06, 2.844763779E-03, 4.599993293E-05, 2.847834905E-05,-6.984390594E-05, 2.548757932E-04
      1553, 1.299999997E+01, 5.945295940E+00, 2.005097695E-05,-1.741127965E-03, 1.174461420E-06, 2.371153439E-03, 3.223946377E-05, 1.901554662E-05,-7.136425659E-05, 2.606523799E-04
      1554, 4.999999929E+00, 6.033642073E+00,-1.790566332E-04,-1.860702603E-03, 2.835002294E-07, 2.966961430E-04,-5.242742408E-05,-5.689947931E-05, 8.861615046E-05, 3.608251665E-04
      1555, 6.999999954E+00, 6.033642073E+00,-2.112730834E-04,-1.881792354E-03, 9.508724590E-07, 1.281175272E-03, 1.386299681E-05, 1.886422178E-05, 3.312656878E-05, 2.980396864E-04
      1556, 8.999999951E+00, 6.033642163E+00,-1.532111279E-04,-1.827321344E-03, 1.272003101E-06, 2.157063069E-03, 3.932264180E-05, 3.096492309E-05,-2.285789569E-05, 2.635563028E-04
      1557, 1.099999988E+01, 6.033642073E+00,-6.570032529E-05,-1.766425051E-03, 1.288022869E-06, 2.823279016E-03, 4.494272453E-05, 2.831628690E-05,-6.546026198E-05, 2.478383058E-04
      1558, 1.299999997E+01, 6.033642073E+00, 1.380560980E-05,-1.718482556E-03, 1.152284811E-06, 2.461744859E-03, 3.273127971E-05, 1.944281754E-05,-7.003862218E-05, 2.521135245E-04
      1559, 4.999999929E+00, 6.123266903E+00,-1.712051735E-04,-1.828784771E-03, 2.523471974E-07, 2.685708677E-04,-5.291603230E-05,-5.867112947E-05, 8.662107218E-05, 3.517495979E-04
      1560, 6.999999954E+00, 6.123266903E+00,-2.081943632E-04,-1.855360497E-03, 8.970933040E-07, 1.230560161E-03, 1.112665375E-05, 1.666721627E-05, 3.554176614E-05, 2.919581533E-04
      1561, 8.999999951E+00, 6.123266995E+00,-1.550632940E-04,-1.803973405E-03, 1.222997069E-06, 2.102360392E-03, 3.708124867E-05, 2.989547516E-05,-1.853578528E-05, 2.575937382E-04
      1562, 1.099999988E+01, 6.123266903E+00,-7.136369863E-05,-1.744516042E-03, 1.254540800E-06, 2.792734003E-03, 4.375124980E-05, 2.807019249E-05,-6.098255091E-05, 2.412018869E-04
      1563, 1.299999997E+01, 6.123266903E+00, 7.594994489E-06,-1.696260080E-03, 1.130070653E-06, 2.544997468E-03, 3.313928617E-05, 1.984382084E-05,-6.857358217E-05, 2.439412522E-04
      1564, 4.999999929E+00, 6.214188939E+00,-1.634348394E-04,-1.797233337E-03, 2.238140534E-07, 2.421541803E-04,-5.295918730E-05,-5.990984394E-05, 8.434793633E-05, 3.420837703E-04
      1565, 6.999999954E+00, 6.214188939E+00,-2.048603130E-04,-1.829090120E-03, 8.451237091E-07, 1.180330879E-03, 8.456786170E-06, 1.445507480E-05, 3.775380180E-05, 2.858666509E-04
      1566, 8.999999951E+00, 6.214189032E+00,-1.565614494E-04,-1.780822039E-03, 1.174647838E-06, 2.048286250E-03, 3.489932066E-05, 2.882358869E-05,-1.448312919E-05, 2.516681506E-04
      1567, 1.099999988E+01, 6.214188939E+00,-7.669959539E-05,-1.722877864E-03, 1.220767321E-06, 2.754658938E-03, 4.244426547E-05, 2.774617283E-05,-5.645947424E-05, 2.347988000E-04
      1568, 1.299999997E+01, 6.214188939E+00, 1.434907439E-06,-1.674444364E-03, 1.107772177E-06, 2.619311914E-03, 3.345086054E-05, 2.021142324E-05,-6.695501504E-05, 2.359841813E-04
      1569, 4.999999929E+00, 6.306426956E+00,-1.557770971E-04,-1.766159487E-03, 1.977317003E-07, 2.174037873E-04,-5.253049593E-05,-6.050822230E-05, 8.180523337E-05, 3.324580720E-04
      1570, 6.999999954E+00, 6.306426956E+00,-2.012816093E-04,-1.803009039E-03, 7.948913118E-07, 1.130461295E-03, 5.855392186E-06, 1.223938501E-05, 3.982309490E-05, 2.800276549E-04
      1571, 8.999999951E+00, 6.306427050E+00,-1.577183519E-04,-1.757885404E-03, 1.126983147E-06, 1.994605108E-03, 3.277006063E-05, 2.774836091E-05,-1.072576172E-05, 2.459818243E-04
      1572, 1.099999988E+01, 6.306426956E+00,-8.169504713E-05,-1.701511882E-03, 1.186711891E-06, 2.710412319E-03, 4.103921119E-05, 2.735148204E-05,-5.203117703E-05, 2.287781849E-04
      1573, 1.299999997E+01, 6.306426956E+00,-4.656809592E-06,-1.653040452E-03, 1.085334753E-06, 2.683067819E-03, 3.365429663E-05, 2.053722938E-05,-6.521824936E-05, 2.284702582E-04
      1574, 4.999999929E+00, 6.400000000E+00,-1.482756014E-04,-1.735534275E-03, 1.742310912E-07, 1.945555224E-04,-5.157336241E-05,-6.045558637E-05, 7.883931407E-05, 3.230803818E-04
      1575, 6.999999954E+00, 6.400000000E+00,-1.974603445E-04,-1.777093301E-03, 7.464700589E-07, 1.081046230E-03, 3.322838830E-06, 1.001370515E-05, 4.169078532E-05, 2.744907236E-04
      1576, 8.999999951E+00, 6.400000095E+00,-1.585413712E-04,-1.735150017E-03, 1.080099564E-06, 1.941185645E-03, 3.068534517E-05, 2.666330257E-05,-7.201263456E-06, 2.405412551E-04
      1577, 1.099999988E+01, 6.400000000E+00,-8.633874053E-05,-1.680397433E-03, 1.152430219E-06, 2.661104299E-03, 3.955081181E-05, 2.689117286E-05,-4.765549497E-05, 2.231077936E-04
      1578, 1.299999997E+01, 6.400000000E+00,-1.065816797E-05,-1.632026711E-03, 1.062747844E-06, 2.734833209E-03, 3.374078620E-05, 2.081722166E-05,-6.327180801E-05, 2.213894405E-04
