nodenumber,    x-coordinate,    y-coordinate,  axial-velocity, radial-velocity,turb-kinetic-energy,  viscosity-turb,daxial-velocity-dx,dradial-velocity-dx,daxial-velocity-dy,dradial-velocity-dy
         1, 0.000000000E+00, 0.000000000E+00, 1.720682872E+00, 4.525143585E-04, 1.291367001E-02, 7.072047976E-04,-3.374285177E-01, 3.503385329E-03,-7.553824814E-01, 1.610945020E-01
         2, 4.239977228E-03, 5.192474540E-19, 1.719304177E+00, 4.605171048E-04, 1.293867214E-02, 7.080932026E-04,-3.272442535E-01,-8.491454633E-05,-6.672546630E-01, 1.620276082E-01
         3, 8.526594205E-03, 1.044206630E-18, 1.717906349E+00, 4.480577942E-04, 1.296769117E-02, 7.090864927E-04,-3.127143044E-01,-3.919153538E-03,-5.860177252E-01, 1.586476569E-01
         4, 1.286036397E-02, 1.574940357E-18, 1.716524469E+00, 4.329467961E-04, 1.299667501E-02, 7.100631670E-04,-3.163970166E-01,-2.677065289E-03,-5.827150793E-01, 1.557426702E-01
         5, 1.724180520E-02, 2.111512155E-18, 1.715141941E+00, 4.261359272E-04, 1.302627458E-02, 7.110535082E-04,-3.142172045E-01,-9.512780033E-04,-5.845451933E-01, 1.547953128E-01
         6, 2.167144228E-02, 2.653986243E-18, 1.713752017E+00, 4.231232869E-04, 1.305661612E-02, 7.120612268E-04,-3.134319147E-01,-4.284792821E-04,-5.881885967E-01, 1.545284611E-01
         7, 2.614980538E-02, 3.202427545E-18, 1.712346211E+00, 4.216517538E-04, 1.308775881E-02, 7.130865479E-04,-3.140156535E-01,-2.179543178E-04,-5.935350863E-01, 1.544375586E-01
         8, 3.067743046E-02, 3.756901702E-18, 1.710924210E+00, 4.208074067E-04, 1.311974468E-02, 7.141290861E-04,-3.140203412E-01,-1.748014625E-04,-5.987588286E-01, 1.543226146E-01
         9, 3.525485943E-02, 4.317475075E-18, 1.709488439E+00, 4.198102450E-04, 1.315260974E-02, 7.151883808E-04,-3.133450372E-01,-2.643050781E-04,-6.032614362E-01, 1.540025254E-01
        10, 3.988264011E-02, 4.884214755E-18, 1.708041274E+00, 4.182546387E-04, 1.318638623E-02, 7.162640525E-04,-3.121130664E-01,-4.055736976E-04,-6.070662106E-01, 1.533912230E-01
        11, 4.456132638E-02, 5.457188571E-18, 1.706585497E+00, 4.159915143E-04, 1.322110414E-02, 7.173557501E-04,-3.102342954E-01,-5.609596232E-04,-6.101178657E-01, 1.524669837E-01
        12, 4.929147819E-02, 6.036465100E-18, 1.705124167E+00, 4.129790199E-04, 1.325679599E-02, 7.184629405E-04,-3.077098638E-01,-7.098155360E-04,-6.123837348E-01, 1.512388395E-01
        13, 5.407366168E-02, 6.622113670E-18, 1.703660100E+00, 4.092921220E-04, 1.329349408E-02, 7.195850509E-04,-3.046612066E-01,-8.264689033E-04,-6.139327954E-01, 1.497547986E-01
        14, 5.890844919E-02, 7.214204374E-18, 1.702195450E+00, 4.051261766E-04, 1.333122383E-02, 7.207218101E-04,-3.012840903E-01,-8.907764122E-04,-6.149207676E-01, 1.481080798E-01
        15, 6.379641936E-02, 7.812808076E-18, 1.700731332E+00, 4.007524066E-04, 1.337000292E-02, 7.218733306E-04,-2.978388038E-01,-8.934578455E-04,-6.155857619E-01, 1.464286077E-01
        16, 6.873815720E-02, 8.417996419E-18, 1.699267525E+00, 3.964791389E-04, 1.340984259E-02, 7.230401160E-04,-2.946207204E-01,-8.306609666E-04,-6.162290967E-01, 1.448611972E-01
        17, 7.373425415E-02, 9.029841834E-18, 1.697802379E+00, 3.926352643E-04, 1.345074941E-02, 7.242230400E-04,-2.919026628E-01,-7.030684354E-04,-6.171669613E-01, 1.435343315E-01
        18, 7.878530818E-02, 9.648417548E-18, 1.696333029E+00, 3.895315744E-04, 1.349272696E-02, 7.254233097E-04,-2.898745576E-01,-5.230818295E-04,-6.186694285E-01, 1.425341245E-01
        19, 8.389192379E-02, 1.027379759E-17, 1.694855855E+00, 3.873878577E-04, 1.353577735E-02, 7.266424184E-04,-2.886113843E-01,-3.175132417E-04,-6.209093744E-01, 1.418966550E-01
        20, 8.905471218E-02, 1.090605682E-17, 1.693367017E+00, 3.862716835E-04, 1.357990255E-02, 7.278820947E-04,-2.880810973E-01,-1.195278664E-04,-6.239435197E-01, 1.416128140E-01
        21, 9.427429125E-02, 1.154527090E-17, 1.691862921E+00, 3.860924684E-04, 1.362510560E-02, 7.291442537E-04,-2.881744903E-01, 4.456328367E-05,-6.277235759E-01, 1.416361019E-01
        22, 9.955128568E-02, 1.219151634E-17, 1.690340534E+00, 3.866575266E-04, 1.367139164E-02, 7.304309544E-04,-2.887422059E-01, 1.639259814E-04,-6.321248088E-01, 1.418972950E-01
        23, 1.048863270E-01, 1.284487047E-17, 1.688797524E+00, 3.877500547E-04, 1.371876902E-02, 7.317443662E-04,-2.896342069E-01, 2.415455409E-04,-6.369888337E-01, 1.423246593E-01
        24, 1.102800539E-01, 1.350541150E-17, 1.687232209E+00, 3.891825449E-04, 1.376725021E-02, 7.330867464E-04,-2.907286466E-01, 2.870467290E-04,-6.421670178E-01, 1.428583521E-01
        25, 1.157331117E-01, 1.417321848E-17, 1.685643410E+00, 3.908172606E-04, 1.381685272E-02, 7.344604264E-04,-2.919410924E-01, 3.111259565E-04,-6.475451107E-01, 1.434555212E-01
        26, 1.212461531E-01, 1.484837134E-17, 1.684030286E+00, 3.925665472E-04, 1.386759982E-02, 7.358678063E-04,-2.932207885E-01, 3.228862802E-04,-6.530480902E-01, 1.440896832E-01
        27, 1.268198381E-01, 1.553095087E-17, 1.682392180E+00, 3.943833481E-04, 1.391952109E-02, 7.373113527E-04,-2.945427820E-01, 3.289008475E-04,-6.586350231E-01, 1.447473043E-01
        28, 1.324548335E-01, 1.622103879E-17, 1.680728516E+00, 3.962489517E-04, 1.397265280E-02, 7.387936024E-04,-2.958993966E-01, 3.333373541E-04,-6.642902090E-01, 1.454235960E-01
        29, 1.381518139E-01, 1.691871767E-17, 1.679038722E+00, 3.981622792E-04, 1.402703813E-02, 7.403171678E-04,-2.972928968E-01, 3.385325436E-04,-6.700140002E-01, 1.461189461E-01
        30, 1.439114611E-01, 1.762407102E-17, 1.677322187E+00, 4.001318576E-04, 1.408272728E-02, 7.418847453E-04,-2.987303856E-01, 3.455582039E-04,-6.758155377E-01, 1.468363971E-01
        31, 1.497344644E-01, 1.833718325E-17, 1.675578245E+00, 4.021702441E-04, 1.413977743E-02, 7.434991248E-04,-3.002206940E-01, 3.546737474E-04,-6.817078702E-01, 1.475800428E-01
        32, 1.556215207E-01, 1.905813972E-17, 1.673806161E+00, 4.042905102E-04, 1.419825259E-02, 7.451631946E-04,-3.017726574E-01, 3.656907272E-04,-6.877049703E-01, 1.483541266E-01
        33, 1.615733347E-01, 1.978702671E-17, 1.672005136E+00, 4.065044917E-04, 1.425822925E-02, 7.468796083E-04,-3.033943512E-01, 3.782760671E-04,-6.938200799E-01, 1.491626024E-01
        34, 1.675906186E-01, 2.052393146E-17, 1.670174306E+00, 4.088225084E-04, 1.431979116E-02, 7.486511754E-04,-3.050929769E-01, 3.921475361E-04,-7.000650245E-01, 1.500089713E-01
        35, 1.736740926E-01, 2.126894216E-17, 1.668312746E+00, 4.112537527E-04, 1.438302062E-02, 7.504813358E-04,-3.068749449E-01, 4.070965574E-04,-7.064500380E-01, 1.508963196E-01
        36, 1.798244849E-01, 2.202214798E-17, 1.666419470E+00, 4.138064629E-04, 1.444800324E-02, 7.523737757E-04,-3.087459958E-01, 4.229224390E-04,-7.129837901E-01, 1.518274371E-01
        37, 1.860425314E-01, 2.278363906E-17, 1.664493436E+00, 4.164878120E-04, 1.451483051E-02, 7.543323110E-04,-3.107113528E-01, 4.394145275E-04,-7.196735055E-01, 1.528048857E-01
        38, 1.923289765E-01, 2.355350654E-17, 1.662533543E+00, 4.193039013E-04, 1.458359991E-02, 7.563609045E-04,-3.127757630E-01, 4.563887383E-04,-7.265249630E-01, 1.538310016E-01
        39, 1.986845725E-01, 2.433184257E-17, 1.660538638E+00, 4.222599675E-04, 1.465441461E-02, 7.584636873E-04,-3.149434941E-01, 4.737064100E-04,-7.335424281E-01, 1.549078750E-01
        40, 2.051100800E-01, 2.511874029E-17, 1.658507510E+00, 4.253605524E-04, 1.472738297E-02, 7.606449787E-04,-3.172183418E-01, 4.912335808E-04,-7.407286212E-01, 1.560373626E-01
        41, 2.116062681E-01, 2.591429389E-17, 1.656438897E+00, 4.286093652E-04, 1.480261809E-02, 7.629093046E-04,-3.196036707E-01, 5.088208073E-04,-7.480847213E-01, 1.572211508E-01
        42, 2.181739143E-01, 2.671859858E-17, 1.654331485E+00, 4.320093345E-04, 1.488023737E-02, 7.652614160E-04,-3.221025045E-01, 5.263834596E-04,-7.556103210E-01, 1.584607714E-01
        43, 2.248138046E-01, 2.753175062E-17, 1.652183907E+00, 4.355632492E-04, 1.496036203E-02, 7.677063060E-04,-3.247176554E-01, 5.439376644E-04,-7.633034337E-01, 1.597576197E-01
        44, 2.315267336E-01, 2.835384733E-17, 1.649994745E+00, 4.392741712E-04, 1.504311686E-02, 7.702492279E-04,-3.274517730E-01, 5.615173476E-04,-7.711605863E-01, 1.611129771E-01
        45, 2.383135049E-01, 2.918498710E-17, 1.647762529E+00, 4.431452748E-04, 1.512862984E-02, 7.728957117E-04,-3.303072882E-01, 5.791061993E-04,-7.791768260E-01, 1.625280215E-01
        46, 2.451749307E-01, 3.002526941E-17, 1.645485735E+00, 4.471794943E-04, 1.521703203E-02, 7.756515818E-04,-3.332864331E-01, 5.966400279E-04,-7.873457087E-01, 1.640039125E-01
        47, 2.521118322E-01, 3.087479483E-17, 1.643162788E+00, 4.513793322E-04, 1.530845745E-02, 7.785229747E-04,-3.363913868E-01, 6.140455970E-04,-7.956593684E-01, 1.655418275E-01
        48, 2.591250396E-01, 3.173366503E-17, 1.640792059E+00, 4.557470623E-04, 1.540304314E-02, 7.815163570E-04,-3.396244376E-01, 6.313628974E-04,-8.041085461E-01, 1.671430035E-01
        49, 2.662153922E-01, 3.260198280E-17, 1.638371861E+00, 4.602859215E-04, 1.550092937E-02, 7.846385457E-04,-3.429878632E-01, 6.488069303E-04,-8.126825128E-01, 1.688084652E-01
        50, 2.733837388E-01, 3.347985206E-17, 1.635900451E+00, 4.650008727E-04, 1.560226001E-02, 7.878967299E-04,-3.464837311E-01, 6.665625478E-04,-8.213690575E-01, 1.705389630E-01
        51, 2.806309371E-01, 3.436737789E-17, 1.633376028E+00, 4.698976749E-04, 1.570718316E-02, 7.912984950E-04,-3.501143667E-01, 6.846589718E-04,-8.301549176E-01, 1.723356595E-01
        52, 2.879578547E-01, 3.526466650E-17, 1.630796726E+00, 4.749822732E-04, 1.581585197E-02, 7.948518512E-04,-3.538829241E-01, 7.031555215E-04,-8.390263189E-01, 1.742002707E-01
        53, 2.953653683E-01, 3.617182529E-17, 1.628160607E+00, 4.802613701E-04, 1.592842578E-02, 7.985652666E-04,-3.577932042E-01, 7.220377471E-04,-8.479692154E-01, 1.761346559E-01
        54, 3.028543646E-01, 3.708896282E-17, 1.625465659E+00, 4.857407940E-04, 1.604507166E-02, 8.024477056E-04,-3.618492924E-01, 7.410818082E-04,-8.569692977E-01, 1.781409349E-01
        55, 3.104257398E-01, 3.801618886E-17, 1.622709785E+00, 4.914251884E-04, 1.616596615E-02, 8.065086747E-04,-3.660557798E-01, 7.603114856E-04,-8.660118152E-01, 1.802217383E-01
        56, 3.180804002E-01, 3.895361439E-17, 1.619890799E+00, 4.973212655E-04, 1.629129764E-02, 8.107582769E-04,-3.704183995E-01, 7.801031803E-04,-8.750819916E-01, 1.823801160E-01
        57, 3.258192618E-01, 3.990135161E-17, 1.617006410E+00, 5.034388723E-04, 1.642126904E-02, 8.152072758E-04,-3.749442413E-01, 8.008130703E-04,-8.841658411E-01, 1.846195185E-01
        58, 3.336432509E-01, 4.085951393E-17, 1.614054212E+00, 5.097903598E-04, 1.655610112E-02, 8.198671729E-04,-3.796416058E-01, 8.226866017E-04,-8.932505304E-01, 1.869440240E-01
        59, 3.415533039E-01, 4.182821604E-17, 1.611031668E+00, 5.163902119E-04, 1.669603636E-02, 8.247502969E-04,-3.845202026E-01, 8.459596420E-04,-9.023247035E-01, 1.893585332E-01
        60, 3.495503675E-01, 4.280757387E-17, 1.607936092E+00, 5.232552917E-04, 1.684134339E-02, 8.298699098E-04,-3.895915312E-01, 8.708684809E-04,-9.113790191E-01, 1.918688328E-01
        61, 3.576353987E-01, 4.379770463E-17, 1.604764632E+00, 5.304045636E-04, 1.699232219E-02, 8.352403307E-04,-3.948693089E-01, 8.975518613E-04,-9.204069347E-01, 1.944822415E-01
        62, 3.658093653E-01, 4.479872684E-17, 1.601514237E+00, 5.378584380E-04, 1.714930990E-02, 8.408770789E-04,-4.003698461E-01, 9.261467978E-04,-9.294051173E-01, 1.972077058E-01
        63, 3.740732456E-01, 4.581076029E-17, 1.598181636E+00, 5.456398519E-04, 1.731268742E-02, 8.467970401E-04,-4.061122962E-01, 9.569873149E-04,-9.383734432E-01, 2.000553859E-01
        64, 3.824280285E-01, 4.683392610E-17, 1.594763299E+00, 5.537764524E-04, 1.748288674E-02, 8.530186559E-04,-4.121189379E-01, 9.907670764E-04,-9.473153466E-01, 2.030369578E-01
        65, 3.908747141E-01, 4.786834674E-17, 1.591255401E+00, 5.623038543E-04, 1.766039903E-02, 8.595621406E-04,-4.184158079E-01, 1.028335828E-03,-9.562377723E-01, 2.061657299E-01
        66, 3.994143131E-01, 4.891414601E-17, 1.587653778E+00, 5.712657329E-04, 1.784578350E-02, 8.664497264E-04,-4.250334037E-01, 1.070635349E-03,-9.651509587E-01, 2.094571265E-01
        67, 4.080478478E-01, 4.997144907E-17, 1.583953880E+00, 5.807159923E-04, 1.803967684E-02, 8.737059382E-04,-4.320045497E-01, 1.118853375E-03,-9.740653986E-01, 2.129240537E-01
        68, 4.167763514E-01, 5.104038247E-17, 1.580150744E+00, 5.907174229E-04, 1.824280352E-02, 8.813579006E-04,-4.393634633E-01, 1.172602027E-03,-9.829954929E-01, 2.165768155E-01
        69, 4.256008685E-01, 5.212107413E-17, 1.576238947E+00, 6.013225478E-04, 1.845598650E-02, 8.894356797E-04,-4.471515659E-01, 1.230603088E-03,-9.919690529E-01, 2.204385993E-01
        70, 4.345224552E-01, 5.321365340E-17, 1.572212503E+00, 6.125825486E-04, 1.868015851E-02, 8.979726563E-04,-4.554187610E-01, 1.293623146E-03,-1.001016409E+00, 2.245389233E-01
        71, 4.435421795E-01, 5.431825104E-17, 1.568064806E+00, 6.245632653E-04, 1.891637321E-02, 9.070059267E-04,-4.642170113E-01, 1.362896070E-03,-1.010161309E+00, 2.289022917E-01
        72, 4.526611207E-01, 5.543499925E-17, 1.563788592E+00, 6.373369089E-04, 1.916581640E-02, 9.165767292E-04,-4.735990562E-01, 1.438490047E-03,-1.019425976E+00, 2.335548524E-01
        73, 4.618803702E-01, 5.656403170E-17, 1.559375891E+00, 6.509764356E-04, 1.942981684E-02, 9.267308957E-04,-4.836222305E-01, 1.520145107E-03,-1.028831322E+00, 2.385245475E-01
        74, 4.712010315E-01, 5.770548350E-17, 1.554817954E+00, 6.655556117E-04, 1.970985619E-02, 9.375193161E-04,-4.943481608E-01, 1.607994173E-03,-1.038394794E+00, 2.438407620E-01
        75, 4.806242201E-01, 5.885949128E-17, 1.550105191E+00, 6.811532016E-04, 2.000757756E-02, 9.489984070E-04,-5.058433748E-01, 1.702178968E-03,-1.048127468E+00, 2.495347890E-01
        76, 4.901510638E-01, 6.002619313E-17, 1.545227101E+00, 6.978482565E-04, 2.032479184E-02, 9.612305628E-04,-5.181703585E-01, 1.802500807E-03,-1.058028762E+00, 2.556380621E-01
        77, 4.997827027E-01, 6.120572871E-17, 1.540172310E+00, 7.157158610E-04, 2.066348122E-02, 9.742845819E-04,-5.314054503E-01, 1.906688116E-03,-1.068090701E+00, 2.621829886E-01
        78, 5.095202896E-01, 6.239823918E-17, 1.534928379E+00, 7.348011218E-04, 2.102579791E-02, 9.882360117E-04,-5.455877988E-01, 2.011996920E-03,-1.078243245E+00, 2.691916035E-01
        79, 5.193649901E-01, 6.360386727E-17, 1.529482006E+00, 7.551426546E-04, 2.141405881E-02, 1.003167431E-03,-5.607525846E-01, 2.120302858E-03,-1.088545798E+00, 2.766832383E-01
        80, 5.293179822E-01, 6.482275726E-17, 1.523819202E+00, 7.768124733E-04, 2.183073465E-02, 1.019168641E-03,-5.769915446E-01, 2.233814323E-03,-1.099174141E+00, 2.846919795E-01
        81, 5.393804572E-01, 6.605505504E-17, 1.517924836E+00, 7.998812960E-04, 2.227842832E-02, 1.036336630E-03,-5.943760890E-01, 2.350422135E-03,-1.110121337E+00, 2.932505716E-01
        82, 5.495536195E-01, 6.730090810E-17, 1.511782661E+00, 8.243892082E-04, 2.275984322E-02, 1.054775303E-03,-6.129487192E-01, 2.466541539E-03,-1.121255803E+00, 3.023792112E-01
        83, 5.598386865E-01, 6.856046555E-17, 1.505375602E+00, 8.503430775E-04, 2.327774134E-02, 1.074594983E-03,-6.327330290E-01, 2.578990309E-03,-1.132409303E+00, 3.120870232E-01
        84, 5.702368893E-01, 6.983387812E-17, 1.498685965E+00, 8.777184440E-04, 2.383488939E-02, 1.095911615E-03,-6.537313765E-01, 2.684847029E-03,-1.143380538E+00, 3.223726173E-01
        85, 5.807494723E-01, 7.112129824E-17, 1.491695657E+00, 9.064600099E-04, 2.443399154E-02, 1.118845622E-03,-6.759230038E-01, 2.781552195E-03,-1.153933697E+00, 3.332231396E-01
        86, 5.913776937E-01, 7.242287997E-17, 1.484386444E+00, 9.364858130E-04, 2.507760862E-02, 1.143520374E-03,-6.992605593E-01, 2.867065507E-03,-1.163797994E+00, 3.446137586E-01
        87, 6.021228256E-01, 7.373877910E-17, 1.476740266E+00, 9.676884334E-04, 2.576806225E-02, 1.170060170E-03,-7.236663304E-01, 2.938991002E-03,-1.172670317E+00, 3.565065055E-01
        88, 6.129861539E-01, 7.506915313E-17, 1.468739607E+00, 9.999244641E-04, 2.650734163E-02, 1.198588441E-03,-7.490276931E-01, 2.993563531E-03,-1.180221380E+00, 3.688472996E-01
        89, 6.239689788E-01, 7.641416127E-17, 1.460367937E+00, 1.033003810E-03, 2.729696885E-02, 1.229224084E-03,-7.751927197E-01, 3.026877748E-03,-1.186104356E+00, 3.815630586E-01
        90, 6.350726148E-01, 7.777396449E-17, 1.451610206E+00, 1.066720850E-03, 2.813774200E-02, 1.262072170E-03,-8.019717760E-01, 3.042736511E-03,-1.189966208E+00, 3.945665769E-01
        91, 6.462983908E-01, 7.914872556E-17, 1.442453310E+00, 1.101015160E-03, 2.902978942E-02, 1.297228436E-03,-8.291432949E-01, 3.075672312E-03,-1.191459145E+00, 4.077786760E-01
        92, 6.576476503E-01, 8.053860899E-17, 1.432886582E+00, 1.136280857E-03, 2.997260607E-02, 1.334782512E-03,-8.564394269E-01, 3.145290007E-03,-1.190259216E+00, 4.211581139E-01
        93, 6.691217517E-01, 8.194378115E-17, 1.422902512E+00, 1.172694910E-03, 3.096479519E-02, 1.374807492E-03,-8.835468904E-01, 3.189092227E-03,-1.186089940E+00, 4.346107525E-01
        94, 6.807220682E-01, 8.336441019E-17, 1.412497251E+00, 1.209505858E-03, 3.200395868E-02, 1.417355997E-03,-9.101032205E-01, 3.146461345E-03,-1.178707072E+00, 4.479173681E-01
        95, 6.924499882E-01, 8.480066616E-17, 1.401671060E+00, 1.245708658E-03, 3.308666242E-02, 1.462459234E-03,-9.359068025E-01, 3.041067798E-03,-1.167866923E+00, 4.608218788E-01
        96, 7.043069153E-01, 8.625272094E-17, 1.390426452E+00, 1.280479850E-03, 3.420842395E-02, 1.510126456E-03,-9.605056966E-01, 2.751409794E-03,-1.152293249E+00, 4.729989146E-01
        97, 7.162942686E-01, 8.772074832E-17, 1.378774631E+00, 1.311100612E-03, 3.536381350E-02, 1.560332686E-03,-9.831459011E-01, 2.412947994E-03,-1.128151911E+00, 4.841123369E-01
        98, 7.284134827E-01, 8.920492401E-17, 1.366732468E+00, 1.339513510E-03, 3.654656252E-02, 1.612924790E-03,-1.003984943E+00, 2.340636538E-03,-1.098418781E+00, 4.946282268E-01
        99, 7.406660083E-01, 9.070542563E-17, 1.354310980E+00, 1.368013340E-03, 3.774949519E-02, 1.667694565E-03,-1.023446336E+00, 2.229123944E-03,-1.068767649E+00, 5.047280270E-01
       100, 7.530533116E-01, 9.222243276E-17, 1.341522434E+00, 1.393594420E-03, 3.896461004E-02, 1.724516019E-03,-1.041122581E+00, 1.909969326E-03,-1.038790095E+00, 5.138004533E-01
       101, 7.655768753E-01, 9.375612698E-17, 1.328386712E+00, 1.415369670E-03, 4.018342182E-02, 1.783352577E-03,-1.056444430E+00, 1.578435153E-03,-1.008037275E+00, 5.216199607E-01
       102, 7.782381981E-01, 9.530669183E-17, 1.314929391E+00, 1.433311831E-03, 4.139727339E-02, 1.844184432E-03,-1.069144322E+00, 1.259426851E-03,-9.764233322E-01, 5.281001990E-01
       103, 7.910387955E-01, 9.687431289E-17, 1.301179150E+00, 1.447405999E-03, 4.259748562E-02, 1.906812501E-03,-1.079118490E+00, 9.458402818E-04,-9.440843314E-01, 5.331787781E-01
       104, 8.039801995E-01, 9.845917779E-17, 1.287166829E+00, 1.457637542E-03, 4.377551451E-02, 1.970928048E-03,-1.086286823E+00, 6.372298829E-04,-9.108643308E-01, 5.368252289E-01
       105, 8.170639589E-01, 1.000614762E-16, 1.272925104E+00, 1.464029901E-03, 4.492314732E-02, 2.036252713E-03,-1.090661074E+00, 3.470889864E-04,-8.765968390E-01, 5.390750684E-01
       106, 8.302916397E-01, 1.016813999E-16, 1.258486508E+00, 1.466861394E-03, 4.603273317E-02, 2.102580668E-03,-1.092414059E+00, 8.589830121E-05,-8.416695822E-01, 5.400280769E-01
       107, 8.436648250E-01, 1.033191427E-16, 1.243882070E+00, 1.466385651E-03, 4.709730506E-02, 2.169743755E-03,-1.091721728E+00,-1.538386725E-04,-8.065498952E-01, 5.397667664E-01
       108, 8.571851153E-01, 1.049749008E-16, 1.229141905E+00, 1.462772121E-03, 4.811058443E-02, 2.237530890E-03,-1.088784030E+00,-3.761701179E-04,-7.715718886E-01, 5.384012229E-01
       109, 8.708541288E-01, 1.066488721E-16, 1.214294149E+00, 1.456159207E-03, 4.906703481E-02, 2.305727535E-03,-1.083739725E+00,-5.960984581E-04,-7.369985068E-01, 5.360329184E-01
       110, 8.846735014E-01, 1.083412572E-16, 1.199367360E+00, 1.446486018E-03, 4.996192040E-02, 2.374132950E-03,-1.076560968E+00,-7.937053040E-04,-7.029200146E-01, 5.326067247E-01
       111, 8.986448871E-01, 1.100522585E-16, 1.184390414E+00, 1.434365095E-03, 5.079139044E-02, 2.442562671E-03,-1.067500625E+00,-9.296521897E-04,-6.695490248E-01, 5.282023551E-01
       112, 9.127699581E-01, 1.117820808E-16, 1.169387137E+00, 1.420492290E-03, 5.155242497E-02, 2.510845852E-03,-1.056993393E+00,-1.039897650E-03,-6.372548278E-01, 5.230627222E-01
       113, 9.270504049E-01, 1.135309311E-16, 1.154378102E+00, 1.404801952E-03, 5.224270661E-02, 2.578822717E-03,-1.045172824E+00,-1.157169847E-03,-6.061317018E-01, 5.172786865E-01
       114, 9.414879366E-01, 1.152990188E-16, 1.139384200E+00, 1.387282731E-03, 5.286060985E-02, 2.646345721E-03,-1.032031741E+00,-1.267579853E-03,-5.761200437E-01, 5.108481145E-01
       115, 9.560842811E-01, 1.170865555E-16, 1.124426269E+00, 1.368088860E-03, 5.340522574E-02, 2.713281579E-03,-1.017660199E+00,-1.358441223E-03,-5.472105829E-01, 5.038026061E-01
       116, 9.708411854E-01, 1.188937550E-16, 1.109523688E+00, 1.347525564E-03, 5.387633222E-02, 2.779511788E-03,-1.002261746E+00,-1.424989640E-03,-5.194574845E-01, 4.962393877E-01
       117, 9.857604157E-01, 1.207208338E-16, 1.094693167E+00, 1.325869393E-03, 5.427430540E-02, 2.844931558E-03,-9.860306521E-01,-1.479507700E-03,-4.929183578E-01, 4.882535257E-01
       118, 1.000843758E+00, 1.225680104E-16, 1.079949887E+00, 1.303184630E-03, 5.460002133E-02, 2.909448471E-03,-9.690469631E-01,-1.527251699E-03,-4.675983325E-01, 4.798890934E-01
       119, 1.016093016E+00, 1.244355060E-16, 1.065308284E+00, 1.279650651E-03, 5.485481219E-02, 2.972982421E-03,-9.514539618E-01,-1.554573237E-03,-4.434815936E-01, 4.712305806E-01
       120, 1.031510016E+00, 1.263235440E-16, 1.050779956E+00, 1.255605189E-03, 5.504054349E-02, 3.035472586E-03,-9.334753288E-01,-1.565286279E-03,-4.205737355E-01, 4.623830346E-01
       121, 1.047096604E+00, 1.282323504E-16, 1.036374231E+00, 1.231152176E-03, 5.515957254E-02, 3.096878873E-03,-9.151954649E-01,-1.573084936E-03,-3.988471421E-01, 4.533739839E-01
       122, 1.062854644E+00, 1.301621537E-16, 1.022100293E+00, 1.206331944E-03, 5.521238528E-02, 3.157050664E-03,-8.966443524E-01,-1.575486958E-03,-3.782433506E-01, 4.442229916E-01
       123, 1.078786022E+00, 1.321131849E-16, 1.007966391E+00, 1.181265268E-03, 5.520265161E-02, 3.216014997E-03,-8.779155968E-01,-1.571723635E-03,-3.587057356E-01, 4.349820219E-01
       124, 1.094892646E+00, 1.340856774E-16, 9.939795915E-01, 1.156010203E-03, 5.513472886E-02, 3.273836872E-03,-8.590563765E-01,-1.564152283E-03,-3.401893017E-01, 4.256732788E-01
       125, 1.111176442E+00, 1.360798673E-16, 9.801467103E-01, 1.130657395E-03, 5.500937629E-02, 3.330375045E-03,-8.401271398E-01,-1.547933395E-03,-3.226582549E-01, 4.163241777E-01
       126, 1.127639360E+00, 1.380959933E-16, 9.664729550E-01, 1.105370408E-03, 5.482997570E-02, 3.385640658E-03,-8.212453313E-01,-1.524630924E-03,-3.060780236E-01, 4.069968775E-01
       127, 1.144283370E+00, 1.401342967E-16, 9.529621070E-01, 1.080206315E-03, 5.459968385E-02, 3.439633480E-03,-8.024676754E-01,-1.499256177E-03,-2.904061547E-01, 3.977176554E-01
       128, 1.161110464E+00, 1.421950214E-16, 9.396175368E-01, 1.055208386E-03, 5.432082257E-02, 3.492307204E-03,-7.838200071E-01,-1.472110022E-03,-2.755925186E-01, 3.885013413E-01
       129, 1.178122657E+00, 1.442784141E-16, 9.264420471E-01, 1.030408820E-03, 5.399655635E-02, 3.543671749E-03,-7.653256599E-01,-1.443780312E-03,-2.615877687E-01, 3.793586394E-01
       130, 1.195321983E+00, 1.463847241E-16, 9.134381848E-01, 1.005840433E-03, 5.362992286E-02, 3.593735090E-03,-7.470102635E-01,-1.412719751E-03,-2.483462469E-01, 3.703022715E-01
       131, 1.212710502E+00, 1.485142035E-16, 9.006077796E-01, 9.815745643E-04, 5.322387105E-02, 3.642505663E-03,-7.289233497E-01,-1.378520124E-03,-2.358298322E-01, 3.613580622E-01
       132, 1.230290295E+00, 1.506671072E-16, 8.879518486E-01, 9.576545104E-04, 5.278124963E-02, 3.689992259E-03,-7.110997790E-01,-1.343105666E-03,-2.240018985E-01, 3.525417069E-01
       133, 1.248063465E+00, 1.528436928E-16, 8.754709843E-01, 9.341028290E-04, 5.230485073E-02, 3.736207511E-03,-6.935540739E-01,-1.307662423E-03,-2.128232093E-01, 3.438617695E-01
       134, 1.266032141E+00, 1.550442209E-16, 8.631655004E-01, 9.109264531E-04, 5.179737819E-02, 3.781166071E-03,-6.762924168E-01,-1.272274282E-03,-2.022549626E-01, 3.353207420E-01
       135, 1.284198472E+00, 1.572689548E-16, 8.510355296E-01, 8.881443668E-04, 5.126144146E-02, 3.824884175E-03,-6.593279005E-01,-1.235986843E-03,-1.922613578E-01, 3.269254081E-01
       136, 1.302564632E+00, 1.595181607E-16, 8.390807504E-01, 8.657868392E-04, 5.069955913E-02, 3.867379862E-03,-6.426823310E-01,-1.199040787E-03,-1.828109841E-01, 3.186870538E-01
       137, 1.321132820E+00, 1.617921080E-16, 8.273004462E-01, 8.438666659E-04, 5.011415202E-02, 3.908672699E-03,-6.263661815E-01,-1.162467374E-03,-1.738735960E-01, 3.106104788E-01
       138, 1.339905258E+00, 1.640910686E-16, 8.156937129E-01, 8.223856430E-04, 4.950753629E-02, 3.948783398E-03,-6.103796061E-01,-1.126521333E-03,-1.654188263E-01, 3.026962994E-01
       139, 1.358884194E+00, 1.664153178E-16, 8.042595305E-01, 8.013472608E-04, 4.888192372E-02, 3.987733706E-03,-5.947257242E-01,-1.090721306E-03,-1.574178629E-01, 2.949457308E-01
       140, 1.378071897E+00, 1.687651338E-16, 7.929966377E-01, 7.807642956E-04, 4.823942461E-02, 4.025546360E-03,-5.794126421E-01,-1.055149483E-03,-1.498449099E-01, 2.873633639E-01
       141, 1.397470665E+00, 1.711407977E-16, 7.819035395E-01, 7.606375135E-04, 4.758204506E-02, 4.062244794E-03,-5.644418273E-01,-1.020316014E-03,-1.426757282E-01, 2.799494742E-01
       142, 1.417082820E+00, 1.735425939E-16, 7.709786577E-01, 7.409654105E-04, 4.691168579E-02, 4.097852898E-03,-5.498112183E-01,-9.861515602E-04,-1.358865602E-01, 2.727034802E-01
       143, 1.436910708E+00, 1.759708099E-16, 7.602202849E-01, 7.217483072E-04, 4.623014505E-02, 4.132394957E-03,-5.355211628E-01,-9.525981308E-04,-1.294553251E-01, 2.656254516E-01
       144, 1.456956703E+00, 1.784257363E-16, 7.496265884E-01, 7.029852333E-04, 4.553912103E-02, 4.165895558E-03,-5.215706221E-01,-9.197975055E-04,-1.233615900E-01, 2.587150041E-01
       145, 1.477223204E+00, 1.809076668E-16, 7.391956426E-01, 6.846717876E-04, 4.484021308E-02, 4.198379422E-03,-5.079562372E-01,-8.878326343E-04,-1.175859586E-01, 2.519704968E-01
       146, 1.497712636E+00, 1.834168986E-16, 7.289254645E-01, 6.668036122E-04, 4.413492427E-02, 4.229871318E-03,-4.946745663E-01,-8.566439303E-04,-1.121100646E-01, 2.453902881E-01
       147, 1.518427452E+00, 1.859537319E-16, 7.188139913E-01, 6.493767305E-04, 4.342466509E-02, 4.260396009E-03,-4.817224264E-01,-8.262796218E-04,-1.069168613E-01, 2.389728781E-01
       148, 1.539370132E+00, 1.885184704E-16, 7.088591049E-01, 6.323846518E-04, 4.271075600E-02, 4.289978161E-03,-4.690949821E-01,-7.967822739E-04,-1.019903068E-01, 2.327158561E-01
       149, 1.560543180E+00, 1.911114211E-16, 6.990586550E-01, 6.158213028E-04, 4.199443068E-02, 4.318642276E-03,-4.567874623E-01,-7.681244749E-04,-9.731524324E-02, 2.266169582E-01
       150, 1.581949133E+00, 1.937328942E-16, 6.894104458E-01, 5.996799038E-04, 4.127683953E-02, 4.346412639E-03,-4.447947536E-01,-7.403370201E-04,-9.287752061E-02, 2.206736650E-01
       151, 1.603590550E+00, 1.963832034E-16, 6.799122655E-01, 5.839528252E-04, 4.055905288E-02, 4.373313269E-03,-4.331111071E-01,-7.133978509E-04,-8.866379361E-02, 2.148831468E-01
       152, 1.625470023E+00, 1.990626661E-16, 6.705618798E-01, 5.686330632E-04, 3.984206472E-02, 4.399367885E-03,-4.217311045E-01,-6.873018877E-04,-8.466155366E-02, 2.092428011E-01
       153, 1.647590171E+00, 2.017716029E-16, 6.613570389E-01, 5.537123560E-04, 3.912679597E-02, 4.424599864E-03,-4.106486305E-01,-6.620613627E-04,-8.085906796E-02, 2.037495695E-01
       154, 1.669953640E+00, 2.045103380E-16, 6.522954951E-01, 5.391826493E-04, 3.841409789E-02, 4.449032210E-03,-3.998575073E-01,-6.376491954E-04,-7.724526755E-02, 1.984004675E-01
       155, 1.692563107E+00, 2.072791992E-16, 6.433749956E-01, 5.250357103E-04, 3.770475553E-02, 4.472687528E-03,-3.893515857E-01,-6.140566160E-04,-7.380977875E-02, 1.931924474E-01
       156, 1.715421279E+00, 2.100785178E-16, 6.345932951E-01, 5.112631581E-04, 3.699949112E-02, 4.495588013E-03,-3.791245461E-01,-5.912635674E-04,-7.054284567E-02, 1.881224082E-01
       157, 1.738530890E+00, 2.129086290E-16, 6.259481536E-01, 4.978567260E-04, 3.629896727E-02, 4.517755428E-03,-3.691701527E-01,-5.692557834E-04,-6.743530378E-02, 1.831872915E-01
       158, 1.761894707E+00, 2.157698713E-16, 6.174373437E-01, 4.848078694E-04, 3.560379022E-02, 4.539211089E-03,-3.594820267E-01,-5.480176519E-04,-6.447853271E-02, 1.783839390E-01
       159, 1.785515526E+00, 2.186625874E-16, 6.090586528E-01, 4.721082191E-04, 3.491451283E-02, 4.559975858E-03,-3.500538419E-01,-5.275293699E-04,-6.166442062E-02, 1.737092564E-01
       160, 1.809396174E+00, 2.215871233E-16, 6.008098859E-01, 4.597492797E-04, 3.423163764E-02, 4.580070131E-03,-3.408792724E-01,-5.077723022E-04,-5.898533547E-02, 1.691601055E-01
       161, 1.833539509E+00, 2.245438291E-16, 5.926888689E-01, 4.477227497E-04, 3.355561971E-02, 4.599513835E-03,-3.319520509E-01,-4.887252009E-04,-5.643409512E-02, 1.647334134E-01
       162, 1.857948421E+00, 2.275330587E-16, 5.846934491E-01, 4.360202978E-04, 3.288686943E-02, 4.618326425E-03,-3.232659716E-01,-4.703686894E-04,-5.400394159E-02, 1.604261020E-01
       163, 1.882625831E+00, 2.305551698E-16, 5.768214982E-01, 4.246337664E-04, 3.222575521E-02, 4.636526882E-03,-3.148149039E-01,-4.526819177E-04,-5.168850852E-02, 1.562351635E-01
       164, 1.907574692E+00, 2.336105241E-16, 5.690709129E-01, 4.135550287E-04, 3.157260600E-02, 4.654133714E-03,-3.065927925E-01,-4.356451017E-04,-4.948180079E-02, 1.521575990E-01
       165, 1.932797991E+00, 2.366994873E-16, 5.614396171E-01, 4.027761301E-04, 3.092771379E-02, 4.671164959E-03,-2.985936712E-01,-4.192375542E-04,-4.737816796E-02, 1.481904722E-01
       166, 1.958298746E+00, 2.398224291E-16, 5.539255619E-01, 3.922891917E-04, 3.029133590E-02, 4.687638186E-03,-2.908116629E-01,-4.034399244E-04,-4.537228522E-02, 1.443308760E-01
       167, 1.984080010E+00, 2.429797233E-16, 5.465267282E-01, 3.820864979E-04, 2.966369727E-02, 4.703570497E-03,-2.832409955E-01,-3.882309350E-04,-4.345912964E-02, 1.405759635E-01
       168, 2.010144867E+00, 2.461717477E-16, 5.392411254E-01, 3.721604860E-04, 2.904499252E-02, 4.718978535E-03,-2.758760229E-01,-3.735917895E-04,-4.163396690E-02, 1.369229445E-01
       169, 2.036496438E+00, 2.493988844E-16, 5.320667940E-01, 3.625037033E-04, 2.843538805E-02, 4.733878491E-03,-2.687111835E-01,-3.595029665E-04,-3.989232847E-02, 1.333690703E-01
       170, 2.063137876E+00, 2.526615196E-16, 5.250018044E-01, 3.531088906E-04, 2.783502390E-02, 4.748286105E-03,-2.617410554E-01,-3.459451209E-04,-3.822999654E-02, 1.299116633E-01
       171, 2.090072370E+00, 2.559600438E-16, 5.180442583E-01, 3.439689138E-04, 2.724401561E-02, 4.762216679E-03,-2.549603191E-01,-3.329000006E-04,-3.664298952E-02, 1.265480931E-01
       172, 2.117303143E+00, 2.592948517E-16, 5.111922885E-01, 3.350768186E-04, 2.666245593E-02, 4.775685081E-03,-2.483637837E-01,-3.203488603E-04,-3.512754662E-02, 1.232757952E-01
       173, 2.144833455E+00, 2.626663425E-16, 5.044440589E-01, 3.264258068E-04, 2.609041648E-02, 4.788705755E-03,-2.419463807E-01,-3.082743163E-04,-3.368011559E-02, 1.200922635E-01
       174, 2.172666600E+00, 2.660749197E-16, 4.977977649E-01, 3.180092343E-04, 2.552794928E-02, 4.801292726E-03,-2.357031574E-01,-2.966589848E-04,-3.229733908E-02, 1.169950483E-01
       175, 2.200805910E+00, 2.695209913E-16, 4.912516328E-01, 3.098206261E-04, 2.497508818E-02, 4.813459614E-03,-2.296292866E-01,-2.854862161E-04,-3.097604334E-02, 1.139817631E-01
       176, 2.229254752E+00, 2.730049697E-16, 4.848039203E-01, 3.018536538E-04, 2.443185032E-02, 4.825219637E-03,-2.237200550E-01,-2.747396633E-04,-2.971322623E-02, 1.110500750E-01
       177, 2.258016532E+00, 2.765272718E-16, 4.784529161E-01, 2.941021633E-04, 2.389823732E-02, 4.836585623E-03,-2.179708738E-01,-2.644034895E-04,-2.850604741E-02, 1.081977163E-01
       178, 2.287094691E+00, 2.800883192E-16, 4.721969398E-01, 2.865601440E-04, 2.337423660E-02, 4.847570019E-03,-2.123772688E-01,-2.544623784E-04,-2.735181972E-02, 1.054224719E-01
       179, 2.316492709E+00, 2.836885382E-16, 4.660343416E-01, 2.792217563E-04, 2.285982248E-02, 4.858184898E-03,-2.069348875E-01,-2.449014976E-04,-2.624799910E-02, 1.027221899E-01
       180, 2.346214107E+00, 2.873283596E-16, 4.599635018E-01, 2.720812985E-04, 2.235495725E-02, 4.868441972E-03,-2.016394884E-01,-2.357066899E-04,-2.519217677E-02, 1.000947693E-01
       181, 2.376262439E+00, 2.910082190E-16, 4.539828309E-01, 2.651332299E-04, 2.185959225E-02, 4.878352597E-03,-1.964869441E-01,-2.268639374E-04,-2.418207079E-02, 9.753816880E-02
       182, 2.406641303E+00, 2.947285568E-16, 4.480907690E-01, 2.583721553E-04, 2.137366876E-02, 4.887927783E-03,-1.914732413E-01,-2.183599012E-04,-2.321551878E-02, 9.505040052E-02
       183, 2.437354335E+00, 2.984898184E-16, 4.422857857E-01, 2.517928290E-04, 2.089711891E-02, 4.897178206E-03,-1.865944756E-01,-2.101815992E-04,-2.229047086E-02, 9.262953320E-02
       184, 2.468405209E+00, 3.022924539E-16, 4.365663791E-01, 2.453901488E-04, 2.042986656E-02, 4.906114214E-03,-1.818468537E-01,-2.023165577E-04,-2.140498377E-02, 9.027368770E-02
       185, 2.499797644E+00, 3.061369183E-16, 4.309310761E-01, 2.391591546E-04, 1.997182801E-02, 4.914745837E-03,-1.772266848E-01,-1.947527264E-04,-2.055721448E-02, 8.798103768E-02
       186, 2.531535395E+00, 3.100236719E-16, 4.253784314E-01, 2.330950245E-04, 1.952291283E-02, 4.923082795E-03,-1.727303821E-01,-1.874785551E-04,-1.974541490E-02, 8.574980620E-02
       187, 2.563622262E+00, 3.139531797E-16, 4.199070275E-01, 2.271930698E-04, 1.908302444E-02, 4.931134509E-03,-1.683544570E-01,-1.804828874E-04,-1.896792527E-02, 8.357826676E-02
       188, 2.596062084E+00, 3.179259122E-16, 4.145154740E-01, 2.214487355E-04, 1.865206084E-02, 4.938910106E-03,-1.640955225E-01,-1.737548722E-04,-1.822317064E-02, 8.146474096E-02
       189, 2.628858744E+00, 3.219423446E-16, 4.092024074E-01, 2.158575989E-04, 1.822991515E-02, 4.946418430E-03,-1.599502882E-01,-1.672840849E-04,-1.750965508E-02, 7.940760030E-02
       190, 2.662016168E+00, 3.260029579E-16, 4.039664902E-01, 2.104153641E-04, 1.781647621E-02, 4.953668050E-03,-1.559155609E-01,-1.610604874E-04,-1.682595771E-02, 7.740526215E-02
       191, 2.695538323E+00, 3.301082379E-16, 3.988064108E-01, 2.051178600E-04, 1.741162906E-02, 4.960667266E-03,-1.519882362E-01,-1.550745999E-04,-1.617072887E-02, 7.545619080E-02
       192, 2.729429221E+00, 3.342586759E-16, 3.937208829E-01, 1.999610279E-04, 1.701525545E-02, 4.967424119E-03,-1.481653000E-01,-1.493172302E-04,-1.554268585E-02, 7.355889130E-02
       193, 2.763692920E+00, 3.384547688E-16, 3.887086449E-01, 1.949409299E-04, 1.662723428E-02, 4.973946399E-03,-1.444438216E-01,-1.437795944E-04,-1.494060928E-02, 7.171191339E-02
       194, 2.798333519E+00, 3.426970187E-16, 3.837684598E-01, 1.900537330E-04, 1.624744202E-02, 4.980241650E-03,-1.408209566E-01,-1.384529790E-04,-1.436333902E-02, 6.991384594E-02
       195, 2.833355165E+00, 3.469859334E-16, 3.788991146E-01, 1.852957313E-04, 1.587575308E-02, 4.986317180E-03,-1.372939444E-01,-1.333292184E-04,-1.380977216E-02, 6.816332377E-02
       196, 2.868762049E+00, 3.513220261E-16, 3.740994196E-01, 1.806633090E-04, 1.551204020E-02, 4.992180066E-03,-1.338601046E-01,-1.284003569E-04,-1.327885883E-02, 6.645901632E-02
       197, 2.904558409E+00, 3.557058159E-16, 3.693682080E-01, 1.761529747E-04, 1.515617476E-02, 4.997837164E-03,-1.305168350E-01,-1.236589136E-04,-1.276960104E-02, 6.479963691E-02
       198, 2.940748529E+00, 3.601378273E-16, 3.647043360E-01, 1.717613142E-04, 1.480802707E-02, 5.003295110E-03,-1.272616073E-01,-1.190974896E-04,-1.228104738E-02, 6.318392994E-02
       199, 2.977336740E+00, 3.646185909E-16, 3.601066814E-01, 1.674850405E-04, 1.446746672E-02, 5.008560336E-03,-1.240919702E-01,-1.147092586E-04,-1.181229328E-02, 6.161068347E-02
       200, 3.014327421E+00, 3.691486428E-16, 3.555741440E-01, 1.633209252E-04, 1.413436274E-02, 5.013639068E-03,-1.210055350E-01,-1.104874386E-04,-1.136247625E-02, 6.007871088E-02
       201, 3.051725000E+00, 3.737285253E-16, 3.511056447E-01, 1.592658731E-04, 1.380858394E-02, 5.018537335E-03,-1.179999929E-01,-1.064254401E-04,-1.093077553E-02, 5.858687046E-02
       202, 3.089533952E+00, 3.783587866E-16, 3.467001253E-01, 1.553168455E-04, 1.348999907E-02, 5.023260977E-03,-1.150730961E-01,-1.025171129E-04,-1.051640786E-02, 5.713404570E-02
       203, 3.127758803E+00, 3.830399807E-16, 3.423565479E-01, 1.514709241E-04, 1.317847703E-02, 5.027815647E-03,-1.122226684E-01,-9.875640860E-05,-1.011862809E-02, 5.571916025E-02
       204, 3.166404127E+00, 3.877726679E-16, 3.380738944E-01, 1.477252461E-04, 1.287388709E-02, 5.032206823E-03,-1.094465912E-01,-9.513775663E-05,-9.736724997E-03, 5.434116199E-02
       205, 3.205474550E+00, 3.925574147E-16, 3.338511666E-01, 1.440770543E-04, 1.257609902E-02, 5.036439805E-03,-1.067428111E-01,-9.165546631E-05,-9.370020917E-03, 5.299903450E-02
       206, 3.244974747E+00, 3.973947937E-16, 3.296873848E-01, 1.405236564E-04, 1.228498326E-02, 5.040519729E-03,-1.041093330E-01,-8.830444900E-05,-9.017869084E-03, 5.169178782E-02
       207, 3.284909446E+00, 4.022853839E-16, 3.255815887E-01, 1.370624450E-04, 1.200041108E-02, 5.044451566E-03,-1.015442182E-01,-8.507944710E-05,-8.679652790E-03, 5.041846152E-02
       208, 3.325283428E+00, 4.072297706E-16, 3.215328359E-01, 1.336908893E-04, 1.172225467E-02, 5.048240130E-03,-9.904558854E-02,-8.197570332E-05,-8.354783781E-03, 4.917812415E-02
       209, 3.366101523E+00, 4.122285455E-16, 3.175402021E-01, 1.304065258E-04, 1.145038730E-02, 5.051890084E-03,-9.661161634E-02,-7.898842153E-05,-8.042700093E-03, 4.796986927E-02
       210, 3.407368617E+00, 4.172823070E-16, 3.136027805E-01, 1.272069730E-04, 1.118468338E-02, 5.055405941E-03,-9.424053121E-02,-7.611322273E-05,-7.742866017E-03, 4.679281959E-02
       211, 3.449089649E+00, 4.223916598E-16, 3.097196815E-01, 1.240899016E-04, 1.092501858E-02, 5.058792072E-03,-9.193060704E-02,-7.334573409E-05,-7.454769377E-03, 4.564611873E-02
       212, 3.491269612E+00, 4.275572155E-16, 3.058900326E-01, 1.210530684E-04, 1.067126994E-02, 5.062052710E-03,-8.968017534E-02,-7.068178375E-05,-7.177921580E-03, 4.452893993E-02
       213, 3.533913555E+00, 4.327795923E-16, 3.021129775E-01, 1.180942774E-04, 1.042331588E-02, 5.065191953E-03,-8.748760978E-02,-6.811740246E-05,-6.911855543E-03, 4.344047611E-02
       214, 3.577026581E+00, 4.380594153E-16, 2.983876762E-01, 1.152114134E-04, 1.018103633E-02, 5.068213770E-03,-8.535133690E-02,-6.564867920E-05,-6.656125414E-03, 4.237994768E-02
       215, 3.620613851E+00, 4.433973163E-16, 2.947133044E-01, 1.124024081E-04, 9.944312740E-03, 5.071122003E-03,-8.326982476E-02,-6.327206059E-05,-6.410305007E-03, 4.134659445E-02
       216, 3.664680580E+00, 4.487939343E-16, 2.910890533E-01, 1.096652609E-04, 9.713028183E-03, 5.073920373E-03,-8.124158636E-02,-6.098390370E-05,-6.173987152E-03, 4.033967931E-02
       217, 3.709232044E+00, 4.542499150E-16, 2.875141292E-01, 1.069980257E-04, 9.487067353E-03, 5.076612483E-03,-7.926517874E-02,-5.878086659E-05,-5.946782767E-03, 3.935848647E-02
       218, 3.754273574E+00, 4.597659115E-16, 2.839877533E-01, 1.043988131E-04, 9.266316629E-03, 5.079201822E-03,-7.733919992E-02,-5.665961571E-05,-5.728319464E-03, 3.840232051E-02
       219, 3.799810560E+00, 4.653425840E-16, 2.805091611E-01, 1.018657904E-04, 9.050664102E-03, 5.081691767E-03,-7.546228937E-02,-5.461716868E-05,-5.518241374E-03, 3.747050672E-02
       220, 3.845848454E+00, 4.709805999E-16, 2.770776024E-01, 9.939716580E-05, 8.839999600E-03, 5.084085590E-03,-7.363311832E-02,-5.265046158E-05,-5.316208172E-03, 3.656238624E-02
       221, 3.892392764E+00, 4.766806339E-16, 2.736923411E-01, 9.699121340E-05, 8.634214715E-03, 5.086386457E-03,-7.185040491E-02,-5.075650126E-05,-5.121894375E-03, 3.567732327E-02
       222, 3.939449061E+00, 4.824433684E-16, 2.703526544E-01, 9.464624864E-05, 8.433202816E-03, 5.088597435E-03,-7.011290130E-02,-4.893256212E-05,-4.934988503E-03, 3.481469836E-02
       223, 3.987022978E+00, 4.882694929E-16, 2.670578331E-01, 9.236064098E-05, 8.236859067E-03, 5.090721493E-03,-6.841939678E-02,-4.717591313E-05,-4.755192430E-03, 3.397391111E-02
       224, 4.035120208E+00, 4.941597047E-16, 2.638071805E-01, 9.013280282E-05, 8.045080437E-03, 5.092761507E-03,-6.676871407E-02,-4.548413887E-05,-4.582220970E-03, 3.315437775E-02
       225, 4.083746508E+00, 5.001147089E-16, 2.606000130E-01, 8.796118523E-05, 7.857765701E-03, 5.094720260E-03,-6.515970329E-02,-4.385481153E-05,-4.415801253E-03, 3.235552815E-02
       226, 4.132907697E+00, 5.061352182E-16, 2.574356597E-01, 8.584428692E-05, 7.674815443E-03, 5.096600447E-03,-6.359125055E-02,-4.228543090E-05,-4.255672013E-03, 3.157680959E-02
       227, 4.182609659E+00, 5.122219531E-16, 2.543134619E-01, 8.378065491E-05, 7.496132064E-03, 5.098404679E-03,-6.206227920E-02,-4.077362519E-05,-4.101582836E-03, 3.081768752E-02
       228, 4.232858342E+00, 5.183756420E-16, 2.512327725E-01, 8.176887857E-05, 7.321619769E-03, 5.100135482E-03,-6.057174312E-02,-3.931733539E-05,-3.953293970E-03, 3.007764286E-02
       229, 4.283659761E+00, 5.245970215E-16, 2.481929561E-01, 7.980757726E-05, 7.151184569E-03, 5.101795303E-03,-5.911861811E-02,-3.791455401E-05,-3.810576008E-03, 2.935616783E-02
       230, 4.335019996E+00, 5.308868362E-16, 2.451933892E-01, 7.789541187E-05, 6.984734265E-03, 5.103386511E-03,-5.770190992E-02,-3.656319364E-05,-3.673209103E-03, 2.865276934E-02
       231, 4.386945193E+00, 5.372458388E-16, 2.422334594E-01, 7.603108275E-05, 6.822178445E-03, 5.104911399E-03,-5.632065549E-02,-3.526124004E-05,-3.540982661E-03, 2.796696952E-02
       232, 4.439441567E+00, 5.436747905E-16, 2.393125652E-01, 7.421333096E-05, 6.663428470E-03, 5.106372188E-03,-5.497392110E-02,-3.400684072E-05,-3.413694908E-03, 2.729830470E-02
       233, 4.492515402E+00, 5.501744607E-16, 2.364301158E-01, 7.244092812E-05, 6.508397457E-03, 5.107771027E-03,-5.366079634E-02,-3.279825858E-05,-3.291152259E-03, 2.664632314E-02
       234, 4.546173048E+00, 5.567456272E-16, 2.335855312E-01, 7.071268055E-05, 6.357000269E-03, 5.109109997E-03,-5.238039528E-02,-3.163379142E-05,-3.173169264E-03, 2.601058576E-02
       235, 4.600420929E+00, 5.633890766E-16, 2.307782416E-01, 6.902742435E-05, 6.209153493E-03, 5.110391114E-03,-5.113185393E-02,-3.051189787E-05,-3.059568188E-03, 2.539066410E-02
       236, 4.655265537E+00, 5.701056038E-16, 2.280076875E-01, 6.738402513E-05, 6.064775426E-03, 5.111616328E-03,-4.991433192E-02,-2.943072825E-05,-2.950178840E-03, 2.478614104E-02
       237, 4.710713435E+00, 5.768960129E-16, 2.252733196E-01, 6.578140292E-05, 5.923786054E-03, 5.112787527E-03,-4.872702881E-02,-2.838863234E-05,-2.844837764E-03, 2.419661859E-02
       238, 4.766771260E+00, 5.837611165E-16, 2.225745972E-01, 6.421849318E-05, 5.786107034E-03, 5.113906542E-03,-4.756915594E-02,-2.738454533E-05,-2.743388083E-03, 2.362170562E-02
       239, 4.823445721E+00, 5.907017363E-16, 2.199109900E-01, 6.269424610E-05, 5.651661670E-03, 5.114975141E-03,-4.643993368E-02,-2.641697631E-05,-2.645680126E-03, 2.306101615E-02
       240, 4.880743601E+00, 5.977187028E-16, 2.172819769E-01, 6.120765939E-05, 5.520374890E-03, 5.115995039E-03,-4.533861914E-02,-2.548435399E-05,-2.551569788E-03, 2.251418057E-02
       241, 4.938671758E+00, 6.048128560E-16, 2.146870457E-01, 5.975775607E-05, 5.392173230E-03, 5.116967895E-03,-4.426448896E-02,-2.458549366E-05,-2.460918429E-03, 2.198083985E-02
       242, 4.997237124E+00, 6.119850449E-16, 2.121256934E-01, 5.834358155E-05, 5.266984803E-03, 5.117895315E-03,-4.321683381E-02,-2.371912289E-05,-2.373593446E-03, 2.146064270E-02
       243, 5.000000042E+00, 6.123234047E-16, 2.120077255E-01, 5.827921951E-05, 5.261280767E-03, 5.117936657E-03,-4.316915316E-02,-2.368015282E-05,-2.369668066E-03, 2.143696749E-02
       244, 5.056446710E+00, 6.192361278E-16, 2.095974256E-01, 5.696421328E-05, 5.144739281E-03, 5.118778855E-03,-4.219497080E-02,-2.288394548E-05,-2.289467629E-03, 2.095324992E-02
       245, 5.116307601E+00, 6.265669727E-16, 2.071017561E-01, 5.561875428E-05, 5.025367869E-03, 5.119620021E-03,-4.119823466E-02,-2.207893471E-05,-2.208418790E-03, 2.045833099E-02
       246, 5.176826962E+00, 6.339784568E-16, 2.046382075E-01, 5.430632136E-05, 4.908803277E-03, 5.120420268E-03,-4.022597047E-02,-2.130299831E-05,-2.130329567E-03, 1.997556142E-02
       247, 5.238012036E+00, 6.414714673E-16, 2.022063106E-01, 5.302606351E-05, 4.794979701E-03, 5.121181008E-03,-3.927754749E-02,-2.055495926E-05,-2.055087471E-03, 1.950462806E-02
       248, 5.299870145E+00, 6.490469009E-16, 1.998056042E-01, 5.177715152E-05, 4.683832796E-03, 5.121903605E-03,-3.835235096E-02,-1.983392731E-05,-1.982584256E-03, 1.904522570E-02
       249, 5.362408694E+00, 6.567056643E-16, 1.974356354E-01, 5.055877018E-05, 4.575299646E-03, 5.122589378E-03,-3.744977569E-02,-1.913880639E-05,-1.912716526E-03, 1.859705483E-02
       250, 5.425635167E+00, 6.644486740E-16, 1.950959591E-01, 4.937014454E-05, 4.469318750E-03, 5.123239608E-03,-3.656924794E-02,-1.846846142E-05,-1.845384864E-03, 1.815982968E-02
       251, 5.489557131E+00, 6.722768569E-16, 1.927861370E-01, 4.821051786E-05, 4.365829987E-03, 5.123855532E-03,-3.571020770E-02,-1.782214252E-05,-1.780493263E-03, 1.773327196E-02
       252, 5.554182237E+00, 6.801911498E-16, 1.905057387E-01, 4.707914327E-05, 4.264774595E-03, 5.124438349E-03,-3.487210074E-02,-1.719903581E-05,-1.717949960E-03, 1.731710774E-02
       253, 5.619518218E+00, 6.881924999E-16, 1.882543409E-01, 4.597529638E-05, 4.166095143E-03, 5.124989217E-03,-3.405438874E-02,-1.659830619E-05,-1.657666930E-03, 1.691106932E-02
       254, 5.685572896E+00, 6.962818648E-16, 1.860315280E-01, 4.489826987E-05, 4.069735507E-03, 5.125509257E-03,-3.325654907E-02,-1.601892376E-05,-1.599559300E-03, 1.651489698E-02
       255, 5.752354175E+00, 7.044602128E-16, 1.838368908E-01, 4.384739768E-05, 3.975640849E-03, 5.125999556E-03,-3.247808835E-02,-1.546005794E-05,-1.543545644E-03, 1.612834565E-02
       256, 5.819870048E+00, 7.127285226E-16, 1.816700265E-01, 4.282201097E-05, 3.883757588E-03, 5.126461167E-03,-3.171851072E-02,-1.492141254E-05,-1.489547520E-03, 1.575116944E-02
       257, 5.888128596E+00, 7.210877838E-16, 1.795305400E-01, 4.182144004E-05, 3.794033372E-03, 5.126895106E-03,-3.097731816E-02,-1.440200445E-05,-1.437490022E-03, 1.538312221E-02
       258, 5.957137988E+00, 7.295389969E-16, 1.774180431E-01, 4.084507555E-05, 3.706417059E-03, 5.127302358E-03,-3.025405883E-02,-1.390068194E-05,-1.387300957E-03, 1.502397876E-02
       259, 6.026906483E+00, 7.380831733E-16, 1.753321524E-01, 3.989232272E-05, 3.620858693E-03, 5.127683878E-03,-2.954829505E-02,-1.341722019E-05,-1.338910514E-03, 1.467352126E-02
       260, 6.097442431E+00, 7.467213357E-16, 1.732724910E-01, 3.896256217E-05, 3.537309476E-03, 5.128040589E-03,-2.885956590E-02,-1.295137000E-05,-1.292252158E-03, 1.433152159E-02
       261, 6.168754275E+00, 7.554545178E-16, 1.712386900E-01, 3.805519229E-05, 3.455721740E-03, 5.128373380E-03,-2.818742465E-02,-1.250202355E-05,-1.247261736E-03, 1.399775828E-02
       262, 6.240850550E+00, 7.642837650E-16, 1.692303864E-01, 3.716967322E-05, 3.376048935E-03, 5.128683115E-03,-2.753147208E-02,-1.206814886E-05,-1.203877819E-03, 1.367203282E-02
       263, 6.313739883E+00, 7.732101338E-16, 1.672472212E-01, 3.630547681E-05, 3.298245601E-03, 5.128970635E-03,-2.689131811E-02,-1.164969780E-05,-1.162041101E-03, 1.335415078E-02
       264, 6.387430999E+00, 7.822346928E-16, 1.652888418E-01, 3.546203962E-05, 3.222267339E-03, 5.129236745E-03,-2.626654436E-02,-1.124650360E-05,-1.121694222E-03, 1.304390507E-02
       265, 6.461932717E+00, 7.913585218E-16, 1.633549029E-01, 3.463882227E-05, 3.148070788E-03, 5.129482224E-03,-2.565674947E-02,-1.085746869E-05,-1.082782556E-03, 1.274109764E-02
       266, 6.537253954E+00, 8.005827130E-16, 1.614450646E-01, 3.383534639E-05, 3.075613614E-03, 5.129707829E-03,-2.506157937E-02,-1.048175384E-05,-1.045253674E-03, 1.244555158E-02
       267, 6.613403725E+00, 8.099083703E-16, 1.595589906E-01, 3.305113462E-05, 3.004854483E-03, 5.129914295E-03,-2.448068321E-02,-1.011936538E-05,-1.009056546E-03, 1.215709169E-02
       268, 6.690391143E+00, 8.193366099E-16, 1.576963506E-01, 3.228568106E-05, 2.935753032E-03, 5.130102330E-03,-2.391368400E-02,-9.770178803E-06,-9.741423248E-04, 1.187553235E-02
       269, 6.768225423E+00, 8.288685600E-16, 1.558568211E-01, 3.153849301E-05, 2.868269851E-03, 5.130272616E-03,-2.336021525E-02,-9.433398988E-06,-9.404643028E-04, 1.160069230E-02
       270, 6.846915880E+00, 8.385053616E-16, 1.540400845E-01, 3.080912758E-05, 2.802366463E-03, 5.130425813E-03,-2.281994926E-02,-9.108100309E-06,-9.079777213E-04, 1.133240801E-02
       271, 6.926471932E+00, 8.482481681E-16, 1.522458267E-01, 3.009717463E-05, 2.738005312E-03, 5.130562565E-03,-2.229258365E-02,-8.793866787E-06,-8.766390932E-04, 1.107052852E-02
       272, 6.999999954E+00, 8.572527538E-16, 1.506258295E-01, 2.946185743E-05, 2.680544421E-03, 5.130673115E-03,-2.182198616E-02,-8.517004473E-06,-8.490010202E-04, 1.083683768E-02
       273, 7.006903100E+00, 8.580981454E-16, 1.504737368E-01, 2.940221096E-05, 2.675149731E-03, 5.130683494E-03,-2.177780432E-02,-8.491011375E-06,-8.464062318E-04, 1.081489772E-02
       274, 7.088219012E+00, 8.680564724E-16, 1.487235103E-01, 2.872376578E-05, 2.613763918E-03, 5.130789195E-03,-2.127526422E-02,-8.199236847E-06,-8.172387860E-04, 1.056534465E-02
       275, 7.170429398E+00, 8.781243411E-16, 1.469948498E-01, 2.806142810E-05, 2.553812927E-03, 5.130880244E-03,-2.078465535E-02,-7.917274891E-06,-7.890986996E-04, 1.032171648E-02
       276, 7.253544099E+00, 8.883029563E-16, 1.452874608E-01, 2.741484516E-05, 2.495262646E-03, 5.130957202E-03,-2.030571528E-02,-7.645013786E-06,-7.619484426E-04, 1.008388173E-02
       277, 7.337573061E+00, 8.985935362E-16, 1.436010522E-01, 2.678360182E-05, 2.438079778E-03, 5.131020610E-03,-1.983814207E-02,-7.382713675E-06,-7.357517047E-04, 9.851691198E-03
       278, 7.422526342E+00, 9.089973126E-16, 1.419353399E-01, 2.616729791E-05, 2.382231815E-03, 5.131070987E-03,-1.938163504E-02,-7.129520580E-06,-7.104746212E-04, 9.624995781E-03
       279, 7.508414109E+00, 9.195155305E-16, 1.402900439E-01, 2.556559013E-05, 2.327687032E-03, 5.131108835E-03,-1.893594051E-02,-6.885047513E-06,-6.860838096E-04, 9.403668971E-03
       280, 7.595246641E+00, 9.301494488E-16, 1.386648875E-01, 2.497810810E-05, 2.274414460E-03, 5.131134641E-03,-1.850078574E-02,-6.649271550E-06,-6.625474908E-04, 9.187576449E-03
       281, 7.683034331E+00, 9.409003402E-16, 1.370595999E-01, 2.440450097E-05, 2.222383871E-03, 5.131148873E-03,-1.807590730E-02,-6.421418472E-06,-6.398356263E-04, 8.976587895E-03
       282, 7.771787686E+00, 9.517694914E-16, 1.354739127E-01, 2.384446582E-05, 2.171565766E-03, 5.131151987E-03,-1.766108038E-02,-6.201430830E-06,-6.179176488E-04, 8.770588789E-03
       283, 7.861517328E+00, 9.627582032E-16, 1.339075610E-01, 2.329763563E-05, 2.121931351E-03, 5.131144422E-03,-1.725603949E-02,-5.989714866E-06,-5.967642739E-04, 8.569447818E-03
       284, 7.952233996E+00, 9.738677909E-16, 1.323602872E-01, 2.276364399E-05, 2.073452515E-03, 5.131126595E-03,-1.686050929E-02,-5.785412697E-06,-5.763490399E-04, 8.373031572E-03
       285, 8.043948547E+00, 9.850995841E-16, 1.308318383E-01, 2.224221560E-05, 2.026101830E-03, 5.131098911E-03,-1.647428430E-02,-5.587550714E-06,-5.566461096E-04, 8.181236267E-03
       286, 8.136671958E+00, 9.964549270E-16, 1.293219615E-01, 2.173309200E-05, 1.979852528E-03, 5.131061768E-03,-1.609717215E-02,-5.396508017E-06,-5.376297433E-04, 7.993964382E-03
       287, 8.230415327E+00, 1.007935179E-15, 1.278304071E-01, 2.123593754E-05, 1.934678482E-03, 5.131015547E-03,-1.572892974E-02,-5.212458461E-06,-5.192743900E-04, 7.811096825E-03
       288, 8.325189873E+00, 1.019541713E-15, 1.263569320E-01, 2.075044795E-05, 1.890554191E-03, 5.130960609E-03,-1.536932856E-02,-5.034834204E-06,-5.015570346E-04, 7.632520210E-03
       289, 8.421006939E+00, 1.031275919E-15, 1.249012963E-01, 2.027633241E-05, 1.847454764E-03, 5.130897301E-03,-1.501815222E-02,-4.863721144E-06,-4.844547581E-04, 7.458126389E-03
       290, 8.517877992E+00, 1.043139202E-15, 1.234632660E-01, 1.981327325E-05, 1.805355906E-03, 5.130825952E-03,-1.467516735E-02,-4.698462501E-06,-4.679461323E-04, 7.287803221E-03
       291, 8.615814627E+00, 1.055132981E-15, 1.220426114E-01, 1.936106476E-05, 1.764233915E-03, 5.130746888E-03,-1.434021417E-02,-4.538024562E-06,-4.520114001E-04, 7.121468677E-03
       292, 8.714828566E+00, 1.067258691E-15, 1.206390997E-01, 1.891950704E-05, 1.724065665E-03, 5.130660438E-03,-1.401315350E-02,-4.383188909E-06,-4.366286344E-04, 6.959049447E-03
       293, 8.814931657E+00, 1.079517784E-15, 1.192525014E-01, 1.848826760E-05, 1.684828577E-03, 5.130566901E-03,-1.369373812E-02,-4.234779013E-06,-4.217770576E-04, 6.800426946E-03
       294, 8.916135883E+00, 1.091911727E-15, 1.178825980E-01, 1.806701970E-05, 1.646500607E-03, 5.130466552E-03,-1.338172259E-02,-4.091430475E-06,-4.074391481E-04, 6.645481875E-03
       295, 8.999999951E+00, 1.102182113E-15, 1.167732740E-01, 1.772981062E-05, 1.615812858E-03, 5.130379025E-03,-1.313195436E-02,-3.977041918E-06,-3.960944322E-04, 6.521448670E-03
       296, 9.018453354E+00, 1.104442003E-15, 1.165291747E-01, 1.765561034E-05, 1.609060253E-03, 5.130359672E-03,-1.307699477E-02,-3.951871628E-06,-3.935981179E-04, 6.494156112E-03
       297, 9.121896319E+00, 1.117110113E-15, 1.151920107E-01, 1.725387764E-05, 1.572486538E-03, 5.130246546E-03,-1.277943311E-02,-3.817328893E-06,-3.802348582E-04, 6.346385776E-03
       298, 9.226477155E+00, 1.129917572E-15, 1.138708902E-01, 1.686148215E-05, 1.536758976E-03, 5.130127428E-03,-1.248879136E-02,-3.688588073E-06,-3.673314413E-04, 6.202051716E-03
       299, 9.332208381E+00, 1.142865912E-15, 1.125656093E-01, 1.647813678E-05, 1.501857571E-03, 5.130002548E-03,-1.220485302E-02,-3.563908226E-06,-3.548731023E-04, 6.061050079E-03
       300, 9.439102651E+00, 1.155956685E-15, 1.112759653E-01, 1.610373843E-05, 1.467762817E-03, 5.129872149E-03,-1.192753412E-02,-3.442573033E-06,-3.428449231E-04, 5.923335365E-03
       301, 9.547172757E+00, 1.169191456E-15, 1.100017494E-01, 1.573810238E-05, 1.434455685E-03, 5.129736473E-03,-1.165671167E-02,-3.325671654E-06,-3.312304184E-04, 5.788843540E-03
       302, 9.656431635E+00, 1.182571809E-15, 1.087427594E-01, 1.538095448E-05, 1.401917593E-03, 5.129595740E-03,-1.139218068E-02,-3.213401643E-06,-3.200151062E-04, 5.657475498E-03
       303, 9.766892360E+00, 1.196099347E-15, 1.074987996E-01, 1.503205046E-05, 1.370130401E-03, 5.129450145E-03,-1.113375220E-02,-3.105197529E-06,-3.091852272E-04, 5.529138236E-03
       304, 9.878568153E+00, 1.209775687E-15, 1.062696802E-01, 1.469119700E-05, 1.339076409E-03, 5.129299881E-03,-1.088129260E-02,-3.000199040E-06,-2.987269430E-04, 5.403765987E-03
       305, 9.991472380E+00, 1.223602467E-15, 1.050552094E-01, 1.435827804E-05, 1.308738350E-03, 5.129145149E-03,-1.063470160E-02,-2.898585858E-06,-2.886286806E-04, 5.281308109E-03
       306, 1.010561855E+01, 1.237581341E-15, 1.038551965E-01, 1.403306848E-05, 1.279099368E-03, 5.128986134E-03,-1.039382618E-02,-2.800691301E-06,-2.788764127E-04, 5.161688726E-03
       307, 1.022102033E+01, 1.251713984E-15, 1.026694564E-01, 1.371538853E-05, 1.250143013E-03, 5.128823012E-03,-1.015852475E-02,-2.706078639E-06,-2.694582512E-04, 5.044836834E-03
       308, 1.033769154E+01, 1.266002085E-15, 1.014978046E-01, 1.340505477E-05, 1.221853229E-03, 5.128655949E-03,-9.928668718E-03,-2.614948787E-06,-2.603623766E-04, 4.930689000E-03
       309, 1.045564612E+01, 1.280447355E-15, 1.003400620E-01, 1.310185096E-05, 1.194214341E-03, 5.128485090E-03,-9.704090638E-03,-2.527142498E-06,-2.515780648E-04, 4.819164888E-03
       310, 1.057489820E+01, 1.295051524E-15, 9.919605511E-02, 1.280561788E-05, 1.167211051E-03, 5.128310580E-03,-9.484673525E-03,-2.441965453E-06,-2.430945905E-04, 4.710202938E-03
       311, 1.069546206E+01, 1.309816338E-15, 9.806560807E-02, 1.251624935E-05, 1.140828440E-03, 5.128132574E-03,-9.270344104E-03,-2.359281087E-06,-2.349017082E-04, 4.603765076E-03
       312, 1.081735212E+01, 1.324743565E-15, 9.694854379E-02, 1.223360349E-05, 1.115051945E-03, 5.127951223E-03,-9.060997455E-03,-2.279420174E-06,-2.269887284E-04, 4.499803229E-03
       313, 1.094058297E+01, 1.339834992E-15, 9.584468829E-02, 1.195749518E-05, 1.089867349E-03, 5.127766660E-03,-8.856483221E-03,-2.202860896E-06,-2.193455581E-04, 4.398238830E-03
       314, 1.099999988E+01, 1.347111464E-15, 9.532446527E-02, 1.182881734E-05, 1.078132143E-03, 5.127677158E-03,-8.761176054E-03,-2.167819916E-06,-2.158239122E-04, 4.350908023E-03
       315, 1.106516936E+01, 1.355092424E-15, 9.475387566E-02, 1.168768126E-05, 1.065260767E-03, 5.127578991E-03,-8.656641504E-03,-2.129386362E-06,-2.119613101E-04, 4.298994775E-03
       316, 1.119112620E+01, 1.370517688E-15, 9.367594560E-02, 1.142401261E-05, 1.041218647E-03, 5.127388313E-03,-8.461350499E-03,-2.058001806E-06,-2.048289321E-04, 4.202012321E-03
       317, 1.131846857E+01, 1.386112630E-15, 9.261073841E-02, 1.116642572E-05, 1.017727773E-03, 5.127194744E-03,-8.270565933E-03,-1.988268154E-06,-1.979409509E-04, 4.107269532E-03
       318, 1.144721170E+01, 1.401879117E-15, 9.155808682E-02, 1.091484189E-05, 9.947752493E-04, 5.126998408E-03,-8.084215994E-03,-1.921096406E-06,-1.912887659E-04, 4.014724523E-03
       319, 1.157737101E+01, 1.417819034E-15, 9.051782937E-02, 1.066901747E-05, 9.723484802E-04, 5.126799397E-03,-7.902152043E-03,-1.857053831E-06,-1.848607944E-04, 3.924306572E-03
       320, 1.170896206E+01, 1.433934291E-15, 8.948981218E-02, 1.042875274E-05, 9.504351603E-04, 5.126597766E-03,-7.724194268E-03,-1.795394664E-06,-1.786512282E-04, 3.835930558E-03
       321, 1.184200062E+01, 1.450226816E-15, 8.847389252E-02, 1.019394282E-05, 9.290232877E-04, 5.126393587E-03,-7.550284798E-03,-1.734907647E-06,-1.726535792E-04, 3.749571159E-03
       322, 1.197650261E+01, 1.466698558E-15, 8.746991404E-02, 9.964606090E-06, 9.081011577E-04, 5.126186957E-03,-7.380397760E-03,-1.676357208E-06,-1.668614736E-04, 3.665204323E-03
       323, 1.211248411E+01, 1.483351490E-15, 8.647772501E-02, 9.740502403E-06, 8.876573443E-04, 5.125977967E-03,-7.214426729E-03,-1.620236516E-06,-1.612636346E-04, 3.582781354E-03
       324, 1.224996142E+01, 1.500187604E-15, 8.549717436E-02, 9.521542197E-06, 8.676806875E-04, 5.125766678E-03,-7.052238642E-03,-1.565945288E-06,-1.558572304E-04, 3.502235445E-03
       325, 1.238895097E+01, 1.517208915E-15, 8.452812183E-02, 9.307574122E-06, 8.481602963E-04, 5.125553161E-03,-6.893768009E-03,-1.513475839E-06,-1.506327621E-04, 3.423539608E-03
       326, 1.252946941E+01, 1.534417460E-15, 8.357041765E-02, 9.098513283E-06, 8.290855368E-04, 5.125337466E-03,-6.738908367E-03,-1.462891890E-06,-1.455859913E-04, 3.346632457E-03
       327, 1.267153355E+01, 1.551815300E-15, 8.262392843E-02, 8.894194481E-06, 8.104460333E-04, 5.125119658E-03,-6.587600296E-03,-1.413784754E-06,-1.407093473E-04, 3.271491466E-03
       328, 1.281516039E+01, 1.569404516E-15, 8.168850505E-02, 8.694580095E-06, 7.922316507E-04, 5.124899772E-03,-6.439722708E-03,-1.367138083E-06,-1.359997021E-04, 3.198044969E-03
       329, 1.296036713E+01, 1.587187213E-15, 8.076402602E-02, 8.499337178E-06, 7.744324930E-04, 5.124677827E-03,-6.295166492E-03,-1.321704729E-06,-1.314462891E-04, 3.126258742E-03
       330, 1.299999959E+01, 1.592040789E-15, 8.051735783E-02, 8.447859755E-06, 7.697367041E-04, 5.124617210E-03,-6.257025791E-03,-1.309687712E-06,-1.302599252E-04, 3.107316564E-03
       331, 1.310717115E+01, 1.605165520E-15, 7.985035126E-02, 8.308660587E-06, 7.570389063E-04, 5.124453860E-03,-6.153890212E-03,-1.277192639E-06,-1.270518930E-04, 3.056095363E-03
       332, 1.325559001E+01, 1.623341588E-15, 7.894735481E-02, 8.122279925E-06, 7.400414786E-04, 5.124227949E-03,-6.015895505E-03,-1.234267132E-06,-1.228017329E-04, 2.987566744E-03
       333, 1.340564148E+01, 1.641717593E-15, 7.805488577E-02, 7.940242260E-06, 7.234310072E-04, 5.124000112E-03,-5.881013297E-03,-1.193459695E-06,-1.186986929E-04, 2.920570194E-03
       334, 1.355734351E+01, 1.660295734E-15, 7.717283852E-02, 7.762156572E-06, 7.071985136E-04, 5.123770388E-03,-5.749185261E-03,-1.153806768E-06,-1.147287075E-04, 2.855099718E-03
       335, 1.371071427E+01, 1.679078234E-15, 7.630106580E-02, 7.588244802E-06, 6.913352262E-04, 5.123538781E-03,-5.620308456E-03,-1.115723929E-06,-1.108988370E-04, 2.791071254E-03
       336, 1.386577210E+01, 1.698067342E-15, 7.543947082E-02, 7.418062857E-06, 6.758325938E-04, 5.123305344E-03,-5.494387141E-03,-1.078213055E-06,-1.071913343E-04, 2.728528492E-03
       337, 1.402253557E+01, 1.717265330E-15, 7.458789678E-02, 7.251991770E-06, 6.606822588E-04, 5.123070085E-03,-5.371287112E-03,-1.043112806E-06,-1.036173995E-04, 2.667350535E-03
       338, 1.418102344E+01, 1.736674496E-15, 7.374626359E-02, 7.089237914E-06, 6.458760786E-04, 5.122833110E-03,-5.250932958E-03,-1.008721023E-06,-1.001529411E-04, 2.607556525E-03
       339, 1.434125468E+01, 1.756297163E-15, 7.291442082E-02, 6.930504782E-06, 6.314062071E-04, 5.122595086E-03,-5.133249525E-03,-9.757311852E-07,-9.681914765E-05, 2.549042265E-03
       340, 1.450324845E+01, 1.776135680E-15, 7.209229148E-02, 6.774943665E-06, 6.172658021E-04, 5.122360574E-03,-5.018300468E-03,-9.426088894E-07,-9.357979183E-05, 2.491910964E-03
       341, 1.466702416E+01, 1.796192420E-15, 7.127970045E-02, 6.623767305E-06, 6.034543883E-04, 5.122162732E-03,-4.906129297E-03,-9.034171461E-07,-9.047036460E-05, 2.436042251E-03
       342, 1.483260141E+01, 1.816469784E-15, 7.047657908E-02, 6.477171908E-06, 5.900198193E-04, 5.121891899E-03,-4.797954715E-03,-8.724339275E-07,-8.746248101E-05, 2.382303812E-03
       343, 1.500000000E+01, 2.000000000E-15, 6.968295248E-02, 6.333618460E-06, 5.768222383E-04, 5.121600942E-03,-4.692036174E-03,-8.478350393E-07,-8.453014685E-05, 2.329842992E-03
       344, 5.000000042E+00, 5.204005374E-03, 2.119954775E-01, 1.151609273E-04, 5.261289658E-03, 5.117983763E-03,-4.316164764E-02,-4.678734686E-05,-4.729662668E-03, 2.175401627E-02
       345, 6.999999954E+00, 5.204005258E-03, 1.506214411E-01, 5.821986667E-05, 2.680545568E-03, 5.130695367E-03,-2.182008048E-02,-1.682941597E-05,-1.694650641E-03, 1.099840019E-02
       346, 8.999999951E+00, 5.204005335E-03, 1.167712265E-01, 3.503676742E-05, 1.615813148E-03, 5.130392149E-03,-1.313126525E-02,-7.858857062E-06,-7.906437173E-04, 6.619007961E-03
       347, 1.099999988E+01, 5.204005258E-03, 9.532334964E-02, 2.337575039E-05, 1.078132251E-03, 5.127685851E-03,-8.760869294E-03,-4.283848095E-06,-4.308080367E-04, 4.416109792E-03
       348, 1.299999959E+01, 5.204005103E-03, 8.051668450E-02, 1.669456760E-05, 7.697367534E-04, 5.124623397E-03,-6.256869323E-03,-2.588086561E-06,-2.600134490E-04, 3.153942277E-03
       349, 4.999999929E+00, 1.033966345E-02, 2.119593858E-01, 2.247260980E-04, 5.261315185E-03, 5.118122169E-03,-4.313953542E-02,-9.128048031E-05,-9.377244755E-03, 2.157868701E-02
       350, 6.999999954E+00, 1.033966345E-02, 1.506085098E-01, 1.136232926E-04, 2.680548847E-03, 5.130760846E-03,-2.181446547E-02,-3.284071268E-05,-3.360357479E-03, 1.091347286E-02
       351, 8.999999951E+00, 1.033966360E-02, 1.167651932E-01, 6.838174976E-05, 1.615813974E-03, 5.130430779E-03,-1.312923470E-02,-1.533711505E-05,-1.567864649E-03, 6.568806506E-03
       352, 1.099999988E+01, 1.033966345E-02, 9.532006215E-02, 4.562384460E-05, 1.078132556E-03, 5.127711442E-03,-8.759965357E-03,-8.360495685E-06,-8.543189141E-04, 4.382920546E-03
       353, 1.299999997E+01, 1.033966345E-02, 8.051470276E-02, 3.258429698E-05, 7.697369163E-04, 5.124641768E-03,-6.256408437E-03,-5.051142337E-06,-5.156273423E-04, 3.130370987E-03
       354, 4.999999929E+00, 1.540787221E-02, 2.119004239E-01, 3.322237053E-04, 5.261357109E-03, 5.118348408E-03,-4.310341729E-02,-1.348918651E-04,-1.395084975E-02, 2.136807980E-02
       355, 6.999999954E+00, 1.540787221E-02, 1.505873778E-01, 1.680069901E-04, 2.680554344E-03, 5.130867961E-03,-2.180529062E-02,-4.854992419E-05,-5.000478405E-03, 1.081358700E-02
       356, 8.999999951E+00, 1.540787243E-02, 1.167553330E-01, 1.011191790E-04, 1.615815392E-03, 5.130494017E-03,-1.312591639E-02,-2.267708083E-05,-2.333317051E-03, 6.510270741E-03
       357, 1.099999988E+01, 1.540787221E-02, 9.531468924E-02, 6.746862902E-05, 1.078133089E-03, 5.127753350E-03,-8.758488075E-03,-1.236249556E-05,-1.271461085E-03, 4.344389649E-03
       358, 1.299999997E+01, 1.540787221E-02, 8.051145988E-02, 4.818679327E-05, 7.697371630E-04, 5.124671607E-03,-6.255654872E-03,-7.469365279E-06,-7.674111056E-04, 3.103057088E-03
       359, 4.999999929E+00, 2.040951739E-02, 2.118195255E-01, 4.399377889E-04, 5.261413721E-03, 5.118658138E-03,-4.305388027E-02,-1.785250689E-04,-1.845730377E-02, 2.154625237E-02
       360, 6.999999954E+00, 2.040951739E-02, 1.505583757E-01, 2.225403425E-04, 2.680561923E-03, 5.131014939E-03,-2.179270118E-02,-6.429069404E-05,-6.617867940E-03, 1.091329415E-02
       361, 8.999999951E+00, 2.040951769E-02, 1.167417991E-01, 1.339563605E-04, 1.615817390E-03, 5.130580872E-03,-1.312136226E-02,-3.003613119E-05,-3.088411675E-03, 6.572611262E-03
       362, 1.099999988E+01, 2.040951739E-02, 9.530731418E-02, 8.938318826E-05, 1.078133852E-03, 5.127810938E-03,-8.756460450E-03,-1.637619021E-05,-1.683027109E-03, 4.386762583E-03
       363, 1.299999997E+01, 2.040951739E-02, 8.050700846E-02, 6.384041294E-05, 7.697375202E-04, 5.124712622E-03,-6.254620506E-03,-9.895034979E-06,-1.015852064E-03, 3.133637451E-03
       364, 4.999999929E+00, 2.534547320E-02, 2.117176140E-01, 5.458967362E-04, 5.261481788E-03, 5.119046360E-03,-4.299150680E-02,-2.213596433E-04,-2.289487793E-02, 2.144931608E-02
       365, 6.999999954E+00, 2.534547320E-02, 1.505218273E-01, 2.762387175E-04, 2.680571080E-03, 5.131199689E-03,-2.177683978E-02,-7.977470663E-05,-8.212268201E-03, 1.087617758E-02
       366, 8.999999951E+00, 2.534547358E-02, 1.167247413E-01, 1.663038064E-04, 1.615819829E-03, 5.130690183E-03,-1.311562314E-02,-3.728102663E-05,-3.833095819E-03, 6.553170966E-03
       367, 1.099999988E+01, 2.534547320E-02, 9.529801814E-02, 1.109752837E-04, 1.078134793E-03, 5.127883461E-03,-8.753904940E-03,-2.032919860E-05,-2.089006384E-03, 4.374763434E-03
       368, 1.299999997E+01, 2.534547320E-02, 8.050139736E-02, 7.926549684E-05, 7.697379636E-04, 5.124764293E-03,-6.253316743E-03,-1.228458551E-05,-1.260950372E-03, 3.125468111E-03
       369, 4.999999929E+00, 3.021660239E-02, 2.115955928E-01, 6.502941967E-04, 5.261558478E-03, 5.119508295E-03,-4.291687035E-02,-2.634602055E-04,-2.726259749E-02, 2.139981572E-02
       370, 6.999999954E+00, 3.021660239E-02, 1.504780477E-01, 3.292085599E-04, 2.680581459E-03, 5.131420287E-03,-2.175784576E-02,-9.503025066E-05,-9.783658208E-03, 1.086514464E-02
       371, 8.999999951E+00, 3.021660284E-02, 1.167043049E-01, 1.982276263E-04, 1.615822630E-03, 5.130820903E-03,-1.310874850E-02,-4.442589840E-05,-4.567421745E-03, 6.549934543E-03
       372, 1.099999988E+01, 3.021660239E-02, 9.528687992E-02, 1.322897020E-04, 1.078135887E-03, 5.127970255E-03,-8.750843372E-03,-2.422949938E-05,-2.489444449E-03, 4.373743551E-03
       373, 1.299999997E+01, 3.021660239E-02, 8.049467400E-02, 9.449430213E-05, 7.697384842E-04, 5.124826158E-03,-6.251754655E-03,-1.464291397E-05,-1.502739310E-03, 3.125206770E-03
       374, 4.999999929E+00, 3.502375636E-02, 2.114543459E-01, 7.529793337E-04, 5.261640558E-03, 5.120038997E-03,-4.283053520E-02,-3.047503797E-04,-3.155949397E-02, 2.132833904E-02
       375, 6.999999954E+00, 3.502375636E-02, 1.504273438E-01, 3.813829048E-04, 2.680592638E-03, 5.131674777E-03,-2.173585531E-02,-1.100352210E-04,-1.133198592E-02, 1.084523163E-02
       376, 8.999999951E+00, 3.502375688E-02, 1.166806315E-01, 2.296897990E-04, 1.615825696E-03, 5.130971974E-03,-1.310078654E-02,-5.146144407E-05,-5.291421493E-03, 6.541902033E-03
       377, 1.099999988E+01, 3.502375636E-02, 9.527397608E-02, 1.533018424E-04, 1.078137103E-03, 5.128070654E-03,-8.747296983E-03,-2.807230238E-05,-2.884374233E-03, 4.369708146E-03
       378, 1.299999997E+01, 3.502375636E-02, 8.048688442E-02, 1.095095702E-04, 7.697390692E-04, 5.124897760E-03,-6.249945007E-03,-1.696722669E-05,-1.741244150E-03, 3.122866902E-03
       379, 4.999999929E+00, 3.976777532E-02, 2.112947370E-01, 8.540031849E-04, 5.261724617E-03, 5.120633482E-03,-4.273305524E-02,-3.452376673E-04,-3.578485043E-02, 2.125795876E-02
       380, 6.999999954E+00, 3.976777532E-02, 1.503700145E-01, 4.327957264E-04, 2.680604175E-03, 5.131961216E-03,-2.171100129E-02,-1.247970135E-04,-1.285725652E-02, 1.082794647E-02
       381, 8.999999951E+00, 3.976777591E-02, 1.166538583E-01, 2.607127845E-04, 1.615828927E-03, 5.131142362E-03,-1.309178420E-02,-5.839201485E-05,-6.005148078E-03, 6.535962785E-03
       382, 1.099999988E+01, 3.976777532E-02, 9.525938096E-02, 1.740273675E-04, 1.078138410E-03, 5.128184008E-03,-8.743286411E-03,-3.186023232E-05,-3.273838563E-03, 4.367241760E-03
       383, 1.299999997E+01, 3.976777532E-02, 8.047807328E-02, 1.243227633E-04, 7.697397065E-04, 5.124978649E-03,-6.247898251E-03,-1.925919569E-05,-1.976495588E-03, 3.121718324E-03
       384, 4.999999929E+00, 4.444948847E-02, 2.111176090E-01, 9.533367260E-04, 5.261807065E-03, 5.121286723E-03,-4.262497327E-02,-3.848983550E-04,-3.993807297E-02, 2.117645543E-02
       385, 6.999999954E+00, 4.444948847E-02, 1.503063505E-01, 4.834397613E-04, 2.680615604E-03, 5.132277670E-03,-2.168341328E-02,-1.393113150E-04,-1.435948780E-02, 1.080700387E-02
       386, 8.999999951E+00, 4.444948913E-02, 1.166241189E-01, 2.912940563E-04, 1.615832218E-03, 5.131331040E-03,-1.308178711E-02,-6.521641454E-05,-6.708654945E-03, 6.528310998E-03
       387, 1.099999988E+01, 4.444948847E-02, 9.524316669E-02, 1.944652155E-04, 1.078139773E-03, 5.128309679E-03,-8.738831708E-03,-3.559286340E-05,-3.657879035E-03, 4.363797903E-03
       388, 1.299999997E+01, 4.444948847E-02, 8.046828394E-02, 1.389333807E-04, 7.697403829E-04, 5.125068389E-03,-6.245624536E-03,-2.151864163E-05,-2.208523086E-03, 3.119939701E-03
       389, 4.999999929E+00, 4.906971409E-02, 2.109237839E-01, 1.050976170E-03, 5.261884201E-03, 5.121993701E-03,-4.250682035E-02,-4.237205721E-04,-4.401872701E-02, 2.108818109E-02
       390, 6.999999954E+00, 4.906971409E-02, 1.502366344E-01, 5.333195581E-04, 2.680626441E-03, 5.132622227E-03,-2.165321750E-02,-1.535775013E-04,-1.583872458E-02, 1.078448306E-02
       391, 8.999999951E+00, 4.906971482E-02, 1.165915428E-01, 3.214379730E-04, 1.615835458E-03, 5.131537002E-03,-1.307083965E-02,-7.193506656E-05,-7.402002956E-03, 6.520170681E-03
       392, 1.099999988E+01, 4.906971409E-02, 9.522540328E-02, 2.146188446E-04, 1.078141160E-03, 5.128447042E-03,-8.733952352E-03,-3.927062649E-05,-4.036539904E-03, 4.360184308E-03
       393, 1.299999997E+01, 4.906971409E-02, 8.045755842E-02, 1.533441187E-04, 7.697410852E-04, 5.125166551E-03,-6.243133714E-03,-2.374589416E-05,-2.437357253E-03, 3.118104161E-03
       394, 4.999999929E+00, 5.362925975E-02, 2.107140624E-01, 1.146913028E-03, 5.261952258E-03, 5.122749422E-03,-4.237911521E-02,-4.616918342E-04,-4.802651543E-02, 2.099244112E-02
       395, 6.999999954E+00, 5.362925975E-02, 1.501611409E-01, 5.824365276E-04, 2.680636196E-03, 5.132992998E-03,-2.162053685E-02,-1.675942544E-04,-1.729503252E-02, 1.075993193E-02
       396, 8.999999951E+00, 5.362926055E-02, 1.165562560E-01, 3.511468309E-04, 1.615838538E-03, 5.131759259E-03,-1.305898495E-02,-7.854799021E-05,-8.085257759E-03, 6.511247890E-03
       397, 1.099999988E+01, 5.362925975E-02, 9.520615864E-02, 2.344902797E-04, 1.078142535E-03, 5.128595484E-03,-8.728667252E-03,-4.289371003E-05,-4.409866754E-03, 4.356197942E-03
       398, 1.299999997E+01, 5.362925975E-02, 8.044593750E-02, 1.675566270E-04, 7.697418000E-04, 5.125272718E-03,-6.240435342E-03,-2.594112973E-05,-2.663029057E-03, 3.116063953E-03
       399, 4.999999929E+00, 5.812892238E-02, 2.104892238E-01, 1.241144830E-03, 5.262007439E-03, 5.123548947E-03,-4.224236378E-02,-4.988033798E-04,-5.196127471E-02, 2.089011024E-02
       400, 6.999999954E+00, 5.812892238E-02, 1.500801366E-01, 6.307943695E-04, 2.680644369E-03, 5.133388125E-03,-2.158549083E-02,-1.813611275E-04,-1.872849823E-02, 1.073368745E-02
       401, 8.999999951E+00, 5.812892325E-02, 1.165183804E-01, 3.804241285E-04, 1.615841343E-03, 5.131996843E-03,-1.304626490E-02,-8.505553262E-05,-8.758490142E-03, 6.501722295E-03
       402, 1.099999988E+01, 5.812892238E-02, 9.518549865E-02, 2.540822908E-04, 1.078143863E-03, 5.128754410E-03,-8.722994763E-03,-4.646246000E-05,-4.777906797E-03, 4.351951375E-03
       403, 1.299999997E+01, 5.812892238E-02, 8.043346071E-02, 1.815730644E-04, 7.697425135E-04, 5.125386483E-03,-6.237538693E-03,-2.810461288E-05,-2.885570041E-03, 3.113896538E-03
       404, 4.999999929E+00, 6.256948846E-02, 2.102500256E-01, 1.333670472E-03, 5.262045955E-03, 5.124387409E-03,-4.209705879E-02,-5.350481825E-04,-5.582296469E-02, 2.078137227E-02
       405, 6.999999954E+00, 6.256948846E-02, 1.499938807E-01, 6.783967737E-04, 2.680650460E-03, 5.133805784E-03,-2.154819565E-02,-1.948778689E-04,-2.013922734E-02, 1.070574130E-02
       406, 8.999999951E+00, 6.256948940E-02, 1.164780346E-01, 4.092731967E-04, 1.615843763E-03, 5.132248806E-03,-1.303272019E-02,-9.145805644E-05,-9.421775414E-03, 6.491566779E-03
       407, 1.099999988E+01, 6.256948846E-02, 9.516348717E-02, 2.733974834E-04, 1.078145108E-03, 5.128923235E-03,-8.716952689E-03,-4.997721154E-05,-5.140708590E-03, 4.347419526E-03
       408, 1.299999997E+01, 6.256948846E-02, 8.042016636E-02, 1.953954508E-04, 7.697432123E-04, 5.125507451E-03,-6.234452759E-03,-3.023659473E-05,-3.105012199E-03, 3.111581239E-03
       409, 4.999999929E+00, 6.695173415E-02, 2.099972039E-01, 1.424491507E-03, 5.262064056E-03, 5.125260036E-03,-4.194367943E-02,-5.704214139E-04,-5.961166112E-02, 2.066665117E-02
       410, 6.999999954E+00, 6.695173415E-02, 1.499026243E-01, 7.252481099E-04, 2.680653971E-03, 5.134244189E-03,-2.150876412E-02,-2.081446150E-04,-2.152734337E-02, 1.067620816E-02
       411, 8.999999951E+00, 6.695173514E-02, 1.164353332E-01, 4.376976218E-04, 1.615845682E-03, 5.132514225E-03,-1.301839026E-02,-9.775603268E-05,-1.007519323E-02, 6.480828617E-03
       412, 1.099999988E+01, 6.695173415E-02, 9.514018611E-02, 2.924385833E-04, 1.078146237E-03, 5.129101393E-03,-8.710558299E-03,-5.343834033E-05,-5.498321949E-03, 4.342627003E-03
       413, 1.299999997E+01, 6.695173415E-02, 8.040609160E-02, 2.090258718E-04, 7.697438828E-04, 5.125635235E-03,-6.231186257E-03,-3.233734430E-05,-3.321387956E-03, 3.109132885E-03
       414, 4.999999929E+00, 7.127642538E-02, 2.097314730E-01, 1.513611536E-03, 5.262058060E-03, 5.126162166E-03,-4.178269112E-02,-6.049201289E-04,-6.332754767E-02, 2.054627459E-02
       415, 6.999999954E+00, 7.127642538E-02, 1.498066113E-01, 7.713531600E-04, 2.680654411E-03, 5.134701598E-03,-2.146730577E-02,-2.211618005E-04,-2.289298637E-02, 1.064515787E-02
       416, 8.999999951E+00, 7.127642644E-02, 1.163903878E-01, 4.657010942E-04, 1.615846991E-03, 5.132792197E-03,-1.300331341E-02,-1.039500044E-04,-1.071882713E-02, 6.469529071E-03
       417, 1.099999988E+01, 7.127642538E-02, 9.511565546E-02, 3.112083383E-04, 1.078147212E-03, 5.129288331E-03,-8.703828335E-03,-5.684624327E-05,-5.850797793E-03, 4.337581351E-03
       418, 1.299999997E+01, 7.127642538E-02, 8.039127240E-02, 2.224664095E-04, 7.697445116E-04, 5.125769462E-03,-6.227747639E-03,-3.440713763E-05,-3.534730018E-03, 3.106554231E-03
       419, 4.999999929E+00, 7.554431806E-02, 2.094535259E-01, 1.601036195E-03, 5.262024377E-03, 5.127089262E-03,-4.161454530E-02,-6.385431910E-04,-6.697090830E-02, 2.042061477E-02
       420, 6.999999954E+00, 7.554431806E-02, 1.497060778E-01, 8.167171570E-04, 2.680651296E-03, 5.135176313E-03,-2.142392681E-02,-2.339301539E-04,-2.423631171E-02, 1.061268321E-02
       421, 8.999999951E+00, 7.554431918E-02, 1.163433061E-01, 4.932874419E-04, 1.615847579E-03, 5.133081846E-03,-1.298752674E-02,-1.100405909E-04,-1.135276413E-02, 6.457703142E-03
       422, 1.099999988E+01, 7.554431806E-02, 9.508995338E-02, 3.297095438E-04, 1.078148002E-03, 5.129483513E-03,-8.696779025E-03,-6.020134175E-05,-6.198187989E-03, 4.332299308E-03
       423, 1.299999997E+01, 7.554431806E-02, 8.037574363E-02, 2.357191623E-04, 7.697450855E-04, 5.125909767E-03,-6.224145091E-03,-3.644626039E-05,-3.745071291E-03, 3.103854581E-03
       424, 4.999999929E+00, 7.975615815E-02, 2.091640339E-01, 1.686773094E-03, 5.261959533E-03, 5.128036923E-03,-4.143967932E-02,-6.712911953E-04,-7.054211978E-02, 2.028995835E-02
       425, 6.999999954E+00, 7.975615815E-02, 1.496012528E-01, 8.613457794E-04, 2.680644154E-03, 5.135666684E-03,-2.137873018E-02,-2.464506861E-04,-2.555748889E-02, 1.057884234E-02
       426, 8.999999951E+00, 7.975615934E-02, 1.162941926E-01, 5.204606316E-04, 1.615847338E-03, 5.133382320E-03,-1.297106622E-02,-1.160284857E-04,-1.197709438E-02, 6.445366982E-03
       427, 1.099999988E+01, 7.975615815E-02, 9.506313616E-02, 3.479450460E-04, 1.078148571E-03, 5.129686416E-03,-8.689426089E-03,-6.350408174E-05,-6.540545275E-03, 4.326785764E-03
       428, 1.299999997E+01, 7.975615815E-02, 8.035953905E-02, 2.487862479E-04, 7.697455915E-04, 5.126055797E-03,-6.220386546E-03,-3.845500791E-05,-3.952444904E-03, 3.101035073E-03
       429, 4.999999929E+00, 8.391268182E-02, 2.088636471E-01, 1.770831307E-03, 5.261860183E-03, 5.129000896E-03,-4.125851640E-02,-7.031661318E-04,-7.404164419E-02, 2.015474469E-02
       430, 6.999999954E+00, 8.391268182E-02, 1.494923581E-01, 9.052449653E-04, 2.680632527E-03, 5.136171111E-03,-2.133181560E-02,-2.587246197E-04,-2.685670046E-02, 1.054376090E-02
       431, 8.999999951E+00, 8.391268308E-02, 1.162431487E-01, 5.472246747E-04, 1.615846163E-03, 5.133692792E-03,-1.295396668E-02,-1.219144289E-04,-1.259191103E-02, 6.432574740E-03
       432, 1.099999988E+01, 8.391268182E-02, 9.503525834E-02, 3.659176842E-04, 1.078148887E-03, 5.129896536E-03,-8.681784756E-03,-6.675492148E-05,-6.877923207E-03, 4.321070032E-03
       433, 1.299999997E+01, 8.391268182E-02, 8.034269136E-02, 2.616697638E-04, 7.697460170E-04, 5.126207210E-03,-6.216479684E-03,-4.043367814E-05,-4.156884274E-03, 3.098113931E-03
       434, 4.999999929E+00, 8.801461558E-02, 2.085529947E-01, 1.853222127E-03, 5.261723133E-03, 5.129977085E-03,-4.107146559E-02,-7.341717532E-04,-7.747002257E-02, 2.001485212E-02
       435, 6.999999954E+00, 8.801461558E-02, 1.493796083E-01, 9.484212542E-04, 2.680615973E-03, 5.136688046E-03,-2.128327960E-02,-2.707535042E-04,-2.813414114E-02, 1.050733101E-02
       436, 8.999999951E+00, 8.801461690E-02, 1.161902723E-01, 5.735838207E-04, 1.615843953E-03, 5.134012463E-03,-1.293626185E-02,-1.276992551E-04,-1.319731013E-02, 6.419252582E-03
       437, 1.099999988E+01, 8.801461558E-02, 9.500637272E-02, 3.836304158E-04, 1.078148918E-03, 5.130113382E-03,-8.673869768E-03,-6.995435583E-05,-7.210376094E-03, 4.315100212E-03
       438, 1.299999997E+01, 8.801461558E-02, 8.032523221E-02, 2.743718759E-04, 7.697463497E-04, 5.126363675E-03,-6.212431943E-03,-4.238258578E-05,-4.358423060E-03, 3.095053115E-03
       439, 4.999999929E+00, 9.206267639E-02, 2.082326848E-01, 1.933956100E-03, 5.261545346E-03, 5.130961556E-03,-4.087892184E-02,-7.643119690E-04,-8.082784095E-02, 1.987171664E-02
       440, 6.999999954E+00, 9.206267639E-02, 1.492632113E-01, 9.908805379E-04, 2.680594067E-03, 5.137215994E-03,-2.123321556E-02,-2.825387805E-04,-2.939000785E-02, 1.047009270E-02
       441, 8.999999951E+00, 9.206267776E-02, 1.161356582E-01, 5.995418686E-04, 1.615840610E-03, 5.134340558E-03,-1.291798437E-02,-1.333837187E-04,-1.379338634E-02, 6.405680963E-03
       442, 1.099999988E+01, 9.206267639E-02, 9.497653041E-02, 4.010858781E-04, 1.078148633E-03, 5.130336481E-03,-8.665695395E-03,-7.310282805E-05,-7.537956823E-03, 4.309048574E-03
       443, 1.299999997E+01, 9.206267639E-02, 8.030719225E-02, 2.868945132E-04, 7.697465778E-04, 5.126524870E-03,-6.208250520E-03,-4.430201187E-05,-4.557093778E-03, 3.091969631E-03
       444, 4.999999929E+00, 9.605757177E-02, 2.079033052E-01, 2.013051185E-03, 5.261323958E-03, 5.131950543E-03,-4.068126602E-02,-7.935954540E-04,-8.413051995E-02, 1.972394470E-02
       445, 6.999999954E+00, 9.605757177E-02, 1.491433680E-01, 1.032631382E-03, 2.680566403E-03, 5.137753513E-03,-2.118171373E-02,-2.940829864E-04,-3.063009140E-02, 1.043139943E-02
       446, 8.999999951E+00, 9.605757321E-02, 1.160793984E-01, 6.251039598E-04, 1.615836040E-03, 5.134676329E-03,-1.289916582E-02,-1.389689684E-04,-1.438289823E-02, 6.391488402E-03
       447, 1.099999988E+01, 9.605757177E-02, 9.494578086E-02, 4.182875136E-04, 1.078148004E-03, 5.130565374E-03,-8.657275445E-03,-7.620096277E-05,-7.862184892E-03, 4.302673680E-03
       448, 1.299999997E+01, 9.605757177E-02, 8.028860113E-02, 2.992401433E-04, 7.697466898E-04, 5.126690486E-03,-6.203942384E-03,-4.619233603E-05,-4.753819303E-03, 3.088693750E-03
       449, 4.999999929E+00, 1.000000000E-01, 2.075654224E-01, 2.090524217E-03, 5.261056245E-03, 5.132940428E-03,-4.047886452E-02,-8.220303782E-04,-8.735422038E-02, 1.957293272E-02
       450, 6.999999954E+00, 1.000000000E-01, 1.490202724E-01, 1.073681797E-03, 2.680532589E-03, 5.138299210E-03,-2.112886123E-02,-3.053884681E-04,-3.184525841E-02, 1.039186074E-02
       451, 8.999999951E+00, 1.000000015E-01, 1.160215813E-01, 6.502749142E-04, 1.615830151E-03, 5.135019052E-03,-1.287983669E-02,-1.444560698E-04,-1.496147338E-02, 6.377020241E-03
       452, 1.099999988E+01, 1.000000000E-01, 9.491417187E-02, 4.352385558E-04, 1.078147000E-03, 5.130799618E-03,-8.648623259E-03,-7.924934111E-05,-8.180646750E-03, 4.296199101E-03
       453, 1.299999997E+01, 1.000000000E-01, 8.026948750E-02, 3.114110862E-04, 7.697466746E-04, 5.126860220E-03,-6.199514264E-03,-4.805391311E-05,-4.947131711E-03, 3.085382389E-03
       454, 4.999999929E+00, 1.037429218E-01, 2.072329398E-01, 2.163511390E-03, 5.260752737E-03, 5.133890176E-03,-4.028004947E-02,-8.485793601E-04,-9.035013195E-02, 1.942537501E-02
       455, 6.999999954E+00, 1.037429218E-01, 1.488989877E-01, 1.112506066E-03, 2.680493930E-03, 5.138830538E-03,-2.107683270E-02,-3.160373203E-04,-3.297911929E-02, 1.035318067E-02
       456, 8.999999951E+00, 1.037429233E-01, 1.159645848E-01, 6.741173251E-04, 1.615823164E-03, 5.135354592E-03,-1.286079204E-02,-1.496412948E-04,-1.550221157E-02, 6.362874218E-03
       457, 1.099999988E+01, 1.037429218E-01, 9.488300316E-02, 4.513071101E-04, 1.078145656E-03, 5.131029561E-03,-8.640094659E-03,-8.213454814E-05,-8.478521754E-03, 4.289877802E-03
       458, 1.299999997E+01, 1.037429218E-01, 8.025063725E-02, 3.229533919E-04, 7.697465302E-04, 5.127027086E-03,-6.195148243E-03,-4.981740543E-05,-5.128029521E-03, 3.082155953E-03
       459, 4.999999929E+00, 1.075400176E-01, 2.068840987E-01, 2.236972506E-03, 5.260391678E-03, 5.134860744E-03,-4.007182673E-02,-8.750526798E-04,-9.337373047E-02, 1.926992030E-02
       460, 6.999999954E+00, 1.075400176E-01, 1.487715687E-01, 1.151738988E-03, 2.680447612E-03, 5.139381963E-03,-2.102222230E-02,-3.267531273E-04,-3.412820193E-02, 1.031217297E-02
       461, 8.999999951E+00, 1.075400192E-01, 1.159046732E-01, 6.982485405E-04, 1.615814558E-03, 5.135704813E-03,-1.284078426E-02,-1.548766119E-04,-1.605112446E-02, 6.347784669E-03
       462, 1.099999988E+01, 1.075400176E-01, 9.485023151E-02, 4.675829679E-04, 1.078143865E-03, 5.131270220E-03,-8.631130744E-03,-8.505234180E-05,-8.781153364E-03, 4.283088298E-03
       463, 1.299999997E+01, 1.075400176E-01, 8.023081451E-02, 3.346497903E-04, 7.697462400E-04, 5.127201992E-03,-6.190558135E-03,-5.160243619E-05,-5.311904246E-03, 3.078662818E-03
       464, 4.999999929E+00, 1.113920715E-01, 2.065184241E-01, 2.310885042E-03, 5.259966490E-03, 5.135849681E-03,-3.985396618E-02,-9.014266486E-04,-9.644169791E-02, 1.910792963E-02
       465, 6.999999954E+00, 1.113920715E-01, 1.486378175E-01, 1.191378745E-03, 2.680392720E-03, 5.139953327E-03,-2.096495264E-02,-3.375323373E-04,-3.529904630E-02, 1.026946656E-02
       466, 8.999999951E+00, 1.113920731E-01, 1.158417488E-01, 7.226700414E-04, 1.615804127E-03, 5.136069909E-03,-1.281978236E-02,-1.601614544E-04,-1.661138382E-02, 6.332120536E-03
       467, 1.099999988E+01, 1.113920715E-01, 9.481580203E-02, 4.840680175E-04, 1.078141567E-03, 5.131521828E-03,-8.621717003E-03,-8.800273097E-05,-9.090306488E-03, 4.276074115E-03
       468, 1.299999997E+01, 1.113920715E-01, 8.020998560E-02, 3.465020064E-04, 7.697457824E-04, 5.127385150E-03,-6.185736330E-03,-5.340912606E-05,-5.499835185E-03, 3.075076033E-03
       469, 4.999999929E+00, 1.152998790E-01, 2.061354355E-01, 2.385219704E-03, 5.259469984E-03, 5.136854215E-03,-3.962623878E-02,-9.276734739E-04,-9.952600618E-02, 1.893864618E-02
       470, 6.999999954E+00, 1.152998790E-01, 1.484975322E-01, 1.231421021E-03, 2.680328248E-03, 5.140544389E-03,-2.090494520E-02,-3.483703851E-04,-3.648142106E-02, 1.022465872E-02
       471, 8.999999951E+00, 1.152998807E-01, 1.157757113E-01, 7.473820599E-04, 1.615791649E-03, 5.136450053E-03,-1.279775467E-02,-1.654948893E-04,-1.717819057E-02, 6.315637776E-03
       472, 1.099999988E+01, 1.152998790E-01, 9.477965839E-02, 5.007634034E-04, 1.078138695E-03, 5.131784611E-03,-8.611838581E-03,-9.098555530E-05,-9.403360610E-03, 4.268672363E-03
       473, 1.299999997E+01, 1.152998790E-01, 8.018811592E-02, 3.585112717E-04, 7.697451336E-04, 5.127576767E-03,-6.180675021E-03,-5.523750452E-05,-5.690239047E-03, 3.071279380E-03
       474, 4.999999929E+00, 1.192642470E-01, 2.057346460E-01, 2.459944095E-03, 5.258894411E-03, 5.137871228E-03,-3.938841635E-02,-9.537624715E-04,-1.026254073E-01, 1.876190343E-02
       475, 6.999999954E+00, 1.192642470E-01, 1.483505062E-01, 1.271861050E-03, 2.680253103E-03, 5.141154825E-03,-2.084212023E-02,-3.592622047E-04,-3.767518342E-02, 1.017776378E-02
       476, 8.999999951E+00, 1.192642488E-01, 1.157064578E-01, 7.723848741E-04, 1.615776878E-03, 5.136845393E-03,-1.277466881E-02,-1.708758821E-04,-1.775154831E-02, 6.298376556E-03
       477, 1.099999988E+01, 1.192642470E-01, 9.474174267E-02, 5.176704143E-04, 1.078135176E-03, 5.132058790E-03,-8.601480240E-03,-9.400063862E-05,-9.720338511E-03, 4.260921734E-03
       478, 1.299999997E+01, 1.192642470E-01, 8.016516987E-02, 3.706789686E-04, 7.697442674E-04, 5.127777053E-03,-6.175366187E-03,-5.708760583E-05,-5.883136926E-03, 3.067305590E-03
       479, 4.999999929E+00, 1.232859942E-01, 2.053155624E-01, 2.535023778E-03, 5.258231423E-03, 5.138897246E-03,-3.914027201E-02,-9.796617001E-04,-1.057385535E-01, 1.857759764E-02
       480, 6.999999954E+00, 1.232859942E-01, 1.481965282E-01, 1.312693385E-03, 2.680166099E-03, 5.141784221E-03,-2.077639677E-02,-3.702024025E-04,-3.888016239E-02, 1.012871349E-02
       481, 8.999999951E+00, 1.232859960E-01, 1.156338827E-01, 7.976784703E-04, 1.615759548E-03, 5.137256050E-03,-1.275049170E-02,-1.763032881E-04,-1.833145048E-02, 6.280297234E-03
       482, 1.099999988E+01, 1.232859942E-01, 9.470199532E-02, 5.347901891E-04, 1.078130932E-03, 5.132344577E-03,-8.590626354E-03,-9.704776063E-05,-1.004125865E-02, 4.252797226E-03
       483, 1.299999997E+01, 1.232859942E-01, 8.014111078E-02, 3.830063922E-04, 7.697431554E-04, 5.127986216E-03,-6.169801590E-03,-5.895944284E-05,-6.078547949E-03, 3.063137609E-03
       484, 4.999999929E+00, 1.273659511E-01, 2.048776862E-01, 2.610422238E-03, 5.257472047E-03, 5.139928416E-03,-3.888158064E-02,-1.005337705E-03,-1.088640313E-01, 1.838558306E-02
       485, 6.999999954E+00, 1.273659511E-01, 1.480353826E-01, 1.353912038E-03, 2.680065954E-03, 5.142432064E-03,-2.070769271E-02,-3.811852479E-04,-4.009617077E-02, 1.007745856E-02
       486, 8.999999951E+00, 1.273659530E-01, 1.155578777E-01, 8.232626732E-04, 1.615739369E-03, 5.137682115E-03,-1.272518953E-02,-1.817758659E-04,-1.891788618E-02, 6.261382700E-03
       487, 1.099999988E+01, 1.273659511E-01, 9.466035515E-02, 5.521238206E-04, 1.078125875E-03, 5.132642178E-03,-8.579260906E-03,-1.001266692E-04,-1.036613801E-02, 4.244292679E-03
       488, 1.299999997E+01, 1.273659511E-01, 8.011590097E-02, 3.954948315E-04, 7.697417663E-04, 5.128204461E-03,-6.163972765E-03,-6.085301644E-05,-6.276490882E-03, 3.058773491E-03
       489, 4.999999929E+00, 1.315049601E-01, 2.044205131E-01, 2.686100737E-03, 5.256606652E-03, 5.140960479E-03,-3.861211929E-02,-1.030755546E-03,-1.120003613E-01, 1.818570531E-02
       490, 6.999999954E+00, 1.315049601E-01, 1.478668487E-01, 1.395510369E-03, 2.679951277E-03, 5.143097736E-03,-2.063592479E-02,-3.922046516E-04,-4.132300442E-02, 1.002393466E-02
       491, 8.999999951E+00, 1.315049621E-01, 1.154783316E-01, 8.491370725E-04, 1.615716029E-03, 5.138123648E-03,-1.269872777E-02,-1.872922641E-04,-1.951083963E-02, 6.241604476E-03
       492, 1.099999988E+01, 1.315049601E-01, 9.461675927E-02, 5.696723044E-04, 1.078119911E-03, 5.132951785E-03,-8.567367482E-03,-1.032370717E-04,-1.069499199E-02, 4.235393579E-03
       493, 1.299999997E+01, 1.315049601E-01, 8.008950163E-02, 4.081455319E-04, 7.697400661E-04, 5.128431993E-03,-6.157871024E-03,-6.276831033E-05,-6.476983809E-03, 3.054204992E-03
       494, 4.999999929E+00, 1.357038760E-01, 2.039435340E-01, 2.762018256E-03, 5.255624916E-03, 5.141988751E-03,-3.833166769E-02,-1.055878742E-03,-1.151459981E-01, 1.797781634E-02
       495, 6.999999954E+00, 1.357038760E-01, 1.476907016E-01, 1.437481081E-03, 2.679820568E-03, 5.143780506E-03,-2.056100871E-02,-4.032541456E-04,-4.256044169E-02, 9.968082056E-03
       496, 8.999999951E+00, 1.357038781E-01, 1.153951307E-01, 8.753010319E-04, 1.615689185E-03, 5.138580674E-03,-1.267107119E-02,-1.928510193E-04,-2.011028962E-02, 6.220937663E-03
       497, 1.099999988E+01, 1.357038760E-01, 9.457114306E-02, 5.874365489E-04, 1.078112939E-03, 5.133273582E-03,-8.554929265E-03,-1.063786350E-04,-1.102783411E-02, 4.226088246E-03
       498, 1.299999997E+01, 1.357038760E-01, 8.006187288E-02, 4.209597044E-04, 7.697380177E-04, 5.128669014E-03,-6.151487450E-03,-6.470529218E-05,-6.680043954E-03, 3.049426039E-03
       499, 4.999999929E+00, 1.399635659E-01, 2.034462352E-01, 2.838131424E-03, 5.254515792E-03, 5.143008095E-03,-3.804000871E-02,-1.080669263E-03,-1.182993296E-01, 1.776177327E-02
       500, 6.999999954E+00, 1.399635659E-01, 1.475067116E-01, 1.479816188E-03, 2.679672209E-03, 5.144479519E-03,-2.048285917E-02,-4.143268709E-04,-4.380824289E-02, 9.909839384E-03
       501, 8.999999951E+00, 1.399635680E-01, 1.153081580E-01, 9.017536694E-04, 1.615658468E-03, 5.139053175E-03,-1.264218384E-02,-1.984505499E-04,-2.071620924E-02, 6.199355588E-03
       502, 1.099999988E+01, 1.399635659E-01, 9.452344018E-02, 6.054173646E-04, 1.078104847E-03, 5.133607739E-03,-8.541929038E-03,-1.095509827E-04,-1.136467597E-02, 4.216363733E-03
       503, 1.299999997E+01, 1.399635659E-01, 8.003297368E-02, 4.339385190E-04, 7.697355808E-04, 5.128915720E-03,-6.144812889E-03,-6.666391194E-05,-6.885687814E-03, 3.044429641E-03
       504, 4.999999929E+00, 1.442849094E-01, 2.029280988E-01, 2.914394461E-03, 5.253267480E-03, 5.144012895E-03,-3.773692895E-02,-1.105087507E-03,-1.214586777E-01, 1.753743720E-02
       505, 6.999999954E+00, 1.442849094E-01, 1.473146441E-01, 1.522506982E-03, 2.679504454E-03, 5.145193787E-03,-2.040138992E-02,-4.254155679E-04,-4.506614994E-02, 9.849145423E-03
       506, 8.999999951E+00, 1.442849115E-01, 1.152172940E-01, 9.284938472E-04, 1.615623480E-03, 5.139541095E-03,-1.261202905E-02,-2.040891497E-04,-2.132856601E-02, 6.176831575E-03
       507, 1.099999988E+01, 1.442849094E-01, 9.447358246E-02, 6.236154597E-04, 1.078095515E-03, 5.133954410E-03,-8.528349170E-03,-1.127536937E-04,-1.170552729E-02, 4.206207135E-03
       508, 1.299999997E+01, 1.442849094E-01, 8.000276184E-02, 4.470831026E-04, 7.697327114E-04, 5.129172306E-03,-6.137837947E-03,-6.864410084E-05,-7.093931398E-03, 3.039208930E-03
       509, 4.999999929E+00, 1.486687988E-01, 2.023886032E-01, 2.990759107E-03, 5.251867389E-03, 5.144997033E-03,-3.742221922E-02,-1.129092278E-03,-1.246222985E-01, 1.730467372E-02
       510, 6.999999954E+00, 1.486687988E-01, 1.471142604E-01, 1.565544007E-03, 2.679315424E-03, 5.145922182E-03,-2.031651387E-02,-4.365125683E-04,-4.633388577E-02, 9.785938316E-03
       511, 8.999999951E+00, 1.486688010E-01, 1.151224162E-01, 9.555201574E-04, 1.615583788E-03, 5.140044327E-03,-1.258056945E-02,-2.097649835E-04,-2.194732190E-02, 6.153338421E-03
       512, 1.099999988E+01, 1.486687988E-01, 9.442149993E-02, 6.420314333E-04, 1.078084812E-03, 5.134313735E-03,-8.514171617E-03,-1.159862999E-04,-1.205039582E-02, 4.195605128E-03
       513, 1.299999997E+01, 1.486687988E-01, 7.997119400E-02, 4.603945357E-04, 7.697293621E-04, 5.129438961E-03,-6.130552989E-03,-7.064576983E-05,-7.304790137E-03, 3.033756779E-03
       514, 4.999999929E+00, 1.531161394E-01, 2.018272240E-01, 3.067174553E-03, 5.250302107E-03, 5.145953860E-03,-3.709567507E-02,-1.152640784E-03,-1.277883826E-01, 1.706335284E-02
       515, 6.999999954E+00, 1.531161394E-01, 1.469053168E-01, 1.608917026E-03, 2.679103100E-03, 5.146663422E-03,-2.022814308E-02,-4.476097793E-04,-4.761115372E-02, 9.720155831E-03
       516, 8.999999951E+00, 1.531161417E-01, 1.150233990E-01, 9.828309087E-04, 1.615538927E-03, 5.140562715E-03,-1.254776699E-02,-2.154760824E-04,-2.257243285E-02, 6.128848581E-03
       517, 1.099999988E+01, 1.531161394E-01, 9.436712074E-02, 6.606657687E-04, 1.078072596E-03, 5.134685834E-03,-8.499377918E-03,-1.192482832E-04,-1.239928717E-02, 4.184544166E-03
       518, 1.299999997E+01, 1.531161394E-01, 7.993822556E-02, 4.738738488E-04, 7.697254811E-04, 5.129715866E-03,-6.122948135E-03,-7.266880889E-05,-7.518278512E-03, 3.028065896E-03
       519, 4.999999929E+00, 1.576278496E-01, 2.012434336E-01, 3.143587379E-03, 5.248557366E-03, 5.146876170E-03,-3.675709739E-02,-1.175688617E-03,-1.309550563E-01, 1.681335097E-02
       520, 6.999999954E+00, 1.576278496E-01, 1.466875652E-01, 1.652614986E-03, 2.678865313E-03, 5.147416063E-03,-2.013618892E-02,-4.586986641E-04,-4.889763686E-02, 9.651735339E-03
       521, 8.999999951E+00, 1.576278520E-01, 1.149201138E-01, 1.010424112E-03, 1.615488392E-03, 5.141096048E-03,-1.251358289E-02,-2.212203389E-04,-2.320384807E-02, 6.103333942E-03
       522, 1.099999988E+01, 1.576278496E-01, 9.431037118E-02, 6.795188266E-04, 1.078058715E-03, 5.135070808E-03,-8.483949192E-03,-1.225390734E-04,-1.275220454E-02, 4.173010400E-03
       523, 1.299999997E+01, 1.576278496E-01, 7.990381070E-02, 4.875220187E-04, 7.697210123E-04, 5.130003198E-03,-6.115013255E-03,-7.471308669E-05,-7.734409840E-03, 3.022128760E-03
       524, 4.999999929E+00, 1.622048611E-01, 2.006367029E-01, 3.219941494E-03, 5.246618013E-03, 5.147756172E-03,-3.640629295E-02,-1.198189805E-03,-1.341203819E-01, 1.655454764E-02
       525, 6.999999954E+00, 1.622048611E-01, 1.464607531E-01, 1.696625988E-03, 2.678599734E-03, 5.148178486E-03,-2.004056214E-02,-4.697702270E-04,-5.019299764E-02, 9.580614046E-03
       526, 8.999999951E+00, 1.622048635E-01, 1.148124293E-01, 1.038297466E-03, 1.615431643E-03, 5.141644054E-03,-1.247797773E-02,-2.269955004E-04,-2.384150978E-02, 6.076765818E-03
       527, 1.099999988E+01, 1.622048611E-01, 9.425117559E-02, 6.985908379E-04, 1.078043004E-03, 5.135468734E-03,-8.467866139E-03,-1.258580461E-04,-1.310914859E-02, 4.160989663E-03
       528, 1.299999997E+01, 1.622048611E-01, 7.986790232E-02, 5.013399645E-04, 7.697158953E-04, 5.130301124E-03,-6.106737966E-03,-7.677844900E-05,-7.953196428E-03, 3.015937678E-03
       529, 4.999999929E+00, 1.668481190E-01, 2.000065010E-01, 3.296178057E-03, 5.244467974E-03, 5.148585460E-03,-3.604307503E-02,-1.220096625E-03,-1.372823588E-01, 1.628683672E-02
       530, 6.999999954E+00, 1.668481190E-01, 1.462246235E-01, 1.740937249E-03, 2.678303868E-03, 5.148948886E-03,-1.994117295E-02,-4.808150058E-04,-5.149687754E-02, 9.506729164E-03
       531, 8.999999951E+00, 1.668481215E-01, 1.147002108E-01, 1.066448339E-03, 1.615368096E-03, 5.142206396E-03,-1.244091138E-02,-2.327991618E-04,-2.448535331E-02, 6.049115113E-03
       532, 1.099999988E+01, 1.668481190E-01, 9.418945635E-02, 7.178818959E-04, 1.078025284E-03, 5.135879667E-03,-8.451109034E-03,-1.292045199E-04,-1.347011755E-02, 4.148467475E-03
       533, 1.299999997E+01, 1.668481190E-01, 7.983045206E-02, 5.153285443E-04, 7.697100644E-04, 5.130609802E-03,-6.098111626E-03,-7.886471725E-05,-8.174649852E-03, 3.009484810E-03
       534, 4.999999929E+00, 1.715585821E-01, 1.993522963E-01, 3.372235459E-03, 5.242090225E-03, 5.149354989E-03,-3.566726402E-02,-1.241360054E-03,-1.404389254E-01, 1.601009255E-02
       535, 6.999999954E+00, 1.715585821E-01, 1.459789148E-01, 1.785535076E-03, 2.677975045E-03, 5.149725260E-03,-1.983793112E-02,-4.918230635E-04,-5.280889664E-02, 9.430017871E-03
       536, 8.999999951E+00, 1.715585846E-01, 1.145833206E-01, 1.094873756E-03, 1.615297123E-03, 5.142782665E-03,-1.240234309E-02,-2.386287601E-04,-2.513530725E-02, 6.020352464E-03
       537, 1.099999988E+01, 1.715585821E-01, 9.412513387E-02, 7.373919488E-04, 1.078005363E-03, 5.136303633E-03,-8.433657723E-03,-1.325777538E-04,-1.383510709E-02, 4.135429070E-03
       538, 1.299999997E+01, 1.715585821E-01, 7.979141021E-02, 5.294885503E-04, 7.697034487E-04, 5.130929381E-03,-6.089123334E-03,-8.097168674E-05,-8.398780857E-03, 3.002762156E-03
       539, 4.999999929E+00, 1.763372232E-01, 1.986735570E-01, 3.448049097E-03, 5.239466760E-03, 5.150055043E-03,-3.527868800E-02,-1.261928346E-03,-1.435879602E-01, 1.572425866E-02
       540, 6.999999954E+00, 1.763372232E-01, 1.457233615E-01, 1.830404821E-03, 2.677610408E-03, 5.150505391E-03,-1.973074609E-02,-5.027839723E-04,-5.412865295E-02, 9.350417399E-03
       541, 8.999999951E+00, 1.763372258E-01, 1.144616181E-01, 1.123570381E-03, 1.615218048E-03, 5.143372380E-03,-1.236223145E-02,-2.444815695E-04,-2.579129286E-02, 5.990448177E-03
       542, 1.099999988E+01, 1.763372232E-01, 9.405812652E-02, 7.571207914E-04, 1.077983033E-03, 5.136740627E-03,-8.415491625E-03,-1.359769446E-04,-1.420411015E-02, 4.121859422E-03
       543, 1.299999997E+01, 1.763372232E-01, 7.975072572E-02, 5.438207054E-04, 7.696959717E-04, 5.131259997E-03,-6.079761926E-03,-8.309912570E-05,-8.625598926E-03, 2.995761498E-03
       544, 4.999999929E+00, 1.811850290E-01, 1.979697517E-01, 3.523551620E-03, 5.236578566E-03, 5.150675208E-03,-3.487718329E-02,-1.281749165E-03,-1.467272840E-01, 1.542919882E-02
       545, 6.999999954E+00, 1.811850290E-01, 1.454576934E-01, 1.875530852E-03, 2.677206904E-03, 5.151286840E-03,-1.961952705E-02,-5.136867921E-04,-5.545572194E-02, 9.267864761E-03
       546, 8.999999951E+00, 1.811850317E-01, 1.143349595E-01, 1.152534501E-03, 1.615130149E-03, 5.143974974E-03,-1.232053441E-02,-2.503546963E-04,-2.645322329E-02, 5.959372076E-03
       547, 1.099999988E+01, 1.811850290E-01, 9.398835063E-02, 7.770680571E-04, 1.077958071E-03, 5.137190616E-03,-8.396589737E-03,-1.394012235E-04,-1.457711658E-02, 4.107743219E-03
       548, 1.299999997E+01, 1.811850290E-01, 7.970834618E-02, 5.583256581E-04, 7.696875507E-04, 5.131601772E-03,-6.070015975E-03,-8.524677501E-05,-8.855112027E-03, 2.988474383E-03
       549, 4.999999929E+00, 1.861030006E-01, 1.972403504E-01, 3.598672929E-03, 5.233405587E-03, 5.151204343E-03,-3.446259525E-02,-1.300771547E-03,-1.498546603E-01, 1.512484293E-02
       550, 6.999999954E+00, 1.861030006E-01, 1.451816364E-01, 1.920896514E-03, 2.676761276E-03, 5.152066928E-03,-1.950418312E-02,-5.245200607E-04,-5.678965627E-02, 9.182298072E-03
       551, 8.999999951E+00, 1.861030034E-01, 1.142031976E-01, 1.181762010E-03, 1.615032646E-03, 5.144589794E-03,-1.227720933E-02,-2.562450716E-04,-2.712100334E-02, 5.927093462E-03
       552, 1.099999988E+01, 1.861030006E-01, 9.391572044E-02, 7.972332086E-04, 1.077930236E-03, 5.137653527E-03,-8.376930626E-03,-1.428496536E-04,-1.495411306E-02, 4.093064827E-03
       553, 1.299999997E+01, 1.861030006E-01, 7.966421777E-02, 5.730039777E-04, 7.696780967E-04, 5.131954817E-03,-6.059873783E-03,-8.741434631E-05,-9.087326792E-03, 2.980892179E-03
       554, 4.999999929E+00, 1.910921536E-01, 1.964848251E-01, 3.673339449E-03, 5.229926705E-03, 5.151630550E-03,-3.403477885E-02,-1.318936879E-03,-1.529677985E-01, 1.481115380E-02
       555, 6.999999954E+00, 1.910921536E-01, 1.448949126E-01, 1.966484098E-03, 2.676270051E-03, 5.152842723E-03,-1.938462345E-02,-5.352717797E-04,-5.812998552E-02, 9.093654136E-03
       556, 8.999999951E+00, 1.910921564E-01, 1.140661825E-01, 1.211248385E-03, 1.614924708E-03, 5.145216092E-03,-1.223221299E-02,-2.621494420E-04,-2.779452956E-02, 5.893581326E-03
       557, 1.099999988E+01, 1.910921536E-01, 9.384014806E-02, 8.176155294E-04, 1.077899270E-03, 5.138129251E-03,-8.356492437E-03,-1.463212279E-04,-1.533508317E-02, 4.077808307E-03
       558, 1.299999997E+01, 1.910921536E-01, 7.961828525E-02, 5.878561495E-04, 7.696675137E-04, 5.132319224E-03,-6.049323377E-03,-8.960152018E-05,-9.322248830E-03, 2.973006104E-03
       559, 4.999999929E+00, 1.961535182E-01, 1.957026503E-01, 3.747474582E-03, 5.226119712E-03, 5.151941146E-03,-3.359359922E-02,-1.336186821E-03,-1.560643585E-01, 1.448801413E-02
       560, 6.999999954E+00, 1.961535182E-01, 1.445972397E-01, 2.012274787E-03, 2.675729529E-03, 5.153611023E-03,-1.926075734E-02,-5.459294267E-04,-5.947621601E-02, 9.001875388E-03
       561, 8.999999951E+00, 1.961535212E-01, 1.139237608E-01, 1.240988675E-03, 1.614805440E-03, 5.145853020E-03,-1.218550160E-02,-2.680643663E-04,-2.847369050E-02, 5.858804457E-03
       562, 1.099999988E+01, 1.961535182E-01, 9.376154350E-02, 8.382141137E-04, 1.077864896E-03, 5.138617637E-03,-8.335252884E-03,-1.498148649E-04,-1.572000731E-02, 4.061957442E-03
       563, 1.299999997E+01, 1.961535182E-01, 7.957049194E-02, 6.028825702E-04, 7.696556982E-04, 5.132695067E-03,-6.038352512E-03,-9.180794402E-05,-9.559882619E-03, 2.964807216E-03
       564, 4.999999929E+00, 2.012881397E-01, 1.948933043E-01, 3.820998871E-03, 5.221961287E-03, 5.152122637E-03,-3.313893237E-02,-1.352465039E-03,-1.591419500E-01, 1.415540358E-02
       565, 6.999999954E+00, 2.012881397E-01, 1.442883320E-01, 2.058248655E-03, 2.675135772E-03, 5.154368345E-03,-1.913249435E-02,-5.564798764E-04,-6.082783013E-02, 8.906886953E-03
       566, 8.999999951E+00, 2.012881427E-01, 1.137757761E-01, 1.270977476E-03, 1.614673889E-03, 5.146499618E-03,-1.213703083E-02,-2.739862052E-04,-2.915836601E-02, 5.822731562E-03
       567, 1.099999988E+01, 2.012881397E-01, 9.367981455E-02, 8.590278574E-04, 1.077826814E-03, 5.139118487E-03,-8.313189263E-03,-1.533294062E-04,-1.610886244E-02, 4.045495764E-03
       568, 1.299999997E+01, 2.012881397E-01, 7.952077964E-02, 6.180835425E-04, 7.696425392E-04, 5.133082401E-03,-6.026948670E-03,-9.403323089E-05,-9.800231009E-03, 2.956286345E-03
       569, 4.999999929E+00, 2.064970782E-01, 1.940562696E-01, 3.893829610E-03, 5.217426977E-03, 5.152160686E-03,-3.267066575E-02,-1.367710411E-03,-1.621981359E-01, 1.381326753E-02
       570, 6.999999954E+00, 2.064970782E-01, 1.439678999E-01, 2.104384495E-03, 2.674484596E-03, 5.155110902E-03,-1.899974452E-02,-5.669096837E-04,-6.218428611E-02, 8.808660165E-03
       571, 8.999999951E+00, 2.064970813E-01, 1.136220689E-01, 1.301208917E-03, 1.614529031E-03, 5.147154812E-03,-1.208675583E-02,-2.799111298E-04,-2.984842652E-02, 5.785330730E-03
       572, 1.099999988E+01, 2.064970782E-01, 9.359486685E-02, 8.800554478E-04, 1.077784706E-03, 5.139631555E-03,-8.290278450E-03,-1.568636126E-04,-1.650162171E-02, 4.028406572E-03
       573, 1.299999997E+01, 2.064970782E-01, 7.946908869E-02, 6.334592693E-04, 7.696279171E-04, 5.133481260E-03,-6.015099055E-03,-9.627695933E-05,-1.004329494E-02, 2.947434069E-03
       574, 4.999999929E+00, 2.117814095E-01, 1.931910340E-01, 3.965880909E-03, 5.212491182E-03, 5.152040090E-03,-3.218869900E-02,-1.381861482E-03,-1.652304366E-01, 1.346157435E-02
       575, 6.999999954E+00, 2.117814095E-01, 1.436356506E-01, 2.150660057E-03, 2.673771555E-03, 5.155834592E-03,-1.886241845E-02,-5.772043368E-04,-6.354501812E-02, 8.707095947E-03
       576, 8.999999951E+00, 2.117814126E-01, 1.134624764E-01, 1.331676635E-03, 1.614369777E-03, 5.147817403E-03,-1.203463129E-02,-2.858350766E-04,-3.054373263E-02, 5.746570478E-03
       577, 1.099999988E+01, 2.117814095E-01, 9.350660378E-02, 9.012953533E-04, 1.077738228E-03, 5.140156543E-03,-8.266496911E-03,-1.604161613E-04,-1.689825438E-02, 4.010672748E-03
       578, 1.299999997E+01, 2.117814095E-01, 7.941535787E-02, 6.490098479E-04, 7.696117033E-04, 5.133891653E-03,-6.002790592E-03,-9.853867102E-05,-1.028907363E-02, 2.938240787E-03
       579, 4.999999929E+00, 2.171422247E-01, 1.922970914E-01, 4.037063649E-03, 5.207127132E-03, 5.151744748E-03,-3.169294452E-02,-1.394855094E-03,-1.682363319E-01, 1.310030143E-02
       580, 6.999999954E+00, 2.171422247E-01, 1.432912878E-01, 2.197051971E-03, 2.672991935E-03, 5.156534980E-03,-1.872042752E-02,-5.873488729E-04,-6.490943582E-02, 8.602154279E-03
       581, 8.999999951E+00, 2.171422280E-01, 1.132968328E-01, 1.362373762E-03, 1.614194960E-03, 5.148486059E-03,-1.198061146E-02,-2.917538246E-04,-3.124413546E-02, 5.706415789E-03
       582, 1.099999988E+01, 2.171422247E-01, 9.341492651E-02, 9.227458119E-04, 1.077687012E-03, 5.140693095E-03,-8.241820700E-03,-1.639856437E-04,-1.729872592E-02, 3.992277214E-03
       583, 1.299999997E+01, 2.171422247E-01, 7.935952442E-02, 6.647352641E-04, 7.695937600E-04, 5.134313565E-03,-5.990009921E-03,-1.008178689E-04,-1.053756494E-02, 2.928696740E-03
       584, 4.999999929E+00, 2.225806310E-01, 1.913739427E-01, 4.107285469E-03, 5.201306887E-03, 5.151257641E-03,-3.118332816E-02,-1.406626851E-03,-1.712132653E-01, 1.272943916E-02
       585, 6.999999954E+00, 2.225806310E-01, 1.429345120E-01, 2.243535187E-03, 2.672140738E-03, 5.157207276E-03,-1.857368399E-02,-5.973282685E-04,-6.627692441E-02, 8.493798977E-03
       586, 8.999999951E+00, 2.225806343E-01, 1.131249690E-01, 1.393292869E-03, 1.614003337E-03, 5.149159308E-03,-1.192465017E-02,-2.976626826E-04,-3.194947672E-02, 5.664838438E-03
       587, 1.099999988E+01, 2.225806310E-01, 9.331973392E-02, 9.444048225E-04, 1.077630665E-03, 5.141240792E-03,-8.216225466E-03,-1.675705597E-04,-1.770299784E-02, 3.973201895E-03
       588, 1.299999997E+01, 2.225806310E-01, 7.930152398E-02, 6.806353864E-04, 7.695739392E-04, 5.134746950E-03,-5.976743400E-03,-1.031140136E-04,-1.078876524E-02, 2.918792067E-03
       589, 4.999999929E+00, 2.280977512E-01, 1.904210968E-01, 4.176450742E-03, 5.195001319E-03, 5.150560800E-03,-3.065978980E-02,-1.417111001E-03,-1.741586470E-01, 1.234898953E-02
       590, 6.999999954E+00, 2.280977512E-01, 1.425650210E-01, 2.290083451E-03, 2.671212670E-03, 5.157846324E-03,-1.842210123E-02,-6.071263716E-04,-6.764684458E-02, 8.381932049E-03
       591, 8.999999951E+00, 2.280977546E-01, 1.129467128E-01, 1.424425986E-03, 1.613793582E-03, 5.149835525E-03,-1.186670087E-02,-3.035572960E-04,-3.265958827E-02, 5.621805951E-03
       592, 1.099999988E+01, 2.280977512E-01, 9.322092261E-02, 9.662701268E-04, 1.077568767E-03, 5.141799149E-03,-8.189686459E-03,-1.711693173E-04,-1.811102752E-02, 3.953430593E-03
       593, 1.299999997E+01, 2.280977512E-01, 7.924129059E-02, 6.967099600E-04, 7.695520821E-04, 5.135191733E-03,-5.962977112E-03,-1.054265251E-04,-1.104266886E-02, 2.908516578E-03
       594, 4.999999929E+00, 2.336947247E-01, 1.894380715E-01, 4.244460555E-03, 5.188180115E-03, 5.149635288E-03,-3.012228393E-02,-1.426240569E-03,-1.770698580E-01, 1.195896723E-02
       595, 6.999999954E+00, 2.336947247E-01, 1.421825096E-01, 2.336669323E-03, 2.670202136E-03, 5.158446576E-03,-1.826559385E-02,-6.167264797E-04,-6.901853223E-02, 8.266531700E-03
       596, 8.999999951E+00, 2.336947282E-01, 1.127618891E-01, 1.455764670E-03, 1.613564284E-03, 5.150512927E-03,-1.180671669E-02,-3.094328480E-04,-3.337429132E-02, 5.577276785E-03
       597, 1.099999988E+01, 2.336947247E-01, 9.311838686E-02, 9.883392120E-04, 1.077500867E-03, 5.142367612E-03,-8.162178544E-03,-1.747802161E-04,-1.852276773E-02, 3.932939603E-03
       598, 1.299999997E+01, 2.336947247E-01, 7.917875666E-02, 7.129585988E-04, 7.695280187E-04, 5.135647806E-03,-5.948696856E-03,-1.077547747E-04,-1.129926776E-02, 2.897860159E-03
       599, 4.999999929E+00, 2.393727073E-01, 1.884243944E-01, 4.311212695E-03, 5.180811774E-03, 5.148461174E-03,-2.957078031E-02,-1.433947404E-03,-1.799442536E-01, 1.155939998E-02
       600, 6.999999954E+00, 2.393727073E-01, 1.417866703E-01, 2.383263845E-03, 2.669103218E-03, 5.159002078E-03,-1.810407793E-02,-6.261113529E-04,-7.039129854E-02, 8.147530721E-03
       601, 8.999999951E+00, 2.393727108E-01, 1.125703196E-01, 1.487299811E-03, 1.613313941E-03, 5.151189558E-03,-1.174465049E-02,-3.152834361E-04,-3.409339569E-02, 5.531230506E-03
       602, 1.099999988E+01, 2.393727073E-01, 9.301201865E-02, 1.010609240E-03, 1.077426485E-03, 5.142945548E-03,-8.133676209E-03,-1.784015011E-04,-1.893816657E-02, 3.911723645E-03
       603, 1.299999997E+01, 2.393727073E-01, 7.911385293E-02, 7.293807799E-04, 7.695015667E-04, 5.136115024E-03,-5.933888147E-03,-1.100981012E-04,-1.155855178E-02, 2.886811149E-03
       604, 4.999999929E+00, 2.451328714E-01, 1.873796039E-01, 4.376601651E-03, 5.172863613E-03, 5.147017511E-03,-2.900526463E-02,-1.440162251E-03,-1.827791674E-01, 1.115032921E-02
       605, 6.999999954E+00, 2.451328714E-01, 1.413771933E-01, 2.429836645E-03, 2.667909673E-03, 5.159506448E-03,-1.793747121E-02,-6.352630861E-04,-7.176443032E-02, 8.024882030E-03
       606, 8.999999951E+00, 2.451328750E-01, 1.123718230E-01, 1.519021566E-03, 1.613040954E-03, 5.151863284E-03,-1.168045488E-02,-3.211039539E-04,-3.481670059E-02, 5.483629704E-03
       607, 1.099999988E+01, 2.451328714E-01, 9.290170760E-02, 1.033077159E-03, 1.077345106E-03, 5.143532243E-03,-8.104153572E-03,-1.820312445E-04,-1.935716762E-02, 3.889747906E-03
       608, 1.299999997E+01, 2.451328714E-01, 7.904650848E-02, 7.459758250E-04, 7.694725311E-04, 5.136593202E-03,-5.918536218E-03,-1.124557410E-04,-1.182050896E-02, 2.875360403E-03
       609, 4.999999929E+00, 2.509764065E-01, 1.863032504E-01, 4.440518608E-03, 5.164301777E-03, 5.145282319E-03,-2.842573902E-02,-1.444814823E-03,-1.855719154E-01, 1.073181042E-02
       610, 6.999999954E+00, 2.509764065E-01, 1.409537668E-01, 2.476355863E-03, 2.666614914E-03, 5.159952856E-03,-1.776569325E-02,-6.441631613E-04,-7.313719022E-02, 7.898535246E-03
       611, 8.999999951E+00, 2.509764103E-01, 1.121662148E-01, 1.550919546E-03, 1.612743626E-03, 5.152531777E-03,-1.161408227E-02,-3.268889571E-04,-3.554399483E-02, 5.434436176E-03
       612, 1.099999988E+01, 2.509764065E-01, 9.278734100E-02, 1.055739670E-03, 1.077256183E-03, 5.144126894E-03,-8.073584383E-03,-1.856674117E-04,-1.977970974E-02, 3.867001100E-03
       613, 1.299999997E+01, 2.509764065E-01, 7.897665066E-02, 7.627429054E-04, 7.694407032E-04, 5.137082114E-03,-5.902626019E-03,-1.148269936E-04,-1.208512549E-02, 2.863497659E-03
       614, 4.999999929E+00, 2.569045194E-01, 1.851948973E-01, 4.502851459E-03, 5.155091251E-03, 5.143232561E-03,-2.783222264E-02,-1.447833886E-03,-1.883198006E-01, 1.030391357E-02
       615, 6.999999954E+00, 2.569045194E-01, 1.405160773E-01, 2.522788132E-03, 2.665212003E-03, 5.160334006E-03,-1.758866564E-02,-6.527924186E-04,-7.450881668E-02, 7.768443780E-03
       616, 8.999999951E+00, 2.569045233E-01, 1.119533080E-01, 1.582982728E-03, 1.612420153E-03, 5.153192509E-03,-1.154548497E-02,-3.326322831E-04,-3.627505610E-02, 5.383624976E-03
       617, 1.099999988E+01, 2.569045194E-01, 9.266880377E-02, 1.078592984E-03, 1.077159133E-03, 5.144728607E-03,-8.041942053E-03,-1.893079315E-04,-2.020572681E-02, 3.843472990E-03
       618, 1.299999997E+01, 2.569045194E-01, 7.890420511E-02, 7.796810826E-04, 7.694058601E-04, 5.137581486E-03,-5.886142228E-03,-1.172110896E-04,-1.235238505E-02, 2.851207201E-03
       619, 4.999999929E+00, 2.629184342E-01, 1.840541217E-01, 4.563484816E-03, 5.145195884E-03, 5.140844132E-03,-2.722475223E-02,-1.449147399E-03,-1.910201172E-01, 9.866723272E-03
       620, 6.999999954E+00, 2.629184342E-01, 1.400638098E-01, 2.569098529E-03, 2.663693637E-03, 5.160642113E-03,-1.740631219E-02,-6.611310476E-04,-7.587852398E-02, 7.634562345E-03
       621, 8.999999951E+00, 2.629184381E-01, 1.117329123E-01, 1.615199360E-03, 1.612068621E-03, 5.153842733E-03,-1.147461518E-02,-3.383277525E-04,-3.700965021E-02, 5.331159768E-03
       622, 1.099999988E+01, 2.629184342E-01, 9.254597844E-02, 1.101633036E-03, 1.077053332E-03, 5.145336385E-03,-8.009199662E-03,-1.929505579E-04,-2.063514738E-02, 3.819127294E-03
       623, 1.299999997E+01, 2.629184342E-01, 7.882909573E-02, 7.967892213E-04, 7.693677633E-04, 5.138090998E-03,-5.869069248E-03,-1.196069873E-04,-1.262226843E-02, 2.838483401E-03
       624, 4.999999929E+00, 2.690193927E-01, 1.828805160E-01, 4.622300035E-03, 5.134578414E-03, 5.138091841E-03,-2.660338265E-02,-1.448682494E-03,-1.936701546E-01, 9.420338896E-03
       625, 6.999999954E+00, 2.690193927E-01, 1.395966483E-01, 2.615250546E-03, 2.662052139E-03, 5.160868881E-03,-1.721855922E-02,-6.691585863E-04,-7.724550279E-02, 7.496848407E-03
       626, 8.999999951E+00, 2.690193968E-01, 1.115048347E-01, 1.647556985E-03, 1.611687004E-03, 5.154479479E-03,-1.140142509E-02,-3.439688474E-04,-3.774753076E-02, 5.277009076E-03
       627, 1.099999988E+01, 2.690193927E-01, 9.241874521E-02, 1.124855495E-03, 1.076938117E-03, 5.145949125E-03,-7.975329978E-03,-1.965929344E-04,-2.106789449E-02, 3.793958167E-03
       628, 1.299999997E+01, 2.690193927E-01, 7.875124464E-02, 8.140659510E-04, 7.693261585E-04, 5.138610275E-03,-5.851391204E-03,-1.220138069E-04,-1.289475381E-02, 2.825313257E-03
       629, 4.999999929E+00, 2.752086549E-01, 1.816736883E-01, 4.679175238E-03, 5.123200498E-03, 5.134949399E-03,-2.596818745E-02,-1.446365872E-03,-1.962672023E-01, 8.964873446E-03
       630, 6.999999954E+00, 2.752086549E-01, 1.391142757E-01, 2.661206052E-03, 2.660279445E-03, 5.161005488E-03,-1.702533572E-02,-6.768539323E-04,-7.860892072E-02, 7.355262123E-03
       631, 8.999999951E+00, 2.752086590E-01, 1.112688796E-01, 1.680042399E-03, 1.611273151E-03, 5.155099536E-03,-1.132586695E-02,-3.495487939E-04,-3.848843961E-02, 5.221140351E-03
       632, 1.099999988E+01, 2.752086549E-01, 9.228698187E-02, 1.148255622E-03, 1.076812783E-03, 5.146565612E-03,-7.940305466E-03,-2.002325858E-04,-2.150388587E-02, 3.767940368E-03
       633, 1.299999997E+01, 2.752086549E-01, 7.867057218E-02, 8.315097627E-04, 7.692807737E-04, 5.139138884E-03,-5.833091947E-03,-1.244306330E-04,-1.316981722E-02, 2.811681983E-03
       634, 4.999999929E+00, 2.814874987E-01, 1.804332642E-01, 4.733985347E-03, 5.111022753E-03, 5.131389408E-03,-2.531925938E-02,-1.442122994E-03,-1.988085533E-01, 8.500460813E-03
       635, 6.999999954E+00, 2.814874987E-01, 1.386163748E-01, 2.706925257E-03, 2.658367092E-03, 5.161042556E-03,-1.682657361E-02,-6.841953507E-04,-7.996792292E-02, 7.209766522E-03
       636, 8.999999951E+00, 2.814875029E-01, 1.110248484E-01, 1.712641635E-03, 1.610824787E-03, 5.155699439E-03,-1.124789312E-02,-3.550605184E-04,-3.923210728E-02, 5.163521981E-03
       637, 1.099999988E+01, 2.814874987E-01, 9.215056385E-02, 1.171828317E-03, 1.076676579E-03, 5.147184505E-03,-7.904098306E-03,-2.038669065E-04,-2.194303376E-02, 3.741055943E-03
       638, 1.299999997E+01, 2.814874987E-01, 7.858699688E-02, 8.491189728E-04, 7.692313194E-04, 5.139676333E-03,-5.814155062E-03,-1.268563650E-04,-1.344743229E-02, 2.797581700E-03
       639, 4.999999929E+00, 2.878572208E-01, 1.791588876E-01, 4.786602198E-03, 5.098004802E-03, 5.127383356E-03,-2.465671081E-02,-1.435881081E-03,-2.012915084E-01, 8.027271219E-03
       640, 6.999999954E+00, 2.878572208E-01, 1.381026281E-01, 2.752366683E-03, 2.656306215E-03, 5.160970137E-03,-1.662220786E-02,-6.911604644E-04,-8.132163230E-02, 7.060327434E-03
       641, 8.999999951E+00, 2.878572251E-01, 1.107725403E-01, 1.745339937E-03, 1.610339507E-03, 5.156275459E-03,-1.116745614E-02,-3.604966583E-04,-3.997825244E-02, 5.104122624E-03
       642, 1.099999988E+01, 2.878572208E-01, 9.200936421E-02, 1.195568084E-03, 1.076528708E-03, 5.147804340E-03,-7.866680413E-03,-2.074931591E-04,-2.238524472E-02, 3.713284749E-03
       643, 1.299999997E+01, 2.878572208E-01, 7.850043545E-02, 8.668916774E-04, 7.691774866E-04, 5.140222062E-03,-5.794563877E-03,-1.292898971E-04,-1.372756970E-02, 2.782998565E-03
       644, 4.999999929E+00, 2.943191364E-01, 1.778502215E-01, 4.836894650E-03, 5.084105323E-03, 5.122901607E-03,-2.398073102E-02,-1.427561915E-03,-2.037140038E-01, 7.545446856E-03
       645, 6.999999954E+00, 2.943191364E-01, 1.375727182E-01, 2.797487127E-03, 2.654087527E-03, 5.160777687E-03,-1.641217683E-02,-6.977262440E-04,-8.266914991E-02, 6.906913668E-03
       646, 8.999999951E+00, 2.943191408E-01, 1.105117517E-01, 1.778121733E-03, 1.609814767E-03, 5.156823585E-03,-1.108450880E-02,-3.658495529E-04,-4.072658102E-02, 5.042911282E-03
       647, 1.099999988E+01, 2.943191364E-01, 9.186325364E-02, 1.219469030E-03, 1.076368322E-03, 5.148423511E-03,-7.828023469E-03,-2.111084694E-04,-2.283041914E-02, 3.684607319E-03
       648, 1.299999997E+01, 2.943191364E-01, 7.841080278E-02, 8.848257639E-04, 7.691189461E-04, 5.140775442E-03,-5.774301464E-03,-1.317300451E-04,-1.401019670E-02, 2.767920911E-03
       649, 4.999999929E+00, 3.008745801E-01, 1.765069493E-01, 4.884728213E-03, 5.069282101E-03, 5.117913396E-03,-2.329134962E-02,-1.417091004E-03,-2.060719998E-01, 7.055135541E-03
       650, 6.999999954E+00, 3.008745801E-01, 1.370263287E-01, 2.842241629E-03, 2.651701320E-03, 5.160454045E-03,-1.619642251E-02,-7.038690184E-04,-8.400955575E-02, 6.749497435E-03
       651, 8.999999951E+00, 3.008745846E-01, 1.102422766E-01, 1.810970609E-03, 1.609247882E-03, 5.157339513E-03,-1.099900422E-02,-3.711112385E-04,-4.147678599E-02, 4.979857172E-03
       652, 1.099999988E+01, 3.008745801E-01, 9.171210049E-02, 1.243524838E-03, 1.076194522E-03, 5.149040270E-03,-7.788098940E-03,-2.147098234E-04,-2.327845112E-02, 3.655003731E-03
       653, 1.299999997E+01, 3.008745801E-01, 7.831801188E-02, 9.029188969E-04, 7.690553473E-04, 5.141335770E-03,-5.753350642E-03,-1.341755647E-04,-1.429527742E-02, 2.752336274E-03
       654, 4.999999929E+00, 3.075249055E-01, 1.751287764E-01, 4.929965467E-03, 5.053492117E-03, 5.112386840E-03,-2.258875918E-02,-1.404396610E-03,-2.083627180E-01, 6.556549946E-03
       655, 6.999999954E+00, 3.075249055E-01, 1.364631439E-01, 2.886583446E-03, 2.649137450E-03, 5.159987414E-03,-1.597489072E-02,-7.095644946E-04,-8.534190980E-02, 6.588054665E-03
       656, 8.999999951E+00, 3.075249101E-01, 1.099639068E-01, 1.843869284E-03, 1.608636017E-03, 5.157818628E-03,-1.091089595E-02,-3.762734377E-04,-4.222854796E-02, 4.914930070E-03
       657, 1.099999988E+01, 3.075249055E-01, 9.155577077E-02, 1.267728759E-03, 1.076006352E-03, 5.149652713E-03,-7.746878097E-03,-2.182940642E-04,-2.372922871E-02, 3.624454081E-03
       658, 1.299999997E+01, 3.075249055E-01, 7.822197393E-02, 9.211685106E-04, 7.689863172E-04, 5.141902260E-03,-5.731693981E-03,-1.366251382E-04,-1.458277332E-02, 2.736232350E-03
       659, 4.999999929E+00, 3.142714859E-01, 1.737154308E-01, 4.972466213E-03, 5.036691628E-03, 5.106288943E-03,-2.187327588E-02,-1.389406138E-03,-2.105856373E-01, 6.049927017E-03
       660, 6.999999954E+00, 3.142714859E-01, 1.358828497E-01, 2.930464019E-03, 2.646385331E-03, 5.159365337E-03,-1.574753135E-02,-7.147877750E-04,-8.666525288E-02, 6.422565063E-03
       661, 8.999999951E+00, 3.142714906E-01, 1.096764320E-01, 1.876799579E-03, 1.607976184E-03, 5.158255991E-03,-1.082013802E-02,-3.813275563E-04,-4.298153579E-02, 4.848100619E-03
       662, 1.099999988E+01, 3.142714859E-01, 9.139412818E-02, 1.292073590E-03, 1.075802803E-03, 5.150258773E-03,-7.704332036E-03,-2.218578861E-04,-2.418263379E-02, 3.592938394E-03
       663, 1.299999997E+01, 3.142714859E-01, 7.812259821E-02, 9.395717982E-04, 7.689114590E-04, 5.142474043E-03,-5.709313813E-03,-1.390773743E-04,-1.487264308E-02, 2.719596660E-03
       664, 4.999999929E+00, 3.211157144E-01, 1.722666644E-01, 5.012087625E-03, 5.018836206E-03, 5.099585582E-03,-2.114503569E-02,-1.372045318E-03,-2.127372339E-01, 5.535519181E-03
       665, 6.999999954E+00, 3.211157144E-01, 1.352851339E-01, 2.973832954E-03, 2.643433930E-03, 5.158574678E-03,-1.551429856E-02,-7.195133520E-04,-8.797860727E-02, 6.253012068E-03
       666, 8.999999951E+00, 3.211157192E-01, 1.093796396E-01, 1.909742399E-03, 1.607265234E-03, 5.158646322E-03,-1.072668505E-02,-3.862646817E-04,-4.373540603E-02, 4.779340287E-03
       667, 1.099999988E+01, 3.211157144E-01, 9.122703412E-02, 1.316551658E-03, 1.075582800E-03, 5.150856211E-03,-7.660431714E-03,-2.253978310E-04,-2.463854180E-02, 3.560436785E-03
       668, 1.299999997E+01, 3.211157144E-01, 7.801979214E-02, 9.581257016E-04, 7.688303506E-04, 5.143050156E-03,-5.686192246E-03,-1.415308050E-04,-1.516484185E-02, 2.702416563E-03
       669, 4.999999929E+00, 3.280590044E-01, 1.707822538E-01, 5.048684240E-03, 4.999880853E-03, 5.092241527E-03,-2.040428473E-02,-1.352235638E-03,-2.148142594E-01, 5.013549915E-03
       670, 6.999999954E+00, 3.280590044E-01, 1.346696866E-01, 3.016637990E-03, 2.640271759E-03, 5.157601597E-03,-1.527515109E-02,-7.237151054E-04,-8.928097729E-02, 6.079383017E-03
       671, 8.999999951E+00, 3.280590093E-01, 1.090733154E-01, 1.942677704E-03, 1.606499854E-03, 5.158983985E-03,-1.063049230E-02,-3.910755809E-04,-4.448980219E-02, 4.708621156E-03
       672, 1.099999988E+01, 3.280590044E-01, 9.105434774E-02, 1.341154806E-03, 1.075345210E-03, 5.151442604E-03,-7.615147983E-03,-2.289102835E-04,-2.509682131E-02, 3.526929409E-03
       673, 1.299999997E+01, 3.280590044E-01, 7.791346123E-02, 9.768269003E-04, 7.687425437E-04, 5.143629541E-03,-5.662311172E-03,-1.439838868E-04,-1.545932082E-02, 2.684679176E-03
       674, 4.999999929E+00, 3.351027897E-01, 1.692620020E-01, 5.082107770E-03, 4.979780106E-03, 5.084220458E-03,-1.965128729E-02,-1.329905504E-03,-2.168146393E-01, 4.484274952E-03
       675, 6.999999954E+00, 3.351027897E-01, 1.340362007E-01, 3.058824977E-03, 2.636886873E-03, 5.156431536E-03,-1.503005250E-02,-7.273663237E-04,-9.057135052E-02, 5.901669601E-03
       676, 8.999999951E+00, 3.351027947E-01, 1.087572431E-01, 1.975584480E-03, 1.605676557E-03, 5.159262972E-03,-1.053151582E-02,-3.957506941E-04,-4.524435460E-02, 4.635915877E-03
       677, 1.099999988E+01, 3.351027897E-01, 9.087592594E-02, 1.365874369E-03, 1.075088832E-03, 5.152015338E-03,-7.568451624E-03,-2.323914685E-04,-2.555733392E-02, 3.492396407E-03
       678, 1.299999997E+01, 3.351027897E-01, 7.780350911E-02, 9.956717994E-04, 7.686475624E-04, 5.144211034E-03,-5.637652270E-03,-1.464349972E-04,-1.575602748E-02, 2.666371520E-03
       679, 4.999999929E+00, 3.422485248E-01, 1.677057390E-01, 5.112207630E-03, 4.958488142E-03, 5.075484980E-03,-1.888632816E-02,-1.304983238E-03,-2.187359091E-01, 3.947994776E-03
       680, 6.999999954E+00, 3.422485248E-01, 1.333843725E-01, 3.100337859E-03, 2.633266863E-03, 5.155049191E-03,-1.477897145E-02,-7.304397368E-04,-9.184869915E-02, 5.719868197E-03
       681, 8.999999951E+00, 3.422485299E-01, 1.084312051E-01, 2.008440713E-03, 1.604791679E-03, 5.159476885E-03,-1.042971253E-02,-4.002801263E-04,-4.599868109E-02, 4.561198028E-03
       682, 1.099999988E+01, 3.422485248E-01, 9.069162344E-02, 1.390701164E-03, 1.074812395E-03, 5.152571594E-03,-7.520313366E-03,-2.358374482E-04,-2.601993453E-02, 3.456817959E-03
       683, 1.299999997E+01, 3.422485248E-01, 7.768983751E-02, 1.014656519E-03, 7.685449011E-04, 5.144793363E-03,-5.612197011E-03,-1.488824303E-04,-1.605490625E-02, 2.647480624E-03
       684, 4.999999929E+00, 3.494976853E-01, 1.661133232E-01, 5.138830909E-03, 4.935958888E-03, 5.065996640E-03,-1.810971518E-02,-1.277397579E-03,-2.205756514E-01, 3.405008758E-03
       685, 6.999999954E+00, 3.494976853E-01, 1.327139019E-01, 3.141118653E-03, 2.629398857E-03, 5.153438500E-03,-1.452188184E-02,-7.329075434E-04,-9.311198122E-02, 5.533979915E-03
       686, 8.999999951E+00, 3.494976905E-01, 1.080949822E-01, 2.041223365E-03, 1.603841373E-03, 5.159618917E-03,-1.032504028E-02,-4.046536466E-04,-4.675238784E-02, 4.484442465E-03
       687, 1.099999988E+01, 3.494976853E-01, 9.050129282E-02, 1.415625466E-03, 1.074514557E-03, 5.153108338E-03,-7.470703922E-03,-2.392441161E-04,-2.648447126E-02, 3.420174341E-03
       688, 1.299999997E+01, 3.494976853E-01, 7.757234627E-02, 1.033776883E-03, 7.684340240E-04, 5.145375138E-03,-5.585926681E-03,-1.513243922E-04,-1.635589825E-02, 2.627993504E-03
       689, 4.999999929E+00, 3.568517682E-01, 1.644846425E-01, 5.161822554E-03, 4.912146151E-03, 5.055715952E-03,-1.732177950E-02,-1.247078513E-03,-2.223315008E-01, 2.855639834E-03
       690, 6.999999954E+00, 3.568517682E-01, 1.320244932E-01, 3.181107437E-03, 2.625269516E-03, 5.151582620E-03,-1.425876311E-02,-7.347414124E-04,-9.436014148E-02, 5.344010515E-03
       691, 8.999999951E+00, 3.568517735E-01, 1.077483539E-01, 2.073908347E-03, 1.602821605E-03, 5.159681841E-03,-1.021745800E-02,-4.088606886E-04,-4.750506896E-02, 4.405625289E-03
       692, 1.099999988E+01, 3.568517682E-01, 9.030478453E-02, 1.440636989E-03, 1.074193901E-03, 5.153622310E-03,-7.419594031E-03,-2.426071938E-04,-2.695078523E-02, 3.382446068E-03
       693, 1.299999997E+01, 3.568517682E-01, 7.745093333E-02, 1.053028407E-03, 7.683143626E-04, 5.145954843E-03,-5.558822397E-03,-1.537589992E-04,-1.665894057E-02, 2.607897015E-03
       694, 4.999999929E+00, 3.643122920E-01, 1.628196154E-01, 5.181025525E-03, 4.887003743E-03, 5.044602427E-03,-1.652287578E-02,-1.213957412E-03,-2.240011483E-01, 2.300225537E-03
       695, 6.999999954E+00, 3.643122920E-01, 1.313158556E-01, 3.220242335E-03, 2.620865039E-03, 5.149463908E-03,-1.398960049E-02,-7.359124883E-04,-9.559211227E-02, 5.149970569E-03
       696, 8.999999951E+00, 3.643122975E-01, 1.073910986E-01, 2.106470498E-03, 1.601728141E-03, 5.159657985E-03,-1.010692577E-02,-4.128903515E-04,-4.825630579E-02, 4.324723608E-03
       697, 1.099999988E+01, 3.643122920E-01, 9.010194700E-02, 1.465724872E-03, 1.073848931E-03, 5.154110013E-03,-7.366954505E-03,-2.459222259E-04,-2.741871010E-02, 3.343613857E-03
       698, 1.299999997E+01, 3.643122920E-01, 7.732549474E-02, 1.072406286E-03, 7.681853147E-04, 5.146530835E-03,-5.530865117E-03,-1.561842799E-04,-1.696396576E-02, 2.587177820E-03
       699, 4.999999929E+00, 3.718807975E-01, 1.611181919E-01, 5.196280947E-03, 4.860485629E-03, 5.032614598E-03,-1.571338253E-02,-1.177967472E-03,-2.255823437E-01, 1.739124764E-03
       700, 6.999999954E+00, 3.718807975E-01, 1.305877034E-01, 3.258459503E-03, 2.616171161E-03, 5.147063906E-03,-1.371438529E-02,-7.363914276E-04,-9.680681499E-02, 4.951875934E-03
       701, 8.999999951E+00, 3.718808030E-01, 1.070229940E-01, 2.138883554E-03, 1.600556553E-03, 5.159539219E-03,-9.993404927E-03,-4.167313959E-04,-4.900566683E-02, 4.241715491E-03
       702, 1.099999988E+01, 3.718807975E-01, 8.989262664E-02, 1.490877657E-03, 1.073478070E-03, 5.154567698E-03,-7.312756270E-03,-2.491845785E-04,-2.788807202E-02, 3.303658567E-03
       703, 1.299999997E+01, 3.718807975E-01, 7.719592465E-02, 1.091905379E-03, 7.680462427E-04, 5.147101326E-03,-5.502035650E-03,-1.585981704E-04,-1.727090221E-02, 2.565822544E-03
       704, 4.999999929E+00, 3.795588474E-01, 1.593803549E-01, 5.207428348E-03, 4.832546072E-03, 5.019710063E-03,-1.489370227E-02,-1.139043930E-03,-2.270728993E-01, 1.172717014E-03
       705, 6.999999954E+00, 3.795588474E-01, 1.298397571E-01, 3.295693130E-03, 2.611173157E-03, 5.144363324E-03,-1.343311512E-02,-7.361484425E-04,-9.800316178E-02, 4.749748142E-03
       706, 8.999999951E+00, 3.795588530E-01, 1.066438169E-01, 2.171120124E-03, 1.599302202E-03, 5.159316935E-03,-9.876858234E-03,-4.203722371E-04,-4.975270871E-02, 4.156580358E-03
       707, 1.099999988E+01, 3.795588474E-01, 8.967666796E-02, 1.516083271E-03, 1.073079656E-03, 5.154991355E-03,-7.256970397E-03,-2.523894370E-04,-2.835868999E-02, 3.262561257E-03
       708, 1.299999997E+01, 3.795588474E-01, 7.706211539E-02, 1.111520202E-03, 7.678964714E-04, 5.147664385E-03,-5.472314666E-03,-1.609985106E-04,-1.757967471E-02, 2.543817900E-03
       709, 4.999999929E+00, 3.873480273E-01, 1.576061212E-01, 5.214305834E-03, 4.803139793E-03, 5.005845518E-03,-1.406426167E-02,-1.097123833E-03,-2.284706941E-01, 6.013944165E-04
       710, 6.999999954E+00, 3.873480273E-01, 1.290717435E-01, 3.331875431E-03, 2.605855853E-03, 5.141342023E-03,-1.314579408E-02,-7.351533538E-04,-9.918005708E-02, 4.543614355E-03
       711, 8.999999951E+00, 3.873480330E-01, 1.062533439E-01, 2.203151667E-03, 1.597960242E-03, 5.158982028E-03,-9.757249925E-03,-4.238009474E-04,-5.049697717E-02, 4.069299374E-03
       712, 1.099999988E+01, 3.873480273E-01, 8.945391361E-02, 1.541329004E-03, 1.072651937E-03, 5.155376697E-03,-7.199568141E-03,-2.555318002E-04,-2.883037584E-02, 3.220303253E-03
       713, 1.299999997E+01, 3.873480273E-01, 7.692395738E-02, 1.131244909E-03, 7.677352871E-04, 5.148217921E-03,-5.441682722E-03,-1.633830380E-04,-1.789020438E-02, 2.521150672E-03
       714, 4.999999929E+00, 3.952499456E-01, 1.557955425E-01, 5.216750274E-03, 4.772222186E-03, 4.990976781E-03,-1.322551157E-02,-1.052146686E-03,-2.297736780E-01, 2.556890812E-05
       715, 6.999999954E+00, 3.952499456E-01, 1.282833965E-01, 3.366936648E-03, 2.600203629E-03, 5.137979003E-03,-1.285243302E-02,-7.333755578E-04,-1.003363986E-01, 4.333507164E-03
       716, 8.999999951E+00, 3.952499515E-01, 1.058513510E-01, 2.234948470E-03, 1.596525609E-03, 5.158524880E-03,-9.634545834E-03,-4.270052609E-04,-5.123800678E-02, 3.979855414E-03
       717, 1.099999988E+01, 3.952499456E-01, 8.922420445E-02, 1.566601493E-03, 1.072193071E-03, 5.155719148E-03,-7.140520998E-03,-2.586064768E-04,-2.930293399E-02, 3.176866322E-03
       718, 1.299999997E+01, 3.952499456E-01, 7.678133922E-02, 1.151073282E-03, 7.675619346E-04, 5.148759681E-03,-5.410120284E-03,-1.657493870E-04,-1.820240778E-02, 2.497807541E-03
       719, 4.999999929E+00, 4.032662342E-01, 1.539487063E-01, 5.214597575E-03, 4.739749571E-03, 4.975058791E-03,-1.237792699E-02,-1.004054876E-03,-2.309798759E-01,-5.543249283E-04
       720, 6.999999954E+00, 4.032662342E-01, 1.274744577E-01, 3.400805051E-03, 2.594200427E-03, 5.134252389E-03,-1.255304977E-02,-7.307841375E-04,-1.014710787E-01, 4.119463841E-03
       721, 8.999999951E+00, 4.032662402E-01, 1.054376147E-01, 2.266479625E-03, 1.594993021E-03, 5.157935340E-03,-9.508713522E-03,-4.299725773E-04,-5.197532037E-02, 3.888232808E-03
       722, 1.099999988E+01, 4.032662342E-01, 8.898737966E-02, 1.591886701E-03, 1.071701120E-03, 5.156013829E-03,-7.079800763E-03,-2.616080825E-04,-2.977616108E-02, 3.132232628E-03
       723, 1.299999997E+01, 4.032662342E-01, 7.663414768E-02, 1.170998717E-03, 7.673756166E-04, 5.149287236E-03,-5.377607747E-03,-1.680950911E-04,-1.851619645E-02, 2.473775050E-03
       724, 4.999999929E+00, 4.113985483E-01, 1.520657374E-01, 5.207682919E-03, 4.705679267E-03, 4.958045686E-03,-1.152200712E-02,-9.527932317E-04,-2.320873894E-01,-1.137843005E-03
       725, 6.999999954E+00, 4.113985483E-01, 1.266446769E-01, 3.433406942E-03, 2.587829770E-03, 5.130139417E-03,-1.224766947E-02,-7.273476377E-04,-1.025829852E-01, 3.901530377E-03
       726, 8.999999951E+00, 4.113985544E-01, 1.050119113E-01, 2.297713005E-03, 1.593356968E-03, 5.157202705E-03,-9.379722412E-03,-4.326899621E-04,-5.270842906E-02, 3.794417274E-03
       727, 1.099999988E+01, 4.113985483E-01, 8.874327682E-02, 1.617169896E-03, 1.071174048E-03, 5.156255543E-03,-7.017379581E-03,-2.645310379E-04,-3.024984594E-02, 3.086384669E-03
       728, 1.299999997E+01, 4.113985483E-01, 7.648226776E-02, 1.191014210E-03, 7.671754907E-04, 5.149797976E-03,-5.344125447E-03,-1.704175787E-04,-1.883147725E-02, 2.449039789E-03
       729, 4.999999929E+00, 4.196485673E-01, 1.501467985E-01, 5.195840961E-03, 4.669969607E-03, 4.939890953E-03,-1.065827633E-02,-8.983103891E-04,-2.330943968E-01,-1.724509448E-03
       730, 6.999999954E+00, 4.196485673E-01, 1.257938128E-01, 3.464666707E-03, 2.581074772E-03, 5.125616428E-03,-1.193632473E-02,-7.230351081E-04,-1.036710245E-01, 3.679766532E-03
       731, 8.999999951E+00, 4.196485735E-01, 1.045740179E-01, 2.328615241E-03, 1.591611715E-03, 5.156315703E-03,-9.247543900E-03,-4.351441409E-04,-5.343683341E-02, 3.698396344E-03
       732, 1.099999988E+01, 4.196485673E-01, 8.849173199E-02, 1.642435634E-03, 1.070609717E-03, 5.156438763E-03,-6.953229983E-03,-2.673695687E-04,-3.072377003E-02, 3.039305342E-03
       733, 1.299999997E+01, 4.196485673E-01, 7.632558265E-02, 1.211112339E-03, 7.669606682E-04, 5.150289093E-03,-5.309653673E-03,-1.727141685E-04,-1.914815312E-02, 2.423588542E-03
       734, 4.999999929E+00, 4.280179948E-01, 1.481920913E-01, 5.178906280E-03, 4.632580190E-03, 4.920547491E-03,-9.787282639E-03,-8.405581186E-04,-2.339991574E-01,-2.313873098E-03
       735, 6.999999954E+00, 4.280179948E-01, 1.249216336E-01, 3.494506851E-03, 2.573918153E-03, 5.120658858E-03,-1.161907818E-02,-7.178133497E-04,-1.047342579E-01, 3.454220372E-03
       736, 8.999999951E+00, 4.280180012E-01, 1.041237124E-01, 2.359151701E-03, 1.589751291E-03, 5.155262473E-03,-9.112151471E-03,-4.373215075E-04,-5.416002462E-02, 3.600159805E-03
       737, 1.099999988E+01, 4.280179948E-01, 8.823257984E-02, 1.667667737E-03, 1.070005881E-03, 5.156557614E-03,-6.887324935E-03,-2.701176993E-04,-3.119770754E-02, 2.990978021E-03
       738, 1.299999997E+01, 4.280179948E-01, 7.616397384E-02, 1.231285256E-03, 7.667302116E-04, 5.150757578E-03,-5.274172703E-03,-1.749820630E-04,-1.946612290E-02, 2.397408266E-03
       739, 4.999999929E+00, 4.365085591E-01, 1.462018578E-01, 5.156713302E-03, 4.593472185E-03, 4.899967633E-03,-8.909600929E-03,-7.795035732E-04,-2.347999856E-01,-2.905298507E-03
       740, 6.999999954E+00, 4.365085591E-01, 1.240279174E-01, 3.522847809E-03, 2.566342260E-03, 5.115241225E-03,-1.129593041E-02,-7.116499890E-04,-1.057711216E-01, 3.224945789E-03
       741, 8.999999951E+00, 4.365085656E-01, 1.036607737E-01, 2.389286479E-03, 1.587769494E-03, 5.154030548E-03,-8.973520810E-03,-4.392081331E-04,-5.487748447E-02, 3.499699651E-03
       742, 1.099999988E+01, 4.365085591E-01, 8.796565375E-02, 1.692849273E-03, 1.069360188E-03, 5.156605860E-03,-6.819637908E-03,-2.727692508E-04,-3.167142517E-02, 2.941386753E-03
       743, 1.299999997E+01, 4.365085591E-01, 7.599732110E-02, 1.251524669E-03, 7.664831326E-04, 5.151200209E-03,-5.237662832E-03,-1.772183479E-04,-1.978528051E-02, 2.370485901E-03
       744, 4.999999929E+00, 4.451220135E-01, 1.441763813E-01, 5.129098657E-03, 4.552608538E-03, 4.878103209E-03,-8.025825703E-03,-7.151746516E-04,-2.354953156E-01,-3.498508126E-03
       745, 6.999999954E+00, 4.451220135E-01, 1.231124533E-01, 3.549608166E-03, 2.558329092E-03, 5.109337134E-03,-1.096694411E-02,-7.045144310E-04,-1.067803870E-01, 2.992017197E-03
       746, 8.999999951E+00, 4.451220201E-01, 1.031849820E-01, 2.418982370E-03, 1.585659879E-03, 5.152606836E-03,-8.831629947E-03,-4.407897745E-04,-5.558868474E-02, 3.397009804E-03
       747, 1.099999988E+01, 4.451220135E-01, 8.769078590E-02, 1.717962540E-03, 1.068670173E-03, 5.156576888E-03,-6.750142948E-03,-2.753178391E-04,-3.214468177E-02, 2.890516221E-03
       748, 1.299999997E+01, 4.451220135E-01, 7.582550251E-02, 1.271821828E-03, 7.662183904E-04, 5.151613536E-03,-5.200104401E-03,-1.794199960E-04,-2.010551438E-02, 2.342808322E-03
       749, 4.999999929E+00, 4.538601367E-01, 1.421159867E-01, 5.095898067E-03, 4.509954184E-03, 4.854905624E-03,-7.136577890E-03,-6.473122367E-04,-2.360836955E-01,-4.092834033E-03
       750, 6.999999954E+00, 4.538601367E-01, 1.221750420E-01, 3.574704649E-03, 2.549860330E-03, 5.102919277E-03,-1.063222933E-02,-6.963759453E-04,-1.077617599E-01, 2.755517088E-03
       751, 8.999999951E+00, 4.538601435E-01, 1.026961195E-01, 2.448200854E-03, 1.583415763E-03, 5.150977604E-03,-8.686459400E-03,-4.420518789E-04,-5.629308745E-02, 3.292086030E-03
       752, 1.099999988E+01, 4.538601367E-01, 8.740780747E-02, 1.742989041E-03, 1.067933252E-03, 5.156463693E-03,-6.678814731E-03,-2.777568739E-04,-3.261722843E-02, 2.838351668E-03
       753, 1.299999997E+01, 4.538601367E-01, 7.564839457E-02, 1.292167508E-03, 7.659348890E-04, 5.151993873E-03,-5.161477809E-03,-1.815838629E-04,-2.042670791E-02, 2.314362558E-03
       754, 4.999999929E+00, 4.627247331E-01, 1.400210419E-01, 5.056942521E-03, 4.465476273E-03, 4.830325932E-03,-6.242510124E-03,-5.759412763E-04,-2.365637037E-01,-4.687458129E-03
       755, 6.999999954E+00, 4.627247331E-01, 1.212154959E-01, 3.598052259E-03, 2.540917347E-03, 5.095959414E-03,-1.029182944E-02,-6.872021735E-04,-1.087138760E-01, 2.515541871E-03
       756, 8.999999951E+00, 4.627247400E-01, 1.021939700E-01, 2.476902080E-03, 1.581030221E-03, 5.149128457E-03,-8.537992293E-03,-4.429795813E-04,-5.699014612E-02, 3.184926393E-03
       757, 1.099999988E+01, 4.627247331E-01, 8.711654869E-02, 1.767909469E-03, 1.067146726E-03, 5.156258860E-03,-6.605628609E-03,-2.800795615E-04,-3.308880903E-02, 2.784878967E-03
       758, 1.299999997E+01, 4.627247331E-01, 7.546587220E-02, 1.312551995E-03, 7.656314753E-04, 5.152337286E-03,-5.121763531E-03,-1.837066818E-04,-2.074874029E-02, 2.285135964E-03
       759, 4.999999929E+00, 4.717176332E-01, 1.378919592E-01, 5.012071063E-03, 4.419144394E-03, 4.804314926E-03,-5.344300401E-03,-5.013029087E-04,-2.369340042E-01,-5.282309946E-03
       760, 6.999999954E+00, 4.717176332E-01, 1.202336404E-01, 3.619564273E-03, 2.531481249E-03, 5.088428384E-03,-9.945830198E-03,-6.769591361E-04,-1.096352601E-01, 2.272172876E-03
       761, 8.999999951E+00, 4.717176402E-01, 1.016783200E-01, 2.505044849E-03, 1.578496086E-03, 5.147044326E-03,-8.386214474E-03,-4.435577190E-04,-5.767930730E-02, 3.075531732E-03
       762, 1.099999988E+01, 4.717176332E-01, 8.681683904E-02, 1.792703687E-03, 1.066307771E-03, 5.155954552E-03,-6.530560672E-03,-2.822788981E-04,-3.355916037E-02, 2.730084708E-03
       763, 1.299999997E+01, 4.717176332E-01, 7.527780879E-02, 1.332965072E-03, 7.653069368E-04, 5.152639581E-03,-5.080942166E-03,-1.857850572E-04,-2.107148640E-02, 2.255116197E-03
       764, 4.999999929E+00, 4.808406941E-01, 1.357291958E-01, 4.961129685E-03, 4.370930789E-03, 4.776823213E-03,-4.442641762E-03,-4.231838483E-04,-2.371933735E-01,-5.876500052E-03
       765, 6.999999954E+00, 4.808406941E-01, 1.192293143E-01, 3.639152079E-03, 2.521532910E-03, 5.080296111E-03,-9.594322215E-03,-6.656152972E-04,-1.105250317E-01, 2.025502616E-03
       766, 8.999999951E+00, 4.808407013E-01, 1.011489586E-01, 2.532586609E-03, 1.575805945E-03, 5.144709445E-03,-8.231114628E-03,-4.437708458E-04,-5.836001051E-02, 2.963905609E-03
       767, 1.099999988E+01, 4.808406941E-01, 8.650850738E-02, 1.817350706E-03, 1.065413439E-03, 5.155542487E-03,-6.453587819E-03,-2.843476704E-04,-3.402801209E-02, 2.673956430E-03
       768, 1.299999997E+01, 4.808406941E-01, 7.508407627E-02, 1.353396003E-03, 7.649599995E-04, 5.152896289E-03,-5.038994468E-03,-1.878154640E-04,-2.139481587E-02, 2.224291004E-03
       769, 4.999999929E+00, 4.900957997E-01, 1.335332545E-01, 4.903959639E-03, 4.320810597E-03, 4.747801311E-03,-3.538248784E-03,-3.415313475E-04,-2.373407070E-01,-6.469336641E-03
       770, 6.999999954E+00, 4.900957997E-01, 1.182023703E-01, 3.656725472E-03, 2.511053005E-03, 5.071531607E-03,-9.237405529E-03,-6.531389615E-04,-1.113821161E-01, 1.775643126E-03
       771, 8.999999951E+00, 4.900958070E-01, 1.006056776E-01, 2.559483443E-03, 1.572952145E-03, 5.142107342E-03,-8.072684436E-03,-4.436032476E-04,-5.903168790E-02, 2.850054000E-03
       772, 1.099999988E+01, 4.900957997E-01, 8.619138208E-02, 1.841828669E-03, 1.064460651E-03, 5.155013928E-03,-6.374687845E-03,-2.862784538E-04,-3.449508629E-02, 2.616482572E-03
       773, 1.299999997E+01, 4.900957997E-01, 7.488454517E-02, 1.373833517E-03, 7.645893256E-04, 5.153102658E-03,-4.995901382E-03,-1.897942541E-04,-2.171859255E-02, 2.192648164E-03
       774, 4.999999929E+00, 4.994848611E-01, 1.313046849E-01, 4.840403895E-03, 4.268762083E-03, 4.717199748E-03,-2.631869576E-03,-2.563937378E-04,-2.373749757E-01,-7.060422808E-03
       775, 6.999999954E+00, 4.994848611E-01, 1.171526760E-01, 3.672192611E-03, 2.500022056E-03, 5.062102981E-03,-8.875189561E-03,-6.394984472E-04,-1.122054500E-01, 1.522705384E-03
       776, 8.999999951E+00, 4.994848686E-01, 1.000482727E-01, 2.585690057E-03, 1.569926791E-03, 5.139220818E-03,-7.910918716E-03,-4.430389507E-04,-5.969376448E-02, 2.733985167E-03
       777, 1.099999988E+01, 4.994848611E-01, 8.586529122E-02, 1.866114836E-03, 1.063446198E-03, 5.154359664E-03,-6.293839507E-03,-2.880636152E-04,-3.496009774E-02, 2.557652391E-03
       778, 1.299999997E+01, 4.994848611E-01, 7.467908470E-02, 1.394265792E-03, 7.641935111E-04, 5.153253635E-03,-4.951644065E-03,-1.917176516E-04,-2.204267510E-02, 2.160175741E-03
       779, 4.999999929E+00, 5.090098173E-01, 1.290440839E-01, 4.770310565E-03, 4.214766874E-03, 4.684969158E-03,-1.724273115E-03,-1.677546156E-04,-2.372952340E-01,-7.648979113E-03
       780, 6.999999954E+00, 5.090098173E-01, 1.160801147E-01, 3.685460114E-03, 2.488420465E-03, 5.051977447E-03,-8.507793276E-03,-6.246624541E-04,-1.129939839E-01, 1.266810814E-03
       781, 8.999999951E+00, 5.090098249E-01, 9.947654302E-02, 2.611159770E-03, 1.566721748E-03, 5.136031935E-03,-7.745815551E-03,-4.420617277E-04,-6.034565962E-02, 2.615710208E-03
       782, 1.099999988E+01, 5.090098173E-01, 8.553006278E-02, 1.890185559E-03, 1.062366736E-03, 5.153569991E-03,-6.211022569E-03,-2.896953175E-04,-3.542275456E-02, 2.497456032E-03
       783, 1.299999997E+01, 5.090098173E-01, 7.446756281E-02, 1.414680436E-03, 7.637710835E-04, 5.153343859E-03,-4.906203904E-03,-1.935817483E-04,-2.236691778E-02, 2.126862281E-03
       784, 4.999999929E+00, 5.186726350E-01, 1.267520969E-01, 4.693530978E-03, 4.158810193E-03, 4.651060384E-03,-8.162520720E-04,-7.562269322E-05,-2.371006482E-01,-8.234386182E-03
       785, 6.999999954E+00, 5.186726350E-01, 1.149845856E-01, 3.696433121E-03, 2.476228570E-03, 5.041121344E-03,-8.135345247E-03,-6.086001409E-04,-1.137466836E-01, 1.008087513E-03
       786, 8.999999951E+00, 5.186726428E-01, 9.889029187E-02, 2.635844514E-03, 1.563328645E-03, 5.132522001E-03,-7.577376389E-03,-4.406551087E-04,-6.098678871E-02, 2.495243350E-03
       787, 1.099999988E+01, 5.186726350E-01, 8.518552477E-02, 1.914016269E-03, 1.061218786E-03, 5.152634699E-03,-6.126217868E-03,-2.911655139E-04,-3.588275844E-02, 2.435884630E-03
       788, 1.299999997E+01, 5.186726350E-01, 7.424984625E-02, 1.435064479E-03, 7.633204998E-04, 5.153367637E-03,-4.859562572E-03,-1.953824960E-04,-2.269117050E-02, 2.092696793E-03
       789, 4.999999929E+00, 5.284753098E-01, 1.244294186E-01, 4.609920609E-03, 4.100881071E-03, 4.615424573E-03, 9.137719939E-05, 1.999349793E-05,-2.367904760E-01,-8.815960408E-03
       790, 6.999999954E+00, 5.284753098E-01, 1.138660049E-01, 3.705015383E-03, 2.463426688E-03, 5.029500143E-03,-7.757983806E-03,-5.912810435E-04,-1.144625319E-01, 7.466714447E-04
       791, 8.999999951E+00, 5.284753176E-01, 9.828932716E-02, 2.659694829E-03, 1.559738880E-03, 5.128671558E-03,-7.405606170E-03,-4.388024139E-04,-6.161656331E-02, 2.372602280E-03
       792, 1.099999988E+01, 5.284753098E-01, 8.483150545E-02, 1.937581461E-03, 1.059998726E-03, 5.151543053E-03,-6.039407406E-03,-2.924659504E-04,-3.633980460E-02, 2.372930565E-03
       793, 1.299999997E+01, 5.284753098E-01, 7.402580071E-02, 1.455404351E-03, 7.628401440E-04, 5.153318943E-03,-4.811702069E-03,-1.971157075E-04,-2.301527781E-02, 2.057668498E-03
       794, 4.999999929E+00, 5.384198657E-01, 1.220767931E-01, 4.519339352E-03, 4.040972628E-03, 4.578013317E-03, 9.977751569E-04, 1.190747140E-04,-2.363640764E-01,-9.393017506E-03
       795, 6.999999954E+00, 5.384198657E-01, 1.127243062E-01, 3.711109341E-03, 2.449995172E-03, 5.017078475E-03,-7.375857290E-03,-5.726753980E-04,-1.151405287E-01, 4.827070220E-04
       796, 8.999999951E+00, 5.384198737E-01, 9.767346169E-02, 2.682659874E-03, 1.555943623E-03, 5.124460371E-03,-7.230513474E-03,-4.364867475E-04,-6.223439076E-02, 2.247806705E-03
       797, 1.099999988E+01, 5.384198657E-01, 8.446783351E-02, 1.960854672E-03, 1.058702795E-03, 5.150283774E-03,-5.950574439E-03,-2.935881672E-04,-3.679358151E-02, 2.308587413E-03
       798, 1.299999997E+01, 5.384198657E-01, 7.379529084E-02, 1.475685872E-03, 7.623283248E-04, 5.153191392E-03,-4.762604771E-03,-1.987770651E-04,-2.333907840E-02, 2.021766771E-03
       799, 4.999999929E+00, 5.485083564E-01, 1.196950156E-01, 4.421652133E-03, 3.979082305E-03, 4.538778786E-03, 1.902079071E-03, 2.215946939E-04,-2.358209061E-01,-9.964850638E-03
       800, 6.999999954E+00, 5.485083564E-01, 1.115594417E-01, 3.714616238E-03, 2.435914467E-03, 5.003820145E-03,-6.989124197E-03,-5.527540438E-04,-1.157796934E-01, 2.163454871E-04
       801, 8.999999951E+00, 5.485083646E-01, 9.704251358E-02, 2.704687411E-03, 1.551933824E-03, 5.119867412E-03,-7.052110667E-03,-4.336912873E-04,-6.283967471E-02, 2.120883700E-03
       802, 1.099999988E+01, 5.485083564E-01, 8.409433832E-02, 1.983808473E-03, 1.057327089E-03, 5.148845029E-03,-5.859703550E-03,-2.945235031E-04,-3.724377115E-02, 2.242849842E-03
       803, 1.299999997E+01, 5.485083564E-01, 7.355818039E-02, 1.495894226E-03, 7.617832735E-04, 5.152978232E-03,-4.712253441E-03,-2.003621163E-04,-2.366240571E-02, 1.984981428E-03
       804, 4.999999929E+00, 5.587428652E-01, 1.172849324E-01, 4.316729427E-03, 3.915212044E-03, 4.497673803E-03, 2.803403469E-03, 3.275183714E-04,-2.351605224E-01,-1.053074063E-02
       805, 6.999999954E+00, 5.587428652E-01, 1.103713822E-01, 3.715436199E-03, 2.421165212E-03, 4.989688124E-03,-6.597953238E-03,-5.314884421E-04,-1.163790675E-01,-5.225405707E-05
       806, 8.999999951E+00, 5.587428735E-01, 9.639630673E-02, 2.725723862E-03, 1.547700220E-03, 5.114870858E-03,-6.870416256E-03,-4.303988460E-04,-6.343196963E-02, 1.991854491E-03
       807, 1.099999988E+01, 5.587428652E-01, 8.371085010E-02, 2.006414449E-03, 1.055867556E-03, 5.147214408E-03,-5.766780698E-03,-2.952631044E-04,-3.769004988E-02, 2.175713695E-03
       808, 1.299999997E+01, 5.587428652E-01, 7.331433232E-02, 1.516013955E-03, 7.612031418E-04, 5.152672329E-03,-4.660631263E-03,-2.018662695E-04,-2.398508891E-02, 1.947302951E-03
       809, 4.999999929E+00, 5.691255055E-01, 1.148474419E-01, 4.204447824E-03, 3.849368527E-03, 4.454651982E-03, 3.700840511E-03, 4.368019946E-04,-2.343825832E-01,-1.108995305E-02
       810, 6.999999954E+00, 5.691255055E-01, 1.091601184E-01, 3.713468357E-03, 2.405728310E-03, 4.974644548E-03,-6.202523363E-03,-5.088510517E-04,-1.169377166E-01,-3.229241080E-04
       811, 8.999999951E+00, 5.691255139E-01, 9.573467122E-02, 2.745714153E-03, 1.543233339E-03, 5.109448072E-03,-6.685442559E-03,-4.265913816E-04,-6.401032034E-02, 1.860742993E-03
       812, 1.099999988E+01, 5.691255055E-01, 8.331720015E-02, 2.028643188E-03, 1.054320001E-03, 5.145378910E-03,-5.671793287E-03,-2.957979199E-04,-3.813208871E-02, 2.107176088E-03
       813, 1.299999997E+01, 5.691255055E-01, 7.306360887E-02, 1.536028938E-03, 7.605859994E-04, 5.152266148E-03,-4.607721901E-03,-2.032847862E-04,-2.430695295E-02, 1.908722462E-03
       814, 4.999999929E+00, 5.796584212E-01, 1.123834950E-01, 4.084690615E-03, 3.781563402E-03, 4.409667859E-03, 4.593460411E-03, 5.493925050E-04,-2.334868477E-01,-1.164173991E-02
       815, 6.999999954E+00, 5.796584212E-01, 1.079256614E-01, 3.708610975E-03, 2.389584909E-03, 4.958650824E-03,-5.803023939E-03,-4.848154179E-04,-1.174547299E-01,-5.954872802E-04
       816, 8.999999951E+00, 5.796584298E-01, 9.505744373E-02, 2.764601894E-03, 1.538523519E-03, 5.103575608E-03,-6.497210171E-03,-4.222512881E-04,-6.457412137E-02, 1.727593778E-03
       817, 1.099999988E+01, 5.796584212E-01, 8.291322109E-02, 2.050464265E-03, 1.052680078E-03, 5.143324928E-03,-5.574730265E-03,-2.961187068E-04,-3.856955333E-02, 2.037235699E-03
       818, 1.299999997E+01, 5.796584212E-01, 7.280587168E-02, 1.555922384E-03, 7.599298323E-04, 5.151751743E-03,-4.553509551E-03,-2.046127827E-04,-2.462781756E-02, 1.869231444E-03
       819, 4.999999929E+00, 5.903437875E-01, 1.098940961E-01, 3.957348394E-03, 3.711813490E-03, 4.362677028E-03, 5.480311884E-03, 6.652271449E-04,-2.324731771E-01,-1.218533978E-02
       820, 6.999999954E+00, 5.903437875E-01, 1.066680431E-01, 3.700761589E-03, 2.372716445E-03, 4.941667706E-03,-5.399655022E-03,-4.593555852E-04,-1.179292197E-01,-8.697657634E-04
       821, 8.999999951E+00, 5.903437963E-01, 9.436446805E-02, 2.782329453E-03, 1.533560916E-03, 5.097229205E-03,-6.305773308E-03,-4.173615877E-04,-6.512328947E-02, 1.592448207E-03
       822, 1.099999988E+01, 5.903437875E-01, 8.249874712E-02, 2.071846235E-03, 1.050943297E-03, 5.141038230E-03,-5.475582228E-03,-2.962160342E-04,-3.900210389E-02, 1.965892713E-03
       823, 1.299999997E+01, 5.903437875E-01, 7.254098195E-02, 1.575676808E-03, 7.592325406E-04, 5.151120736E-03,-4.497978992E-03,-2.058452426E-04,-2.494749672E-02, 1.828821678E-03
       824, 4.999999929E+00, 6.011838108E-01, 1.073803031E-01, 3.822319688E-03, 3.640140984E-03, 4.313636276E-03, 6.360422495E-03, 7.842329503E-04,-2.313415335E-01,-1.271997825E-02
       825, 6.999999954E+00, 6.011838108E-01, 1.053873175E-01, 3.689817053E-03, 2.355104757E-03, 4.923655307E-03,-4.992627513E-03,-4.324480148E-04,-1.183603247E-01,-1.145557649E-03
       826, 8.999999951E+00, 6.011838198E-01, 9.365559543E-02, 2.798837844E-03, 1.528335512E-03, 5.090383768E-03,-6.111156560E-03,-4.119052542E-04,-6.565696934E-02, 1.455344678E-03
       827, 1.099999988E+01, 6.011838108E-01, 8.207361421E-02, 2.092756618E-03, 1.049105015E-03, 5.138503947E-03,-5.374341488E-03,-2.960802920E-04,-3.942939539E-02, 1.893148698E-03
       828, 1.299999997E+01, 6.011838108E-01, 7.226880052E-02, 1.595274015E-03, 7.584919362E-04, 5.150364308E-03,-4.441115606E-03,-2.069770126E-04,-2.526579941E-02, 1.787485557E-03
       829, 4.999999929E+00, 6.121807297E-01, 1.048432284E-01, 3.679511608E-03, 3.566573643E-03, 4.262503723E-03, 7.232799062E-03, 9.063262928E-04,-2.300919805E-01,-1.324486811E-02
       830, 6.999999954E+00, 6.121807297E-01, 1.040835608E-01, 3.675673960E-03, 2.336732186E-03, 4.904573121E-03,-4.582163084E-03,-4.040671146E-04,-1.187472090E-01,-1.422695360E-03
       831, 8.999999951E+00, 6.121807388E-01, 9.293068509E-02, 2.814066760E-03, 1.522837129E-03, 5.083013377E-03,-5.913379752E-03,-4.058642407E-04,-6.617440750E-02, 1.316320722E-03
       832, 1.099999988E+01, 6.121807297E-01, 8.163766045E-02, 2.113161896E-03, 1.047160445E-03, 5.135706558E-03,-5.271002128E-03,-2.957017036E-04,-3.985107861E-02, 1.819006686E-03
       833, 1.299999997E+01, 6.121807297E-01, 7.198918803E-02, 1.614695093E-03, 7.577057415E-04, 5.149473177E-03,-4.382905413E-03,-2.080027989E-04,-2.558253069E-02, 1.745216349E-03
       834, 4.999999929E+00, 6.233368149E-01, 1.022840391E-01, 3.528840527E-03, 3.491144967E-03, 4.209238964E-03, 8.096428138E-03, 1.031412452E-03,-2.287246827E-01,-1.375920998E-02
       835, 6.999999954E+00, 6.233368149E-01, 1.027568726E-01, 3.658228249E-03, 2.317581651E-03, 4.884380071E-03,-4.168495744E-03,-3.742030300E-04,-1.190890618E-01,-1.700843504E-03
       836, 8.999999951E+00, 6.233368242E-01, 9.218960469E-02, 2.827954512E-03, 1.517055451E-03, 5.075091285E-03,-5.712495548E-03,-3.992205246E-04,-6.667511162E-02, 1.175421808E-03
       837, 1.099999988E+01, 6.233368149E-01, 8.119072620E-02, 2.133027496E-03, 1.045104651E-03, 5.132629871E-03,-5.165560067E-03,-2.950703225E-04,-4.026680055E-02, 1.743471278E-03
       838, 1.299999997E+01, 6.233368149E-01, 7.170200503E-02, 1.633920395E-03, 7.568715875E-04, 5.148437587E-03,-4.323335131E-03,-2.089171588E-04,-2.589749179E-02, 1.702008162E-03
       839, 4.999999929E+00, 6.346543703E-01, 9.970395764E-02, 3.370232781E-03, 3.413894369E-03, 4.153803216E-03, 8.950276629E-03, 1.159385157E-03,-2.272399057E-01,-1.426219302E-02
       840, 6.999999954E+00, 6.346543703E-01, 1.014073762E-01, 3.637377894E-03, 2.297636731E-03, 4.863034555E-03,-3.751867786E-03,-3.428397551E-04,-1.193851188E-01,-1.980096756E-03
       841, 8.999999951E+00, 6.346543798E-01, 9.143223081E-02, 2.840438208E-03, 1.510980035E-03, 5.066589918E-03,-5.508550937E-03,-3.919567601E-04,-6.715849097E-02, 1.032705164E-03
       842, 1.099999988E+01, 6.346543703E-01, 8.073265446E-02, 2.152317787E-03, 1.042932550E-03, 5.129257016E-03,-5.058013168E-03,-2.941760437E-04,-4.067620448E-02, 1.666548973E-03
       843, 1.299999997E+01, 6.346543703E-01, 7.140711217E-02, 1.652929526E-03, 7.559870118E-04, 5.147247288E-03,-4.262392248E-03,-2.097145045E-04,-2.621047913E-02, 1.657855634E-03
       844, 4.999999929E+00, 6.461357329E-01, 9.710426199E-02, 3.203625388E-03, 3.334867320E-03, 4.096159469E-03, 9.793292335E-03, 1.290126070E-03,-2.256380162E-01,-1.475299562E-02
       845, 6.999999954E+00, 6.461357329E-01, 1.000352193E-01, 3.613016846E-03, 2.276881748E-03, 4.840494498E-03,-3.332534311E-03,-3.098777681E-04,-1.196346478E-01,-2.259815229E-03
       846, 8.999999951E+00, 6.461357425E-01, 9.065844935E-02, 2.851453751E-03, 1.504600334E-03, 5.057480880E-03,-5.301597763E-03,-3.840553381E-04,-6.762395789E-02, 8.882269867E-04
       847, 1.099999988E+01, 6.461357329E-01, 8.026329110E-02, 2.170996081E-03, 1.040638915E-03, 5.125570424E-03,-4.948361347E-03,-2.930086027E-04,-4.107892973E-02, 1.588248038E-03
       848, 1.299999997E+01, 6.461357329E-01, 7.110437030E-02, 1.671701332E-03, 7.550494575E-04, 5.145891524E-03,-4.200065071E-03,-2.103891194E-04,-2.652128379E-02, 1.612753852E-03
       849, 4.999999929E+00, 6.577832735E-01, 9.448628622E-02, 3.028966793E-03, 3.254115493E-03, 4.036272634E-03, 1.062440439E-02, 1.423504245E-03,-2.239194805E-01,-1.523078566E-02
       850, 6.999999954E+00, 6.577832735E-01, 9.864057503E-02, 3.585037445E-03, 2.255301859E-03, 4.816717414E-03,-2.910761789E-03,-2.753850648E-04,-1.198369122E-01,-2.539985818E-03
       851, 8.999999951E+00, 6.577832833E-01, 8.986815611E-02, 2.860935859E-03, 1.497905714E-03, 5.047734956E-03,-5.091692876E-03,-3.754988581E-04,-6.807092854E-02, 7.420464122E-04
       852, 1.099999988E+01, 6.577832735E-01, 7.978248514E-02, 2.189024619E-03, 1.038218376E-03, 5.121551823E-03,-4.836606650E-03,-2.915575966E-04,-4.147461220E-02, 1.508578317E-03
       853, 1.299999997E+01, 6.577832735E-01, 7.079364067E-02, 1.690213879E-03, 7.540562720E-04, 5.144359017E-03,-4.136342751E-03,-2.109351553E-04,-2.682969235E-02, 1.566698711E-03
       854, 4.999999929E+00, 6.695993975E-01, 9.185142068E-02, 2.846217641E-03, 3.171696875E-03, 3.974109705E-03, 1.144252372E-02, 1.559375606E-03,-2.220848631E-01,-1.569472086E-02
       855, 6.999999954E+00, 6.695993975E-01, 9.722364250E-02, 3.553341417E-03, 2.232883141E-03, 4.791660459E-03,-2.486826380E-03,-2.393917138E-04,-1.199912165E-01,-2.820552875E-03
       856, 8.999999951E+00, 6.695994075E-01, 8.906125724E-02, 2.868818099E-03, 1.490885477E-03, 5.037322120E-03,-4.878898216E-03,-3.662700291E-04,-6.849882454E-02, 5.942268892E-04
       857, 1.099999988E+01, 6.695993975E-01, 7.929008911E-02, 2.206364580E-03, 1.035665426E-03, 5.117182218E-03,-4.722753288E-03,-2.898125083E-04,-4.186288541E-02, 1.427551600E-03
       858, 1.299999997E+01, 6.695993975E-01, 7.047478508E-02, 1.708444447E-03, 7.530047054E-04, 5.142637949E-03,-4.071215314E-03,-2.113466287E-04,-2.713548810E-02, 1.519687205E-03
       859, 4.999999929E+00, 6.815865448E-01, 8.920111238E-02, 2.655351581E-03, 3.087675873E-03, 3.909639912E-03, 1.224654354E-02, 1.697582468E-03,-2.201348253E-01,-1.614394930E-02
       860, 6.999999954E+00, 6.815865448E-01, 9.578464741E-02, 3.517827480E-03, 2.209612683E-03, 4.765280495E-03,-2.061015650E-03,-2.017889585E-04,-1.200969370E-01,-3.100842835E-03
       861, 8.999999951E+00, 6.815865550E-01, 8.823766972E-02, 2.875032940E-03, 1.483528887E-03, 5.026211546E-03,-4.663280868E-03,-3.563517333E-04,-6.890707504E-02, 4.448363870E-04
       862, 1.099999988E+01, 6.815865448E-01, 7.878595926E-02, 2.222976074E-03, 1.032974419E-03, 5.112441886E-03,-4.606807705E-03,-2.877629088E-04,-4.224338128E-02, 1.345183715E-03
       863, 1.299999997E+01, 6.815865448E-01, 7.014766608E-02, 1.726369519E-03, 7.518919097E-04, 5.140715947E-03,-4.004673734E-03,-2.116174134E-04,-2.743845119E-02, 1.471717384E-03
       864, 4.999999929E+00, 6.937471908E-01, 8.653686516E-02, 2.456356087E-03, 3.002123391E-03, 3.842834885E-03, 1.303534001E-02, 1.837953026E-03,-2.180701245E-01,-1.657761014E-02
       865, 6.999999954E+00, 6.937471908E-01, 9.432384243E-02, 3.478391483E-03, 2.185478680E-03, 4.737534164E-03,-1.633628332E-03,-1.625946507E-04,-1.201534681E-01,-3.380950020E-03
       866, 8.999999951E+00, 6.937472012E-01, 8.739732187E-02, 2.879511806E-03, 1.475825189E-03, 5.014371617E-03,-4.444913167E-03,-3.457270949E-04,-6.929511697E-02, 2.939474826E-04
       867, 1.099999988E+01, 6.937471908E-01, 7.826995596E-02, 2.238818172E-03, 1.030139579E-03, 5.107310366E-03,-4.488782779E-03,-2.853979484E-04,-4.261582030E-02, 1.261488109E-03
       868, 1.299999997E+01, 6.937471908E-01, 6.981214707E-02, 1.743964771E-03, 7.507149386E-04, 5.138580070E-03,-3.936710009E-03,-2.117412455E-04,-2.773835763E-02, 1.422788002E-03
       869, 4.999999929E+00, 7.060838467E-01, 8.386023998E-02, 2.249233306E-03, 2.915116890E-03, 3.773668816E-03, 1.380777266E-02, 1.980300765E-03,-2.158916116E-01,-1.699483424E-02
       870, 6.999999954E+00, 7.060838467E-01, 9.284150820E-02, 3.434933171E-03, 2.160470530E-03, 4.708377953E-03,-1.204976564E-03,-1.218080930E-04,-1.201602238E-01,-3.660449643E-03
       871, 8.999999951E+00, 7.060838572E-01, 8.654015384E-02, 2.882185140E-03, 1.467763646E-03, 5.001769940E-03,-4.223872839E-03,-3.343795916E-04,-6.966239466E-02, 1.416370624E-04
       872, 1.099999988E+01, 7.060838467E-01, 7.774194391E-02, 2.253848818E-03, 1.027155002E-03, 5.101766443E-03,-4.368680077E-03,-2.827064726E-04,-4.297962948E-02, 1.176478401E-03
       873, 1.299999997E+01, 7.060838467E-01, 6.946809257E-02, 1.761205060E-03, 7.494707459E-04, 5.136216792E-03,-3.867317219E-03,-2.117117451E-04,-2.803497883E-02, 1.372898436E-03
       874, 4.999999929E+00, 7.185990599E-01, 8.117285507E-02, 2.034000940E-03, 2.826740424E-03, 3.702118629E-03, 1.456268467E-02, 2.124423810E-03,-2.136002277E-01,-1.739474418E-02
       875, 6.999999954E+00, 7.185990599E-01, 9.133795389E-02, 3.387353059E-03, 2.134578930E-03, 4.677768272E-03,-7.753819763E-04,-7.942155906E-05,-1.201166647E-01,-3.939115270E-03
       876, 8.999999951E+00, 7.185990706E-01, 8.566611811E-02, 2.882982458E-03, 1.459333579E-03, 4.988373329E-03,-4.000243090E-03,-3.222929158E-04,-7.000836060E-02,-1.201465966E-05
       877, 1.099999988E+01, 7.185990599E-01, 7.720179261E-02, 2.268024899E-03, 1.024014663E-03, 5.095788150E-03,-4.246512284E-03,-2.796775961E-04,-4.333440374E-02, 1.090177654E-03
       878, 1.299999997E+01, 7.185990599E-01, 6.911536836E-02, 1.778064409E-03, 7.481561865E-04, 5.133611987E-03,-3.796489544E-03,-2.115224146E-04,-2.832808244E-02, 1.322049072E-03
       879, 4.999999929E+00, 7.312954149E-01, 7.847638612E-02, 1.810693159E-03, 2.737084650E-03, 3.628164148E-03, 1.529890306E-02, 2.270104298E-03,-2.111970006E-01,-1.777645425E-02
       880, 6.999999954E+00, 7.312954149E-01, 8.981351783E-02, 3.335553543E-03, 2.107795974E-03, 4.645661534E-03,-3.451778135E-04,-3.543293357E-05,-1.200222885E-01,-4.216651913E-03
       881, 8.999999951E+00, 7.312954258E-01, 8.477518002E-02, 2.881832407E-03, 1.450524412E-03, 4.974147808E-03,-3.774112653E-03,-3.094511319E-04,-7.033247724E-02,-1.669237311E-04
       882, 1.099999988E+01, 7.312954149E-01, 7.664937660E-02, 2.281302309E-03, 1.020712426E-03, 5.089352764E-03,-4.122311750E-03,-2.763006089E-04,-4.368009202E-02, 1.002611929E-03
       883, 1.299999997E+01, 7.312954149E-01, 6.875384174E-02, 1.794516005E-03, 7.467680152E-04, 5.130750917E-03,-3.724222302E-03,-2.111666369E-04,-2.861743379E-02, 1.270241623E-03
       884, 4.999999929E+00, 7.441755335E-01, 7.577256645E-02, 1.579361543E-03, 2.646246819E-03, 3.551788274E-03, 1.601523885E-02, 2.417107782E-03,-2.086830400E-01,-1.813907074E-02
       885, 6.999999954E+00, 7.441755335E-01, 8.826856807E-02, 3.279438787E-03, 2.080115249E-03, 4.612014236E-03, 8.529170534E-05, 1.015787847E-05,-1.198766313E-01,-4.492777514E-03
       886, 8.999999951E+00, 7.441755445E-01, 8.386731824E-02, 2.878662838E-03, 1.441325656E-03, 4.959058678E-03,-3.545575865E-03,-2.958387701E-04,-7.063421835E-02,-3.230000313E-04
       887, 1.099999988E+01, 7.441755335E-01, 7.608457582E-02, 2.293635932E-03, 1.017242043E-03, 5.082436788E-03,-3.996090637E-03,-2.725645586E-04,-4.401618968E-02, 9.138056178E-04
       888, 1.299999997E+01, 7.441755335E-01, 6.838338166E-02, 1.810532190E-03, 7.453028881E-04, 5.127618215E-03,-3.650512019E-03,-2.106376666E-04,-2.890279601E-02, 1.217479094E-03
       889, 4.999999929E+00, 7.572420753E-01, 7.306318719E-02, 1.340076066E-03, 2.554330732E-03, 3.472977158E-03, 1.671048712E-02, 2.565182566E-03,-2.060595329E-01,-1.848169200E-02
       890, 6.999999954E+00, 7.572420753E-01, 8.670350302E-02, 3.218915164E-03, 2.051531934E-03, 4.576783038E-03, 5.156712460E-04, 5.734749230E-05,-1.196792687E-01,-4.767193541E-03
       891, 8.999999951E+00, 7.572420866E-01, 8.294252531E-02, 2.873400910E-03, 1.431726926E-03, 4.943070594E-03,-3.314732777E-03,-2.814408930E-04,-7.091306904E-02,-4.801510187E-04
       892, 1.099999988E+01, 7.572420753E-01, 7.550727590E-02, 2.304979612E-03, 1.013597167E-03, 5.075015952E-03,-3.867864466E-03,-2.684580266E-04,-4.434220399E-02, 8.237810925E-04
       893, 1.299999997E+01, 7.572420753E-01, 6.800385897E-02, 1.826084463E-03, 7.437573625E-04, 5.124197874E-03,-3.575356516E-03,-2.099286402E-04,-2.918392909E-02, 1.163765381E-03
       894, 4.999999929E+00, 7.704977387E-01, 7.035009748E-02, 1.092926112E-03, 2.461446676E-03, 3.391720390E-03, 1.738342665E-02, 2.714058886E-03,-2.033277367E-01,-1.880340829E-02
       895, 6.999999954E+00, 7.704977387E-01, 8.511875204E-02, 3.153891495E-03, 2.022042910E-03, 4.539924876E-03, 9.455942795E-04, 1.061295034E-04,-1.194298144E-01,-5.039597444E-03
       896, 8.999999951E+00, 7.704977502E-01, 8.200080810E-02, 2.865973126E-03, 1.421718000E-03, 4.926147570E-03,-3.081689334E-03,-2.662427952E-04,-7.116852488E-02,-6.382750566E-04
       897, 1.099999988E+01, 7.704977387E-01, 7.491736860E-02, 2.315286131E-03, 1.009771362E-03, 5.067065215E-03,-3.737661541E-03,-2.639699148E-04,-4.465783219E-02, 7.325660477E-04
       898, 1.299999997E+01, 7.704977387E-01, 6.761514664E-02, 1.841143461E-03, 7.421278981E-04, 5.120473232E-03,-3.498754973E-03,-2.090325973E-04,-2.946058934E-02, 1.109105142E-03
       899, 4.999999929E+00, 7.839452610E-01, 6.763520474E-02, 8.380215402E-04, 2.367711329E-03, 3.308011205E-03, 1.803281915E-02, 2.863448001E-03,-2.004889702E-01,-1.910330071E-02
       900, 6.999999954E+00, 7.839452610E-01, 8.351477600E-02, 3.084279377E-03, 1.991646855E-03, 4.501397056E-03, 1.374683064E-03, 1.564940288E-04,-1.191279214E-01,-5.309677935E-03
       901, 8.999999951E+00, 7.839452727E-01, 8.104218842E-02, 2.856305537E-03, 1.411288869E-03, 4.908252987E-03,-2.846557348E-03,-2.502311443E-04,-7.140009357E-02,-7.972814244E-04
       902, 1.099999988E+01, 7.839452610E-01, 7.431475209E-02, 2.324507316E-03, 1.005758110E-03, 5.058558763E-03,-3.605509357E-03,-2.590893130E-04,-4.496270287E-02, 6.401937600E-04
       903, 1.299999997E+01, 7.839452610E-01, 6.721711999E-02, 1.855678958E-03, 7.404108584E-04, 5.116426962E-03,-3.420707945E-03,-2.079424945E-04,-2.973253045E-02, 1.053504105E-03
       904, 4.999999929E+00, 7.975874190E-01, 6.492047496E-02, 5.754938038E-04, 2.273247643E-03, 3.221846625E-03, 1.865740832E-02, 3.013041171E-03,-1.975446049E-01,-1.938044004E-02
       905, 6.999999954E+00, 7.975874190E-01, 8.189206787E-02, 3.009993511E-03, 1.960344330E-03, 4.461157326E-03, 1.802548851E-03, 2.084275166E-04,-1.187732841E-01,-5.577116219E-03
       906, 8.999999951E+00, 7.975874309E-01, 8.006670345E-02, 2.844323591E-03, 1.400429773E-03, 4.889349632E-03,-2.609454870E-03,-2.333914891E-04,-7.160729229E-02,-9.570215655E-04
       907, 1.099999988E+01, 7.975874190E-01, 7.369933137E-02, 2.332594033E-03, 1.001550824E-03, 5.049470011E-03,-3.471438353E-03,-2.538051744E-04,-4.525644637E-02, 5.466975310E-04
       908, 1.299999997E+01, 7.975874190E-01, 6.680965692E-02, 1.869659862E-03, 7.386025124E-04, 5.112041058E-03,-3.341217388E-03,-2.066511579E-04,-2.999950489E-02, 9.969698491E-04
       909, 4.999999929E+00, 8.114270298E-01, 6.220793314E-02, 3.054971315E-04, 2.178184687E-03, 3.133227692E-03, 1.925591830E-02, 3.162508762E-03,-1.944960499E-01,-1.963388544E-02
       910, 6.999999954E+00, 8.114270298E-01, 8.025115322E-02, 2.930952045E-03, 1.928137883E-03, 4.419163994E-03, 2.228792131E-03, 2.619125199E-04,-1.183656389E-01,-5.841585868E-03
       911, 8.999999951E+00, 8.114270419E-01, 7.907440634E-02, 2.829953306E-03, 1.389131246E-03, 4.869399731E-03,-2.370505875E-03,-2.157217498E-04,-7.178965970E-02,-1.117468221E-03
       912, 1.099999988E+01, 8.114270298E-01, 7.307101860E-02, 2.339496205E-03, 9.971428584E-04, 5.039771603E-03,-3.335481962E-03,-2.481064957E-04,-4.553869579E-02, 4.521129579E-04
       913, 1.299999997E+01, 8.114270298E-01, 6.639263812E-02, 1.883054230E-03, 7.366990364E-04, 5.107296827E-03,-3.260286743E-03,-2.051514430E-04,-3.026126409E-02, 9.395131316E-04
       914, 4.999999929E+00, 8.254669514E-01, 5.949966402E-02, 2.820978245E-05, 2.082657474E-03, 3.042159727E-03, 1.982704888E-02, 3.311498663E-03,-1.913447251E-01,-1.986268029E-02
       915, 6.999999954E+00, 8.254669514E-01, 7.859259076E-02, 2.847076931E-03, 1.895032149E-03, 4.375376031E-03, 2.653002703E-03, 3.169276147E-04,-1.179047644E-01,-6.102753798E-03
       916, 8.999999951E+00, 8.254669637E-01, 7.806536655E-02, 2.813119440E-03, 1.377384155E-03, 4.848364992E-03,-2.129839259E-03,-1.971888574E-04,-7.194675129E-02,-1.278429570E-03
       917, 1.099999988E+01, 8.254669514E-01, 7.242973349E-02, 2.345162841E-03, 9.925275236E-04, 5.029435419E-03,-3.197676731E-03,-2.419823443E-04,-4.580908695E-02, 3.564785416E-04
       918, 1.299999997E+01, 8.254669514E-01, 6.596594734E-02, 1.895829279E-03, 7.346965173E-04, 5.102174875E-03,-3.177925031E-03,-2.034358774E-04,-3.051759942E-02, 8.811430749E-04
       919, 4.999999929E+00, 8.397100830E-01, 5.679781306E-02,-2.561645844E-04, 1.986806753E-03, 2.948652518E-03, 2.036947341E-02, 3.459634766E-03,-1.880920512E-01,-2.006585025E-02
       920, 6.999999954E+00, 8.397100830E-01, 7.691697285E-02, 2.758294286E-03, 1.861033937E-03, 4.329753187E-03, 3.074759639E-03, 3.734472491E-04,-1.173904805E-01,-6.360280465E-03
       921, 8.999999951E+00, 8.397100955E-01, 7.703967051E-02, 2.793744481E-03, 1.365179746E-03, 4.826206644E-03,-1.887590876E-03,-1.777695691E-04,-7.207812161E-02,-1.439763205E-03
       922, 1.099999988E+01, 8.397100830E-01, 7.177540365E-02, 2.349542074E-03, 9.876980975E-04, 5.018432582E-03,-3.058062438E-03,-2.354218787E-04,-4.606725828E-02, 2.598352511E-04
       923, 1.299999997E+01, 8.397100830E-01, 6.552947162E-02, 1.907951316E-03, 7.325909543E-04, 5.096655101E-03,-3.094132061E-03,-2.014969187E-04,-3.076819940E-02, 8.218673061E-04
       924, 4.999999929E+00, 8.541593657E-01, 5.410458745E-02,-5.473954860E-04, 1.890778786E-03, 2.852720596E-03, 2.088183908E-02, 3.606515899E-03,-1.847394465E-01,-2.024240224E-02
       925, 6.999999954E+00, 8.541593657E-01, 7.522492595E-02, 2.664534773E-03, 1.826152323E-03, 4.282256095E-03, 3.493631328E-03, 4.314414444E-04,-1.168226486E-01,-6.613819323E-03
       926, 8.999999951E+00, 8.541593784E-01, 7.599742226E-02, 2.771754301E-03, 1.352509692E-03, 4.802885488E-03,-1.643904070E-03,-1.575084995E-04,-7.218334302E-02,-1.601462607E-03
       927, 1.099999988E+01, 8.541593657E-01, 7.110796501E-02, 2.352581190E-03, 9.826478413E-04, 5.006733466E-03,-2.916682147E-03,-2.284143761E-04,-4.631285136E-02, 1.622266656E-04
       928, 1.299999997E+01, 8.541593657E-01, 6.508310156E-02, 1.919385765E-03, 7.303782637E-04, 5.090716688E-03,-3.008911708E-03,-1.993273457E-04,-3.101270190E-02, 7.616981219E-04
       929, 4.999999929E+00, 8.688177834E-01, 5.142225753E-02,-8.452240623E-04, 1.794725115E-03, 2.754383538E-03, 2.136275677E-02, 3.751712932E-03,-1.812882777E-01,-2.039131523E-02
       930, 6.999999954E+00, 8.688177834E-01, 7.351711116E-02, 2.565734009E-03, 1.790398736E-03, 4.232846398E-03, 3.909175702E-03, 4.908754970E-04,-1.162011737E-01,-6.863016621E-03
       931, 8.999999951E+00, 8.688177964E-01, 7.493874380E-02, 2.747076008E-03, 1.339366134E-03, 4.778361943E-03,-1.398927550E-03,-1.363820198E-04,-7.226201518E-02,-1.763288197E-03
       932, 1.099999988E+01, 8.688177834E-01, 7.042736218E-02, 2.354226676E-03, 9.773700194E-04, 4.994307699E-03,-2.773582198E-03,-2.209493123E-04,-4.654551242E-02, 6.369916501E-05
       933, 1.299999997E+01, 8.688177834E-01, 6.462673168E-02, 1.930097211E-03, 7.280542838E-04, 5.084338102E-03,-2.922286270E-03,-1.969198644E-04,-3.125105064E-02, 7.006530486E-04
       934, 4.999999929E+00, 8.836883630E-01, 4.875315915E-02,-1.149361286E-03, 1.698802290E-03, 2.653666292E-03, 2.181078936E-02, 3.894765677E-03,-1.777398030E-01,-2.051152967E-02
       935, 6.999999954E+00, 8.836883630E-01, 7.179422459E-02, 2.461832983E-03, 1.753787042E-03, 4.181486861E-03, 4.320940606E-03, 5.517097563E-04,-1.155260052E-01,-7.107511892E-03
       936, 8.999999951E+00, 8.836883762E-01, 7.386377552E-02, 2.719634319E-03, 1.325741733E-03, 4.752596102E-03,-1.152815437E-03,-1.143497263E-04,-7.231375892E-02,-1.925133127E-03
       937, 1.099999988E+01, 8.836883630E-01, 6.973354885E-02, 2.354424253E-03, 9.718579288E-04, 4.981124145E-03,-2.628812222E-03,-2.130163036E-04,-4.676489327E-02,-3.569898589E-05
       938, 1.299999997E+01, 8.836883630E-01, 6.416026049E-02, 1.940049448E-03, 7.256147773E-04, 5.077497077E-03,-2.834265716E-03,-1.942669788E-04,-3.148300806E-02, 6.387506209E-04
       939, 4.999999929E+00, 8.987741753E-01, 4.609969674E-02,-1.459485964E-03, 1.603171591E-03, 2.550599559E-03, 2.222444222E-02, 4.035179716E-03,-1.740951287E-01,-2.060193809E-02
       940, 6.999999954E+00, 8.987741753E-01, 7.005699777E-02, 2.352778492E-03, 1.716333623E-03, 4.128141502E-03, 4.728463917E-03, 6.138995345E-04,-1.147971357E-01,-7.346938888E-03
       941, 8.999999951E+00, 8.987741887E-01, 7.277267670E-02, 2.689354556E-03, 1.311629720E-03, 4.725547786E-03,-9.057287105E-04,-9.142094965E-05,-7.233820420E-02,-2.086880782E-03
       942, 1.099999988E+01, 8.987741753E-01, 6.902648815E-02, 2.353118920E-03, 9.661049126E-04, 4.967150914E-03,-2.482425265E-03,-2.046051521E-04,-4.697065110E-02,-1.359164640E-04
       943, 1.299999997E+01, 8.987741753E-01, 6.368359091E-02, 1.949205440E-03, 7.230554361E-04, 5.070170611E-03,-2.744858182E-03,-1.913608628E-04,-3.170817496E-02, 5.760050182E-04
       944, 4.999999929E+00, 9.140783356E-01, 4.346434744E-02,-1.775242457E-03, 1.507998752E-03, 2.445220263E-03, 2.260214729E-02, 4.172421633E-03,-1.703551451E-01,-2.066137015E-02
       945, 6.999999954E+00, 9.140783356E-01, 6.830619810E-02, 2.238523573E-03, 1.678057449E-03, 4.072775714E-03, 5.131273527E-03, 6.773949401E-04,-1.140146006E-01,-7.580925882E-03
       946, 8.999999951E+00, 9.140783492E-01, 7.166562616E-02, 2.656163175E-03, 1.297023945E-03, 4.697176609E-03,-6.578349295E-04,-6.759127656E-05,-7.233499509E-02,-2.248367639E-03
       947, 1.099999988E+01, 9.140783356E-01, 6.830615307E-02, 2.350255016E-03, 9.601043510E-04, 4.952355444E-03,-2.334477948E-03,-1.957059271E-04,-4.716244786E-02,-2.368986810E-04
       948, 1.299999997E+01, 9.140783356E-01, 6.319663046E-02, 1.957527264E-03, 7.203718886E-04, 5.062334967E-03,-2.654081290E-03,-1.881938639E-04,-3.192634891E-02, 5.124328573E-04
       949, 4.999999929E+00, 9.296040040E-01, 4.084966664E-02,-2.096238007E-03, 1.413453689E-03, 2.337572113E-03, 2.294224127E-02, 4.305912841E-03,-1.665204348E-01,-2.068857141E-02
       950, 6.999999954E+00, 9.296040040E-01, 6.654262918E-02, 2.119027966E-03, 1.638980146E-03, 4.015356397E-03, 5.528887426E-03, 7.421405278E-04,-1.131784774E-01,-7.809095052E-03
       951, 8.999999951E+00, 9.296040179E-01, 7.054282269E-02, 2.619987366E-03, 1.281918929E-03, 4.667442036E-03,-4.093078206E-04,-4.285701651E-05,-7.230379816E-02,-2.409450918E-03
       952, 1.099999988E+01, 9.296040040E-01, 6.757252683E-02, 2.345776276E-03, 9.538496796E-04, 4.936704538E-03,-2.185030510E-03,-1.863089733E-04,-4.733995067E-02,-3.385886961E-04
       953, 1.299999997E+01, 9.296040040E-01, 6.269929162E-02, 1.964976196E-03, 7.175597054E-04, 5.053965671E-03,-2.561952438E-03,-1.847585043E-04,-3.213727916E-02, 4.480554771E-04
       954, 4.999999929E+00, 9.453543867E-01, 3.825829551E-02,-2.422039545E-03, 1.319710253E-03, 2.227706311E-03, 2.324293608E-02, 4.435021485E-03,-1.625911545E-01,-2.068217527E-02
       955, 6.999999954E+00, 9.453543867E-01, 6.476713122E-02, 1.994258605E-03, 1.599126060E-03, 3.955852096E-03, 5.920813993E-03, 8.080749571E-04,-1.122888878E-01,-8.031062257E-03
       956, 8.999999951E+00, 9.453544008E-01, 6.940448553E-02, 2.580755281E-03, 1.266309917E-03, 4.636303455E-03,-1.603277044E-04,-1.721544767E-05,-7.224429762E-02,-2.569977428E-03
       957, 1.099999988E+01, 9.453543867E-01, 6.682560334E-02, 2.339625884E-03, 9.473344254E-04, 4.920164366E-03,-2.034146797E-03,-1.764049182E-04,-4.750283341E-02,-4.409272131E-04
       958, 1.299999997E+01, 9.453543867E-01, 6.219149209E-02, 1.971512715E-03, 7.146144061E-04, 5.045037511E-03,-2.468490963E-03,-1.810472036E-04,-3.234071253E-02, 3.828947732E-04
       959, 4.999999929E+00, 9.613327362E-01, 3.569297117E-02,-2.752169802E-03, 1.226946030E-03, 2.115682454E-03, 2.350227849E-02, 4.559051717E-03,-1.585668765E-01,-2.064066472E-02
       960, 6.999999954E+00, 9.613327362E-01, 6.298058131E-02, 1.864190116E-03, 1.558522309E-03, 3.894233131E-03, 6.306552430E-03, 8.751307437E-04,-1.113459977E-01,-8.246437570E-03
       961, 8.999999951E+00, 9.613327505E-01, 6.825085486E-02, 2.538396190E-03, 1.250192929E-03, 4.603720243E-03, 8.891888454E-05, 9.334512254E-06,-7.215619866E-02,-2.729790241E-03
       962, 1.099999988E+01, 9.613327362E-01, 6.606538755E-02, 2.331746534E-03, 9.405522325E-04, 4.902700478E-03,-1.881894195E-03,-1.659849035E-04,-4.765077784E-02,-5.438525688E-04
       963, 1.299999997E+01, 9.613327362E-01, 6.167315506E-02, 1.977096526E-03, 7.115314670E-04, 5.035524537E-03,-2.373718207E-03,-1.770523906E-04,-3.253639795E-02, 3.169744329E-04
       964, 4.999999929E+00, 9.775423519E-01, 3.315654055E-02,-3.086102464E-03, 1.135342208E-03, 2.001569708E-03, 2.371809472E-02, 4.677228985E-03,-1.544463753E-01,-2.056231938E-02
       965, 6.999999954E+00, 9.775423519E-01, 6.118389374E-02, 1.728805339E-03, 1.517198833E-03, 3.830471743E-03, 6.685592860E-03, 9.432341665E-04,-1.103500158E-01,-8.454826305E-03
       966, 8.999999951E+00, 9.775423664E-01, 6.708219229E-02, 2.492840704E-03, 1.233564811E-03, 4.569651836E-03, 3.382390895E-04, 3.679232224E-05,-7.203922750E-02,-2.888726696E-03
       967, 1.099999988E+01, 9.775423519E-01, 6.529189586E-02, 2.322080522E-03, 9.334968858E-04, 4.884277831E-03,-1.728343932E-03,-1.550406315E-04,-4.778347090E-02,-6.472956728E-04
       968, 1.299999997E+01, 9.775423519E-01, 6.114420954E-02, 1.981686575E-03, 7.083063286E-04, 5.025400066E-03,-2.277657633E-03,-1.727665138E-04,-3.272408532E-02, 2.503196488E-04
       969, 4.999999929E+00, 9.939865811E-01, 3.065197931E-02,-3.423256017E-03, 1.045083568E-03, 1.885448361E-03, 2.388791271E-02, 4.788679456E-03,-1.502273322E-01,-2.044514191E-02
       970, 6.999999954E+00, 9.939865811E-01, 5.937802027E-02, 1.588095849E-03, 1.475188429E-03, 3.764542236E-03, 7.057416247E-03, 1.012305072E-03,-1.093011915E-01,-8.655829298E-03
       971, 8.999999951E+00, 9.939865959E-01, 6.589878123E-02, 2.444020968E-03, 1.216423299E-03, 4.534057827E-03, 5.874336163E-04, 6.515569851E-05,-7.189313013E-02,-3.046620210E-03
       972, 1.099999988E+01, 9.939865811E-01, 6.450515658E-02, 2.310569956E-03, 9.261623354E-04, 4.864860825E-03,-1.573571023E-03,-1.435698443E-04,-4.790060819E-02,-7.511841215E-04
       973, 1.299999997E+01, 9.939865811E-01, 6.060459062E-02, 1.985241069E-03, 7.049344051E-04, 5.014636685E-03,-2.180334892E-03,-1.681821324E-04,-3.290352498E-02, 1.829569335E-04
       974, 4.999999929E+00, 1.010668820E+00, 2.818241788E-02,-3.762985732E-03, 9.563586491E-04, 1.767411921E-03, 2.400885158E-02, 4.892401290E-03,-1.459059202E-01,-2.028675263E-02
       975, 6.999999954E+00, 1.010668820E+00, 5.756395048E-02, 1.442062501E-03, 1.432526787E-03, 3.696421124E-03, 7.421494412E-03, 1.082256453E-03,-1.081998141E-01,-8.849042108E-03
       976, 8.999999951E+00, 1.010668835E+00, 6.470092745E-02, 2.391870877E-03, 1.198767070E-03, 4.496898049E-03, 8.362966484E-04, 9.442053739E-05,-7.171767179E-02,-3.203300358E-03
       977, 1.099999988E+01, 1.010668820E+00, 6.370521022E-02, 2.297156987E-03, 9.185427218E-04, 4.844413332E-03,-1.417654051E-03,-1.315514972E-04,-4.800189713E-02,-8.554883124E-04
       978, 1.299999997E+01, 1.010668820E+00, 6.005423983E-02, 1.987717499E-03, 7.014110936E-04, 5.003206257E-03,-2.081777799E-03,-1.632918583E-04,-3.307446895E-02, 1.149148416E-04
       979, 4.999999929E+00, 1.027592512E+00, 2.575117788E-02,-4.104572978E-03, 8.693601715E-04, 1.647569991E-03, 2.407746282E-02, 4.987222698E-03,-1.414762125E-01,-2.008424204E-02
       980, 6.999999954E+00, 1.027592512E+00, 5.574271196E-02, 1.290716018E-03, 1.389252507E-03, 3.626087281E-03, 7.777290282E-03, 1.152994035E-03,-1.070462134E-01,-9.034054641E-03
       981, 8.999999951E+00, 1.027592528E+00, 6.348895952E-02, 2.336326285E-03, 1.180595789E-03, 4.458132640E-03, 1.084615984E-03, 1.245808324E-04,-7.151263868E-02,-3.358592506E-03
       982, 1.099999988E+01, 1.027592512E+00, 6.289210998E-02, 2.281781854E-03, 9.106324027E-04, 4.822898733E-03,-1.260676099E-03,-1.189696105E-04,-4.808705092E-02,-9.600486352E-04
       983, 1.299999997E+01, 1.027592512E+00, 5.949310543E-02, 1.989072679E-03, 6.977317866E-04, 4.991079925E-03,-1.982016325E-03,-1.580882939E-04,-3.323667279E-02, 4.622330567E-05
       984, 4.999999929E+00, 1.044761154E+00, 2.336182336E-02,-4.447210674E-03, 7.842858723E-04, 1.526052294E-03, 2.408949615E-02, 5.071741283E-03,-1.369293216E-01,-1.983392868E-02
       985, 6.999999954E+00, 1.044761154E+00, 5.391537062E-02, 1.134077596E-03, 1.345407113E-03, 3.553522097E-03, 8.124258242E-03, 1.224415981E-03,-1.058407594E-01,-9.210451585E-03
       986, 8.999999951E+00, 1.044761169E+00, 6.226322923E-02, 2.277325250E-03, 1.161910164E-03, 4.417722133E-03, 1.332173215E-03, 1.556285477E-04,-7.127784013E-02,-3.512317092E-03
       987, 1.099999988E+01, 1.044761154E+00, 6.206592212E-02, 2.264385143E-03, 9.024259805E-04, 4.800279964E-03,-1.102724140E-03,-1.058475921E-04,-4.815578662E-02,-1.064859053E-03
       988, 1.299999997E+01, 1.044761154E+00, 5.892114271E-02, 1.989262755E-03, 6.938918920E-04, 4.978228090E-03,-1.881082698E-03,-1.525643119E-04,-3.338989575E-02,-2.308568048E-05
       989, 4.999999929E+00, 1.062178289E+00, 2.101823437E-02,-4.789982470E-03, 7.013399415E-04, 1.403014417E-03, 2.403955122E-02, 5.144222894E-03,-1.322521128E-01,-1.953102361E-02
       990, 6.999999954E+00, 1.062178289E+00, 5.208303088E-02, 9.721795185E-04, 1.301035050E-03, 3.478709634E-03, 8.461843990E-03, 1.296412762E-03,-1.045838582E-01,-9.377813372E-03
       991, 8.999999951E+00, 1.062178305E+00, 6.102411199E-02, 2.214808281E-03, 1.142712001E-03, 4.375627557E-03, 1.578743730E-03, 1.875534901E-04,-7.101310864E-02,-3.664289887E-03
       992, 1.099999988E+01, 1.062178289E+00, 6.122672650E-02, 2.244910290E-03, 8.939183299E-04, 4.776519552E-03,-9.438882902E-04,-9.217392962E-05,-4.820783314E-02,-1.169849263E-03
       993, 1.299999997E+01, 1.062178289E+00, 5.833831429E-02, 1.988243272E-03, 6.898868405E-04, 4.964620421E-03,-1.779011474E-03,-1.467128638E-04,-3.353389987E-02,-9.297718067E-05
       994, 4.999999929E+00, 1.079847516E+00, 1.872471451E-02,-5.131833585E-03, 6.207354020E-04, 1.278646189E-03, 2.392053178E-02, 5.202485241E-03,-1.274252180E-01,-1.916918136E-02
       995, 6.999999954E+00, 1.079847516E+00, 5.024683594E-02, 8.050657887E-04, 1.256183679E-03, 3.401636795E-03, 8.789484118E-03, 1.368866884E-03,-1.032759485E-01,-9.535716169E-03
       996, 8.999999951E+00, 1.079847532E+00, 5.977200727E-02, 2.148718602E-03, 1.123004258E-03, 4.331810531E-03, 1.824096609E-03, 2.203431947E-04,-7.071829859E-02,-3.814322704E-03
       997, 1.099999988E+01, 1.079847516E+00, 6.037461682E-02, 2.223299056E-03, 8.851046277E-04, 4.751579665E-03,-7.842626491E-04,-7.792566912E-05,-4.824293583E-02,-1.274861119E-03
       998, 1.299999997E+01, 1.079847516E+00, 5.774459046E-02, 1.985969208E-03, 6.857120810E-04, 4.950225927E-03,-1.675839621E-03,-1.405269143E-04,-3.366844923E-02,-1.634157243E-04
       999, 4.999999929E+00, 1.097772482E+00, 1.648615235E-02,-5.471528270E-03, 5.426979812E-04, 1.153184202E-03, 2.372278487E-02, 5.243651545E-03,-1.224199019E-01,-1.873959147E-02
      1000, 6.999999954E+00, 1.097772482E+00, 4.840796813E-02, 6.327927982E-04, 1.210903256E-03, 3.322293492E-03, 9.106605682E-03, 1.441652312E-03,-1.019174983E-01,-9.683730520E-03
      1001, 8.999999951E+00, 1.097772499E+00, 5.850733896E-02, 2.079002405E-03, 1.102791091E-03, 4.286233366E-03, 2.067994579E-03, 2.539828211E-04,-7.039328550E-02,-3.962223928E-03
      1002, 1.099999988E+01, 1.097772482E+00, 5.950970102E-02, 2.199492405E-03, 8.759803824E-04, 4.725422159E-03,-6.239459430E-04,-6.310625306E-05,-4.826084573E-02,-1.379881838E-03
      1003, 1.299999997E+01, 1.097772482E+00, 5.713994950E-02, 1.982394983E-03, 6.813630911E-04, 4.935012991E-03,-1.571606542E-03,-1.339997766E-04,-3.379331096E-02,-2.343648912E-04
      1004, 4.999999929E+00, 1.115956889E+00, 1.430827016E-02,-5.807581557E-03, 4.674724246E-04, 1.026931134E-03, 2.343267830E-02, 5.263747429E-03,-1.171929242E-01,-1.822958310E-02
      1005, 6.999999954E+00, 1.115956889E+00, 4.656764923E-02, 4.554300445E-04, 1.165246895E-03, 3.240672821E-03, 9.412626053E-03, 1.514633887E-03,-1.005090032E-01,-9.821420390E-03
      1006, 8.999999951E+00, 1.115956906E+00, 5.723055585E-02, 2.005609121E-03, 1.082077909E-03, 4.238859166E-03, 2.310194171E-03, 2.884550627E-04,-7.003796737E-02,-4.107798062E-03
      1007, 1.099999988E+01, 1.115956889E+00, 5.863210178E-02, 2.173432591E-03, 8.665414655E-04, 4.698008635E-03,-4.630409937E-04,-4.771201368E-05,-4.826132189E-02,-1.484787236E-03
      1008, 1.299999997E+01, 1.115956889E+00, 5.652437806E-02, 1.977474521E-03, 6.768354002E-04, 4.918949369E-03,-1.466354029E-03,-1.271247680E-04,-3.390825685E-02,-3.057841827E-04
      1009, 4.999999929E+00, 1.134404493E+00, 1.219802169E-02,-6.138153276E-03, 3.953329762E-04, 9.002866536E-04, 2.303012317E-02, 5.257119904E-03,-1.116776606E-01,-1.762034691E-02
      1010, 6.999999954E+00, 1.134404493E+00, 4.472714081E-02, 2.730608855E-04, 1.119270531E-03, 3.156771227E-03, 9.706952807E-03, 1.587666889E-03,-9.905098349E-02,-9.948343177E-03
      1011, 8.999999951E+00, 1.134404510E+00, 5.594213198E-02, 1.928491713E-03, 1.060871419E-03, 4.189651936E-03, 2.550445978E-03, 3.237399992E-04,-6.965226686E-02,-4.250845041E-03
      1012, 1.099999988E+01, 1.134404493E+00, 5.774195686E-02, 2.145062151E-03, 8.567841427E-04, 4.669300489E-03,-3.016542890E-04,-3.173969801E-05,-4.824413757E-02,-1.589496132E-03
      1013, 1.299999997E+01, 1.134404493E+00, 5.589787139E-02, 1.971161327E-03, 6.721246072E-04, 4.902002202E-03,-1.360126309E-03,-1.198958363E-04,-3.401306437E-02,-3.776343437E-04
      1014, 4.999999929E+00, 1.153119101E+00, 1.016425887E-02,-6.460871030E-03, 3.266014030E-04, 7.737993817E-04, 2.248409655E-02, 5.215085200E-03,-1.057682979E-01,-1.688232445E-02
      1015, 6.999999954E+00, 1.153119101E+00, 4.288774467E-02, 8.578332219E-05, 1.073032860E-03, 3.070588720E-03, 9.988982087E-03, 1.660596679E-03,-9.754397226E-02,-1.006404952E-02
      1016, 8.999999951E+00, 1.153119119E+00, 5.464256693E-02, 1.847606987E-03, 1.039179673E-03, 4.138576694E-03, 2.788494692E-03, 3.598149532E-04,-6.923613137E-02,-4.391160512E-03
      1017, 1.099999988E+01, 1.153119101E+00, 5.683941950E-02, 2.114324296E-03, 8.467051056E-04, 4.639258979E-03,-1.398964717E-04,-1.518688000E-05,-4.820907668E-02,-1.693910934E-03
      1018, 1.299999997E+01, 1.153119101E+00, 5.526043372E-02, 1.963408485E-03, 6.672263958E-04, 4.884138040E-03,-1.252970203E-03,-1.123060270E-04,-3.410751412E-02,-4.498624157E-04
      1019, 4.999999929E+00, 1.172104580E+00, 8.218911885E-03,-6.772504629E-03, 2.616798765E-04, 6.482607803E-04, 2.174379393E-02, 5.123617955E-03,-9.928870596E-02,-1.596694043E-02
      1020, 6.999999954E+00, 1.172104580E+00, 4.105080354E-02,-1.062891716E-04, 1.026595273E-03, 2.982129089E-03, 1.025809630E-02, 1.733258017E-03,-9.598850410E-02,-1.016808184E-02
      1021, 8.999999951E+00, 1.172104598E+00, 5.333238620E-02, 1.762915904E-03, 1.017012110E-03, 4.085599580E-03, 3.024078991E-03, 3.966543608E-04,-6.878953137E-02,-4.528536567E-03
      1022, 1.099999988E+01, 1.172104580E+00, 5.592465882E-02, 2.081162938E-03, 8.363015051E-04, 4.607845279E-03, 2.211763699E-05, 1.947909708E-06,-4.815593394E-02,-1.797935294E-03
      1023, 1.299999997E+01, 1.172104580E+00, 5.461207857E-02, 1.954169040E-03, 6.621365502E-04, 4.865322868E-03,-1.144935305E-03,-1.043530651E-04,-3.419139131E-02,-5.224394548E-04
      1024, 4.999999929E+00, 1.191364850E+00, 6.379265806E-03,-7.068364900E-03, 2.011171731E-04, 5.248953600E-04, 2.071878705E-02, 4.958363837E-03,-9.191789441E-02,-1.478811751E-02
      1025, 6.999999954E+00, 1.191364850E+00, 3.921770188E-02,-3.030267526E-04, 9.800217773E-04, 2.891400110E-03, 1.051366448E-02, 1.805474409E-03,-9.438511728E-02,-1.025997300E-02
      1026, 8.999999951E+00, 1.191364868E+00, 5.201214158E-02, 1.674383901E-03, 9.943796016E-04, 4.030687978E-03, 3.256931507E-03, 4.342296539E-04,-6.831245935E-02,-4.662762328E-03
      1027, 1.099999988E+01, 1.191364850E+00, 5.499786022E-02, 2.045522875E-03, 8.255709821E-04, 4.575020547E-03, 1.842690275E-04, 1.966515238E-05,-4.808451542E-02,-1.901468160E-03
      1028, 1.299999997E+01, 1.191364850E+00, 5.395282914E-02, 1.943395572E-03, 6.568509715E-04, 4.845522136E-03,-1.036073266E-03,-9.602826690E-05,-3.426448702E-02,-5.953125665E-04
      1029, 4.999999929E+00, 1.210903887E+00, 4.672744756E-03,-7.341121124E-03, 1.457572108E-04, 4.057997811E-04, 1.923042292E-02, 4.673719372E-03,-8.298535215E-02,-1.317585925E-02
      1030, 6.999999954E+00, 1.210903887E+00, 3.738986668E-02,-5.042822474E-04, 9.333789180E-04, 2.798413808E-03, 1.075504015E-02, 1.877057021E-03,-9.273434397E-02,-1.033924337E-02
      1031, 8.999999951E+00, 1.210903906E+00, 5.068241145E-02, 1.581981211E-03, 9.712944847E-04, 3.973810633E-03, 3.486779028E-03, 4.725091559E-04,-6.780493102E-02,-4.793623512E-03
      1032, 1.099999988E+01, 1.210903887E+00, 5.405922574E-02, 2.007349925E-03, 8.145117030E-04, 4.540745995E-03, 3.464346639E-04, 3.796426867E-05,-4.799464014E-02,-2.004406506E-03
      1033, 1.299999997E+01, 1.210903887E+00, 5.328271857E-02, 1.931039380E-03, 6.513656959E-04, 4.824700791E-03,-9.264385353E-04,-8.731394098E-05,-3.432659556E-02,-6.684126722E-04
      1034, 4.999999929E+00, 1.230725728E+00, 3.146548073E-03,-7.578399265E-03, 9.704632689E-05, 2.949060351E-04, 1.692944530E-02, 4.179110756E-03,-7.114272961E-02,-1.077810333E-02
      1035, 6.999999954E+00, 1.230725728E+00, 3.556876865E-02,-7.098900672E-04, 8.867356807E-04, 2.703186742E-03, 1.098155647E-02, 1.947803268E-03,-9.103668542E-02,-1.040539665E-02
      1036, 8.999999951E+00, 1.230725746E+00, 4.934380109E-02, 1.485683221E-03, 9.477706001E-04, 3.914937779E-03, 3.713342823E-03, 5.114579121E-04,-6.726698732E-02,-4.920901732E-03
      1037, 1.099999988E+01, 1.230725728E+00, 5.310897446E-02, 1.966591083E-03, 8.031223967E-04, 4.504982982E-03, 5.084875030E-04, 5.684360696E-05,-4.788614033E-02,-2.106644409E-03
      1038, 1.299999997E+01, 1.230725728E+00, 5.260179036E-02, 1.917052465E-03, 6.456769120E-04, 4.802823315E-03,-8.160890384E-04,-7.822388201E-05,-3.437751721E-02,-7.417186528E-04
      1039, 4.999999929E+00, 1.250834464E+00, 1.878229521E-03,-7.759578605E-03, 5.730764211E-05, 1.990278157E-04, 1.339269533E-02, 3.353758524E-03,-5.490699726E-02,-7.169754883E-03
      1040, 6.999999954E+00, 1.250834464E+00, 3.375592394E-02,-9.196650105E-04, 8.401633884E-04, 2.605740315E-03, 1.119252223E-02, 2.017495856E-03,-8.929259126E-02,-1.045791760E-02
      1041, 8.999999951E+00, 1.250834482E+00, 4.799694295E-02, 1.385470844E-03, 9.238233233E-04, 3.854041259E-03, 3.936338687E-03, 5.510375257E-04,-6.669869431E-02,-5.044374766E-03
      1042, 1.099999988E+01, 1.250834464E+00, 5.214734282E-02, 1.923194689E-03, 7.914023844E-04, 4.467693072E-03, 6.702963761E-04, 7.630036667E-05,-4.775886096E-02,-2.208072757E-03
      1043, 1.299999997E+01, 1.250834464E+00, 5.191009866E-02, 1.901387938E-03, 6.397809798E-04, 4.779853758E-03,-7.050849178E-04,-6.875929463E-05,-3.441705967E-02,-8.151649326E-04
      1044, 4.999999929E+00, 1.271234248E+00, 9.570716040E-04,-7.859675601E-03, 2.895786172E-05, 1.259534620E-04, 8.814449470E-03, 2.231698987E-03,-3.539173081E-02,-2.604671747E-03
      1045, 6.999999954E+00, 1.271234248E+00, 3.195289640E-02,-1.133400953E-03, 7.937355946E-04, 2.506101145E-03, 1.138721594E-02, 2.085901129E-03,-8.750243523E-02,-1.049626697E-02
      1046, 8.999999951E+00, 1.271234267E+00, 4.664249690E-02, 1.281330898E-03, 8.994695913E-04, 3.791094663E-03, 4.155476771E-03, 5.912060080E-04,-6.610014094E-02,-5.163817282E-03
      1047, 1.099999988E+01, 1.271234248E+00, 5.117458505E-02, 1.877110608E-03, 7.793516102E-04, 4.428838107E-03, 8.317258790E-04, 9.633052491E-05,-4.761265918E-02,-2.308579311E-03
      1048, 1.299999997E+01, 1.271234248E+00, 5.120770860E-02, 1.883998051E-03, 6.336744497E-04, 4.755755783E-03,-5.934885028E-04,-5.889883483E-05,-3.444503881E-02,-8.886858650E-04
      1049, 4.999999929E+00, 1.291929293E+00, 4.111549264E-04,-7.868677324E-03, 1.227606243E-05, 7.825786249E-05, 4.497833458E-03, 1.143937179E-03,-1.776082047E-02, 1.583448935E-03
      1050, 6.999999954E+00, 1.291929293E+00, 3.016130045E-02,-1.350869318E-03, 7.475279776E-04, 2.404301514E-03, 1.156487778E-02, 2.152766487E-03,-8.566648249E-02,-1.051987237E-02
      1051, 8.999999951E+00, 1.291929312E+00, 4.528115052E-02, 1.173256490E-03, 8.747279268E-04, 3.726073457E-03, 4.370461512E-03, 6.319176398E-04,-6.547143743E-02,-5.279001426E-03
      1052, 1.099999988E+01, 1.291929293E+00, 5.019097347E-02, 1.828290411E-03, 7.669706788E-04, 4.388380296E-03, 9.926364141E-04, 1.169287469E-04,-4.744740497E-02,-2.408049234E-03
      1053, 1.299999997E+01, 1.291929293E+00, 5.049469656E-02, 1.864834659E-03, 6.273540823E-04, 4.730492708E-03,-4.813652353E-04,-4.864198217E-05,-3.446127476E-02,-9.622375884E-04
      1054, 4.999999929E+00, 1.312923873E+00, 1.590478849E-04,-7.805648816E-03, 4.412088179E-06, 5.058756745E-05, 1.713694921E-03, 4.411018152E-04,-6.688555166E-03, 4.216384595E-03
      1055, 6.999999954E+00, 1.312923873E+00, 2.838280500E-02,-1.571817265E-03, 7.016182381E-04, 2.300379902E-03, 1.172469968E-02, 2.217817259E-03,-8.378485049E-02,-1.052811766E-02
      1056, 8.999999951E+00, 1.312923892E+00, 4.391361938E-02, 1.061247402E-03, 8.496184561E-04, 3.658955122E-03, 4.580991838E-03, 6.731228432E-04,-6.481271599E-02,-5.389696369E-03
      1057, 1.099999988E+01, 1.312923873E+00, 4.919679891E-02, 1.776687562E-03, 7.542608875E-04, 4.346282310E-03, 1.152884404E-03, 1.380882970E-04,-4.726298271E-02,-2.506365180E-03
      1058, 1.299999997E+01, 1.312923873E+00, 4.977115062E-02, 1.843850063E-03, 6.208168694E-04, 4.704027554E-03,-3.687835264E-04,-3.798797361E-05,-3.446559267E-02,-1.035756763E-03
      1059, 4.999999929E+00, 1.334222322E+00, 6.902557536E-05,-7.703838649E-03, 1.401672428E-06, 3.465657486E-05, 4.713615452E-04, 1.262431990E-04,-1.903730627E-03, 5.297961793E-03
      1060, 6.999999954E+00, 1.334222322E+00, 2.661913844E-02,-1.795965541E-03, 6.560860091E-04, 2.194381663E-03, 1.186581186E-02, 2.280752915E-03,-8.185745521E-02,-1.052033033E-02
      1061, 8.999999951E+00, 1.334222342E+00, 4.254064729E-02, 9.453105216E-04, 8.241629237E-04, 3.589719295E-03, 4.786761496E-03, 7.147679775E-04,-6.412413250E-02,-5.495667516E-03
      1062, 1.099999988E+01, 1.334222322E+00, 4.819237100E-02, 1.722257610E-03, 7.412242590E-04, 4.302507362E-03, 1.312322361E-03, 1.598010298E-04,-4.705929163E-02,-2.603407321E-03
      1063, 1.299999997E+01, 1.334222322E+00, 4.903717084E-02, 1.820996926E-03, 6.140600545E-04, 4.676323097E-03,-2.558143291E-04,-2.693407707E-05,-3.445782750E-02,-1.109180603E-03
      1064, 4.999999929E+00, 1.355829040E+00, 4.380275647E-05,-7.587374025E-03, 4.234414272E-07, 2.424806860E-05, 6.133777909E-05, 4.628930633E-06,-4.103765326E-04, 5.529586253E-03
      1065, 6.999999954E+00, 1.355829040E+00, 2.487209541E-02,-2.023005905E-03, 6.110127845E-04, 2.086359866E-03, 1.198726343E-02, 2.341242305E-03,-7.988393416E-02,-1.049576507E-02
      1066, 8.999999951E+00, 1.355829060E+00, 4.116300650E-02, 8.254602905E-04, 7.983847005E-04, 3.518347914E-03, 4.987459004E-03, 7.567951351E-04,-6.340586566E-02,-5.596676682E-03
      1067, 1.099999988E+01, 1.355829040E+00, 4.717801849E-02, 1.664958398E-03, 7.278635734E-04, 4.257019311E-03, 1.470798750E-03, 1.820573018E-04,-4.683624484E-02,-2.699052697E-03
      1068, 1.299999997E+01, 1.355829040E+00, 4.829286955E-02, 1.796228307E-03, 6.070811543E-04, 4.647341916E-03,-1.425314960E-04,-1.547821971E-05,-3.443782130E-02,-1.182445853E-03
      1069, 4.999999929E+00, 1.377748487E+00, 3.858630831E-05,-7.467076779E-03, 1.393661506E-07, 1.658692547E-05,-5.079284080E-05,-3.579397951E-05,-4.694907993E-05, 5.474264487E-03
      1070, 6.999999954E+00, 1.377748487E+00, 2.314354599E-02,-2.252597964E-03, 5.664818831E-04, 1.976376392E-03, 1.208799557E-02, 2.398916727E-03,-7.786354273E-02,-1.045357875E-02
      1071, 8.999999951E+00, 1.377748507E+00, 3.978149793E-02, 7.017191601E-04, 7.723087873E-04, 3.444825369E-03, 5.182767303E-03, 7.991419505E-04,-6.265811373E-02,-5.692482684E-03
      1072, 1.099999988E+01, 1.377748487E+00, 4.615408957E-02, 1.604750287E-03, 7.141823994E-04, 4.209782751E-03, 1.628157872E-03, 2.048458816E-04,-4.659376868E-02,-2.793175409E-03
      1073, 1.299999997E+01, 1.377748487E+00, 4.753837176E-02, 1.769497744E-03, 5.998779806E-04, 4.617046458E-03,-2.901183502E-05,-3.618856053E-06,-3.440542191E-02,-1.255487487E-03
      1074, 4.999999929E+00, 1.399985190E+00, 3.834546179E-05,-7.347106075E-03, 6.214466915E-08, 1.158157433E-05,-7.543058173E-05,-4.359792015E-05, 2.081659591E-05, 5.327475412E-03
      1075, 6.999999954E+00, 1.399985190E+00, 2.143544811E-02,-2.484365140E-03, 5.225784634E-04, 1.864503369E-03, 1.216680491E-02, 2.453359971E-03,-7.579501730E-02,-1.039279443E-02
      1076, 8.999999951E+00, 1.399985211E+00, 3.839695143E-02, 5.741180579E-04, 7.459618124E-04, 3.369138653E-03, 5.372363484E-03, 8.417414076E-04,-6.188109155E-02,-5.782841776E-03
      1077, 1.099999988E+01, 1.399985190E+00, 4.512095226E-02, 1.541596380E-03, 7.001851246E-04, 4.160763117E-03, 1.784239933E-03, 2.281538453E-04,-4.633180335E-02,-2.885647156E-03
      1078, 1.299999997E+01, 1.399985190E+00, 4.677381542E-02, 1.740759365E-03, 5.924486625E-04, 4.585399089E-03, 8.466500833E-05, 8.644843428E-06,-3.436048457E-02,-1.328238264E-03
      1079, 4.999999929E+00, 1.422543741E+00, 3.868921313E-05,-7.228935701E-03, 4.120549986E-08, 9.153216521E-06,-7.170115344E-05,-4.248107954E-05, 1.096195642E-05, 5.155304658E-03
      1080, 6.999999954E+00, 1.422543741E+00, 1.974986446E-02,-2.717889437E-03, 4.793896177E-04, 1.750825085E-03, 1.222229315E-02, 2.504094569E-03,-7.367638851E-02,-1.031225138E-02
      1081, 8.999999951E+00, 1.422543762E+00, 3.701022613E-02, 4.426968694E-04, 7.193720231E-04, 3.291277535E-03, 5.555918781E-03, 8.845216463E-04,-6.107503008E-02,-5.867506985E-03
      1082, 1.099999988E+01, 1.422543741E+00, 4.407899464E-02, 1.475462756E-03, 6.858769845E-04, 4.109926787E-03, 1.938881325E-03, 2.519664787E-04,-4.605030457E-02,-2.976337386E-03
      1083, 1.299999997E+01, 1.422543741E+00, 4.599935184E-02, 1.709968006E-03, 5.847916676E-04, 4.552362159E-03, 1.984166735E-04, 2.131303987E-05,-3.430287379E-02,-1.400628382E-03
      1084, 4.999999929E+00, 1.445428798E+00, 3.862725351E-05,-7.112943210E-03, 3.446285484E-08, 8.157503203E-06,-6.551962650E-05,-4.014589992E-05,-1.117353338E-05, 4.986647128E-03
      1085, 6.999999954E+00, 1.445428798E+00, 1.808898562E-02,-2.952704521E-03, 4.370045844E-04, 1.635440599E-03, 1.225279500E-02, 2.550563125E-03,-7.150471350E-02,-1.021053937E-02
      1086, 8.999999951E+00, 1.445428820E+00, 3.562221070E-02, 3.075049646E-04, 6.925692716E-04, 3.211234714E-03, 5.733098730E-03, 9.274056672E-04,-6.024017698E-02,-5.946227031E-03
      1087, 1.099999988E+01, 1.445428798E+00, 4.302862520E-02, 1.406318700E-03, 6.712640906E-04, 4.057241191E-03, 2.091914730E-03, 2.762672718E-04,-4.574924387E-02,-3.065113350E-03
      1088, 1.299999997E+01, 1.445428798E+00, 4.521514587E-02, 1.677079351E-03, 5.769058279E-04, 4.517898076E-03, 3.121580135E-04, 3.438521546E-05,-3.423246347E-02,-1.472585700E-03
      1089, 4.999999929E+00, 1.468645087E+00, 3.823860428E-05,-6.999037886E-03, 3.106456364E-08, 7.637453460E-06,-6.212539088E-05,-3.938665080E-05,-2.100647093E-05, 4.828373440E-03
      1090, 6.999999954E+00, 1.468645087E+00, 1.645516253E-02,-3.188286446E-03, 3.955151343E-04, 1.518467339E-03, 1.225627231E-02, 2.592098148E-03,-6.927568591E-02,-1.008588242E-02
      1091, 8.999999951E+00, 1.468645109E+00, 3.423382366E-02, 1.686017588E-04, 6.655849950E-04, 3.129005982E-03, 5.903562770E-03, 9.703110362E-04,-5.937679399E-02,-6.018746173E-03
      1092, 1.099999988E+01, 1.468645087E+00, 4.197027300E-02, 1.334136961E-03, 6.563534561E-04, 4.002674920E-03, 2.243168959E-03, 3.010378151E-04,-4.542860735E-02,-3.151839387E-03
      1093, 1.299999997E+01, 1.468645087E+00, 4.442137629E-02, 1.642050058E-03, 5.687903617E-04, 4.481969381E-03, 4.258009215E-04, 4.786013458E-05,-3.414913539E-02,-1.544036446E-03
      1094, 4.999999929E+00, 1.492197403E+00, 3.771303136E-05,-6.887128860E-03, 2.847804236E-08, 7.240072297E-06,-6.040178283E-05,-3.887805627E-05,-2.383857848E-05, 4.676650454E-03
      1095, 6.999999954E+00, 1.492197403E+00, 1.485095250E-02,-3.424040402E-03, 3.550162220E-04, 1.400046190E-03, 1.223015566E-02, 2.627883749E-03,-6.698305130E-02,-9.936012657E-03
      1096, 8.999999951E+00, 1.492197425E+00, 3.284601376E-02, 2.605729691E-05, 6.384521877E-04, 3.044590434E-03, 6.066962855E-03, 1.013149498E-03,-5.848514799E-02,-6.084803917E-03
      1097, 1.099999988E+01, 1.492197403E+00, 4.090438809E-02, 1.258894024E-03, 6.411530206E-04, 3.946197843E-03, 2.392468816E-03, 3.262576918E-04,-4.508839481E-02,-3.236377111E-03
      1098, 1.299999997E+01, 1.492197403E+00, 4.361823610E-02, 1.604837880E-03, 5.604448942E-04, 4.444538803E-03, 5.392542764E-04, 6.173571172E-05,-3.405277843E-02,-1.614905390E-03
      1099, 4.999999929E+00, 1.516090608E+00, 3.713569336E-05,-6.777164523E-03, 2.618644873E-08, 6.879590126E-06,-5.923045155E-05,-3.854121103E-05,-2.467285001E-05, 4.530098648E-03
      1100, 6.999999954E+00, 1.516090608E+00, 1.327918599E-02,-3.659283199E-03, 3.156070412E-04, 1.280348816E-03, 1.217110360E-02, 2.656896656E-03,-6.461773075E-02,-9.757950340E-03
      1101, 8.999999951E+00, 1.516090631E+00, 3.145976063E-02,-1.200471257E-04, 6.112053681E-04, 2.957990665E-03, 6.222942516E-03, 1.055826611E-03,-5.756550646E-02,-6.144134925E-03
      1102, 1.099999988E+01, 1.516090608E+00, 3.983144166E-02, 1.180570386E-03, 6.256716725E-04, 3.887781223E-03, 2.539635196E-03, 3.519043567E-04,-4.472862030E-02,-3.318586004E-03
      1103, 1.299999997E+01, 1.516090608E+00, 4.280593290E-02, 1.565401803E-03, 5.518694815E-04, 4.405569343E-03, 6.524240929E-04, 7.600897657E-05,-3.394328987E-02,-1.685115248E-03
      1104, 4.999999929E+00, 1.540329637E+00, 3.653409918E-05,-6.669100064E-03, 2.409052386E-08, 6.539283703E-06,-5.820191430E-05,-3.826552745E-05,-2.504272681E-05, 4.388489520E-03
      1105, 6.999999954E+00, 1.540329637E+00, 1.174306520E-02,-3.893216322E-03, 2.773927129E-04, 1.159588469E-03, 1.207462926E-02, 2.677792193E-03,-6.216646916E-02,-9.547581018E-03
      1106, 8.999999951E+00, 1.540329660E+00, 3.007607534E-02,-2.696183200E-04, 5.838805412E-04, 2.869212981E-03, 6.371137268E-03, 1.098241542E-03,-5.661813985E-02,-6.196468492E-03
      1107, 1.099999988E+01, 1.540329637E+00, 3.875192642E-02, 1.099150831E-03, 6.099192693E-04, 3.827397836E-03, 2.684485419E-03, 3.779530259E-04,-4.434931369E-02,-3.398323606E-03
      1108, 1.299999997E+01, 1.540329637E+00, 4.198468911E-02, 1.523702203E-03, 5.430646345E-04, 4.365024358E-03, 7.652136830E-04, 9.067604604E-05,-3.382057735E-02,-1.754586233E-03
      1109, 4.999999929E+00, 1.564919496E+00, 3.591515626E-05,-6.562895607E-03, 2.216298532E-08, 6.215678899E-06,-5.720771747E-05,-3.802495756E-05,-2.531194403E-05, 4.251533348E-03
      1110, 6.999999954E+00, 1.564919496E+00, 1.024631351E-02,-4.124884722E-03, 2.404869906E-04, 1.038036389E-03, 1.193449173E-02, 2.688751673E-03,-5.960962505E-02,-9.299121797E-03
      1111, 8.999999951E+00, 1.564919519E+00, 2.869600105E-02,-4.225504933E-04, 5.565151585E-04, 2.778267645E-03, 6.511173213E-03, 1.140286395E-03,-5.564331397E-02,-6.241525968E-03
      1112, 1.099999988E+01, 1.564919496E+00, 3.766635669E-02, 1.014624717E-03, 5.939066557E-04, 3.765022101E-03, 2.826833339E-03, 4.043766757E-04,-4.395052080E-02,-3.475445573E-03
      1113, 1.299999997E+01, 1.564919496E+00, 4.115474229E-02, 1.479701010E-03, 5.340313405E-04, 4.322867639E-03, 8.775236022E-04, 1.057321359E-04,-3.368455902E-02,-1.823236288E-03
      1114, 4.999999929E+00, 1.589865261E+00, 3.528096712E-05,-6.458513689E-03, 2.038865962E-08, 5.907569894E-06,-5.621983815E-05,-3.781729586E-05,-2.555739864E-05, 4.119104416E-03
      1115, 6.999999954E+00, 1.589865261E+00, 8.793410610E-03,-4.353115080E-03, 2.050166668E-04, 9.160475538E-04, 1.174166300E-02, 2.687207765E-03,-5.691746295E-02,-9.004111541E-03
      1116, 8.999999951E+00, 1.589865284E+00, 2.732061403E-02,-5.787244402E-04, 5.291480690E-04, 2.685169151E-03, 6.642664228E-03, 1.181845400E-03,-5.464127690E-02,-6.279018468E-03
      1117, 1.099999988E+01, 1.589865261E+00, 3.657526870E-02, 9.269862827E-04, 5.776456789E-04, 3.700630203E-03, 2.966489136E-03, 4.311459167E-04,-4.353230161E-02,-3.549804853E-03
      1118, 1.299999997E+01, 1.589865261E+00, 4.031634540E-02, 1.433361872E-03, 5.247710861E-04, 4.279063503E-03, 9.892514660E-04, 1.211715105E-04,-3.353516187E-02,-1.890981844E-03
      1119, 4.999999929E+00, 1.615172084E+00, 3.463217223E-05,-6.355916344E-03, 1.875516948E-08, 5.614176436E-06,-5.524403851E-05,-3.761265507E-05,-2.575249317E-05, 3.990955579E-03
      1120, 6.999999954E+00, 1.615172084E+00, 7.389976607E-03,-4.576412205E-03, 1.711289708E-04, 7.941029308E-04, 1.148250978E-02, 2.669343737E-03,-5.404367777E-02,-8.649643764E-03
      1121, 8.999999951E+00, 1.615172108E+00, 2.595102490E-02,-7.380066578E-04, 5.018194667E-04, 2.589936522E-03, 6.765209424E-03, 1.222794195E-03,-5.361224717E-02,-6.308645354E-03
      1122, 1.099999988E+01, 1.615172084E+00, 3.547922080E-02, 8.362349766E-04, 5.611492008E-04, 3.634200227E-03, 3.103259110E-03, 4.582288577E-04,-4.309472901E-02,-3.621251834E-03
      1123, 1.299999997E+01, 1.615172084E+00, 3.946976710E-02, 1.384650309E-03, 5.152858789E-04, 4.233576878E-03, 1.100291884E-03, 1.369873332E-04,-3.337232078E-02,-1.957737982E-03
      1124, 4.999999929E+00, 1.640845191E+00, 3.397344298E-05,-6.255070409E-03, 1.725202180E-08, 5.319110162E-06,-5.441588487E-05,-3.739310833E-05,-2.549810386E-05, 3.866977778E-03
      1125, 6.999999954E+00, 1.640845191E+00, 6.043432558E-03,-4.792778113E-03, 1.390046067E-04, 6.728831215E-04, 1.113533219E-02, 2.629151332E-03,-5.091314958E-02,-8.214994944E-03
      1126, 8.999999951E+00, 1.640845215E+00, 2.458838035E-02,-9.002483669E-04, 4.745708371E-04, 2.492593669E-03, 6.878389665E-03, 1.262998824E-03,-5.255639845E-02,-6.330091770E-03
      1127, 1.099999988E+01, 1.640845191E+00, 3.437879374E-02, 7.423757894E-04, 5.444311082E-04, 3.565712293E-03, 3.236945760E-03, 4.855909577E-04,-4.263788898E-02,-3.689634948E-03
      1128, 1.299999997E+01, 1.640845191E+00, 3.861529208E-02, 1.333533886E-03, 5.055782689E-04, 4.186373403E-03, 1.210536644E-03, 1.531716229E-04,-3.319597985E-02,-2.023417833E-03
      1129, 4.999999929E+00, 1.666889884E+00, 3.332136230E-05,-6.155936067E-03, 1.587413939E-08, 4.935901007E-06,-5.386130698E-05,-3.736655181E-05,-2.447029398E-05, 3.747533695E-03
      1130, 6.999999954E+00, 1.666889884E+00, 4.764218631E-03,-4.999389462E-03, 1.088826072E-04, 5.534091509E-04, 1.066314412E-02, 2.556558315E-03,-4.739550638E-02,-7.664651586E-03
      1131, 8.999999951E+00, 1.666889908E+00, 2.323386536E-02,-1.065284402E-03, 4.474449032E-04, 2.393169815E-03, 6.981763483E-03, 1.302314491E-03,-5.147384273E-02,-6.343024056E-03
      1132, 1.099999988E+01, 1.666889884E+00, 3.327459084E-02, 6.454195917E-04, 5.275063190E-04, 3.495148697E-03, 3.367348127E-03, 5.131948950E-04,-4.216188201E-02,-3.754800859E-03
      1133, 1.299999997E+01, 1.666889884E+00, 3.775322128E-02, 1.279982401E-03, 4.956513693E-04, 4.137419522E-03, 1.319874933E-03, 1.697152227E-04,-3.300609445E-02,-2.087932142E-03
      1134, 4.999999929E+00, 1.693311540E+00, 3.269015971E-05,-6.058466522E-03, 1.463257508E-08, 4.455646985E-06,-5.331265860E-05,-3.740515264E-05,-2.339276635E-05, 3.632036317E-03
      1135, 6.999999954E+00, 1.693311540E+00, 3.568216804E-03,-5.191976894E-03, 8.111256823E-05, 4.373453129E-04, 9.997073546E-03, 2.433537841E-03,-4.323813081E-02,-6.933294634E-03
      1136, 8.999999951E+00, 1.693311565E+00, 2.188870597E-02,-1.232931894E-03, 4.204855748E-04, 2.291700009E-03, 7.074861848E-03, 1.340583865E-03,-5.036460974E-02,-6.347083383E-03
      1137, 1.099999988E+01, 1.693311540E+00, 3.216723822E-02, 5.453834787E-04, 5.103907853E-04, 3.422494055E-03, 3.494261842E-03, 5.410005593E-04,-4.166682254E-02,-3.816594446E-03
      1138, 1.299999997E+01, 1.693311540E+00, 3.688387215E-02, 1.223968094E-03, 4.855088764E-04, 4.086682581E-03, 1.428193286E-03, 1.866078147E-04,-3.280263118E-02,-2.151189534E-03
      1139, 4.999999929E+00, 1.720115616E+00, 3.206642100E-05,-5.962641901E-03, 1.354002173E-08, 3.992504776E-06,-5.238812934E-05,-3.714374538E-05,-2.328440234E-05, 3.519461573E-03
      1140, 6.999999954E+00, 1.720115616E+00, 2.481603563E-03,-5.363622599E-03, 5.626384688E-05, 3.276656475E-04, 9.003989658E-03, 2.225866816E-03,-3.793272397E-02,-5.889570548E-03
      1141, 8.999999951E+00, 1.720115642E+00, 2.055417298E-02,-1.402988707E-03, 3.937379026E-04, 2.188225759E-03, 7.157180228E-03, 1.377634863E-03,-4.922861598E-02,-6.341878367E-03
      1142, 1.099999988E+01, 1.720115616E+00, 3.105738500E-02, 4.422911424E-04, 4.931014935E-04, 3.347735454E-03, 3.617478736E-03, 5.689648799E-04,-4.115283625E-02,-3.874857756E-03
      1143, 1.299999997E+01, 1.720115616E+00, 3.600757886E-02, 1.165465844E-03, 4.751550890E-04, 4.034130940E-03, 1.535375375E-03, 2.038378638E-04,-3.258556610E-02,-2.213097297E-03
      1144, 4.999999929E+00, 1.747307647E+00, 3.142326645E-05,-5.868449560E-03, 1.258764873E-08, 3.593931931E-06,-5.116191397E-05,-3.675850451E-05,-2.399836398E-05, 3.410126765E-03
      1145, 6.999999954E+00, 1.747307647E+00, 1.547827247E-03,-5.502834034E-03, 3.527113941E-05, 2.296597005E-04, 7.485055858E-03, 1.879129258E-03,-3.074883176E-02,-4.333714037E-03
      1146, 8.999999951E+00, 1.747307673E+00, 1.923158685E-02,-1.575231559E-03, 3.672480444E-04, 2.082795830E-03, 7.228167337E-03, 1.413277765E-03,-4.806562019E-02,-6.326975411E-03
      1147, 1.099999988E+01, 1.747307647E+00, 2.994570358E-02, 3.361732842E-04, 4.756564599E-04, 3.270862611E-03, 3.736786439E-03, 5.970416290E-04,-4.062005773E-02,-3.929429973E-03
      1148, 1.299999997E+01, 1.747307647E+00, 3.512469257E-02, 1.104453360E-03, 4.645949257E-04, 3.979734073E-03, 1.641301938E-03, 2.213924441E-04,-3.235488356E-02,-2.273561524E-03
      1149, 4.999999929E+00, 1.774893249E+00, 3.074933060E-05,-5.775857629E-03, 1.175523103E-08, 3.250571821E-06,-4.991081694E-05,-3.645533712E-05,-2.479928971E-05, 3.304476725E-03
      1150, 6.999999954E+00, 1.774893249E+00, 8.252085840E-04,-5.593678956E-03, 1.931499853E-05, 1.506006936E-04, 5.380831478E-03, 1.370314064E-03,-2.160102768E-02,-2.210034307E-03
      1151, 8.999999951E+00, 1.774893275E+00, 1.792232427E-02,-1.749413724E-03, 3.410632485E-04, 1.975467264E-03, 7.287210299E-03, 1.447301324E-03,-4.687516543E-02,-6.301885455E-03
      1152, 1.099999988E+01, 1.774893249E+00, 2.883288992E-02, 2.270680234E-04, 4.580747232E-04, 3.191868040E-03, 3.851968301E-03, 6.251812122E-04,-4.006863007E-02,-3.980147916E-03
      1153, 1.299999997E+01, 1.774893249E+00, 3.423558175E-02, 1.040911392E-03, 4.538339426E-04, 3.923462682E-03, 1.745851001E-03, 2.392571875E-04,-3.211057760E-02,-2.332486510E-03
      1154, 4.999999929E+00, 1.802878116E+00, 3.004644130E-05,-5.684832424E-03, 1.102403296E-08, 2.953174961E-06,-4.872372747E-05,-3.617972620E-05,-2.541542956E-05, 3.202295487E-03
      1155, 6.999999954E+00, 1.802878116E+00, 3.531489475E-04,-5.624162081E-03, 9.020299547E-06, 9.549757298E-05, 3.114711908E-03, 8.005827312E-04,-1.224980797E-02, 4.414852600E-06
      1156, 8.999999951E+00, 1.802878143E+00, 1.662782710E-02,-1.925262157E-03, 3.152318656E-04, 1.866306711E-03, 7.333615056E-03, 1.479467556E-03,-4.565650526E-02,-6.266044914E-03
      1157, 1.099999988E+01, 1.802878116E+00, 2.771966388E-02, 1.150213260E-04, 4.403763338E-04, 3.110747191E-03, 3.962803556E-03, 6.533304812E-04,-3.949870498E-02,-4.026846045E-03
      1158, 1.299999997E+01, 1.802878116E+00, 3.334063234E-02, 9.748239635E-04, 4.428783483E-04, 3.865288811E-03, 1.848898150E-03, 2.574162466E-04,-3.185265393E-02,-2.389774321E-03
      1159, 4.999999929E+00, 1.831268029E+00, 2.931819052E-05,-5.595343544E-03, 1.037849929E-08, 2.694218796E-06,-4.758953657E-05,-3.591759263E-05,-2.588128503E-05, 3.103400099E-03
      1160, 6.999999954E+00, 1.831268029E+00, 1.067190320E-04,-5.598784169E-03, 3.612561115E-06, 6.256011442E-05, 1.386461467E-03, 3.597366701E-04,-5.339359414E-03, 1.657519298E-03
      1161, 8.999999951E+00, 1.831268056E+00, 1.534961428E-02,-2.102473785E-03, 2.898034032E-04, 1.755392194E-03, 7.366579265E-03, 1.509504323E-03,-4.440850295E-02,-6.218788320E-03
      1162, 1.099999988E+01, 1.831268029E+00, 2.660676954E-02, 8.744862168E-08, 4.225823379E-04, 3.027498659E-03, 4.069066753E-03, 6.814326192E-04,-3.891043899E-02,-4.069355917E-03
      1163, 1.299999997E+01, 1.831268029E+00, 3.244024795E-02, 9.061786184E-04, 4.317350185E-04, 3.805185962E-03, 1.950316472E-03, 2.758523128E-04,-3.158112973E-02,-2.445325085E-03
      1164, 4.999999929E+00, 1.860068850E+00, 2.856771315E-05,-5.507361183E-03, 9.805856367E-09, 2.467584786E-06,-4.649842982E-05,-3.566706492E-05,-2.622894251E-05, 3.007686014E-03
      1165, 6.999999954E+00, 1.860068850E+00, 5.953048316E-06,-5.537970399E-03, 1.307890245E-06, 4.533301897E-05, 4.740659128E-04, 1.294792102E-04,-1.789590042E-03, 2.503297564E-03
      1166, 8.999999951E+00, 1.860068877E+00, 1.408929809E-02,-2.280710626E-03, 2.648286418E-04, 1.642815488E-03, 7.385152654E-03, 1.537094979E-03,-4.312948470E-02,-6.159311061E-03
      1167, 1.099999988E+01, 1.860068850E+00, 2.549497561E-02,-1.176705665E-04, 4.047147581E-04, 2.942124398E-03, 4.170527144E-03, 7.094268815E-04,-3.830399025E-02,-4.107504792E-03
      1168, 1.299999997E+01, 1.860068850E+00, 3.153485003E-02, 8.349666621E-04, 4.204115079E-04, 3.743129219E-03, 2.049976289E-03, 2.945465525E-04,-3.129603157E-02,-2.499037774E-03
      1169, 4.999999929E+00, 1.889286525E+00, 2.779766063E-05,-5.420856522E-03, 9.295567368E-09, 2.268303766E-06,-4.544104969E-05,-3.542459711E-05,-2.647935137E-05, 2.915037766E-03
      1170, 6.999999954E+00, 1.889286525E+00,-2.717601462E-05,-5.461408341E-03, 4.813536965E-07, 3.809822699E-05, 1.270302174E-04, 3.688512849E-05,-4.965220872E-04, 2.762530351E-03
      1171, 8.999999951E+00, 1.889286554E+00, 1.284860676E-02,-2.459593259E-03, 2.403598441E-04, 1.528685385E-03, 7.388179484E-03, 1.561861819E-03,-4.181702718E-02,-6.086607157E-03
      1172, 1.099999988E+01, 1.889286525E+00, 2.438507603E-02,-2.381803467E-04, 3.867965729E-04, 2.854629910E-03, 4.266948228E-03, 7.372483378E-04,-3.767951696E-02,-4.141115507E-03
      1173, 1.299999997E+01, 1.889286525E+00, 3.062487818E-02, 7.611833955E-04, 4.089160617E-04, 3.679095370E-03, 2.147745051E-03, 3.134784004E-04,-3.099739392E-02,-2.550810313E-03
      1174, 4.999999929E+00, 1.918927090E+00, 2.701024477E-05,-5.335801457E-03, 8.838883318E-09, 2.092305290E-06,-4.441091879E-05,-3.518814246E-05,-2.664933050E-05, 2.825349409E-03
      1175, 6.999999954E+00, 1.918927090E+00,-3.666028911E-05,-5.379448955E-03, 2.159211376E-07, 3.703207864E-05, 2.295354449E-05, 4.076533291E-06,-1.339829799E-04, 2.783686589E-03
      1176, 8.999999951E+00, 1.918927118E+00, 1.162941640E-02,-2.638691654E-03, 2.164511028E-04, 1.413132254E-03, 7.374213802E-03, 1.583346826E-03,-4.046764410E-02,-5.999405090E-03
      1177, 1.099999988E+01, 1.918927090E+00, 2.327789050E-02,-3.613596298E-04, 3.688516919E-04, 2.765024499E-03, 4.358086452E-03, 7.648273828E-04,-3.703717099E-02,-4.170005960E-03
      1178, 1.299999997E+01, 1.918927090E+00, 2.971079031E-02, 6.848283700E-04, 3.972576238E-04, 3.613063036E-03, 2.243487583E-03, 3.326254952E-04,-3.068526049E-02,-2.600538938E-03
      1179, 4.999999929E+00, 1.948996664E+00, 2.620734272E-05,-5.252168665E-03, 8.428493976E-09, 1.936236805E-06,-4.340312676E-05,-3.495575638E-05,-2.675241519E-05, 2.738517137E-03
      1180, 6.999999954E+00, 1.948996664E+00,-3.938199030E-05,-5.296784052E-03, 1.331004925E-07, 3.836378921E-05,-5.725742820E-06,-4.151391883E-06,-3.964178622E-05, 2.723697762E-03
      1181, 8.999999951E+00, 1.948996693E+00, 1.043379685E-02,-2.817513180E-03, 1.931588996E-04, 1.296314562E-03, 7.341393159E-03, 1.600978599E-03,-3.907632521E-02,-5.896046374E-03
      1182, 1.099999988E+01, 1.948996664E+00, 2.217426539E-02,-4.871156370E-04, 3.509049281E-04, 2.673321530E-03, 4.443690231E-03, 7.920892709E-04,-3.637709261E-02,-4.193988045E-03
      1183, 1.299999997E+01, 1.948996664E+00, 2.879306290E-02, 6.059056700E-04, 3.854458447E-04, 3.545012808E-03, 2.337066387E-03, 3.519636312E-04,-3.035968608E-02,-2.648117744E-03
      1184, 4.999999929E+00, 1.979501456E+00, 2.539053003E-05,-5.169931529E-03, 8.058255274E-09, 1.797319870E-06,-4.241344119E-05,-3.472524085E-05,-2.680043521E-05, 2.654442456E-03
      1185, 6.999999954E+00, 1.979501456E+00,-4.010762456E-05,-5.214911367E-03, 1.047225802E-07, 3.757122083E-05,-1.708972955E-05,-7.928801293E-06,-3.401617300E-06, 2.650990959E-03
      1186, 8.999999951E+00, 1.979501486E+00, 9.264078421E-03,-2.995484153E-03, 1.705429891E-04, 1.178428366E-03, 7.287244248E-03, 1.614014358E-03,-3.763583168E-02,-5.774266709E-03
      1187, 1.099999988E+01, 1.979501456E+00, 2.107507475E-02,-6.153443990E-04, 3.329819669E-04, 2.579538738E-03, 4.523498699E-03, 8.189538223E-04,-3.569940488E-02,-4.212866349E-03
      1188, 1.299999997E+01, 1.979501456E+00, 2.787219108E-02, 5.244242108E-04, 3.734910854E-04, 3.474927377E-03, 2.428341528E-03, 3.714667755E-04,-3.002073595E-02,-2.693438959E-03
      1189, 4.999999929E+00, 2.010447767E+00, 2.456114159E-05,-5.089064121E-03, 7.722974558E-09, 1.673239740E-06,-4.143880547E-05,-3.449425671E-05,-2.680138894E-05, 2.573030853E-03
      1190, 6.999999954E+00, 2.010447767E+00,-3.991831880E-05,-5.134011813E-03, 9.225626320E-08, 3.411673462E-05,-2.231614026E-05,-1.041466395E-05, 1.465056664E-05, 2.577901918E-03
      1191, 8.999999951E+00, 2.010447797E+00, 8.122952070E-03,-3.171922339E-03, 1.486678007E-04, 1.059721567E-03, 7.208368615E-03, 1.621463057E-03,-3.613555548E-02,-5.630924522E-03
      1192, 1.099999988E+01, 2.010447767E+00, 1.998122159E-02,-7.459299759E-04, 3.151093345E-04, 2.483698572E-03, 4.597239101E-03, 8.453346947E-04,-3.500420221E-02,-4.226434790E-03
      1193, 1.299999997E+01, 2.010447767E+00, 2.694868886E-02, 4.403980316E-04, 3.614044209E-04, 3.402791685E-03, 2.517170239E-03, 3.911069842E-04,-2.966848314E-02,-2.736393681E-03
      1194, 4.999999929E+00, 2.041841986E+00, 2.372038253E-05,-5.009541151E-03, 7.418240251E-09, 1.562058140E-06,-4.047701203E-05,-3.426091492E-05,-2.676066063E-05, 2.494191756E-03
      1195, 6.999999954E+00, 2.041841986E+00,-3.942719640E-05,-5.054345989E-03, 8.485701352E-08, 3.138539034E-05,-2.153728128E-05,-9.480169882E-06, 1.514358589E-05, 2.497395033E-03
      1196, 8.999999951E+00, 2.041842016E+00, 7.013624656E-03,-3.345996161E-03, 1.276046901E-04, 9.405159342E-04, 7.099920826E-03, 1.621943707E-03,-3.455964091E-02,-5.461487124E-03
      1197, 1.099999988E+01, 2.041841986E+00, 1.889363974E-02,-8.787435326E-04, 2.973143671E-04, 2.385828622E-03, 4.664623525E-03, 8.711384614E-04,-3.429153691E-02,-4.234473990E-03
      1198, 1.299999997E+01, 2.041841986E+00, 2.602308938E-02, 3.538465855E-04, 3.491976397E-04, 3.328593064E-03, 2.603406692E-03, 4.108541427E-04,-2.930300635E-02,-2.776871856E-03
      1199, 4.999999929E+00, 2.073690596E+00, 2.286934392E-05,-4.931337957E-03, 7.140285783E-09, 1.462144449E-06,-3.952635496E-05,-3.402427801E-05,-2.668322758E-05, 2.417838091E-03
      1200, 6.999999954E+00, 2.073690596E+00,-3.908520948E-05,-4.976120461E-03, 7.930233051E-08, 3.002843089E-05,-1.885335203E-05,-8.429411705E-06, 7.543282464E-06, 2.417539685E-03
      1201, 8.999999951E+00, 2.073690627E+00, 5.940067976E-03,-3.516657307E-03, 1.074356543E-04, 8.212425734E-04, 6.954708180E-03, 1.613442332E-03,-3.288376475E-02,-5.259167158E-03
      1202, 1.099999988E+01, 2.073690596E+00, 1.781329612E-02,-1.013642304E-03, 2.796251811E-04, 2.285962123E-03, 4.725345287E-03, 8.962634703E-04,-3.356140514E-02,-4.236748565E-03
      1203, 1.299999997E+01, 2.073690596E+00, 2.509594520E-02, 2.647950574E-04, 3.368832424E-04, 3.252321406E-03, 2.686902197E-03, 4.306758666E-04,-2.892439080E-02,-2.814761522E-03
      1204, 4.999999929E+00, 2.106000175E+00, 2.200901865E-05,-4.854430465E-03, 6.885880152E-09, 1.372120692E-06,-3.858554003E-05,-3.378365026E-05,-2.657353474E-05, 2.343886407E-03
      1205, 6.999999954E+00, 2.106000175E+00,-3.892965162E-05,-4.899222719E-03, 7.449678050E-08, 2.901970147E-05,-1.724008974E-05,-8.586232792E-06, 2.869781217E-06, 2.343567615E-03
      1206, 8.999999951E+00, 2.106000206E+00, 4.907437193E-03,-3.682526914E-03, 8.825971606E-05, 7.025021144E-04, 6.761529125E-03, 1.592858699E-03,-3.106924048E-02,-5.013284753E-03
      1207, 1.099999988E+01, 2.106000175E+00, 1.674119372E-02,-1.150468378E-03, 2.620706472E-04, 2.184138577E-03, 4.779074607E-03, 9.205984684E-04,-3.281372989E-02,-4.233002807E-03
      1208, 1.299999997E+01, 2.106000175E+00, 2.416782847E-02, 1.732747157E-04, 3.244744370E-04, 3.173969317E-03, 2.767505461E-03, 4.505374221E-04,-2.853272982E-02,-2.849948239E-03
      1209, 4.999999929E+00, 2.138777393E+00, 2.114030698E-05,-4.778795173E-03, 6.652239380E-09, 1.290817752E-06,-3.765312455E-05,-3.353785106E-05,-2.643573639E-05, 2.272256185E-03
      1210, 6.999999954E+00, 2.138777393E+00,-3.886139387E-05,-4.823590352E-03, 7.008479474E-08, 2.811889306E-05,-1.647501298E-05,-8.573187980E-06, 1.247242014E-06, 2.272168264E-03
      1211, 8.999999951E+00, 2.138777425E+00, 3.922817421E-03,-3.841696598E-03, 7.020463488E-05, 5.851750929E-04, 6.501871982E-03, 1.555130093E-03,-2.905109375E-02,-4.706062388E-03
      1212, 1.099999988E+01, 2.138777393E+00, 1.567837541E-02,-1.289047251E-03, 2.446803726E-04, 2.080404538E-03, 4.825451949E-03, 9.440209971E-04,-3.204833447E-02,-4.222954236E-03
      1213, 1.299999997E+01, 2.138777393E+00, 2.323933122E-02, 7.932328731E-05, 3.119851316E-04, 3.093532258E-03, 2.845062233E-03, 4.704017170E-04,-2.812812276E-02,-2.882315195E-03
      1214, 4.999999929E+00, 2.172029020E+00, 2.026403143E-05,-4.704409130E-03, 6.436954469E-09, 1.217239773E-06,-3.672819320E-05,-3.328557290E-05,-2.627229392E-05, 2.202870248E-03
      1215, 6.999999954E+00, 2.172029020E+00,-3.882942722E-05,-4.749207660E-03, 6.595577890E-08, 2.726600000E-05,-1.600636976E-05,-8.576870120E-06, 6.254250514E-07, 2.202814541E-03
      1216, 8.999999951E+00, 2.172029053E+00, 2.996650332E-03,-3.991357041E-03, 5.345033960E-05, 4.706468526E-04, 6.142692469E-03, 1.491480203E-03,-2.670986702E-02,-4.306023896E-03
      1217, 1.099999988E+01, 2.172029020E+00, 1.462592912E-02,-1.429186025E-03, 2.274846929E-04, 1.974814607E-03, 4.864078120E-03, 9.663948065E-04,-3.126490372E-02,-4.206283178E-03
      1218, 1.299999997E+01, 2.172029020E+00, 2.231106564E-02,-1.701466222E-05, 2.994299250E-04, 3.011008765E-03, 2.919414334E-03, 4.902291155E-04,-2.771066984E-02,-2.911743562E-03
      1219, 4.999999929E+00, 2.205761922E+00, 1.938100150E-05,-4.631249906E-03, 6.237932466E-09, 1.150535482E-06,-3.581028595E-05,-3.302578901E-05,-2.608462984E-05, 2.135654323E-03
      1220, 6.999999954E+00, 2.205761922E+00,-3.881262913E-05,-4.676046704E-03, 6.206912803E-08, 2.644360990E-05,-1.564807596E-05,-8.581039113E-06, 3.362749618E-07, 2.135806203E-03
      1221, 8.999999951E+00, 2.205761955E+00, 2.145550507E-03,-4.127089463E-03, 3.827742243E-05, 3.612941496E-04, 5.621520906E-03, 1.385784704E-03,-2.381035061E-02,-3.752561573E-03
      1222, 1.099999988E+01, 2.205761922E+00, 1.358499478E-02,-1.570671101E-03, 2.105146837E-04, 1.867432722E-03, 4.894501001E-03, 9.875663769E-04,-3.046293395E-02,-4.182620764E-03
      1223, 1.299999997E+01, 2.205761922E+00, 2.138366458E-02,-1.156873366E-04, 2.868240937E-04, 2.926400645E-03, 2.990399446E-03, 5.099771129E-04,-2.728047028E-02,-2.938112392E-03
      1224, 4.999999929E+00, 2.239983065E+00, 1.849200156E-05,-4.559295581E-03, 6.053348005E-09, 1.089974777E-06,-3.489908820E-05,-3.275817454E-05,-2.587455874E-05, 2.070536755E-03
      1225, 6.999999954E+00, 2.239983065E+00,-3.880439488E-05,-4.604082796E-03, 5.840328509E-08, 2.564835706E-05,-1.531265513E-05,-8.591188139E-06, 1.374030176E-07, 2.070938269E-03
      1226, 8.999999951E+00, 2.239983098E+00, 1.396892352E-03,-4.241658785E-03, 2.514424397E-05, 2.613370145E-04, 4.835448207E-03, 1.210543461E-03,-1.996795710E-02,-2.941962631E-03
      1227, 1.099999988E+01, 2.239983065E+00, 1.255677376E-02,-1.713265292E-03, 1.938021969E-04, 1.758333868E-03, 4.916198122E-03, 1.007360161E-03,-2.964166818E-02,-4.151533469E-03
      1228, 1.299999997E+01, 2.239983065E+00, 2.045778201E-02,-2.166352858E-04, 2.741835794E-04, 2.839713184E-03, 3.057851273E-03, 5.296001939E-04,-2.683762380E-02,-2.961297705E-03
      1229, 4.999999929E+00, 2.274699515E+00, 1.759779121E-05,-4.488524728E-03, 5.881603267E-09, 1.034929443E-06,-3.399434600E-05,-3.248250709E-05,-2.564385652E-05, 2.007448524E-03
      1230, 6.999999954E+00, 2.274699515E+00,-3.880241125E-05,-4.533293538E-03, 5.494245260E-08, 2.487878008E-05,-1.497805344E-05,-8.595777148E-06,-2.524470705E-08, 2.008101265E-03
      1231, 8.999999951E+00, 2.274699549E+00, 7.905263362E-04,-4.324278609E-03, 1.469275438E-05, 1.771951123E-04, 3.706777965E-03, 9.419985856E-04,-1.494372633E-02,-1.799665270E-03
      1232, 1.099999988E+01, 2.274699515E+00, 1.154254154E-02,-1.856704066E-03, 1.773799383E-04, 1.647606367E-03, 4.928552677E-03, 1.025572023E-03,-2.880000740E-02,-4.112498757E-03
      1233, 1.299999997E+01, 2.274699515E+00, 1.953409351E-02,-3.197909224E-04, 2.615249732E-04, 2.750955393E-03, 3.121598894E-03, 5.490495471E-04,-2.638222727E-02,-2.981171040E-03
      1234, 4.999999929E+00, 2.309918441E+00, 1.669910148E-05,-4.418916399E-03, 5.721294745E-09, 9.848573547E-07,-3.309548082E-05,-3.219812558E-05,-2.539438194E-05, 1.946322951E-03
      1235, 6.999999954E+00, 2.309918441E+00,-3.880584675E-05,-4.463657966E-03, 5.167294695E-08, 2.413386278E-05,-1.463618819E-05,-8.596442076E-06,-1.689176494E-07, 1.947213484E-03
      1236, 8.999999951E+00, 2.309918476E+00, 3.633941659E-04,-4.364305416E-03, 7.442796004E-06, 1.149684381E-04, 2.369107740E-03, 6.099782956E-04,-9.339455921E-03,-4.751000013E-04
      1237, 1.099999988E+01, 2.309918441E+00, 1.054366504E-02,-2.000690498E-03, 1.612816008E-04, 1.535354994E-03, 4.930818132E-03, 1.041959388E-03,-2.793637851E-02,-4.064869323E-03
      1238, 1.299999997E+01, 2.309918441E+00, 1.861329700E-02,-4.250779753E-04, 2.488654966E-04, 2.660140275E-03, 3.181465644E-03, 5.682729052E-04,-2.591436935E-02,-2.997598913E-03
      1239, 4.999999929E+00, 2.345647117E+00, 1.579663966E-05,-4.350450108E-03, 5.571185546E-09, 9.392892304E-07,-3.220226287E-05,-3.190422472E-05,-2.512689579E-05, 1.887096059E-03
      1240, 6.999999954E+00, 2.345647117E+00,-3.881412715E-05,-4.395155859E-03, 4.858223211E-08, 2.341267930E-05,-1.428688750E-05,-8.588249707E-06,-2.936927185E-07, 1.888207126E-03
      1241, 8.999999951E+00, 2.345647152E+00, 1.163045846E-04,-4.360217303E-03, 3.262614103E-06, 7.575225217E-05, 1.198156792E-03, 3.124468003E-04,-4.610915195E-03, 6.557275508E-04
      1242, 1.099999988E+01, 2.345647117E+00, 9.561627155E-03,-2.144888388E-03, 1.455420855E-04, 1.421705321E-03, 4.922064712E-03, 1.056229303E-03,-2.704853632E-02,-4.007828423E-03
      1243, 1.299999997E+01, 2.345647117E+00, 1.769611357E-02,-5.324109156E-04, 2.362229825E-04, 2.567285133E-03, 3.237267519E-03, 5.872142049E-04,-2.543412355E-02,-3.010442645E-03
      1244, 4.999999929E+00, 2.381892919E+00, 1.489113885E-05,-4.283105809E-03, 5.430182197E-09, 8.978177155E-07,-3.131483894E-05,-3.160025617E-05,-2.484163156E-05, 1.829706277E-03
      1245, 6.999999954E+00, 2.381892919E+00,-3.882661797E-05,-4.327767620E-03, 4.565863801E-08, 2.271435840E-05,-1.392256824E-05,-8.559332290E-06,-3.933625615E-07, 1.831018402E-03
      1246, 8.999999951E+00, 2.381892955E+00, 2.600113552E-06,-4.323265257E-03, 1.294845032E-06, 5.514729028E-05, 4.757426319E-04, 1.285195513E-04,-1.769286569E-03, 1.334252127E-03
      1247, 1.099999988E+01, 2.381892919E+00, 8.598061682E-03,-2.288912877E-03, 1.301978510E-04, 1.306809859E-03, 4.901100370E-03, 1.068016988E-03,-2.613327441E-02,-3.940311156E-03
      1248, 1.299999997E+01, 2.381892919E+00, 1.678328880E-02,-6.416943250E-04, 2.236158547E-04, 2.472411924E-03, 3.288811380E-03, 6.058128691E-04,-2.494153993E-02,-3.019556805E-03
      1249, 4.999999929E+00, 2.418663334E+00, 1.398333672E-05,-4.216863883E-03, 5.297315182E-09, 8.600882656E-07,-3.043341815E-05,-3.128625614E-05,-2.453945383E-05, 1.774094062E-03
      1250, 6.999999954E+00, 2.418663334E+00,-3.884236845E-05,-4.261474231E-03, 4.289125288E-08, 2.203818680E-05,-1.352593347E-05,-8.481852828E-06,-4.679338053E-07, 1.775566271E-03
      1251, 8.999999951E+00, 2.418663370E+00,-3.959720750E-05,-4.269047957E-03, 5.212875677E-07, 4.790457946E-05, 1.579601090E-04, 4.482887248E-05,-5.602544880E-04, 1.609558267E-03
      1252, 1.099999988E+01, 2.418663334E+00, 7.654804115E-03,-2.432316491E-03, 1.152874632E-04, 1.190856967E-03, 4.866351315E-03, 1.076850527E-03,-2.518599043E-02,-3.860880206E-03
      1253, 1.299999997E+01, 2.418663334E+00, 1.587559431E-02,-7.528221539E-04, 2.110631080E-04, 2.375547690E-03, 3.335893426E-03, 6.240032360E-04,-2.443663921E-02,-3.024786614E-03
      1254, 4.999999929E+00, 2.455965953E+00, 1.307396853E-05,-4.151705130E-03, 5.171722532E-09, 8.257913878E-07,-2.955815346E-05,-3.096227520E-05,-2.422139577E-05, 1.720201842E-03
      1255, 6.999999954E+00, 2.455965953E+00,-3.886032626E-05,-4.196257683E-03, 4.026983543E-08, 2.137243121E-05,-1.313934298E-05,-8.273682013E-06,-5.171312913E-07, 1.721838566E-03
      1256, 8.999999951E+00, 2.455965989E+00,-5.329722693E-05,-4.208112349E-03, 2.524194160E-07, 5.028654665E-05, 5.099066055E-05, 1.210802915E-05,-1.751492227E-04, 1.666464574E-03
      1257, 1.099999988E+01, 2.455965953E+00, 6.733966967E-03,-2.574568716E-03, 1.008524577E-04, 1.074084087E-03, 4.815672106E-03, 1.082105381E-03,-2.419999535E-02,-3.767555152E-03
      1258, 1.299999997E+01, 2.455965953E+00, 1.497382961E-02,-8.656768405E-04, 1.985842901E-04, 2.276725070E-03, 3.378297136E-03, 6.417138494E-04,-2.391940485E-02,-3.025964932E-03
      1259, 4.999999929E+00, 2.493808480E+00, 1.216375889E-05,-4.087610760E-03, 5.052635940E-09, 7.946560804E-07,-2.868882951E-05,-3.062795100E-05,-2.388866283E-05, 1.667973921E-03
      1260, 6.999999954E+00, 2.493808480E+00,-3.887765113E-05,-4.132097275E-03, 3.778461706E-08, 2.069971086E-05,-1.294008774E-05,-8.140758582E-06,-4.102327937E-07, 1.669730229E-03
      1261, 8.999999951E+00, 2.493808517E+00,-5.785955280E-05,-4.145617249E-03, 1.624530489E-07, 5.703606127E-05, 1.668542723E-05, 3.248832206E-06,-5.899714206E-05, 1.642377384E-03
      1262, 1.099999988E+01, 2.493808480E+00, 5.838055235E-03,-2.715025539E-03, 8.693871262E-05, 9.567980100E-04, 4.746033379E-03, 1.082917557E-03,-2.316538483E-02,-3.657505124E-03
      1263, 1.299999997E+01, 2.493808480E+00, 1.407882458E-02,-9.801282668E-04, 1.861994858E-04, 2.175982933E-03, 3.415789468E-03, 6.588666664E-04,-2.338976806E-02,-3.022909278E-03
      1264, 4.999999929E+00, 2.532198730E+00, 1.125342543E-05,-4.024562385E-03, 4.939368985E-09, 7.664441165E-07,-2.782552197E-05,-3.028278925E-05,-2.354148496E-05, 1.617356870E-03
      1265, 6.999999954E+00, 2.532198730E+00,-3.888273202E-05,-4.068973362E-03, 3.542736535E-08, 1.986566702E-05,-1.321395086E-05,-8.577675267E-06, 1.628085319E-07, 1.619548814E-03
      1266, 8.999999951E+00, 2.532198767E+00,-5.923479747E-05,-4.083352089E-03, 1.294880590E-07, 5.549009269E-05,-1.976104920E-07,-1.601198388E-06,-4.460304137E-06, 1.610483707E-03
      1267, 1.099999988E+01, 2.532198730E+00, 4.970149447E-03,-2.852879905E-03, 7.359868265E-05, 8.394071007E-04, 4.652987569E-03, 1.078042149E-03,-2.206711880E-02,-3.526543038E-03
      1268, 1.299999997E+01, 2.532198730E+00, 1.319144276E-02,-1.096032536E-03, 1.739293063E-04, 2.073367167E-03, 3.448115230E-03, 6.753757601E-04,-2.284758543E-02,-3.015418040E-03
      1269, 4.999999929E+00, 2.571144629E+00, 1.034372633E-05,-3.962541986E-03, 4.831307107E-09, 7.409452246E-07,-2.696866081E-05,-2.992659350E-05,-2.317968828E-05, 1.568299389E-03
      1270, 6.999999954E+00, 2.571144629E+00,-3.885168728E-05,-4.006838357E-03, 3.319018130E-08, 1.875742850E-05,-1.422360608E-05,-9.898798767E-06, 1.456898761E-06, 1.572133065E-03
      1271, 8.999999951E+00, 2.571144667E+00,-5.875943346E-05,-4.021196436E-03, 1.145239574E-07, 4.535423429E-05,-1.086195161E-05,-6.691659941E-06, 2.791037890E-05, 1.579566217E-03
      1272, 1.099999988E+01, 2.571144629E+00, 4.134208744E-03,-2.987079977E-03, 6.089517677E-05, 7.224750569E-04, 4.529703929E-03, 1.065590995E-03,-2.088158232E-02,-3.368159447E-03
      1273, 1.299999997E+01, 2.571144629E+00, 1.231258578E-02,-1.213230486E-03, 1.617948872E-04, 1.968931686E-03, 3.474990173E-03, 6.911452451E-04,-2.229261164E-02,-3.003264106E-03
      1274, 4.999999929E+00, 2.610654221E+00, 9.435434218E-06,-3.901531907E-03, 4.727899060E-09, 7.179729936E-07,-2.611871599E-05,-2.955976764E-05,-2.280394507E-05, 1.520751805E-03
      1275, 6.999999954E+00, 2.610654221E+00,-3.875523004E-05,-3.945622477E-03, 3.107948233E-08, 1.741163781E-05,-1.596991193E-05,-1.224069970E-05, 3.440732143E-06, 1.527266061E-03
      1276, 8.999999951E+00, 2.610654260E+00,-5.746409907E-05,-3.959734617E-03, 1.063562388E-07, 3.863591608E-05,-1.226681656E-05,-5.715199006E-06, 3.344673961E-05, 1.529917566E-03
      1277, 1.099999988E+01, 2.610654221E+00, 3.335599628E-03,-3.116188375E-03, 4.890811160E-05, 6.068169588E-04, 4.365114911E-03, 1.042535594E-03,-1.956990767E-02,-3.171729641E-03
      1278, 1.299999997E+01, 2.610654221E+00, 1.144319930E-02,-1.331545806E-03, 1.498178985E-04, 1.862739728E-03, 3.496092725E-03, 7.060669553E-04,-2.172446875E-02,-2.986185657E-03
      1279, 4.999999929E+00, 2.650735663E+00, 8.529315154E-06,-3.841514849E-03, 4.628649609E-09, 6.973612892E-07,-2.527595415E-05,-2.918261604E-05,-2.241559086E-05, 1.474665696E-03
      1280, 6.999999954E+00, 2.650735663E+00,-3.857150117E-05,-3.885284821E-03, 2.911044318E-08, 1.592330776E-05,-1.808358967E-05,-1.513991701E-05, 5.695807612E-06, 1.484137278E-03
      1281, 8.999999951E+00, 2.650735703E+00,-5.639049709E-05,-3.899544173E-03, 1.011479354E-07, 3.611270055E-05,-8.072410597E-06,-3.885268946E-06, 2.141844901E-05, 1.477084090E-03
      1282, 1.099999988E+01, 2.650735663E+00, 2.582076778E-03,-3.238124278E-03, 3.774754735E-05, 4.936877044E-04, 4.140019560E-03, 1.003745635E-03,-1.806301163E-02,-2.918932552E-03
      1283, 1.299999997E+01, 2.650735663E+00, 1.058428077E-02,-1.450782616E-03, 1.380205747E-04, 1.754865573E-03, 3.511052441E-03, 7.200172322E-04,-2.114260316E-02,-2.963874146E-03
      1284, 4.999999929E+00, 2.691397234E+00, 7.626103936E-06,-3.782473885E-03, 4.533113284E-09, 6.789610107E-07,-2.444018762E-05,-2.879498628E-05,-2.201616509E-05, 1.429993956E-03
      1285, 6.999999954E+00, 2.691397234E+00,-3.830034617E-05,-3.825803664E-03, 2.729588965E-08, 1.449344013E-05,-2.001498859E-05,-1.775515282E-05, 7.568213471E-06, 1.442106832E-03
      1286, 8.999999951E+00, 2.691397274E+00,-5.573951684E-05,-3.840413911E-03, 9.713996728E-08, 3.477806498E-05,-5.347394308E-06,-4.043543932E-06, 1.211551999E-05, 1.431864287E-03
      1287, 1.099999988E+01, 2.691397234E+00, 1.885673696E-03,-3.349684574E-03, 2.757999459E-05, 3.851785245E-04, 3.819045473E-03, 9.400383995E-04,-1.622878921E-02,-2.575622819E-03
      1288, 1.299999997E+01, 2.691397234E+00, 9.736889831E-03,-1.570722313E-03, 1.264257702E-04, 1.645396822E-03, 3.519432165E-03, 7.328525815E-04,-2.054621947E-02,-2.935956809E-03
      1289, 4.999999929E+00, 2.732647329E+00, 6.726522531E-06,-3.724392450E-03, 4.440889000E-09, 6.626371243E-07,-2.361152948E-05,-2.839646360E-05,-2.160570255E-05, 1.386691223E-03
      1290, 6.999999954E+00, 2.732647329E+00,-3.796542603E-05,-3.767186545E-03, 2.564453236E-08, 1.322297257E-05,-2.130205353E-05,-1.966432088E-05, 8.608860171E-06, 1.400420293E-03
      1291, 8.999999951E+00, 2.732647370E+00,-5.531891779E-05,-3.782250317E-03, 9.361816098E-08, 3.380944541E-05,-4.109279884E-06,-4.156635727E-06, 8.402431186E-06, 1.388496727E-03
      1292, 1.099999988E+01, 2.732647329E+00, 1.265877620E-03,-3.445718186E-03, 1.867227133E-05, 2.849406893E-04, 3.342589796E-03, 8.355873399E-04,-1.384429000E-02,-2.082287230E-03
      1293, 1.299999997E+01, 2.732647329E+00, 8.902162864E-03,-1.691119352E-03, 1.150570570E-04, 1.534437508E-03, 3.520702050E-03, 7.444025427E-04,-1.993418346E-02,-2.901973219E-03
      1294, 4.999999929E+00, 2.774494467E+00, 5.831352992E-06,-3.667254320E-03, 4.351615439E-09, 6.482660439E-07,-2.279043866E-05,-2.798658452E-05,-2.118316015E-05, 1.344714040E-03
      1295, 6.999999954E+00, 2.774494467E+00,-3.760089591E-05,-3.709460912E-03, 2.415053215E-08, 1.209902790E-05,-2.177130729E-05,-2.070844774E-05, 8.786644612E-06, 1.359071033E-03
      1296, 8.999999951E+00, 2.774494508E+00,-5.499431451E-05,-3.725041455E-03, 9.034601103E-08, 3.295979173E-05,-3.592824545E-06,-4.281369372E-06, 7.046100162E-06, 1.346372569E-03
      1297, 1.099999988E+01, 2.774494467E+00, 7.516567157E-04,-3.518429583E-03, 1.140879301E-05, 1.987041891E-04, 2.654557265E-03, 6.738696723E-04,-1.072521616E-02,-1.383802177E-03
      1298, 1.299999997E+01, 2.774494467E+00, 8.081333410E-03,-1.811695620E-03, 1.039388806E-04, 1.422112394E-03, 3.514202365E-03, 7.544612984E-04,-1.930488468E-02,-2.861345549E-03
      1299, 4.999999929E+00, 2.816947288E+00, 4.941438206E-06,-3.611043582E-03, 4.264967061E-09, 6.357331263E-07,-2.197775718E-05,-2.756573111E-05,-2.074788788E-05, 1.304021549E-03
      1300, 6.999999954E+00, 2.816947288E+00,-3.723695646E-05,-3.652638668E-03, 2.280025062E-08, 1.110334644E-05,-2.156731449E-05,-2.100788109E-05, 8.367961988E-06, 1.318481238E-03
      1301, 8.999999951E+00, 2.816947330E+00,-5.470400068E-05,-3.668755087E-03, 8.724688070E-08, 3.215548828E-05,-3.410115546E-06,-4.445712722E-06, 6.569262116E-06, 1.305917850E-03
      1302, 1.099999988E+01, 2.816947288E+00, 3.731185908E-04,-3.559272113E-03, 6.149550204E-06, 1.326719093E-04, 1.803986285E-03, 4.646905375E-04,-7.116434992E-03,-5.359447170E-04
      1303, 1.299999997E+01, 2.816947288E+00, 7.275761045E-03,-1.932132746E-03, 9.309680725E-05, 1.308573035E-03, 3.499090326E-03, 7.627726770E-04,-1.865604268E-02,-2.813321308E-03
      1304, 4.999999929E+00, 2.860014560E+00, 4.057668061E-06,-3.555744577E-03, 4.180650652E-09, 6.249307750E-07,-2.117429554E-05,-2.713475199E-05,-2.029977394E-05, 1.264574560E-03
      1305, 6.999999954E+00, 2.860014560E+00,-3.689139432E-05,-3.596721547E-03, 2.157781827E-08, 1.021910956E-05,-2.097714965E-05,-2.088927710E-05, 7.708287944E-06, 1.278825135E-03
      1306, 8.999999951E+00, 2.860014603E+00,-5.442462632E-05,-3.613365834E-03, 8.429230661E-08, 3.138134202E-05,-3.350414154E-06,-4.616965708E-06, 6.377667796E-06, 1.266857582E-03
      1307, 1.099999988E+01, 2.860014560E+00, 1.385957732E-04,-3.565059281E-03, 2.919318795E-06, 8.952615462E-05, 9.985908480E-04, 2.608284893E-04,-3.838561378E-03, 2.447756365E-04
      1308, 1.299999997E+01, 2.860014560E+00, 6.486972743E-03,-2.052060597E-03, 8.255790703E-05, 1.194006520E-03, 3.474258868E-03, 7.690060679E-04,-1.798441073E-02,-2.756888496E-03
      1309, 4.999999929E+00, 2.903705176E+00, 3.180948701E-06,-3.501341925E-03, 4.098402354E-09, 6.157571049E-07,-2.037981970E-05,-2.669360856E-05,-1.983989977E-05, 1.226333396E-03
      1310, 6.999999954E+00, 2.903705176E+00,-3.656948412E-05,-3.541704263E-03, 2.046788032E-08, 9.431198173E-06,-2.024984606E-05,-2.055993717E-05, 7.051802818E-06, 1.240231450E-03
      1311, 8.999999951E+00, 2.903705219E+00,-5.414779028E-05,-3.558853615E-03, 8.146824859E-08, 3.063323274E-05,-3.338213017E-06,-4.778889639E-06, 6.285390720E-06, 1.229054176E-03
      1312, 1.099999988E+01, 2.903705176E+00, 2.030850920E-05,-3.542086005E-03, 1.274722959E-06, 6.688534048E-05, 4.451210400E-04, 1.194926702E-04,-1.650904108E-03, 7.696440581E-04
      1313, 1.299999997E+01, 2.903705176E+00, 5.716724099E-03,-2.171040702E-03, 7.235135084E-05, 1.078648378E-03, 3.438205346E-03, 7.727263859E-04,-1.728529811E-02,-2.690658461E-03
      1314, 4.999999929E+00, 2.948028158E+00, 2.312147005E-06,-3.447820592E-03, 4.017985129E-09, 6.081139585E-07,-1.959413345E-05,-2.624197856E-05,-1.937028038E-05, 1.189259232E-03
      1315, 6.999999954E+00, 2.948028158E+00,-3.626989233E-05,-3.487575420E-03, 1.945656267E-08, 8.726563489E-06,-1.952567548E-05,-2.013922091E-05, 6.479520903E-06, 1.202785765E-03
      1316, 8.999999951E+00, 2.948028202E+00,-5.387029849E-05,-3.505201619E-03, 7.876511105E-08, 2.990965437E-05,-3.342184937E-06,-4.931430859E-06, 6.233407417E-06, 1.192426346E-03
      1317, 1.099999988E+01, 2.948028158E+00,-2.868018255E-05,-3.502143133E-03, 5.716536874E-07, 6.064905820E-05, 1.693309035E-04, 4.758810728E-05,-5.954547857E-04, 1.020705942E-03
      1318, 1.299999997E+01, 2.948028158E+00, 4.967092811E-03,-2.288541545E-03, 6.250935169E-05, 9.628022029E-04, 3.388818581E-03, 7.733338309E-04,-1.655180061E-02,-2.612658096E-03
      1319, 4.999999929E+00, 2.992992659E+00, 1.452085945E-06,-3.395165838E-03, 3.939186521E-09, 6.019048614E-07,-1.881779678E-05,-2.578015642E-05,-1.889174872E-05, 1.153316241E-03
      1320, 6.999999954E+00, 2.992992659E+00,-3.598962404E-05,-3.434320190E-03, 1.853168049E-08, 8.094249643E-06,-1.884810302E-05,-1.970600345E-05, 5.993975716E-06, 1.166506296E-03
      1321, 8.999999951E+00, 2.992992703E+00,-5.359067819E-05,-3.452394341E-03, 7.617489393E-08, 2.920955383E-05,-3.352101690E-06,-5.077209920E-06, 6.203497749E-06, 1.156926039E-03
      1322, 1.099999988E+01, 2.992992659E+00,-4.673116465E-05,-3.454762958E-03, 3.064078500E-07, 6.745985878E-05, 6.491846186E-05, 1.757636520E-05,-2.142554947E-04, 1.092846181E-03
      1323, 1.299999997E+01, 2.992992659E+00, 4.240625512E-03,-2.403898797E-03, 5.306868254E-05, 8.468705778E-04, 3.323021277E-03, 7.699699129E-04,-1.577351407E-02,-2.519995417E-03
      1324, 4.999999929E+00, 3.038607963E+00, 6.016203450E-07,-3.343363154E-03, 3.861816611E-09, 5.970342175E-07,-1.805146608E-05,-2.530859036E-05,-1.840366795E-05, 1.118469690E-03
      1325, 6.999999954E+00, 3.038607963E+00,-3.572559914E-05,-3.381922494E-03, 1.768266515E-08, 7.525049363E-06,-1.821662812E-05,-1.929448318E-05, 5.588465953E-06, 1.131373545E-03
      1326, 8.999999951E+00, 3.038608008E+00,-5.330803820E-05,-3.400416942E-03, 7.369037404E-08, 2.853202462E-05,-3.364501547E-06,-5.218601947E-06, 6.188715470E-06, 1.122513779E-03
      1327, 1.099999988E+01, 3.038607963E+00,-5.376752080E-05,-3.405076030E-03, 2.102971327E-07, 8.040662364E-05, 2.938001580E-05, 8.414027074E-06,-8.991429882E-05, 1.089486073E-03
      1328, 1.299999997E+01, 3.038607963E+00, 3.540577721E-03,-2.516250998E-03, 4.407320794E-05, 7.314060454E-04, 3.236136644E-03, 7.613450196E-04,-1.493427305E-02,-2.408217319E-03
      1329, 4.999999929E+00, 3.084883491E+00,-2.383498528E-07,-3.292398319E-03, 3.785706366E-09, 5.934066419E-07,-1.729561915E-05,-2.482763041E-05,-1.790658935E-05, 1.084684545E-03
      1330, 6.999999954E+00, 3.084883491E+00,-3.547476811E-05,-3.330366086E-03, 1.690039166E-08, 7.011183501E-06,-1.762469428E-05,-1.891130997E-05, 5.257238636E-06, 1.097351980E-03
      1331, 8.999999951E+00, 3.084883537E+00,-5.302172076E-05,-3.349254977E-03, 7.130486142E-08, 2.787620056E-05,-3.378713663E-06,-5.356988900E-06, 6.185616038E-06, 1.089154271E-03
      1332, 1.099999988E+01, 3.084883491E+00,-5.664775183E-05,-3.355187073E-03, 1.721710733E-07, 8.212602976E-05, 1.081488612E-05, 2.999541499E-06,-2.627810556E-05, 1.073993532E-03
      1333, 1.299999997E+01, 3.084883491E+00, 2.871324799E-03,-2.624430002E-03, 3.557832026E-05, 6.172004390E-04, 3.120700976E-03, 7.454180293E-04,-1.400787739E-02,-2.270162352E-03
      1334, 4.999999929E+00, 3.131828798E+00,-1.066955253E-06,-3.242257411E-03, 3.710706474E-09, 5.909256660E-07,-1.655047966E-05,-2.433767637E-05,-1.740165938E-05, 1.051927604E-03
      1335, 6.999999954E+00, 3.131828798E+00,-3.523428445E-05,-3.279635127E-03, 1.617698476E-08, 6.546049835E-06,-1.706836391E-05,-1.855312716E-05, 4.991548439E-06, 1.064400532E-03
      1336, 8.999999951E+00, 3.131828845E+00,-5.273116527E-05,-3.298894315E-03, 6.901211356E-08, 2.724124555E-05,-3.394642647E-06,-5.493054521E-06, 6.192675762E-06, 1.056813939E-03
      1337, 1.099999988E+01, 3.131828798E+00,-5.676571202E-05,-3.305044492E-03, 1.533911980E-07, 6.706166313E-05,-3.484087358E-06,-3.822570506E-06, 2.180943006E-05, 1.062665352E-03
      1338, 1.299999997E+01, 3.131828798E+00, 2.239106171E-03,-2.726763837E-03, 2.765924870E-05, 5.054549776E-04, 2.964051129E-03, 7.187917652E-04,-1.294894840E-02,-2.093726511E-03
      1339, 4.999999929E+00, 3.179453579E+00,-1.883315171E-06,-3.192926747E-03, 3.636684995E-09, 5.894931686E-07,-1.581633900E-05,-2.383903688E-05,-1.688847698E-05, 1.020167212E-03
      1340, 6.999999954E+00, 3.179453579E+00,-3.500157739E-05,-3.229714301E-03, 1.550563582E-08, 6.124012710E-06,-1.654552262E-05,-1.821594533E-05, 4.783947672E-06, 1.032480364E-03
      1341, 8.999999951E+00, 3.179453626E+00,-5.243583627E-05,-3.249321113E-03, 6.680629398E-08, 2.662634878E-05,-3.412193275E-06,-5.627082729E-06, 6.209370969E-06, 1.025460339E-03
      1342, 1.099999988E+01, 3.179453579E+00,-5.510765836E-05,-3.255015764E-03, 1.424832684E-07, 5.237976474E-05,-8.627918869E-06,-4.765061418E-06, 4.207508352E-05, 1.035038737E-03
      1343, 1.299999997E+01, 3.179453579E+00, 1.653424233E-03,-2.820719528E-03, 2.042733957E-05, 3.981276902E-04, 2.743445301E-03, 6.755378578E-04,-1.167317794E-02,-1.857034037E-03
      1344, 4.999999929E+00, 3.227767668E+00,-2.686496985E-06,-3.144392901E-03, 3.563524934E-09, 5.890092880E-07,-1.509378420E-05,-2.333203612E-05,-1.636737721E-05, 9.893720466E-04
      1345, 6.999999954E+00, 3.227767668E+00,-3.477424385E-05,-3.180588745E-03, 1.488044191E-08, 5.740245106E-06,-1.605430823E-05,-1.789781345E-05, 4.629342778E-06, 1.001555194E-03
      1346, 8.999999951E+00, 3.227767716E+00,-5.213519400E-05,-3.200521807E-03, 6.468194382E-08, 2.603071868E-05,-3.431407014E-06,-5.759203287E-06, 6.235558383E-06, 9.950622732E-04
      1347, 1.099999988E+01, 3.227767668E+00,-5.330119969E-05,-3.205996473E-03, 1.357738485E-07, 4.608995278E-05,-4.983432242E-06,-2.188247452E-06, 3.247082720E-05, 9.963017041E-04
      1348, 1.299999997E+01, 3.227767668E+00, 1.129405128E-03,-2.902292519E-03, 1.405758874E-05, 2.985765284E-04, 2.420447855E-03, 6.054977608E-04,-1.003696483E-02,-1.521854988E-03
      1349, 4.999999929E+00, 3.276781041E+00,-3.475603538E-06,-3.096642706E-03, 3.491127473E-09, 5.893726954E-07,-1.438297808E-05,-2.281727292E-05,-1.583991166E-05, 9.595129204E-04
      1350, 6.999999954E+00, 3.276781041E+00,-3.455004933E-05,-3.132244039E-03, 1.429626923E-08, 5.390601203E-06,-1.559164027E-05,-1.759720452E-05, 4.520427660E-06, 9.715900844E-04
      1351, 8.999999951E+00, 3.276781090E+00,-5.182867980E-05,-3.152483092E-03, 6.263395797E-08, 2.545357620E-05,-3.452610876E-06,-5.889485760E-06, 6.271076929E-06, 9.655900657E-04
      1352, 1.099999988E+01, 3.276781041E+00,-5.215662763E-05,-3.158020696E-03, 1.311808849E-07, 4.355308338E-05,-4.949873158E-07,-1.242080257E-06, 1.687309064E-05, 9.629358536E-04
      1353, 1.299999997E+01, 3.276781041E+00, 6.896477210E-04,-2.965407895E-03, 8.804321035E-06, 2.121377866E-04, 1.954888024E-03, 4.970152892E-04,-7.905299036E-03,-1.048541771E-03
      1354, 4.999999929E+00, 3.326503821E+00,-4.249765898E-06,-3.049663167E-03, 3.419408464E-09, 5.904809598E-07,-1.368378222E-05,-2.229516490E-05,-1.530674717E-05, 9.305616802E-04
      1355, 6.999999954E+00, 3.326503821E+00,-3.432709348E-05,-3.084666169E-03, 1.374863895E-08, 5.071504746E-06,-1.515330815E-05,-1.731233789E-05, 4.448170843E-06, 9.425524225E-04
      1356, 8.999999951E+00, 3.326503871E+00,-5.151574745E-05,-3.105191891E-03, 6.065756344E-08, 2.489415820E-05,-3.476116016E-06,-6.017874440E-06, 6.315237863E-06, 9.370150914E-04
      1357, 1.099999988E+01, 3.326503821E+00,-5.153055443E-05,-3.110870709E-03, 1.274890765E-07, 4.225417764E-05, 1.626418355E-06,-9.916993059E-07, 8.973980801E-06, 9.335656255E-04
      1358, 1.299999997E+01, 3.326503821E+00, 3.589451224E-04,-3.003069888E-03, 4.922028547E-06, 1.449901798E-04, 1.368283166E-03, 3.537761988E-04,-5.399682169E-03,-4.630885114E-04
      1359, 4.999999929E+00, 3.376946275E+00,-5.008099640E-06,-3.003441536E-03, 3.348294384E-09, 5.922313184E-07,-1.299630412E-05,-2.176587256E-05,-1.476838469E-05, 9.024894405E-04
      1360, 6.999999954E+00, 3.376946275E+00,-3.410377811E-05,-3.037841468E-03, 1.323363153E-08, 4.779860876E-06,-1.473546275E-05,-1.704111608E-05, 4.406381974E-06, 9.144111629E-04
      1361, 8.999999951E+00, 3.376946325E+00,-5.119585206E-05,-3.058635364E-03, 5.874829957E-08, 2.435172061E-05,-3.501888874E-06,-6.144200331E-06, 6.367646228E-06, 9.093093807E-04
      1362, 1.099999988E+01, 3.376946275E+00,-5.116050269E-05,-3.064505896E-03, 1.241728972E-07, 4.138315606E-05, 2.435141920E-06,-7.642882182E-07, 5.742352498E-06, 9.051748381E-04
      1363, 1.299999997E+01, 3.376946275E+00, 1.470091460E-04,-3.011908407E-03, 2.462634209E-06, 1.006035254E-04, 7.919469388E-04, 2.085026210E-04,-3.043857940E-03, 9.896138041E-05
      1364, 4.999999929E+00, 3.428118819E+00,-5.749758764E-06,-2.957965329E-03, 3.277727021E-09, 5.945217800E-07,-1.232071473E-05,-2.122961149E-05,-1.422606896E-05, 8.752692062E-04
      1365, 6.999999954E+00, 3.428118819E+00,-3.387865327E-05,-2.991756628E-03, 1.274780700E-08, 4.512984850E-06,-1.433551243E-05,-1.678113445E-05, 4.392507873E-06, 8.871356678E-04
      1366, 8.999999951E+00, 3.428118870E+00,-5.086842722E-05,-3.012800911E-03, 5.690199994E-08, 2.382553874E-05,-3.529662820E-06,-6.268309485E-06, 6.428477910E-06, 8.824454932E-04
      1367, 1.099999988E+01, 3.428118819E+00,-5.089672306E-05,-3.018889795E-03, 1.210395085E-07, 4.065071750E-05, 2.652331373E-06,-7.067769657E-07, 4.543983003E-06, 8.780551590E-04
      1368, 1.299999997E+01, 3.428118819E+00, 3.488335364E-05,-2.996113843E-03, 1.158034052E-06, 7.783076939E-05, 3.757899429E-04, 1.018403838E-04,-1.392169388E-03, 4.949185197E-04
      1369, 4.999999929E+00, 3.480032020E+00,-6.473898897E-06,-2.913222239E-03, 3.207659161E-09, 5.972518447E-07,-1.165751550E-05,-2.068662323E-05,-1.367974629E-05, 8.488755052E-04
      1370, 6.999999954E+00, 3.480032020E+00,-3.365029354E-05,-2.946398719E-03, 1.228813831E-08, 4.268538954E-06,-1.395209490E-05,-1.653053786E-05, 4.405509943E-06, 8.606959315E-04
      1371, 8.999999951E+00, 3.480032072E+00,-5.053288462E-05,-2.967676189E-03, 5.511477557E-08, 2.331490179E-05,-3.559280207E-06,-6.390139441E-06, 6.497795442E-06, 8.563968221E-04
      1372, 1.099999988E+01, 3.480032020E+00,-5.066961144E-05,-2.973993148E-03, 1.180203071E-07, 3.997525932E-05, 2.651463290E-06,-7.295459477E-07, 4.166234621E-06, 8.519912239E-04
      1373, 1.299999997E+01, 3.480032020E+00,-1.459481866E-05,-2.964948429E-03, 5.717125390E-07, 7.353398541E-05, 1.557928107E-04, 4.439220411E-05,-5.435743330E-04, 6.956651555E-04
      1374, 4.999999929E+00, 3.532696599E+00,-7.179636867E-06,-2.869200175E-03, 3.138051810E-09, 6.003241740E-07,-1.100730604E-05,-2.013744722E-05,-1.312961092E-05, 8.232822289E-04
      1375, 6.999999954E+00, 3.532696599E+00,-3.341731243E-05,-2.901755194E-03, 1.185195545E-08, 4.044478860E-06,-1.358343791E-05,-1.628733649E-05, 4.441609721E-06, 8.350630629E-04
      1376, 8.999999951E+00, 3.532696651E+00,-5.018861458E-05,-2.923249088E-03, 5.338299903E-08, 2.281910494E-05,-3.590881087E-06,-6.509703474E-06, 6.575207584E-06, 8.311380479E-04
      1377, 1.099999988E+01, 3.532696599E+00,-5.045200067E-05,-2.929796151E-03, 1.150893371E-07, 3.933463793E-05, 2.587343939E-06,-7.900774474E-07, 4.074609705E-06, 8.267955306E-04
      1378, 1.299999997E+01, 3.532696599E+00,-3.434885746E-05,-2.926564430E-03, 3.372678868E-07, 8.476414922E-05, 6.725735338E-05, 1.885994685E-05,-2.141091543E-04, 7.647027359E-04
      1379, 4.999999929E+00, 3.586123430E+00,-7.866136025E-06,-2.825887299E-03, 3.068875905E-09, 6.036455702E-07,-1.037025201E-05,-1.958281682E-05,-1.257704944E-05, 7.984648440E-04
      1380, 6.999999954E+00, 3.586123430E+00,-3.317855276E-05,-2.857813849E-03, 1.143689839E-08, 3.839006021E-06,-1.322695736E-05,-1.605000444E-05, 4.495111067E-06, 8.102108261E-04
      1381, 8.999999951E+00, 3.586123483E+00,-4.983502089E-05,-2.879507713E-03, 5.170328945E-08, 2.233745053E-05,-3.624690815E-06,-6.626916243E-06, 6.660108148E-06, 8.066448914E-04
      1382, 1.099999988E+01, 3.586123430E+00,-5.023402175E-05,-2.886284591E-03, 1.122347790E-07, 3.872206853E-05, 2.508266651E-06,-8.653582521E-07, 4.075110119E-06, 8.023804263E-04
      1383, 1.299999997E+01, 3.586123430E+00,-4.289115992E-05,-2.885625939E-03, 2.465858893E-07, 1.068535126E-04, 3.677936322E-05, 1.051419327E-05,-1.038178390E-04, 7.685897551E-04
      1384, 4.999999929E+00, 3.640323547E+00,-8.532556161E-06,-2.783271935E-03, 3.000110488E-09, 6.071281120E-07,-9.746949852E-06,-1.902316172E-05,-1.202176203E-05, 7.744002189E-04
      1385, 6.999999954E+00, 3.640323547E+00,-3.293304938E-05,-2.814562719E-03, 1.104087701E-08, 3.650532462E-06,-1.288048471E-05,-1.581755227E-05, 4.562842925E-06, 7.861147088E-04
      1386, 8.999999951E+00, 3.640323601E+00,-4.947150763E-05,-2.836440373E-03, 5.007249870E-08, 2.186925164E-05,-3.660659905E-06,-6.741555881E-06, 6.752178230E-06, 7.828937377E-04
      1387, 1.099999988E+01, 3.640323547E+00,-5.001219320E-05,-2.843446165E-03, 1.094495273E-07, 3.813468405E-05, 2.425768010E-06,-9.494280645E-07, 4.106698347E-06, 7.787091310E-04
      1388, 1.299999997E+01, 3.640323547E+00,-4.723024862E-05,-2.844441568E-03, 2.081183880E-07, 1.206549668E-04, 2.086940164E-05, 6.977561771E-06,-4.936493551E-05, 7.560813336E-04
      1389, 4.999999929E+00, 3.695308141E+00,-9.178017096E-06,-2.741342606E-03, 2.931741782E-09, 6.106908088E-07,-9.138113642E-06,-1.845924866E-05,-1.146427049E-05, 7.510648965E-04
      1390, 6.999999954E+00, 3.695308141E+00,-3.267989038E-05,-2.771990104E-03, 1.066203746E-08, 3.477654379E-06,-1.254279187E-05,-1.558863435E-05, 4.644433155E-06, 7.627498210E-04
      1391, 8.999999951E+00, 3.695308196E+00,-4.909746097E-05,-2.794035590E-03, 4.848769861E-08, 2.141383601E-05,-3.698536556E-06,-6.853384391E-06, 6.851683627E-06, 7.598612808E-04
      1392, 1.099999988E+01, 3.695308141E+00,-4.978508673E-05,-2.801269264E-03, 1.067281678E-07, 3.757082674E-05, 2.341649319E-06,-1.038574937E-06, 4.152080562E-06, 7.557556295E-04
      1393, 1.299999997E+01, 3.695308141E+00,-4.866404748E-05,-2.802994429E-03, 1.874655449E-07, 1.038155433E-04, 4.775700949E-06,-1.632048016E-07, 2.640193898E-07, 7.554787550E-04
      1394, 4.999999929E+00, 3.751088567E+00,-9.801700140E-06,-2.700088048E-03, 2.863762398E-09, 6.142594839E-07,-8.543898355E-06,-1.789255202E-05,-1.090577960E-05, 7.284373564E-04
      1395, 6.999999954E+00, 3.751088567E+00,-3.241812255E-05,-2.730084612E-03, 1.029873361E-08, 3.319123238E-06,-1.221356777E-05,-1.536209743E-05, 4.740270347E-06, 7.400916164E-04
      1396, 8.999999951E+00, 3.751088623E+00,-4.871225229E-05,-2.752282123E-03, 4.694616920E-08, 2.097054159E-05,-3.738051655E-06,-6.962266587E-06, 6.958546780E-06, 7.375247905E-04
      1397, 1.099999988E+01, 3.751088567E+00,-4.955195819E-05,-2.759742598E-03, 1.040660268E-07, 3.702918017E-05, 2.255704693E-06,-1.130876877E-06, 4.205469800E-06, 7.334973691E-04
      1398, 1.299999997E+01, 3.751088567E+00,-4.752814841E-05,-2.760950650E-03, 1.739005571E-07, 7.585583035E-05,-6.636043567E-06,-4.030709899E-06, 3.504163279E-05, 7.475508843E-04
      1399, 4.999999929E+00, 3.807676344E+00,-1.040279183E-05,-2.659497107E-03, 2.796170360E-09, 6.177678114E-07,-7.964138510E-06,-1.732348616E-05,-1.034664697E-05, 7.064966247E-04
      1400, 6.999999954E+00, 3.807676344E+00,-3.214678967E-05,-2.688835150E-03, 9.949502754E-09, 3.173819916E-06,-1.189198244E-05,-1.513674839E-05, 4.847738641E-06, 7.181168521E-04
      1401, 8.999999951E+00, 3.807676401E+00,-4.831523596E-05,-2.711168947E-03, 4.544538749E-08, 2.053870822E-05,-3.779136529E-06,-7.068162964E-06, 7.071902919E-06, 7.158626290E-04
      1402, 1.099999988E+01, 3.807676344E+00,-4.931226885E-05,-2.718855089E-03, 1.014588673E-07, 3.650852210E-05, 2.167457847E-06,-1.225097511E-06, 4.264679652E-06, 7.119130798E-04
      1403, 1.299999997E+01, 3.807676344E+00,-4.535709887E-05,-2.719406040E-03, 1.648482164E-07, 6.170243870E-05,-7.572272111E-06,-2.312981477E-06, 3.853095717E-05, 7.208922140E-04
      1404, 4.999999929E+00, 3.865083157E+00,-1.098050971E-05,-2.619558858E-03, 2.728968301E-09, 6.211583365E-07,-7.398093896E-06,-1.675166566E-05,-9.788918476E-06, 6.852201913E-04
      1405, 6.999999954E+00, 3.865083157E+00,-3.186512542E-05,-2.648230868E-03, 9.613044733E-09, 3.040731290E-06,-1.157652537E-05,-1.491228516E-05, 4.963155231E-06, 6.968049397E-04
      1406, 8.999999951E+00, 3.865083215E+00,-4.790578510E-05,-2.670685235E-03, 4.398301679E-08, 2.011767766E-05,-3.821950966E-06,-7.170921414E-06, 7.191272732E-06, 6.948541364E-04
      1407, 1.099999988E+01, 3.865083157E+00,-4.906549153E-05,-2.678595840E-03, 9.890278522E-08, 3.600764250E-05, 2.076463836E-06,-1.320723336E-06, 4.331702879E-06, 6.909825257E-04
      1408, 1.299999997E+01, 3.865083157E+00,-4.364299701E-05,-2.678859455E-03, 1.587990874E-07, 5.613186253E-05,-3.016659527E-06,-7.564362503E-07, 2.365748015E-05, 6.940749393E-04
      1409, 4.999999929E+00, 3.923320860E+00,-1.153418734E-05,-2.580262631E-03, 2.662162749E-09, 6.243805312E-07,-6.846031189E-06,-1.617796222E-05,-9.233388949E-06, 6.645880028E-04
      1410, 6.999999954E+00, 3.923320860E+00,-3.157244128E-05,-2.608261039E-03, 9.288203921E-09, 2.918934726E-06,-1.126675400E-05,-1.468916947E-05, 5.086803936E-06, 6.761367128E-04
      1411, 8.999999951E+00, 3.923320919E+00,-4.748327968E-05,-2.630820344E-03, 4.255689670E-08, 1.970679760E-05,-3.866303489E-06,-7.270206759E-06, 7.316613983E-06, 6.744792832E-04
      1412, 1.099999988E+01, 3.923320860E+00,-4.881099038E-05,-2.638954109E-03, 9.639416854E-08, 3.552532940E-05, 1.981988228E-06,-1.417678709E-06, 4.407629422E-06, 6.706859889E-04
      1413, 1.299999997E+01, 3.923320860E+00,-4.266291874E-05,-2.639085738E-03, 1.543177845E-07, 5.378750210E-05, 5.923902977E-07,-1.712968732E-08, 1.162996394E-05, 6.717682309E-04
      1414, 4.999999929E+00, 3.982401480E+00,-1.206309419E-05,-2.541597848E-03, 2.595763436E-09, 6.273906481E-07,-6.308620551E-06,-1.560305800E-05,-8.678804583E-06, 6.445816279E-04
      1415, 6.999999954E+00, 3.982401480E+00,-3.126795731E-05,-2.568915118E-03, 8.973953833E-09, 2.807589230E-06,-1.096273898E-05,-1.446697692E-05, 5.218801097E-06, 6.560913551E-04
      1416, 8.999999951E+00, 3.982401540E+00,-4.704708048E-05,-2.591563825E-03, 4.116503380E-08, 1.930542792E-05,-3.911791626E-06,-7.365618478E-06, 7.447797116E-06, 6.547182081E-04
      1417, 1.099999988E+01, 3.982401480E+00,-4.854806942E-05,-2.599919342E-03, 9.392967583E-08, 3.506037784E-05, 1.883824485E-06,-1.515653422E-06, 4.491709902E-06, 6.510035928E-04
      1418, 1.299999997E+01, 3.982401480E+00,-4.215401592E-05,-2.600038154E-03, 1.505337500E-07, 5.267991925E-05, 2.556110494E-06, 5.390939145E-07, 5.848795763E-06, 6.503915600E-04
      1419, 4.999999929E+00, 4.042337217E+00,-1.256647716E-05,-2.503554108E-03, 2.529782727E-09, 6.301524103E-07,-5.785157409E-06,-1.502679112E-05,-8.126911989E-06, 6.251811594E-04
      1420, 6.999999954E+00, 4.042337217E+00,-3.095097600E-05,-2.530182872E-03, 8.669384072E-09, 2.705920949E-06,-1.066362004E-05,-1.424422515E-05, 5.356406204E-06, 6.366468584E-04
      1421, 8.999999951E+00, 4.042337277E+00,-4.659653799E-05,-2.552905446E-03, 3.980559313E-08, 1.891293749E-05,-3.958142338E-06,-7.456851427E-06, 7.584495774E-06, 6.355514391E-04
      1422, 1.099999988E+01, 4.042337217E+00,-4.827606200E-05,-2.561481192E-03, 9.150622185E-08, 3.461156670E-05, 1.782501958E-06,-1.614261914E-06, 4.583551560E-06, 6.319161120E-04
      1423, 1.299999997E+01, 4.042337217E+00,-4.188131208E-05,-2.561667608E-03, 1.470508232E-07, 5.199815637E-05, 3.473510419E-06, 8.355688814E-07, 3.300026285E-06, 6.303061250E-04
      1424, 4.999999929E+00, 4.103140447E+00,-1.304373243E-05,-2.466121225E-03, 2.464235161E-09, 6.326344256E-07,-5.275857425E-06,-1.445015378E-05,-7.579292243E-06, 6.063687842E-04
      1425, 6.999999954E+00, 4.103140447E+00,-3.062092882E-05,-2.492054405E-03, 8.373688984E-09, 2.613203649E-06,-1.036845789E-05,-1.401980020E-05, 5.497826029E-06, 6.177833306E-04
      1426, 8.999999951E+00, 4.103140508E+00,-4.613100944E-05,-2.514835184E-03, 3.847688989E-08, 1.852869715E-05,-4.005204105E-06,-7.543675885E-06, 7.726052629E-06, 6.169603562E-04
      1427, 1.099999988E+01, 4.103140447E+00,-4.799433012E-05,-2.523629498E-03, 8.912096492E-08, 3.417765287E-05, 1.678234916E-06,-1.713274514E-06, 4.681994537E-06, 6.134051083E-04
      1428, 1.299999997E+01, 4.103140447E+00,-4.171154795E-05,-2.523928219E-03, 1.437090464E-07, 5.146612724E-05, 3.835614248E-06, 9.417339326E-07, 2.275992157E-06, 6.113279360E-04
      1429, 4.999999929E+00, 4.164823726E+00,-1.349423585E-05,-2.429289079E-03, 2.399137043E-09, 6.348097754E-07,-4.781566588E-06,-1.387396163E-05,-7.035208171E-06, 5.881277919E-04
      1430, 6.999999954E+00, 4.164823726E+00,-3.027728701E-05,-2.454520004E-03, 8.086157593E-09, 2.528746252E-06,-1.007726045E-05,-1.379372790E-05, 5.641949016E-06, 5.994837341E-04
      1431, 8.999999951E+00, 4.164823788E+00,-4.564988353E-05,-2.477343210E-03, 3.717738136E-08, 1.815207902E-05,-4.052890487E-06,-7.625733304E-06, 7.871694070E-06, 5.989271882E-04
      1432, 1.099999988E+01, 4.164823726E+00,-4.770221322E-05,-2.486354279E-03, 8.677129560E-08, 3.375735748E-05, 1.570806731E-06,-1.812835958E-06, 4.788116812E-06, 5.954533212E-04
      1433, 1.299999997E+01, 4.164823726E+00,-4.158089824E-05,-2.486786732E-03, 1.404460884E-07, 5.099654935E-05, 3.945081963E-06, 9.501184491E-07, 1.931822250E-06, 5.931836917E-04
      1434, 4.999999929E+00, 4.227399792E+00,-1.391735762E-05,-2.393047729E-03, 2.334506125E-09, 6.366567198E-07,-4.301774434E-06,-1.329816623E-05,-6.496328800E-06, 5.704394567E-04
      1435, 6.999999954E+00, 4.227399792E+00,-2.991957474E-05,-2.417570083E-03, 7.806164790E-09, 2.451888553E-06,-9.790266114E-06,-1.356614059E-05, 5.788953740E-06, 5.817315114E-04
      1436, 8.999999951E+00, 4.227399855E+00,-4.515256043E-05,-2.440419872E-03, 3.590565923E-08, 1.778245980E-05,-4.100836368E-06,-7.702449951E-06, 8.021192345E-06, 5.814347786E-04
      1437, 1.099999988E+01, 4.227399792E+00,-4.739894835E-05,-2.449645680E-03, 8.445482621E-08, 3.334937870E-05, 1.459765566E-06,-1.913347788E-06, 4.903096332E-06, 5.780441197E-04
      1438, 1.299999997E+01, 4.227399792E+00,-4.146199335E-05,-2.450222625E-03, 1.372369138E-07, 5.056219706E-05, 3.945463341E-06, 9.185462445E-07, 1.849275765E-06, 5.756899091E-04
      1439, 4.999999929E+00, 4.290881567E+00,-1.431261821E-05,-2.357387475E-03, 2.270361396E-09, 6.381556092E-07,-3.836714730E-06,-1.272404223E-05,-5.964048013E-06, 5.532872701E-04
      1440, 6.999999954E+00, 4.290881567E+00,-2.954722445E-05,-2.381195211E-03, 7.533163730E-09, 2.381993838E-06,-9.507588455E-06,-1.333698621E-05, 5.940218407E-06, 5.645102250E-04
      1441, 8.999999951E+00, 4.290881631E+00,-4.463843161E-05,-2.404055699E-03, 3.466044230E-08, 1.741922836E-05,-4.148445625E-06,-7.773122490E-06, 8.174341741E-06, 5.644661021E-04
      1442, 1.099999988E+01, 4.290881567E+00,-4.708371791E-05,-2.413494012E-03, 8.216938188E-08, 3.295241884E-05, 1.345067214E-06,-2.014760799E-06, 5.026498922E-06, 5.611605357E-04
      1443, 1.299999997E+01, 4.290881567E+00,-4.134392628E-05,-2.414221548E-03, 1.340703388E-07, 5.015296243E-05, 3.898216263E-06, 8.699847699E-07, 1.862269631E-06, 5.587681461E-04
      1444, 4.999999929E+00, 4.355282160E+00,-1.467951764E-05,-2.322298674E-03, 2.206722880E-09, 6.392886240E-07,-3.387110164E-06,-1.215254745E-05,-5.437517585E-06, 5.366561319E-04
      1445, 6.999999954E+00, 4.355282160E+00,-2.915964431E-05,-2.345386117E-03, 7.266679164E-09, 2.318443665E-06,-9.229010913E-06,-1.310593570E-05, 6.093716810E-06, 5.478031009E-04
      1446, 8.999999951E+00, 4.355282225E+00,-4.410690044E-05,-2.368241437E-03, 3.344056959E-08, 1.706178540E-05,-4.195174811E-06,-7.837084386E-06, 8.330471345E-06, 5.480043425E-04
      1447, 1.099999988E+01, 4.355282160E+00,-4.675574294E-05,-2.377889776E-03, 7.991299265E-08, 3.256516169E-05, 1.227064836E-06,-2.116803036E-06, 5.156969585E-06, 5.447861465E-04
      1448, 1.299999997E+01, 4.355282160E+00,-4.122215249E-05,-2.378771904E-03, 1.309403253E-07, 4.976432256E-05, 3.828855776E-06, 8.146231625E-07, 1.915770766E-06, 5.423765723E-04
      1449, 4.999999929E+00, 4.420614869E+00,-1.501754582E-05,-2.287771853E-03, 2.143611483E-09, 6.400412392E-07,-2.952200807E-06,-1.158348771E-05,-4.918222289E-06, 5.205287632E-04
      1450, 6.999999954E+00, 4.420614869E+00,-2.875642763E-05,-2.310133761E-03, 7.006301515E-09, 2.260631189E-06,-8.954046445E-06,-1.287261739E-05, 6.247552550E-06, 5.315938542E-04
      1451, 8.999999951E+00, 4.420614935E+00,-4.355740976E-05,-2.332968042E-03, 3.224499351E-08, 1.670953898E-05,-4.240550939E-06,-7.893666448E-06, 8.488518822E-06, 5.320332241E-04
      1452, 1.099999988E+01, 4.420614869E+00,-4.641428507E-05,-2.342823642E-03, 7.768388561E-08, 3.218626735E-05, 1.106013680E-06,-2.219255598E-06, 5.293810196E-06, 5.289052617E-04
      1453, 1.299999997E+01, 4.420614869E+00,-4.109450326E-05,-2.343863440E-03, 1.278428365E-07, 4.939350691E-05, 3.748174962E-06, 7.564408964E-07, 1.989838283E-06, 5.264878176E-04
      1454, 4.999999929E+00, 4.486893186E+00,-1.532634221E-05,-2.253797788E-03, 2.081048923E-09, 6.403992133E-07,-2.531936117E-06,-1.101799703E-05,-4.407331372E-06, 5.048900881E-04
      1455, 6.999999954E+00, 4.486893186E+00,-2.833714811E-05,-2.275429258E-03, 6.751681471E-09, 2.207955122E-06,-8.682624524E-06,-1.263684986E-05, 6.402694374E-06, 5.158677330E-04
      1456, 8.999999951E+00, 4.486893253E+00,-4.298945877E-05,-2.298226682E-03, 3.107277304E-08, 1.636190302E-05,-4.284037412E-06,-7.942030015E-06, 8.647533796E-06, 5.165371313E-04
      1457, 1.099999988E+01, 4.486893186E+00,-4.605858490E-05,-2.308286435E-03, 7.548047746E-08, 3.181436022E-05, 9.817178958E-07,-2.322291302E-06, 5.437737701E-06, 5.135033037E-04
      1458, 1.299999997E+01, 4.486893186E+00,-4.095969184E-05,-2.309486594E-03, 1.247747071E-07, 4.903822408E-05, 3.660691050E-06, 6.968116185E-07, 2.076499662E-06, 5.110814480E-04
      1459, 4.999999929E+00, 4.554130797E+00,-1.560551455E-05,-2.220367288E-03, 2.019057630E-09, 6.403485775E-07,-2.126991105E-06,-1.045692965E-05,-3.903663494E-06, 4.897267438E-04
      1460, 6.999999954E+00, 4.554130797E+00,-2.790135587E-05,-2.241263873E-03, 6.502525028E-09, 2.159822623E-06,-8.414508940E-06,-1.239829583E-05, 6.557436256E-06, 5.006094904E-04
      1461, 8.999999951E+00, 4.554130865E+00,-4.240258236E-05,-2.264008721E-03, 2.992306688E-08, 1.601829981E-05,-4.324828506E-06,-7.981037468E-06, 8.807023074E-06, 5.015009893E-04
      1462, 1.099999988E+01, 4.554130797E+00,-4.568778413E-05,-2.274269083E-03, 7.330136759E-08, 3.144804532E-05, 8.536536084E-07,-2.426370891E-06, 5.589833460E-06, 4.985662503E-04
      1463, 1.299999997E+01, 4.554130797E+00,-4.081680387E-05,-2.275632207E-03, 1.217332347E-07, 4.869627753E-05, 3.568319247E-06, 6.360042252E-07, 2.172080138E-06, 4.961404611E-04
      1464, 4.999999929E+00, 4.622341587E+00,-1.585464330E-05,-2.187471303E-03, 1.957660674E-09, 6.398778770E-07,-1.736675691E-06,-9.899890381E-06,-3.408523125E-06, 4.750231669E-04
      1465, 6.999999954E+00, 4.622341587E+00,-2.744878423E-05,-2.207629095E-03, 6.258588997E-09, 2.115647348E-06,-8.149287187E-06,-1.215664853E-05, 6.710187439E-06, 4.858043224E-04
      1466, 8.999999951E+00, 4.622341656E+00,-4.179633774E-05,-2.230305731E-03, 2.879512673E-08, 1.567816754E-05,-4.361916731E-06,-8.009186110E-06, 8.966390004E-06, 4.869098432E-04
      1467, 1.099999988E+01, 4.622341587E+00,-4.530096864E-05,-2.240762656E-03, 7.114533237E-08, 3.108594363E-05, 7.218494953E-07,-2.531432962E-06, 5.749632126E-06, 4.840795693E-04
      1468, 1.299999997E+01, 4.622341587E+00,-4.066505816E-05,-2.242291373E-03, 1.187160286E-07, 4.836542992E-05, 3.471914946E-06, 5.739361814E-07, 2.275676437E-06, 4.816501469E-04
      1469, 4.999999929E+00, 4.691539642E+00,-1.607347109E-05,-2.155101013E-03, 1.896881741E-09, 6.389754201E-07,-1.360997951E-06,-9.348037052E-06,-2.923345559E-06, 4.607657063E-04
      1470, 6.999999954E+00, 4.691539642E+00,-2.697913586E-05,-2.174516555E-03, 6.019676709E-09, 2.074848472E-06,-7.886981058E-06,-1.191182685E-05, 6.862078218E-06, 4.714389556E-04
      1471, 8.999999951E+00, 4.691539712E+00,-4.117033766E-05,-2.197109520E-03, 2.768829051E-08, 1.534096451E-05,-4.394197574E-06,-8.024821334E-06, 9.124336221E-06, 4.727486917E-04
      1472, 1.099999988E+01, 4.691539642E+00,-4.489727256E-05,-2.207758408E-03, 6.901132043E-08, 3.072666880E-05, 5.867547442E-07,-2.637147612E-06, 5.915709049E-06, 4.700291423E-04
      1473, 1.299999997E+01, 4.691539642E+00,-4.050365227E-05,-2.209455338E-03, 1.157209511E-07, 4.804339725E-05, 3.371853548E-06, 5.104914820E-07, 2.387833676E-06, 4.675968399E-04
      1474, 4.999999929E+00, 4.761739250E+00,-1.626173166E-05,-2.123247617E-03, 1.836745075E-09, 6.376294854E-07,-1.000754798E-06,-8.802404676E-06,-2.446997134E-06, 4.469422820E-04
      1475, 6.999999954E+00, 4.761739250E+00,-2.649209359E-05,-2.141918023E-03, 5.785633897E-09, 2.036859308E-06,-7.627350129E-06,-1.166354287E-05, 7.011296922E-06, 4.574994357E-04
      1476, 8.999999951E+00, 4.761739321E+00,-4.052429700E-05,-2.164412163E-03, 2.660197544E-08, 1.500616903E-05,-4.420169723E-06,-8.025838675E-06, 9.279283672E-06, 4.590025920E-04
      1477, 1.099999988E+01, 4.761739250E+00,-4.447587706E-05,-2.175247742E-03, 6.689844765E-08, 3.036882281E-05, 4.486919850E-07,-2.743212213E-06, 6.087323407E-06, 4.564014908E-04
      1478, 1.299999997E+01, 4.761739250E+00,-4.033172105E-05,-2.177115502E-03, 1.127460914E-07, 4.772787513E-05, 3.268207978E-06, 4.456121386E-07, 2.508901882E-06, 4.539669726E-04
      1479, 4.999999929E+00, 4.832954907E+00,-1.641911357E-05,-2.091902443E-03, 1.777275424E-09, 6.358307941E-07,-6.554366501E-07,-8.262621224E-06,-1.980279356E-06, 4.335387564E-04
      1480, 6.999999954E+00, 4.832954907E+00,-2.598754987E-05,-2.109825494E-03, 5.556344792E-09, 2.001129853E-06,-7.369962097E-06,-1.141150688E-05, 7.156100761E-06, 4.439722748E-04
      1481, 8.999999951E+00, 4.832954979E+00,-3.985803544E-05,-2.132206016E-03, 2.553567068E-08, 1.467326765E-05,-4.437849221E-06,-8.008466781E-06, 9.429654585E-06, 4.456574503E-04
      1482, 1.099999988E+01, 4.832954907E+00,-4.403594665E-05,-2.143222215E-03, 6.480599231E-08, 3.001098409E-05, 3.075279582E-07,-2.849757345E-06, 6.265080172E-06, 4.431841936E-04
      1483, 1.299999997E+01, 4.832954907E+00,-4.014837831E-05,-2.145263433E-03, 1.097897543E-07, 4.741653027E-05, 3.160854300E-06, 3.792324746E-07, 2.638131193E-06, 4.407472068E-04
      1484, 4.999999929E+00, 4.905201321E+00,-1.654544361E-05,-2.061057024E-03, 1.718498022E-09, 6.335695577E-07,-3.253595619E-07,-7.729796094E-06,-1.523819633E-06, 4.205431677E-04
      1485, 6.999999954E+00, 4.905201321E+00,-2.546537839E-05,-2.078231087E-03, 5.331728217E-09, 1.967130098E-06,-7.114868562E-06,-1.115568094E-05, 7.297564671E-06, 4.308455826E-04
      1486, 8.999999951E+00, 4.905201394E+00,-3.917149570E-05,-2.100483684E-03, 2.448892996E-08, 1.434177163E-05,-4.444273131E-06,-7.968039603E-06, 9.573643796E-06, 4.326990518E-04
      1487, 1.099999988E+01, 4.905201321E+00,-4.357655000E-05,-2.111673459E-03, 6.273339066E-08, 2.965172675E-05, 1.627721447E-07,-2.957258869E-06, 6.449949134E-06, 4.303653586E-04
      1488, 1.299999997E+01, 4.905201321E+00,-3.995278292E-05,-2.113890863E-03, 1.068504517E-07, 4.710697637E-05, 3.049687562E-06, 3.112398645E-07, 2.774437524E-06, 4.279249204E-04
      1489, 4.999999929E+00, 4.978493410E+00,-1.664057360E-05,-2.030702884E-03, 1.660438530E-09, 6.308368968E-07,-1.018052256E-08,-7.204586797E-06,-1.077698353E-06, 4.079439275E-04
      1490, 6.999999954E+00, 4.978493410E+00,-2.492544233E-05,-2.047127050E-03, 5.111733703E-09, 1.934363065E-06,-6.861845234E-06,-1.089578935E-05, 7.433891734E-06, 4.181065504E-04
      1491, 8.999999951E+00, 4.978493484E+00,-3.846474772E-05,-2.069238109E-03, 2.346136065E-08, 1.401122909E-05,-4.436982477E-06,-7.899951082E-06, 9.709654992E-06, 4.201123901E-04
      1492, 1.099999988E+01, 4.978493410E+00,-4.309670290E-05,-2.080593243E-03, 6.068023345E-08, 2.928966381E-05, 1.450492431E-08,-3.065628408E-06, 6.641398362E-06, 4.179324935E-04
      1493, 1.299999997E+01, 4.978493410E+00,-3.974410452E-05,-2.082989645E-03, 1.039268967E-07, 4.679675392E-05, 2.934718949E-06, 2.415299730E-07, 2.917909892E-06, 4.154885796E-04
      1494, 4.999999929E+00, 5.052846308E+00,-1.670480742E-05,-2.000831765E-03, 1.603123003E-09, 6.276272327E-07, 2.924492724E-07,-6.686362958E-06,-6.520082828E-07, 3.957266832E-04
      1495, 6.999999954E+00, 5.052846308E+00,-2.436783734E-05,-2.016505860E-03, 4.896337736E-09, 1.902369021E-06,-6.610378378E-06,-1.063154634E-05, 7.563164035E-06, 4.057428243E-04
      1496, 8.999999951E+00, 5.052846383E+00,-3.773791203E-05,-2.038462504E-03, 2.245258753E-08, 1.366277355E-05,-4.420808397E-06,-7.804852539E-06, 9.838217686E-06, 4.078870644E-04
      1497, 1.099999988E+01, 5.052846308E+00,-4.259548019E-05,-2.049973506E-03, 5.864626323E-08, 2.892342470E-05,-1.367258915E-07,-3.174465135E-06, 6.837933239E-06, 4.058734102E-04
      1498, 1.299999997E+01, 5.052846308E+00,-3.952143378E-05,-2.052551715E-03, 1.010179988E-07, 4.648337084E-05, 2.815995155E-06, 1.700626747E-07, 3.069595478E-06, 4.034270321E-04
      1499, 4.999999929E+00, 5.128275369E+00,-1.673800749E-05,-1.971435645E-03, 1.546577857E-09, 6.239328242E-07, 5.782674179E-07,-6.178142716E-06,-2.340199412E-07, 3.838817377E-04
      1500, 6.999999954E+00, 5.128275369E+00,-2.379265368E-05,-1.986360109E-03, 4.685539935E-09, 1.870729100E-06,-6.360521616E-06,-1.036296573E-05, 7.686448723E-06, 3.937437382E-04
      1501, 8.999999951E+00, 5.128275446E+00,-3.699083982E-05,-2.008149770E-03, 2.146225872E-08, 1.329318954E-05,-4.411999607E-06,-7.714375566E-06, 9.967585430E-06, 3.960209127E-04
      1502, 1.099999988E+01, 5.128275369E+00,-4.207201561E-05,-2.019806335E-03, 5.663137115E-08, 2.855165287E-05,-2.904933442E-07,-3.283369335E-06, 7.038711115E-06, 3.941764526E-04
      1503, 1.299999997E+01, 5.128275369E+00,-3.928376207E-05,-2.022569123E-03, 9.812286076E-08, 4.616434627E-05, 2.693472431E-06, 9.685854106E-08, 3.230116893E-06, 3.917288446E-04
      1504, 4.999999929E+00, 5.204796170E+00,-1.673968212E-05,-1.942506336E-03, 1.490829780E-09, 6.197473668E-07, 8.497378890E-07,-5.679943837E-06, 1.808144543E-07, 3.723993193E-04
      1505, 6.999999954E+00, 5.204796170E+00,-2.319998288E-05,-1.956682506E-03, 4.479359277E-09, 1.839078147E-06,-6.112051876E-06,-1.008981669E-05, 7.801896204E-06, 3.820974845E-04
      1506, 8.999999951E+00, 5.204796248E+00,-3.622234846E-05,-1.978291606E-03, 2.049004260E-08, 1.282469365E-05,-4.437410750E-06,-7.684651754E-06, 1.011663621E-05, 3.845391004E-04
      1507, 1.099999988E+01, 5.204796170E+00,-4.152543879E-05,-1.990083961E-03, 5.463559377E-08, 2.817299448E-05,-4.468060864E-07,-3.392383043E-06, 7.244113614E-06, 3.828309339E-04
      1508, 1.299999997E+01, 5.204796170E+00,-3.903004483E-05,-1.993034064E-03, 9.524077732E-08, 4.583720386E-05, 2.566996058E-06, 2.189654576E-08, 3.398748746E-06, 3.803826229E-04
      1509, 4.999999929E+00, 5.282424513E+00,-1.670999198E-05,-1.914035920E-03, 1.435905685E-09, 6.150691002E-07, 1.109694870E-06,-5.190421767E-06, 5.783073669E-07, 3.612657656E-04
      1510, 6.999999954E+00, 5.282424513E+00,-2.259017722E-05,-1.927466000E-03, 4.277830497E-09, 1.807105136E-06,-5.864468103E-06,-9.811885242E-06, 7.907479056E-06, 3.707927598E-04
      1511, 8.999999951E+00, 5.282424591E+00,-3.542961218E-05,-1.948876063E-03, 1.953579129E-08, 1.225660241E-05,-4.527223405E-06,-7.764019493E-06, 1.030642273E-05, 3.734817416E-04
      1512, 1.099999988E+01, 5.282424513E+00,-4.095480005E-05,-1.960798691E-03, 5.265910994E-08, 2.778611912E-05,-6.060420637E-07,-3.501935732E-06, 7.454855710E-06, 3.718266817E-04
      1513, 1.299999997E+01, 5.282424513E+00,-3.875928759E-05,-1.963938878E-03, 9.237123421E-08, 4.549944885E-05, 2.436449809E-06,-5.492711436E-08, 3.574281782E-06, 3.693775593E-04
      1514, 4.999999929E+00, 5.361176426E+00,-1.664909678E-05,-1.886016673E-03, 1.381832697E-09, 6.098937810E-07, 1.352895389E-06,-4.712285604E-06, 9.629753990E-07, 3.504725219E-04
      1515, 6.999999954E+00, 5.361176426E+00,-2.196359661E-05,-1.898703636E-03, 4.081000533E-09, 1.774551670E-06,-5.617931552E-06,-9.529367527E-06, 8.004337049E-06, 3.598201235E-04
      1516, 8.999999951E+00, 5.361176506E+00,-3.460845076E-05,-1.919888530E-03, 1.860011838E-08, 1.162840698E-05,-4.695923798E-06,-7.976036698E-06, 1.054716779E-05, 3.628471400E-04
      1517, 1.099999988E+01, 5.361176426E+00,-4.035911218E-05,-1.931942955E-03, 5.070223830E-08, 2.738976824E-05,-7.680293360E-07,-3.611893807E-06, 7.670261632E-06, 3.611529183E-04
      1518, 1.299999997E+01, 5.361176426E+00,-3.847051001E-05,-1.935276016E-03, 8.951390680E-08, 4.514854599E-05, 2.301918755E-06,-1.337231636E-07, 3.756834481E-06, 3.587038792E-04
      1519, 4.999999929E+00, 5.441068173E+00,-1.655704875E-05,-1.858440697E-03, 1.328638038E-09, 6.042185401E-07, 1.579633346E-06,-4.247289958E-06, 1.336552234E-06, 3.400113840E-04
      1520, 6.999999954E+00, 5.441068173E+00,-2.132060144E-05,-1.870388558E-03, 3.888925140E-09, 1.741220240E-06,-5.372250201E-06,-9.242193091E-06, 8.090666868E-06, 3.491687383E-04
      1521, 8.999999951E+00, 5.441068255E+00,-3.375448515E-05,-1.891315591E-03, 1.768440826E-08, 1.096054249E-05,-4.929184554E-06,-8.284615442E-06, 1.082851050E-05, 3.525945170E-04
      1522, 1.099999988E+01, 5.441068173E+00,-3.973746563E-05,-1.903509352E-03, 4.876543523E-08, 2.698273390E-05,-9.321072805E-07,-3.721794055E-06, 7.888730161E-06, 3.507991237E-04
      1523, 1.299999997E+01, 5.441068173E+00,-3.816264586E-05,-1.907037990E-03, 8.666865973E-08, 4.478196949E-05, 2.163530474E-06,-2.145221823E-07, 3.947537641E-06, 3.483521368E-04
      1524, 4.999999929E+00, 5.522116252E+00,-1.643386611E-05,-1.831300276E-03, 1.276348951E-09, 5.980455595E-07, 1.790846119E-06,-3.795650066E-06, 1.697717187E-06, 3.298703749E-04
      1525, 6.999999954E+00, 5.522116252E+00,-2.066183020E-05,-1.842514160E-03, 3.701665854E-09, 1.706967095E-06,-5.127011619E-06,-8.950307341E-06, 8.164550717E-06, 3.388283517E-04
      1526, 8.999999951E+00, 5.522116334E+00,-3.286484004E-05,-1.863146711E-03, 1.679059013E-08, 1.033201296E-05,-5.188454564E-06,-8.614612047E-06, 1.112020467E-05, 3.426606627E-04
      1527, 1.099999988E+01, 5.522116252E+00,-3.908903161E-05,-1.875490625E-03, 4.684929205E-08, 2.656386262E-05,-1.097713561E-06,-3.831137678E-06, 8.109227421E-06, 3.407551368E-04
      1528, 1.299999997E+01, 5.522116252E+00,-3.783451889E-05,-1.879217411E-03, 8.383554919E-08, 4.439725930E-05, 2.021232023E-06,-2.972732769E-07, 4.146871773E-06, 3.383125086E-04
      1529, 4.999999929E+00, 5.604337398E+00,-1.627976337E-05,-1.804587922E-03, 1.224992681E-09, 5.913773950E-07, 1.988346900E-06,-3.357332330E-06, 2.044880508E-06, 3.200393640E-04
      1530, 6.999999954E+00, 5.604337398E+00,-1.998793630E-05,-1.815073904E-03, 3.519287139E-09, 1.671694719E-06,-4.882545147E-06,-8.654191055E-06, 8.227212112E-06, 3.287904342E-04
      1531, 8.999999951E+00, 5.604337482E+00,-3.193927079E-05,-1.835376157E-03, 1.592068261E-08, 9.743089383E-06,-5.428359003E-06,-8.903899480E-06, 1.138808631E-05, 3.329825795E-04
      1532, 1.099999988E+01, 5.604337398E+00,-3.841300642E-05,-1.847879677E-03, 4.495453183E-08, 2.613206226E-05,-1.264637228E-06,-3.939808597E-06, 8.331703522E-06, 3.310111739E-04
      1533, 1.299999997E+01, 5.604337398E+00,-3.748492098E-05,-1.851807033E-03, 8.101482549E-08, 4.399203697E-05, 1.874917611E-06,-3.819738832E-07, 4.353952122E-06, 3.285748294E-04
      1534, 4.999999929E+00, 5.687748590E+00,-1.609508923E-05,-1.778296200E-03, 1.174596374E-09, 5.842173217E-07, 2.171649617E-06,-2.932709174E-06, 2.378122927E-06, 3.105097476E-04
      1535, 6.999999954E+00, 5.687748590E+00,-1.929956868E-05,-1.788061360E-03, 3.341853838E-09, 1.635354794E-06,-4.638819184E-06,-8.354049396E-06, 8.277060575E-06, 3.190448703E-04
      1536, 8.999999951E+00, 5.687748675E+00,-3.097985008E-05,-1.808001175E-03, 1.507617551E-08, 9.192972903E-06,-5.618431941E-06,-9.119332229E-06, 1.161153231E-05, 3.235392378E-04
      1537, 1.099999988E+01, 5.687748590E+00,-3.770855149E-05,-1.820669522E-03, 4.308200570E-08, 2.568627147E-05,-1.432998932E-06,-4.048092945E-06, 8.556347647E-06, 3.215587611E-04
      1538, 1.299999997E+01, 5.687748590E+00,-3.711271033E-05,-1.824799766E-03, 7.820693571E-08, 4.356391602E-05, 1.724587692E-06,-4.687134967E-07, 4.567549929E-06, 3.191301501E-04
      1539, 4.999999929E+00, 5.772367054E+00,-1.588015578E-05,-1.752417741E-03, 1.125186970E-09, 5.765701513E-07, 2.340033482E-06,-2.521367864E-06, 2.697501042E-06, 3.012735154E-04
      1540, 6.999999954E+00, 5.772367054E+00,-1.859766004E-05,-1.761470294E-03, 3.169429028E-09, 1.597926049E-06,-4.395563636E-06,-8.050038405E-06, 8.312360261E-06, 3.095859806E-04
      1541, 8.999999951E+00, 5.772367140E+00,-2.998970261E-05,-1.781018964E-03, 1.425802786E-08, 8.680140854E-06,-5.751555044E-06,-9.261420524E-06, 1.178822373E-05, 3.143331221E-04
      1542, 1.099999988E+01, 5.772367054E+00,-3.697483041E-05,-1.793853194E-03, 4.123268822E-08, 2.522540082E-05,-1.602485505E-06,-4.155838223E-06, 8.782255543E-06, 3.123923216E-04
      1543, 1.299999997E+01, 5.772367054E+00,-3.671676523E-05,-1.798188528E-03, 7.541252500E-08, 4.311033548E-05, 1.570382876E-06,-5.575875963E-07, 4.787631067E-06, 3.099732356E-04
      1544, 4.999999929E+00, 5.858210261E+00,-1.563525307E-05,-1.726945155E-03, 1.076791068E-09, 5.684402168E-07, 2.494469667E-06,-2.123331814E-06, 3.004082744E-06, 2.923254020E-04
      1545, 6.999999954E+00, 5.858210261E+00,-1.788315354E-05,-1.735294248E-03, 3.002071862E-09, 1.559430619E-06,-4.153303965E-06,-7.742938508E-06, 8.334545429E-06, 3.004035129E-04
      1546, 8.999999951E+00, 5.858210349E+00,-2.897182775E-05,-1.754426561E-03, 1.346675325E-08, 8.202985899E-06,-5.834734571E-06,-9.341073838E-06, 1.192487884E-05, 3.053513524E-04
      1547, 1.099999988E+01, 5.858210261E+00,-3.621110607E-05,-1.767423729E-03, 3.940767359E-08, 2.474893036E-05,-1.772421893E-06,-4.262691583E-06, 9.007924890E-06, 3.034947944E-04
      1548, 1.299999997E+01, 5.858210261E+00,-3.629588298E-05,-1.771966172E-03, 7.263244213E-08, 4.262955374E-05, 1.412523380E-06,-6.486075429E-07, 5.015045612E-06, 3.010884945E-04
      1549, 4.999999929E+00, 5.945295940E+00,-1.536066959E-05,-1.701871128E-03, 1.029434640E-09, 5.598580717E-07, 2.634899361E-06,-1.739387410E-06, 3.297731966E-06, 2.836356003E-04
      1550, 6.999999954E+00, 5.945295940E+00,-1.715697665E-05,-1.709527697E-03, 2.839834958E-09, 1.519995872E-06,-3.912210185E-06,-7.433576425E-06, 8.342070355E-06, 2.914565620E-04
      1551, 8.999999951E+00, 5.945296028E+00,-2.792885242E-05,-1.728222152E-03, 1.270255618E-08, 7.759911179E-06,-5.877118821E-06,-9.365877218E-06, 1.202663770E-05, 2.965620817E-04
      1552, 1.099999988E+01, 5.945295940E+00,-3.541673208E-05,-1.741375493E-03, 3.760817012E-08, 2.425716863E-05,-1.942182318E-06,-4.368121248E-06, 9.232376853E-06, 2.948320330E-04
      1553, 1.299999997E+01, 5.945295940E+00,-3.584876459E-05,-1.746126713E-03, 6.986774575E-08, 4.212104822E-05, 1.251140633E-06,-7.416215805E-07, 5.250180580E-06, 2.924452917E-04
      1554, 4.999999929E+00, 6.033642073E+00,-1.505676467E-05,-1.677190240E-03, 9.831420969E-10, 5.508283813E-07, 2.761310825E-06,-1.370370420E-06, 3.577559217E-06, 2.752025119E-04
      1555, 6.999999954E+00, 6.033642073E+00,-1.642034778E-05,-1.684166347E-03, 2.682757541E-09, 1.479433187E-06,-3.672184493E-06,-7.122006292E-06, 8.333890835E-06, 2.828293300E-04
      1556, 8.999999951E+00, 6.033642163E+00,-2.686323599E-05,-1.702403620E-03, 1.196540580E-08, 7.347119130E-06,-5.885110620E-06,-9.344027781E-06, 1.209625350E-05, 2.880872252E-04
      1557, 1.099999988E+01, 6.033642073E+00,-3.459112222E-05,-1.715702753E-03, 3.583543943E-08, 2.374453240E-05,-2.111138794E-06,-4.471581057E-06, 9.455030470E-06, 2.865135043E-04
      1558, 1.299999997E+01, 6.033642073E+00,-3.537408734E-05,-1.720663961E-03, 6.711961817E-08, 4.157495262E-05, 1.086233467E-06,-8.365055513E-07, 5.492286420E-06, 2.841427849E-04
      1559, 4.999999929E+00, 6.123266903E+00,-1.472392499E-05,-1.652891174E-03, 9.379303698E-10, 5.409900076E-07, 2.873818527E-06,-1.011188696E-06, 3.848512130E-06, 2.673872454E-04
      1560, 6.999999954E+00, 6.123266903E+00,-1.567437687E-05,-1.659193007E-03, 2.530850505E-09, 1.437146484E-06,-3.434000598E-06,-6.807263428E-06, 8.314279903E-06, 2.747624705E-04
      1561, 8.999999951E+00, 6.123266995E+00,-2.577734641E-05,-1.676954282E-03, 1.125501107E-08, 6.960068763E-06,-5.862879280E-06,-9.282850199E-06, 1.213528209E-05, 2.800981225E-04
      1562, 1.099999988E+01, 6.123266903E+00,-3.373376840E-05,-1.690386721E-03, 3.409057292E-08, 2.320398852E-05,-2.278601062E-06,-4.573351723E-06, 9.673831445E-06, 2.786791240E-04
      1563, 1.299999997E+01, 6.123266903E+00,-3.487060060E-05,-1.695559953E-03, 6.438907647E-08, 4.097905744E-05, 9.178998956E-07,-9.338368653E-07, 5.739251713E-06, 2.763061888E-04
      1564, 4.999999929E+00, 6.214188939E+00,-1.436213611E-05,-1.628946285E-03, 8.937810161E-10, 5.317573172E-07, 2.972159680E-06,-6.712511754E-07, 4.101569799E-06, 2.587804350E-04
      1565, 6.999999954E+00, 6.214188939E+00,-1.491996895E-05,-1.634595866E-03, 2.384019840E-09, 1.397184874E-06,-3.198427056E-06,-6.495849381E-06, 8.278360930E-06, 2.657270711E-04
      1566, 8.999999951E+00, 6.214189032E+00,-2.467361167E-05,-1.651872366E-03, 1.057052088E-08, 6.614852183E-06,-5.814129932E-06,-9.189999367E-06, 1.214257916E-05, 2.710653774E-04
      1567, 1.099999988E+01, 6.214188939E+00,-3.284443118E-05,-1.665424301E-03, 3.237372344E-08, 2.269396833E-05,-2.443524260E-06,-4.673126909E-06, 9.884962796E-06, 2.699049101E-04
      1568, 1.299999997E+01, 6.214188939E+00,-3.433719819E-05,-1.670811240E-03, 6.167598965E-08, 4.042799325E-05, 7.464483922E-07,-1.033551915E-06, 5.989858325E-06, 2.676272588E-04
      1569, 4.999999929E+00, 6.306426956E+00,-1.397283212E-05,-1.605482414E-03, 8.505188207E-10, 5.211516082E-07, 3.056621428E-06,-3.540765624E-07, 4.335424245E-06, 2.511854408E-04
      1570, 6.999999954E+00, 6.306426956E+00,-1.415880736E-05,-1.610504805E-03, 2.241643872E-09, 1.353165254E-06,-2.965859461E-06,-6.187751139E-06, 8.231244931E-06, 2.579852273E-04
      1571, 8.999999951E+00, 6.306427050E+00,-2.355466463E-05,-1.627287758E-03, 9.908592419E-09, 6.277363399E-06,-5.742597099E-06,-9.067825314E-06, 1.212442836E-05, 2.633677074E-04
      1572, 1.099999988E+01, 6.306426956E+00,-3.192310888E-05,-1.640933561E-03, 3.067852280E-08, 2.211414406E-05,-2.604864120E-06,-4.765290726E-06, 1.008937144E-05, 2.624060770E-04
      1573, 1.299999997E+01, 6.306426956E+00,-3.377267465E-05,-1.646525504E-03, 5.896950532E-08, 3.975508920E-05, 5.723011992E-07,-1.130906445E-06, 6.244692212E-06, 2.601582797E-04
      1574, 4.999999929E+00, 6.400000000E+00,-1.355559732E-05,-1.582293395E-03, 8.089049898E-10, 5.093912746E-07, 3.127040741E-06,-3.472541374E-08, 4.567702986E-06, 2.448754464E-04
      1575, 6.999999954E+00, 6.400000000E+00,-1.339154115E-05,-1.586680547E-03, 2.106153396E-09, 1.306552127E-06,-2.737041062E-06,-5.873508183E-06, 8.179898379E-06, 2.515851834E-04
      1576, 8.999999951E+00, 6.400000095E+00,-2.242279787E-05,-1.602958708E-03, 9.279826740E-09, 5.953968343E-06,-5.651849906E-06,-8.925793744E-06, 1.207868806E-05, 2.569728020E-04
      1577, 1.099999988E+01, 6.400000000E+00,-3.096944938E-05,-1.616688945E-03, 2.903265419E-08, 2.148470974E-05,-2.761626388E-06,-4.858012776E-06, 1.027967356E-05, 2.561453298E-04
      1578, 1.299999997E+01, 6.400000000E+00,-3.317537123E-05,-1.622494506E-03, 5.630985573E-08, 3.898857103E-05, 3.957366685E-07,-1.234057694E-06, 6.498713644E-06, 2.538596263E-04
