nodenumber,    x-coordinate,    y-coordinate,  axial-velocity, radial-velocity,turb-kinetic-energy,  viscosity-turb,daxial-velocity-dx,dradial-velocity-dx,daxial-velocity-dy,dradial-velocity-dy
         1, 0.000000000E+00, 0.000000000E+00, 1.720695100E+00, 4.523061752E-04, 1.290963686E-02, 7.071809260E-04,-3.372105094E-01, 3.506320096E-03,-7.550150567E-01, 1.610169702E-01
         2, 4.239977228E-03, 5.192474540E-19, 1.719317443E+00, 4.603218919E-04, 1.293457283E-02, 7.080680613E-04,-3.269710857E-01,-8.123566909E-05,-6.668427219E-01, 1.619452466E-01
         3, 8.526594205E-03, 1.044206630E-18, 1.717920731E+00, 4.478695334E-04, 1.296351794E-02, 7.090600599E-04,-3.124934944E-01,-3.919430676E-03,-5.856198978E-01, 1.585578228E-01
         4, 1.286036397E-02, 1.574940357E-18, 1.716539574E+00, 4.327532388E-04, 1.299242972E-02, 7.100354867E-04,-3.162520490E-01,-2.677311839E-03,-5.823953955E-01, 1.556459116E-01
         5, 1.724180520E-02, 2.111512155E-18, 1.715157759E+00, 4.259483430E-04, 1.302195657E-02, 7.110245248E-04,-3.140540505E-01,-9.496450850E-04,-5.842240172E-01, 1.546948293E-01
         6, 2.167144228E-02, 2.653986243E-18, 1.713768582E+00, 4.229411012E-04, 1.305222438E-02, 7.120308693E-04,-3.132595499E-01,-4.274457192E-04,-5.878565886E-01, 1.544249299E-01
         7, 2.614980538E-02, 3.202427545E-18, 1.712363571E+00, 4.214726754E-04, 1.308329234E-02, 7.130547425E-04,-3.138338694E-01,-2.176247278E-04,-5.931901663E-01, 1.543312603E-01
         8, 3.067743046E-02, 3.756901702E-18, 1.710942415E+00, 4.206278919E-04, 1.311520249E-02, 7.140957574E-04,-3.138287292E-01,-1.753110910E-04,-5.984003404E-01, 1.542137251E-01
         9, 3.525485943E-02, 4.317475075E-18, 1.709507543E+00, 4.196269153E-04, 1.314799087E-02, 7.151534521E-04,-3.131444369E-01,-2.653611750E-04,-6.028897662E-01, 1.538913056E-01
        10, 3.988264011E-02, 4.884214755E-18, 1.708061322E+00, 4.180661202E-04, 1.318168976E-02, 7.162274449E-04,-3.119056075E-01,-4.067135061E-04,-6.066831188E-01, 1.532779505E-01
        11, 4.456132638E-02, 5.457188571E-18, 1.706606527E+00, 4.157979968E-04, 1.321632904E-02, 7.173173953E-04,-3.100220294E-01,-5.619574585E-04,-6.097256138E-01, 1.523518434E-01
        12, 4.929147819E-02, 6.036465100E-18, 1.705146210E+00, 4.127811590E-04, 1.325194112E-02, 7.184227803E-04,-3.074941881E-01,-7.106701522E-04,-6.119841593E-01, 1.511219797E-01
        13, 5.407366168E-02, 6.622113670E-18, 1.703683180E+00, 4.090903048E-04, 1.328855847E-02, 7.195430211E-04,-3.044428573E-01,-8.273130571E-04,-6.135271171E-01, 1.496361650E-01
        14, 5.890844919E-02, 7.214204374E-18, 1.702219592E+00, 4.049201928E-04, 1.332620666E-02, 7.206778376E-04,-3.010630346E-01,-8.916418037E-04,-6.145093816E-01, 1.479874210E-01
        15, 6.379641936E-02, 7.812808076E-18, 1.700756562E+00, 4.005425542E-04, 1.336490354E-02, 7.218273348E-04,-2.976150746E-01,-8.941245237E-04,-6.151687149E-01, 1.463058493E-01
        16, 6.873815720E-02, 8.417996419E-18, 1.699293866E+00, 3.962668965E-04, 1.340466047E-02, 7.229920098E-04,-2.943945958E-01,-8.309814925E-04,-6.158068582E-01, 1.447365116E-01
        17, 7.373425415E-02, 9.029841834E-18, 1.697829857E+00, 3.924221498E-04, 1.344548414E-02, 7.241727314E-04,-2.916735559E-01,-7.031367345E-04,-6.167396981E-01, 1.434079930E-01
        18, 7.878530818E-02, 9.648417548E-18, 1.696361675E+00, 3.893185082E-04, 1.348737822E-02, 7.253707033E-04,-2.896417817E-01,-5.230041897E-04,-6.182367999E-01, 1.424065867E-01
        19, 8.389192379E-02, 1.027379759E-17, 1.694885697E+00, 3.871755395E-04, 1.353034492E-02, 7.265874169E-04,-2.883758645E-01,-3.173000747E-04,-6.204721826E-01, 1.417686636E-01
        20, 8.905471218E-02, 1.090605682E-17, 1.693398077E+00, 3.860609605E-04, 1.357438632E-02, 7.278246003E-04,-2.878450881E-01,-1.191060143E-04,-6.235041880E-01, 1.414852418E-01
        21, 9.427429125E-02, 1.154527090E-17, 1.691895206E+00, 3.858847483E-04, 1.361950554E-02, 7.290841696E-04,-2.879408006E-01, 4.531798172E-05,-6.272854889E-01, 1.415100516E-01
        22, 9.955128568E-02, 1.219151634E-17, 1.690374039E+00, 3.864547321E-04, 1.366570786E-02, 7.303681859E-04,-2.885134252E-01, 1.650290131E-04,-6.316916453E-01, 1.417739261E-01
        23, 1.048863270E-01, 1.284487047E-17, 1.688832233E+00, 3.875536748E-04, 1.371300173E-02, 7.316788214E-04,-2.894112542E-01, 2.428044521E-04,-6.365630141E-01, 1.422046555E-01
        24, 1.102800539E-01, 1.350541150E-17, 1.687268107E+00, 3.889928170E-04, 1.376139973E-02, 7.330183364E-04,-2.905103535E-01, 2.882431482E-04,-6.417486292E-01, 1.427418686E-01
        25, 1.157331117E-01, 1.417321848E-17, 1.685680492E+00, 3.906336552E-04, 1.381091947E-02, 7.343890660E-04,-2.917255023E-01, 3.121743657E-04,-6.471326577E-01, 1.433425395E-01
        26, 1.212461531E-01, 1.484837134E-17, 1.684068552E+00, 3.923884132E-04, 1.386158432E-02, 7.357934139E-04,-2.930068730E-01, 3.238512354E-04,-6.526402574E-01, 1.439803573E-01
        27, 1.268198381E-01, 1.553095087E-17, 1.682431633E+00, 3.942106864E-04, 1.391342400E-02, 7.372338513E-04,-2.943310069E-01, 3.299253370E-04,-6.582319161E-01, 1.446422286E-01
        28, 1.324548335E-01, 1.622103879E-17, 1.680769154E+00, 3.960823127E-04, 1.396647490E-02, 7.387129196E-04,-2.956907064E-01, 3.344203571E-04,-6.638931166E-01, 1.453236157E-01
        29, 1.381518139E-01, 1.691871767E-17, 1.679080538E+00, 3.980017144E-04, 1.402078035E-02, 7.402332360E-04,-2.970877122E-01, 3.395735105E-04,-6.696241019E-01, 1.460246571E-01
        30, 1.439114611E-01, 1.762407102E-17, 1.677365173E+00, 3.999770937E-04, 1.407639067E-02, 7.417975019E-04,-2.985294268E-01, 3.465449010E-04,-6.754339485E-01, 1.467482143E-01
        31, 1.497344644E-01, 1.833718325E-17, 1.675622383E+00, 4.020211146E-04, 1.413336321E-02, 7.434085123E-04,-3.000255357E-01, 3.556147072E-04,-6.813365408E-01, 1.474982638E-01
        32, 1.556215207E-01, 1.905813972E-17, 1.673851426E+00, 4.041467867E-04, 1.419176212E-02, 7.450691608E-04,-3.015847551E-01, 3.665837329E-04,-6.873460826E-01, 1.482786967E-01
        33, 1.615733347E-01, 1.978702671E-17, 1.672051494E+00, 4.063661257E-04, 1.425166405E-02, 7.467821087E-04,-3.032149422E-01, 3.792120973E-04,-6.934753295E-01, 1.490932415E-01
        34, 1.675906186E-01, 2.052393146E-17, 1.670221714E+00, 4.086901953E-04, 1.431315293E-02, 7.485501690E-04,-3.049233970E-01, 3.932286561E-04,-6.997359859E-01, 1.499454689E-01
        35, 1.736740926E-01, 2.126894216E-17, 1.668361154E+00, 4.111284076E-04, 1.437631119E-02, 7.503767821E-04,-3.067152068E-01, 4.082727978E-04,-7.061374923E-01, 1.508383845E-01
        36, 1.798244849E-01, 2.202214798E-17, 1.666468836E+00, 4.136884510E-04, 1.444122460E-02, 7.522656383E-04,-3.085940238E-01, 4.241452640E-04,-7.126864130E-01, 1.517745670E-01
        37, 1.860425314E-01, 2.278363906E-17, 1.664543729E+00, 4.163776171E-04, 1.450798475E-02, 7.542205576E-04,-3.105651720E-01, 4.407096483E-04,-7.193891088E-01, 1.527568959E-01
        38, 1.923289765E-01, 2.355350654E-17, 1.662584738E+00, 4.192019982E-04, 1.457668926E-02, 7.562455069E-04,-3.126352663E-01, 4.577145934E-04,-7.262528465E-01, 1.537881612E-01
        39, 1.986845725E-01, 2.433184257E-17, 1.660590705E+00, 4.221664237E-04, 1.464744145E-02, 7.583446218E-04,-3.148095555E-01, 4.750070104E-04,-7.332834128E-01, 1.548704271E-01
        40, 2.051100800E-01, 2.511874029E-17, 1.658560413E+00, 4.252753312E-04, 1.472034984E-02, 7.605222258E-04,-3.170917967E-01, 4.925357506E-04,-7.404837788E-01, 1.560053650E-01
        41, 2.116062681E-01, 2.591429389E-17, 1.656492595E+00, 4.285328331E-04, 1.479552767E-02, 7.627828494E-04,-3.194854157E-01, 5.102246857E-04,-7.478550600E-01, 1.571946702E-01
        42, 2.181739143E-01, 2.671859858E-17, 1.654385932E+00, 4.319423395E-04, 1.487309248E-02, 7.651312474E-04,-3.219924479E-01, 5.278510114E-04,-7.553962938E-01, 1.584397884E-01
        43, 2.248138046E-01, 2.753175062E-17, 1.652239064E+00, 4.355055731E-04, 1.495316565E-02, 7.675724170E-04,-3.246134748E-01, 5.452245736E-04,-7.631037682E-01, 1.597419034E-01
        44, 2.315267336E-01, 2.835384733E-17, 1.650050591E+00, 4.392241474E-04, 1.503587207E-02, 7.701116149E-04,-3.273510682E-01, 5.625355150E-04,-7.709732104E-01, 1.611022275E-01
        45, 2.383135049E-01, 2.918498710E-17, 1.647819044E+00, 4.431017511E-04, 1.512133989E-02, 7.727543755E-04,-3.302107541E-01, 5.800578937E-04,-7.790014830E-01, 1.625222203E-01
        46, 2.451749307E-01, 3.002526941E-17, 1.645542888E+00, 4.471428163E-04, 1.520970032E-02, 7.755065279E-04,-3.331971429E-01, 5.976766162E-04,-7.871846475E-01, 1.640034373E-01
        47, 2.521118322E-01, 3.087479483E-17, 1.643220529E+00, 4.513500462E-04, 1.530108753E-02, 7.783742135E-04,-3.363108185E-01, 6.151231250E-04,-7.955146081E-01, 1.655467123E-01
        48, 2.591250396E-01, 3.173366503E-17, 1.640850339E+00, 4.557251799E-04, 1.539563870E-02, 7.813639034E-04,-3.395508885E-01, 6.323876390E-04,-8.039794974E-01, 1.671529057E-01
        49, 2.662153922E-01, 3.260198280E-17, 1.638430647E+00, 4.602708554E-04, 1.549349421E-02, 7.844824188E-04,-3.429188025E-01, 6.496838725E-04,-8.125672830E-01, 1.688229750E-01
        50, 2.733837388E-01, 3.347985206E-17, 1.635959718E+00, 4.649915417E-04, 1.559479805E-02, 7.877369534E-04,-3.464187484E-01, 6.673136994E-04,-8.212668833E-01, 1.705577695E-01
        51, 2.806309371E-01, 3.436737789E-17, 1.633435743E+00, 4.698937741E-04, 1.569969847E-02, 7.911350983E-04,-3.500555357E-01, 6.854352529E-04,-8.300670236E-01, 1.723587203E-01
        52, 2.879578547E-01, 3.526466650E-17, 1.630856842E+00, 4.749843522E-04, 1.580834875E-02, 7.946848695E-04,-3.538317698E-01, 7.039732933E-04,-8.389543893E-01, 1.742272797E-01
        53, 2.953653683E-01, 3.617182529E-17, 1.628221074E+00, 4.802695462E-04, 1.592090838E-02, 7.983947409E-04,-3.577494474E-01, 7.228810539E-04,-8.479137021E-01, 1.761649618E-01
        54, 3.028543646E-01, 3.708896282E-17, 1.625526425E+00, 4.857557377E-04, 1.603754452E-02, 8.022736830E-04,-3.618132660E-01, 7.420824173E-04,-8.569302957E-01, 1.781741773E-01
        55, 3.104257398E-01, 3.801618886E-17, 1.622770791E+00, 4.914484290E-04, 1.615843385E-02, 8.063312084E-04,-3.660283850E-01, 7.614701357E-04,-8.659898423E-01, 1.802578702E-01
        56, 3.180804002E-01, 3.895361439E-17, 1.619951983E+00, 4.973533659E-04, 1.628376485E-02, 8.105774263E-04,-3.703988956E-01, 7.812242708E-04,-8.750770102E-01, 1.824189592E-01
        57, 3.258192618E-01, 3.990135161E-17, 1.617067722E+00, 5.034790091E-04, 1.641374051E-02, 8.150231065E-04,-3.749306788E-01, 8.017604142E-04,-8.841770518E-01, 1.846606315E-01
        58, 3.336432509E-01, 4.085951393E-17, 1.614115611E+00, 5.098374025E-04, 1.654858169E-02, 8.196797563E-04,-3.796330470E-01, 8.235448264E-04,-8.932775307E-01, 1.869870896E-01
        59, 3.415533039E-01, 4.182821604E-17, 1.611093112E+00, 5.164443465E-04, 1.668853090E-02, 8.245597111E-04,-3.845174078E-01, 8.469178869E-04,-9.023680469E-01, 1.894034080E-01
        60, 3.495503675E-01, 4.280757387E-17, 1.607997530E+00, 5.233177379E-04, 1.683385686E-02, 8.296762393E-04,-3.895956712E-01, 8.719667447E-04,-9.114395595E-01, 1.919154630E-01
        61, 3.576353987E-01, 4.379770463E-17, 1.604826003E+00, 5.304762043E-04, 1.698485956E-02, 8.350436658E-04,-3.948813024E-01, 8.987267430E-04,-9.204852404E-01, 1.945307715E-01
        62, 3.658093653E-01, 4.479872684E-17, 1.601575476E+00, 5.379397072E-04, 1.714187612E-02, 8.406775155E-04,-4.003902524E-01, 9.273186906E-04,-9.295012045E-01, 1.972581034E-01
        63, 3.740732456E-01, 4.581076029E-17, 1.598242674E+00, 5.457302692E-04, 1.730528740E-02, 8.465946783E-04,-4.061404504E-01, 9.579979871E-04,-9.384865679E-01, 2.001075000E-01
        64, 3.824280285E-01, 4.683392610E-17, 1.594824078E+00, 5.538741310E-04, 1.747552526E-02, 8.528135989E-04,-4.121525205E-01, 9.914898482E-04,-9.474439381E-01, 2.030905312E-01
        65, 3.908747141E-01, 4.786834674E-17, 1.591315883E+00, 5.624065455E-04, 1.765308071E-02, 8.593544940E-04,-4.184526782E-01, 1.028822424E-03,-9.563801621E-01, 2.062204447E-01
        66, 3.994143131E-01, 4.891414601E-17, 1.587713932E+00, 5.713722761E-04, 1.783851276E-02, 8.662395975E-04,-4.250735896E-01, 1.071125509E-03,-9.653059133E-01, 2.095129000E-01
        67, 4.080478478E-01, 4.997144907E-17, 1.584013670E+00, 5.808270629E-04, 1.803245793E-02, 8.734934354E-04,-4.320485463E-01, 1.119329892E-03,-9.742313868E-01, 2.129792909E-01
        68, 4.167763514E-01, 5.104038247E-17, 1.580210137E+00, 5.908315534E-04, 1.823564039E-02, 8.811431327E-04,-4.394101375E-01, 1.172789609E-03,-9.831718584E-01, 2.166308920E-01
        69, 4.256008685E-01, 5.212107413E-17, 1.576297922E+00, 6.014371989E-04, 1.844888284E-02, 8.892187548E-04,-4.471994304E-01, 1.230616591E-03,-9.921554511E-01, 2.204925732E-01
        70, 4.345224552E-01, 5.321365340E-17, 1.572271046E+00, 6.126978254E-04, 1.867311770E-02, 8.977536815E-04,-4.554680267E-01, 1.293782502E-03,-1.001211730E+00, 2.245929777E-01
        71, 4.435421795E-01, 5.431825104E-17, 1.568122891E+00, 6.246809530E-04, 1.890939831E-02, 9.067850073E-04,-4.642694071E-01, 1.363248365E-03,-1.010364589E+00, 2.289570234E-01
        72, 4.526611207E-01, 5.543499925E-17, 1.563846180E+00, 6.374578776E-04, 1.915891015E-02, 9.163539688E-04,-4.736552504E-01, 1.438785772E-03,-1.019636381E+00, 2.336106558E-01
        73, 4.618803702E-01, 5.656403170E-17, 1.559432947E+00, 6.510991012E-04, 1.942298164E-02, 9.265063953E-04,-4.836813952E-01, 1.520258525E-03,-1.029048121E+00, 2.385811869E-01
        74, 4.712010315E-01, 5.770548350E-17, 1.554874447E+00, 6.656788245E-04, 1.970309409E-02, 9.372931739E-04,-4.944096844E-01, 1.608011761E-03,-1.038617080E+00, 2.438979669E-01
        75, 4.806242201E-01, 5.885949128E-17, 1.550161096E+00, 6.812761011E-04, 2.000089033E-02, 9.487707186E-04,-5.059067568E-01, 1.702068061E-03,-1.048354476E+00, 2.495923778E-01
        76, 4.901510638E-01, 6.002619313E-17, 1.545282397E+00, 6.979692640E-04, 2.031818096E-02, 9.610014216E-04,-5.182348272E-01, 1.802203661E-03,-1.058259914E+00, 2.556958653E-01
        77, 4.997827027E-01, 6.120572871E-17, 1.540226980E+00, 7.158337152E-04, 2.065694793E-02, 9.740540796E-04,-5.314708380E-01, 1.906402356E-03,-1.068325615E+00, 2.622408679E-01
        78, 5.095202896E-01, 6.239823918E-17, 1.534982403E+00, 7.349174356E-04, 2.101934329E-02, 9.880042390E-04,-5.456552673E-01, 2.011997869E-03,-1.078481505E+00, 2.692497118E-01
        79, 5.193649901E-01, 6.360386727E-17, 1.529535353E+00, 7.552600832E-04, 2.140768384E-02, 1.002934479E-03,-5.608228855E-01, 2.120451285E-03,-1.088786270E+00, 2.767416598E-01
        80, 5.293179822E-01, 6.482275726E-17, 1.523871839E+00, 7.769303008E-04, 2.182444024E-02, 1.018934602E-03,-5.770639143E-01, 2.233679888E-03,-1.099415881E+00, 2.847502512E-01
        81, 5.393804572E-01, 6.605505504E-17, 1.517976740E+00, 7.999953712E-04, 2.227221541E-02, 1.036101597E-03,-5.944492065E-01, 2.349823638E-03,-1.110364235E+00, 2.933079707E-01
        82, 5.495536195E-01, 6.730090810E-17, 1.511833821E+00, 8.244958887E-04, 2.275371285E-02, 1.054539375E-03,-6.130218932E-01, 2.465810173E-03,-1.121500011E+00, 3.024352095E-01
        83, 5.598386865E-01, 6.856046555E-17, 1.505426008E+00, 8.504430446E-04, 2.327169483E-02, 1.074358265E-03,-6.328066512E-01, 2.578374669E-03,-1.132654588E+00, 3.121417230E-01
        84, 5.702368893E-01, 6.983387812E-17, 1.498735602E+00, 8.778120436E-04, 2.382892836E-02, 1.095674220E-03,-6.538055272E-01, 2.684163592E-03,-1.143626222E+00, 3.224259715E-01
        85, 5.807494723E-01, 7.112129824E-17, 1.491744513E+00, 9.065462106E-04, 2.442811803E-02, 1.118607672E-03,-6.759972205E-01, 2.780913751E-03,-1.154179085E+00, 3.332749133E-01
        86, 5.913776937E-01, 7.242287997E-17, 1.484434511E+00, 9.365675640E-04, 2.507182517E-02, 1.143282003E-03,-6.993350401E-01, 2.866946936E-03,-1.164042414E+00, 3.446644083E-01
        87, 6.021228256E-01, 7.373877910E-17, 1.476787527E+00, 9.677724202E-04, 2.576237201E-02, 1.169821526E-03,-7.237418990E-01, 2.939453180E-03,-1.172912950E+00, 3.565569840E-01
        88, 6.129861539E-01, 7.506915313E-17, 1.468786038E+00, 1.000014723E-03, 2.650174838E-02, 1.198349687E-03,-7.491048925E-01, 2.994170434E-03,-1.180461468E+00, 3.688981804E-01
        89, 6.239689788E-01, 7.641416127E-17, 1.460413511E+00, 1.033099700E-03, 2.729147713E-02, 1.228985401E-03,-7.752715977E-01, 3.027270412E-03,-1.186341373E+00, 3.816143561E-01
        90, 6.350726148E-01, 7.777396449E-17, 1.451654895E+00, 1.066819997E-03, 2.813235698E-02, 1.261833752E-03,-8.020522084E-01, 3.043013581E-03,-1.190199730E+00, 3.946181216E-01
        91, 6.462983908E-01, 7.914872556E-17, 1.442497088E+00, 1.101118156E-03, 2.902451668E-02, 1.296990483E-03,-8.292252633E-01, 3.076123036E-03,-1.191688726E+00, 4.078306469E-01
        92, 6.576476503E-01, 8.053860899E-17, 1.432929421E+00, 1.136389699E-03, 2.996745172E-02, 1.334545237E-03,-8.565228743E-01, 3.145755156E-03,-1.190484308E+00, 4.212107344E-01
        93, 6.691217517E-01, 8.194378115E-17, 1.422944386E+00, 1.172807721E-03, 3.095976571E-02, 1.374571111E-03,-8.836315997E-01, 3.189355072E-03,-1.186309822E+00, 4.346636527E-01
        94, 6.807220682E-01, 8.336441019E-17, 1.412538138E+00, 1.209620928E-03, 3.199906071E-02, 1.417120734E-03,-9.101885766E-01, 3.146591892E-03,-1.178921041E+00, 4.479702068E-01
        95, 6.924499882E-01, 8.480066616E-17, 1.401710945E+00, 1.245824969E-03, 3.308190266E-02, 1.462225309E-03,-9.359925617E-01, 3.041207712E-03,-1.168074108E+00, 4.608745735E-01
        96, 7.043069153E-01, 8.625272094E-17, 1.390465317E+00, 1.280597925E-03, 3.420380881E-02, 1.509894091E-03,-9.605921778E-01, 2.751473096E-03,-1.152501104E+00, 4.730513507E-01
        97, 7.162942686E-01, 8.772074832E-17, 1.378812459E+00, 1.311217915E-03, 3.535934884E-02, 1.560102208E-03,-9.832319883E-01, 2.412761153E-03,-1.128357057E+00, 4.841636722E-01
        98, 7.284134827E-01, 8.920492401E-17, 1.366769263E+00, 1.339628227E-03, 3.654225383E-02, 1.612696663E-03,-1.004069296E+00, 2.340544095E-03,-1.098609875E+00, 4.946782114E-01
        99, 7.406660083E-01, 9.070542563E-17, 1.354346750E+00, 1.368128596E-03, 3.774534751E-02, 1.667469075E-03,-1.023529526E+00, 2.229170775E-03,-1.068945735E+00, 5.047773288E-01
       100, 7.530533116E-01, 9.222243276E-17, 1.341557176E+00, 1.393709163E-03, 3.896062753E-02, 1.724293190E-03,-1.041205398E+00, 1.909835046E-03,-1.038956169E+00, 5.138489508E-01
       101, 7.655768753E-01, 9.375612698E-17, 1.328420420E+00, 1.415481710E-03, 4.017960750E-02, 1.783132376E-03,-1.056526671E+00, 1.578194453E-03,-1.008192073E+00, 5.216672270E-01
       102, 7.782381981E-01, 9.530669183E-17, 1.314962065E+00, 1.433420852E-03, 4.139362908E-02, 1.843966971E-03,-1.069225581E+00, 1.259164683E-03,-9.765672679E-01, 5.281460742E-01
       103, 7.910387955E-01, 9.687431289E-17, 1.301210793E+00, 1.447511414E-03, 4.259401197E-02, 1.906598079E-03,-1.079198064E+00, 9.455492801E-04,-9.442176085E-01, 5.332230726E-01
       104, 8.039801995E-01, 9.845917779E-17, 1.287197460E+00, 1.457739300E-03, 4.377221103E-02, 1.970716904E-03,-1.086363738E+00, 6.369685079E-04,-9.109876706E-01, 5.368678235E-01
       105, 8.170639589E-01, 1.000614762E-16, 1.272954749E+00, 1.464128500E-03, 4.492001247E-02, 2.036044983E-03,-1.090734935E+00, 3.468501757E-04,-8.767109580E-01, 5.391160011E-01
       106, 8.302916397E-01, 1.016813999E-16, 1.258515195E+00, 1.466956697E-03, 4.602976458E-02, 2.102376466E-03,-1.092485143E+00, 8.563795976E-05,-8.417749321E-01, 5.400673723E-01
       107, 8.436648250E-01, 1.033191427E-16, 1.243909823E+00, 1.466477362E-03, 4.709449963E-02, 2.169543164E-03,-1.091790411E+00,-1.541062960E-04,-8.066467876E-01, 5.398044286E-01
       108, 8.571851153E-01, 1.049749008E-16, 1.229168746E+00, 1.462860302E-03, 4.810793835E-02, 2.237333985E-03,-1.088850272E+00,-3.764224805E-04,-7.716607304E-01, 5.384369021E-01
       109, 8.708541288E-01, 1.066488721E-16, 1.214320103E+00, 1.456243924E-03, 4.906454366E-02, 2.305534384E-03,-1.083803255E+00,-5.963697777E-04,-7.370798813E-01, 5.360666711E-01
       110, 8.846735014E-01, 1.083412572E-16, 1.199392456E+00, 1.446566690E-03, 4.995957918E-02, 2.373943608E-03,-1.076621578E+00,-7.940099790E-04,-7.029944255E-01, 5.326389467E-01
       111, 8.986448871E-01, 1.100522585E-16, 1.184414684E+00, 1.434441563E-03, 5.078919373E-02, 2.442377179E-03,-1.067558327E+00,-9.299389724E-04,-6.696169684E-01, 5.282330054E-01
       112, 9.127699581E-01, 1.117820808E-16, 1.169410611E+00, 1.420565020E-03, 5.155036712E-02, 2.510664239E-03,-1.057048468E+00,-1.040145814E-03,-6.373167359E-01, 5.230918398E-01
       113, 9.270504049E-01, 1.135309311E-16, 1.154400806E+00, 1.404871316E-03, 5.224078175E-02, 2.578645000E-03,-1.045225493E+00,-1.157394861E-03,-6.061880247E-01, 5.173064234E-01
       114, 9.414879366E-01, 1.152990188E-16, 1.139406162E+00, 1.387348924E-03, 5.285881198E-02, 2.646171906E-03,-1.032082066E+00,-1.267796782E-03,-5.761712050E-01, 5.108745870E-01
       115, 9.560842811E-01, 1.170865555E-16, 1.124447513E+00, 1.368151887E-03, 5.340354880E-02, 2.713111665E-03,-1.017708154E+00,-1.358657632E-03,-5.472570447E-01, 5.038278424E-01
       116, 9.708411854E-01, 1.188937550E-16, 1.109544242E+00, 1.347585440E-03, 5.387477017E-02, 2.779345764E-03,-1.002307393E+00,-1.425195989E-03,-5.194997513E-01, 4.962633886E-01
       117, 9.857604157E-01, 1.207208338E-16, 1.094713056E+00, 1.325926296E-03, 5.427285230E-02, 2.844769409E-03,-9.860741909E-01,-1.479703986E-03,-4.929567952E-01, 4.882763312E-01
       118, 1.000843758E+00, 1.225680104E-16, 1.079969135E+00, 1.303238558E-03, 5.459867138E-02, 2.909290175E-03,-9.690883703E-01,-1.527452367E-03,-4.676332672E-01, 4.799106996E-01
       119, 1.016093016E+00, 1.244355060E-16, 1.065326917E+00, 1.279701501E-03, 5.485355971E-02, 2.972827951E-03,-9.514931158E-01,-1.554770455E-03,-4.435134174E-01, 4.712509602E-01
       120, 1.031510016E+00, 1.263235440E-16, 1.050798003E+00, 1.255653123E-03, 5.503938259E-02, 3.035321888E-03,-9.335123694E-01,-1.565467818E-03,-4.206027598E-01, 4.624022333E-01
       121, 1.047096604E+00, 1.282323504E-16, 1.036391716E+00, 1.231197341E-03, 5.515849817E-02, 3.096731923E-03,-9.152305432E-01,-1.573263118E-03,-3.988735643E-01, 4.533920459E-01
       122, 1.062854644E+00, 1.301621537E-16, 1.022117242E+00, 1.206374232E-03, 5.521139505E-02, 3.156907575E-03,-8.966773446E-01,-1.575674611E-03,-3.782674075E-01, 4.442398820E-01
       123, 1.078786022E+00, 1.321131849E-16, 1.007982832E+00, 1.181304541E-03, 5.520173710E-02, 3.215875518E-03,-8.779463252E-01,-1.571910595E-03,-3.587276894E-01, 4.349976946E-01
       124, 1.094892646E+00, 1.340856774E-16, 9.939955557E-01, 1.156046612E-03, 5.513388447E-02, 3.273700892E-03,-8.590849353E-01,-1.564318300E-03,-3.402093410E-01, 4.256878010E-01
       125, 1.111176442E+00, 1.360798673E-16, 9.801622251E-01, 1.130691325E-03, 5.500860108E-02, 3.330242707E-03,-8.401538168E-01,-1.548074493E-03,-3.226765178E-01, 4.163377036E-01
       126, 1.127639360E+00, 1.380959933E-16, 9.664880443E-01, 1.105402163E-03, 5.482926366E-02, 3.385511789E-03,-8.212703571E-01,-1.524755126E-03,-3.060946369E-01, 4.070095239E-01
       127, 1.144283370E+00, 1.401342967E-16, 9.529767924E-01, 1.080236112E-03, 5.459903142E-02, 3.439508033E-03,-8.024911960E-01,-1.499367088E-03,-2.904212372E-01, 3.977295137E-01
       128, 1.161110464E+00, 1.421950214E-16, 9.396318383E-01, 1.055236427E-03, 5.432022648E-02, 3.492185134E-03,-7.838421258E-01,-1.472208389E-03,-2.756062212E-01, 3.885124997E-01
       129, 1.178122657E+00, 1.442784141E-16, 9.264559832E-01, 1.030435298E-03, 5.399601273E-02, 3.543552957E-03,-7.653465200E-01,-1.443864784E-03,-2.616002646E-01, 3.793691792E-01
       130, 1.195321983E+00, 1.463847241E-16, 9.134517713E-01, 1.005865582E-03, 5.362942849E-02, 3.593619502E-03,-7.470300769E-01,-1.412790529E-03,-2.483576835E-01, 3.703122817E-01
       131, 1.212710502E+00, 1.485142035E-16, 9.006210293E-01, 9.815985659E-04, 5.322342285E-02, 3.642393200E-03,-7.289422787E-01,-1.378582052E-03,-2.358403344E-01, 3.613676097E-01
       132, 1.230290295E+00, 1.506671072E-16, 8.879647728E-01, 9.576774623E-04, 5.278084461E-02, 3.689882836E-03,-7.111178966E-01,-1.343163177E-03,-2.240115783E-01, 3.525508306E-01
       133, 1.248063465E+00, 1.528436928E-16, 8.754835935E-01, 9.341247587E-04, 5.230448606E-02, 3.736101045E-03,-6.935714057E-01,-1.307721268E-03,-2.128321595E-01, 3.438704788E-01
       134, 1.266032141E+00, 1.550442209E-16, 8.631778056E-01, 9.109472725E-04, 5.179705119E-02, 3.781062477E-03,-6.763089260E-01,-1.272339217E-03,-2.022632456E-01, 3.353289966E-01
       135, 1.284198472E+00, 1.572689548E-16, 8.510475430E-01, 8.881639677E-04, 5.126114958E-02, 3.824783371E-03,-6.593435115E-01,-1.236054674E-03,-1.922690296E-01, 3.269331636E-01
       136, 1.302564632E+00, 1.595181607E-16, 8.390924857E-01, 8.658052218E-04, 5.069929993E-02, 3.867281763E-03,-6.426970270E-01,-1.199105212E-03,-1.828180823E-01, 3.186943131E-01
       137, 1.321132820E+00, 1.617921080E-16, 8.273119168E-01, 8.438839169E-04, 5.011392323E-02, 3.908577220E-03,-6.263799938E-01,-1.162524598E-03,-1.738801292E-01, 3.106172840E-01
       138, 1.339905258E+00, 1.640910686E-16, 8.157049322E-01, 8.224018997E-04, 4.950733579E-02, 3.948690457E-03,-6.103925858E-01,-1.126570347E-03,-1.654248115E-01, 3.027027140E-01
       139, 1.358884194E+00, 1.664153178E-16, 8.042705106E-01, 8.013626552E-04, 4.888174958E-02, 3.987643227E-03,-5.947379610E-01,-1.090763619E-03,-1.574233369E-01, 2.949518110E-01
       140, 1.378071897E+00, 1.687651338E-16, 7.930073892E-01, 7.807789290E-04, 4.823927504E-02, 4.025458276E-03,-5.794242439E-01,-1.055186303E-03,-1.498499442E-01, 2.873691470E-01
       141, 1.397470665E+00, 1.711407977E-16, 7.819140711E-01, 7.606514762E-04, 4.758191843E-02, 4.062159042E-03,-5.644529117E-01,-1.020348715E-03,-1.426803870E-01, 2.799549887E-01
       142, 1.417082820E+00, 1.735425939E-16, 7.709889764E-01, 7.409787499E-04, 4.691158057E-02, 4.097769413E-03,-5.498218366E-01,-9.861831569E-04,-1.358908856E-01, 2.727087408E-01
       143, 1.436910708E+00, 1.759708099E-16, 7.602303979E-01, 7.217610247E-04, 4.623005980E-02, 4.132313677E-03,-5.355313008E-01,-9.526282441E-04,-1.294593491E-01, 2.656304617E-01
       144, 1.456956703E+00, 1.784257363E-16, 7.496365028E-01, 7.029973816E-04, 4.553905439E-02, 4.165816422E-03,-5.215803060E-01,-9.198244130E-04,-1.233653327E-01, 2.587197870E-01
       145, 1.477223204E+00, 1.809076668E-16, 7.392053650E-01, 6.846834116E-04, 4.484016376E-02, 4.198302373E-03,-5.079655084E-01,-8.878577954E-04,-1.175894437E-01, 2.519750711E-01
       146, 1.497712636E+00, 1.834168986E-16, 7.289350011E-01, 6.668147205E-04, 4.413489108E-02, 4.229796299E-03,-4.946834386E-01,-8.566692730E-04,-1.121133189E-01, 2.453946570E-01
       147, 1.518427452E+00, 1.859537319E-16, 7.188233484E-01, 6.493872988E-04, 4.342464690E-02, 4.260322962E-03,-4.817308782E-01,-8.263069880E-04,-1.069199015E-01, 2.389770316E-01
       148, 1.539370132E+00, 1.885184704E-16, 7.088682898E-01, 6.323946345E-04, 4.271075175E-02, 4.289907031E-03,-4.691029757E-01,-7.968097670E-04,-1.019931414E-01, 2.327197776E-01
       149, 1.560543180E+00, 1.911114211E-16, 6.990676753E-01, 6.158307460E-04, 4.199443937E-02, 4.318573009E-03,-4.567950295E-01,-7.681473366E-04,-9.731788792E-02, 2.266206670E-01
       150, 1.581949133E+00, 1.937328942E-16, 6.894193079E-01, 5.996889159E-04, 4.127686023E-02, 4.346345188E-03,-4.448019789E-01,-7.403553056E-04,-9.287998458E-02, 2.206772033E-01
       151, 1.603590550E+00, 1.963832034E-16, 6.799209745E-01, 5.839614606E-04, 4.055908474E-02, 4.373247589E-03,-4.331180306E-01,-7.134147628E-04,-8.866608075E-02, 2.148865358E-01
       152, 1.625470023E+00, 1.990626661E-16, 6.705704405E-01, 5.686413305E-04, 3.984210694E-02, 4.399303933E-03,-4.217377307E-01,-6.873184427E-04,-8.466368100E-02, 2.092460441E-01
       153, 1.647590171E+00, 2.017716029E-16, 6.613654562E-01, 5.537202683E-04, 3.912684779E-02, 4.424537597E-03,-4.106549783E-01,-6.620766678E-04,-8.086105614E-02, 2.037526717E-01
       154, 1.669953640E+00, 2.045103380E-16, 6.523037733E-01, 5.391902405E-04, 3.841415859E-02, 4.448971585E-03,-3.998636028E-01,-6.376625851E-04,-7.724712967E-02, 1.984034429E-01
       155, 1.692563107E+00, 2.072791992E-16, 6.433831386E-01, 5.250430145E-04, 3.770482447E-02, 4.472628504E-03,-3.893574486E-01,-6.140689418E-04,-7.381152331E-02, 1.931953097E-01
       156, 1.715421279E+00, 2.100785178E-16, 6.346013067E-01, 5.112701791E-04, 3.699956766E-02, 4.495530549E-03,-3.791301804E-01,-5.912763148E-04,-7.054447635E-02, 1.881251592E-01
       157, 1.738530890E+00, 2.129086290E-16, 6.259560378E-01, 4.978634516E-04, 3.629905083E-02, 4.517699482E-03,-3.691755481E-01,-5.692679175E-04,-6.743682877E-02, 1.831899276E-01
       158, 1.761894707E+00, 2.157698713E-16, 6.174451045E-01, 4.848143391E-04, 3.560388023E-02, 4.539156622E-03,-3.594872074E-01,-5.480273869E-04,-6.447996116E-02, 1.783864765E-01
       159, 1.785515526E+00, 2.186625874E-16, 6.090662933E-01, 4.721144788E-04, 3.491460878E-02, 4.559922833E-03,-3.500588408E-01,-5.275380791E-04,-6.166575622E-02, 1.737117142E-01
       160, 1.809396174E+00, 2.215871233E-16, 6.008174092E-01, 4.597553265E-04, 3.423173904E-02, 4.580018510E-03,-3.408840939E-01,-5.077812471E-04,-5.898659018E-02, 1.691624819E-01
       161, 1.833539509E+00, 2.245438291E-16, 5.926962777E-01, 4.477285862E-04, 3.355572611E-02, 4.599463582E-03,-3.319567114E-01,-4.887334993E-04,-5.643528291E-02, 1.647357058E-01
       162, 1.857948421E+00, 2.275330587E-16, 5.847007457E-01, 4.360259518E-04, 3.288698042E-02, 4.618277506E-03,-3.232705066E-01,-4.703751474E-04,-5.400507130E-02, 1.604283192E-01
       163, 1.882625831E+00, 2.305551698E-16, 5.768286841E-01, 4.246392884E-04, 3.222587037E-02, 4.636479264E-03,-3.148193494E-01,-4.526862759E-04,-5.168958100E-02, 1.562373262E-01
       164, 1.907574692E+00, 2.336105241E-16, 5.690779888E-01, 4.135604561E-04, 3.157272496E-02, 4.654087366E-03,-3.065971686E-01,-4.356485160E-04,-4.948281437E-02, 1.521597228E-01
       165, 1.932797991E+00, 2.366994873E-16, 5.614465835E-01, 4.027814621E-04, 3.092783617E-02, 4.671119849E-03,-2.985979715E-01,-4.192420956E-04,-4.737912986E-02, 1.481925581E-01
       166, 1.958298746E+00, 2.398224291E-16, 5.539324200E-01, 3.922943767E-04, 3.029146136E-02, 4.687594280E-03,-2.908158541E-01,-4.034468480E-04,-4.537320714E-02, 1.443329035E-01
       167, 1.984080010E+00, 2.429797233E-16, 5.465334801E-01, 3.820914796E-04, 2.966382545E-02, 4.703527762E-03,-2.832450406E-01,-3.882396141E-04,-4.346001854E-02, 1.405779092E-01
       168, 2.010144867E+00, 2.461717477E-16, 5.392477741E-01, 3.721652376E-04, 2.904512309E-02, 4.718936937E-03,-2.758799011E-01,-3.736004176E-04,-4.163481705E-02, 1.369247981E-01
       169, 2.036496438E+00, 2.493988844E-16, 5.320733426E-01, 3.625082488E-04, 2.843552068E-02, 4.733837995E-03,-2.687148989E-01,-3.595099298E-04,-3.989312794E-02, 1.333708428E-01
       170, 2.063137876E+00, 2.526615196E-16, 5.250082560E-01, 3.531132780E-04, 2.783515829E-02, 4.748246679E-03,-2.617446304E-01,-3.459500551E-04,-3.823074250E-02, 1.299133760E-01
       171, 2.090072370E+00, 2.559600438E-16, 5.180506151E-01, 3.439731879E-04, 2.724415150E-02, 4.762178292E-03,-2.549637876E-01,-3.329036550E-04,-3.664368757E-02, 1.265497639E-01
       172, 2.117303143E+00, 2.592948517E-16, 5.111985520E-01, 3.350809929E-04, 2.666259307E-02, 4.775647703E-03,-2.483671696E-01,-3.203529580E-04,-3.512820689E-02, 1.232774273E-01
       173, 2.144833455E+00, 2.626663425E-16, 5.044502304E-01, 3.264298538E-04, 2.609055465E-02, 4.788669355E-03,-2.419496795E-01,-3.082791002E-04,-3.368074901E-02, 1.200938441E-01
       174, 2.172666600E+00, 2.660749197E-16, 4.978038458E-01, 3.180131556E-04, 2.552808824E-02, 4.801257274E-03,-2.357063695E-01,-2.966629754E-04,-3.229794756E-02, 1.169965766E-01
       175, 2.200805910E+00, 2.695209913E-16, 4.912576243E-01, 3.098244506E-04, 2.497522773E-02, 4.813425081E-03,-2.296324261E-01,-2.854894576E-04,-3.097662026E-02, 1.139832517E-01
       176, 2.229254752E+00, 2.730049697E-16, 4.848098236E-01, 3.018573855E-04, 2.443199025E-02, 4.825185994E-03,-2.237231136E-01,-2.747428880E-04,-2.971377268E-02, 1.110515282E-01
       177, 2.258016532E+00, 2.765272718E-16, 4.784587327E-01, 2.941058011E-04, 2.389837745E-02, 4.836552842E-03,-2.179738514E-01,-2.644066635E-04,-2.850657203E-02, 1.081991341E-01
       178, 2.287094691E+00, 2.800883192E-16, 4.722026709E-01, 2.865636819E-04, 2.337437675E-02, 4.847538075E-03,-2.123801721E-01,-2.544666640E-04,-2.735232528E-02, 1.054238503E-01
       179, 2.316492709E+00, 2.836885382E-16, 4.660399888E-01, 2.792251443E-04, 2.285996247E-02, 4.858153763E-03,-2.069376824E-01,-2.449069166E-04,-2.624848676E-02, 1.027235085E-01
       180, 2.346214107E+00, 2.873283596E-16, 4.599690677E-01, 2.720845371E-04, 2.235509691E-02, 4.868411619E-03,-2.016421733E-01,-2.357109769E-04,-2.519264265E-02, 1.000960278E-01
       181, 2.376262439E+00, 2.910082190E-16, 4.539883173E-01, 2.651363699E-04, 2.185973142E-02, 4.878322998E-03,-1.964895480E-01,-2.268664581E-04,-2.418250736E-02, 9.753938835E-02
       182, 2.406641303E+00, 2.947285568E-16, 4.480961774E-01, 2.583752336E-04, 2.137380730E-02, 4.887898913E-03,-1.914757837E-01,-2.183614287E-04,-2.321592657E-02, 9.505159762E-02
       183, 2.437354335E+00, 2.984898184E-16, 4.422911167E-01, 2.517958568E-04, 2.089725669E-02, 4.897150042E-03,-1.865969716E-01,-2.101838799E-04,-2.229085628E-02, 9.263071205E-02
       184, 2.468405209E+00, 3.022924539E-16, 4.365716338E-01, 2.453930722E-04, 2.043000346E-02, 4.906086731E-03,-1.818492666E-01,-2.023209310E-04,-2.140535409E-02, 9.027482708E-02
       185, 2.499797644E+00, 3.061369183E-16, 4.309362570E-01, 2.391619203E-04, 1.997196390E-02, 4.914719008E-03,-1.772289715E-01,-1.947580299E-04,-2.055756963E-02, 8.798211598E-02
       186, 2.531535395E+00, 3.100236719E-16, 4.253835418E-01, 2.330976332E-04, 1.952304758E-02, 4.923056595E-03,-1.727325430E-01,-1.874830451E-04,-1.974575090E-02, 8.575082263E-02
       187, 2.563622262E+00, 3.139531797E-16, 4.199120701E-01, 2.271955633E-04, 1.908315797E-02, 4.931108913E-03,-1.683565262E-01,-1.804854002E-04,-1.896824394E-02, 8.357923757E-02
       188, 2.596062084E+00, 3.179259122E-16, 4.145204501E-01, 2.214511819E-04, 1.865219305E-02, 4.938885092E-03,-1.640975566E-01,-1.737554594E-04,-1.822347182E-02, 8.146569265E-02
       189, 2.628858744E+00, 3.219423446E-16, 4.092073169E-01, 2.158600370E-04, 1.823004599E-02, 4.946393977E-03,-1.599523143E-01,-1.672842623E-04,-1.750994061E-02, 7.940854937E-02
       190, 2.662016168E+00, 3.260029579E-16, 4.039713329E-01, 2.104177786E-04, 1.781660560E-02, 4.953644136E-03,-1.559175666E-01,-1.610619336E-04,-1.682623542E-02, 7.740620332E-02
       191, 2.695538323E+00, 3.301082379E-16, 3.988111871E-01, 2.051201943E-04, 1.741175693E-02, 4.960643867E-03,-1.519901850E-01,-1.550779322E-04,-1.617100165E-02, 7.545710040E-02
       192, 2.729429221E+00, 3.342586759E-16, 3.937255947E-01, 1.999632339E-04, 1.701538172E-02, 4.967401210E-03,-1.481671532E-01,-1.493209847E-04,-1.554294927E-02, 7.355974986E-02
       193, 2.763692920E+00, 3.384547688E-16, 3.887132948E-01, 1.949430297E-04, 1.662735888E-02, 4.973923955E-03,-1.444455892E-01,-1.437818826E-04,-1.494085798E-02, 7.171273022E-02
       194, 2.798333519E+00, 3.426970187E-16, 3.837730494E-01, 1.900557798E-04, 1.624756488E-02, 4.980219649E-03,-1.408226794E-01,-1.384540878E-04,-1.436357228E-02, 6.991464250E-02
       195, 2.833355165E+00, 3.469859334E-16, 3.789036443E-01, 1.852977371E-04, 1.587587416E-02, 4.986295599E-03,-1.372956340E-01,-1.333306527E-04,-1.380999322E-02, 6.816410493E-02
       196, 2.868762049E+00, 3.513220261E-16, 3.741038905E-01, 1.806652465E-04, 1.551215946E-02, 4.992158882E-03,-1.338617376E-01,-1.284026279E-04,-1.327907075E-02, 6.645977171E-02
       197, 2.904558409E+00, 3.557058159E-16, 3.693726219E-01, 1.761548178E-04, 1.515629213E-02, 4.997816351E-03,-1.305183916E-01,-1.236620201E-04,-1.276980395E-02, 6.480035656E-02
       198, 2.940748529E+00, 3.601378273E-16, 3.647086953E-01, 1.717630308E-04, 1.480814252E-02, 5.003274646E-03,-1.272630612E-01,-1.191013793E-04,-1.228124120E-02, 6.318460058E-02
       199, 2.977336740E+00, 3.646185909E-16, 3.601109897E-01, 1.674866185E-04, 1.446758019E-02, 5.008540193E-03,-1.240933095E-01,-1.147124291E-04,-1.181247740E-02, 6.161130029E-02
       200, 3.014327421E+00, 3.691486428E-16, 3.555784042E-01, 1.633224192E-04, 1.413447421E-02, 5.013619221E-03,-1.210068040E-01,-1.104890298E-04,-1.136264693E-02, 6.007929491E-02
       201, 3.051725000E+00, 3.737285253E-16, 3.511098581E-01, 1.592673196E-04, 1.380869339E-02, 5.018517762E-03,-1.180012203E-01,-1.064266883E-04,-1.093093473E-02, 5.858743730E-02
       202, 3.089533952E+00, 3.783587866E-16, 3.467042932E-01, 1.553182354E-04, 1.349010649E-02, 5.023241654E-03,-1.150742749E-01,-1.025187863E-04,-1.051656190E-02, 5.713459134E-02
       203, 3.127758803E+00, 3.830399807E-16, 3.423606718E-01, 1.514722458E-04, 1.317858241E-02, 5.027796552E-03,-1.122237935E-01,-9.875816009E-05,-1.011877840E-02, 5.571967882E-02
       204, 3.166404127E+00, 3.877726679E-16, 3.380779759E-01, 1.477265023E-04, 1.287399042E-02, 5.032187932E-03,-1.094476673E-01,-9.513949591E-05,-9.736870053E-03, 5.434165472E-02
       205, 3.205474550E+00, 3.925574147E-16, 3.338552070E-01, 1.440782378E-04, 1.257620029E-02, 5.036421095E-03,-1.067438303E-01,-9.165756275E-05,-9.370159950E-03, 5.299949858E-02
       206, 3.244974747E+00, 3.973947937E-16, 3.296913863E-01, 1.405247560E-04, 1.228508247E-02, 5.040501175E-03,-1.041102829E-01,-8.830625490E-05,-9.018002640E-03, 5.169221947E-02
       207, 3.284909446E+00, 4.022853839E-16, 3.255855533E-01, 1.370634930E-04, 1.200050822E-02, 5.044433145E-03,-1.015451246E-01,-8.508034807E-05,-8.679780129E-03, 5.041887270E-02
       208, 3.325283428E+00, 4.072297706E-16, 3.215367642E-01, 1.336919105E-04, 1.172234976E-02, 5.048221820E-03,-9.904647659E-02,-8.197625305E-05,-8.354904408E-03, 4.917852507E-02
       209, 3.366101523E+00, 4.122285455E-16, 3.175440946E-01, 1.304075228E-04, 1.145048034E-02, 5.051871862E-03,-9.661248660E-02,-7.898902022E-05,-8.042815186E-03, 4.797026069E-02
       210, 3.407368617E+00, 4.172823070E-16, 3.136066375E-01, 1.272079406E-04, 1.118477439E-02, 5.055387786E-03,-9.424137686E-02,-7.611409864E-05,-7.742975935E-03, 4.679320005E-02
       211, 3.449089649E+00, 4.223916598E-16, 3.097235042E-01, 1.240908209E-04, 1.092510757E-02, 5.058773960E-03,-9.193141016E-02,-7.334728018E-05,-7.454873948E-03, 4.564648125E-02
       212, 3.491269612E+00, 4.275572155E-16, 3.058938227E-01, 1.210539108E-04, 1.067135691E-02, 5.062034617E-03,-8.968091152E-02,-7.068370298E-05,-7.178020922E-03, 4.452927310E-02
       213, 3.533913555E+00, 4.327795923E-16, 3.021167377E-01, 1.180950466E-04, 1.042340084E-02, 5.065173855E-03,-8.748828505E-02,-6.811877458E-05,-6.911948715E-03, 4.344078084E-02
       214, 3.577026581E+00, 4.380594153E-16, 2.983914080E-01, 1.152121411E-04, 1.018111930E-02, 5.068195643E-03,-8.535197816E-02,-6.564935672E-05,-6.656212137E-03, 4.238023609E-02
       215, 3.620613851E+00, 4.433973163E-16, 2.947170087E-01, 1.124031114E-04, 9.944393744E-03, 5.071103827E-03,-8.327044766E-02,-6.327256532E-05,-6.410386961E-03, 4.134687420E-02
       216, 3.664680580E+00, 4.487939343E-16, 2.910927306E-01, 1.096659365E-04, 9.713107246E-03, 5.073902125E-03,-8.124218668E-02,-6.098480818E-05,-6.174066063E-03, 4.033994832E-02
       217, 3.709232044E+00, 4.542499150E-16, 2.875177806E-01, 1.069986531E-04, 9.487144497E-03, 5.076594142E-03,-7.926573648E-02,-5.878180390E-05,-5.946859052E-03, 3.935873716E-02
       218, 3.754273574E+00, 4.597659115E-16, 2.839913804E-01, 1.043994108E-04, 9.266391880E-03, 5.079183366E-03,-7.733973207E-02,-5.666007555E-05,-5.728392501E-03, 3.840255965E-02
       219, 3.799810560E+00, 4.653425840E-16, 2.805127641E-01, 1.018663653E-04, 9.050737487E-03, 5.081673177E-03,-7.546280608E-02,-5.461801109E-05,-5.518310822E-03, 3.747073748E-02
       220, 3.845848454E+00, 4.709805999E-16, 2.770811827E-01, 9.939768431E-05, 8.840071142E-03, 5.084066841E-03,-7.363358541E-02,-5.265180090E-05,-5.316274735E-03, 3.656259615E-02
       221, 3.892392764E+00, 4.766806339E-16, 2.736959011E-01, 9.699167476E-05, 8.634284436E-03, 5.086367527E-03,-7.185081823E-02,-5.075759478E-05,-5.121957699E-03, 3.567751120E-02
       222, 3.939449061E+00, 4.824433684E-16, 2.703561958E-01, 9.464666889E-05, 8.433270745E-03, 5.088578303E-03,-7.011327971E-02,-4.893326996E-05,-4.935048165E-03, 3.481487035E-02
       223, 3.987022978E+00, 4.882694929E-16, 2.670613569E-01, 9.236103826E-05, 8.236925238E-03, 5.090702140E-03,-6.841975639E-02,-4.717602749E-05,-4.755249387E-03, 3.397407375E-02
       224, 4.035120208E+00, 4.941597047E-16, 2.638106869E-01, 9.013320662E-05, 8.045144889E-03, 5.092741914E-03,-6.676908420E-02,-4.548393715E-05,-4.582275576E-03, 3.315454320E-02
       225, 4.083746508E+00, 5.001147089E-16, 2.606035012E-01, 8.796158597E-05, 7.857828469E-03, 5.094700410E-03,-6.516007381E-02,-4.385538784E-05,-4.415854979E-03, 3.235569259E-02
       226, 4.132907697E+00, 5.061352182E-16, 2.574391307E-01, 8.584463791E-05, 7.674876556E-03, 5.096580319E-03,-6.359157705E-02,-4.228650193E-05,-4.255726103E-03, 3.157695511E-02
       227, 4.182609659E+00, 5.122219531E-16, 2.543169177E-01, 8.378096577E-05, 7.496191548E-03, 5.098384250E-03,-6.206257099E-02,-4.077413005E-05,-4.101635267E-03, 3.081781650E-02
       228, 4.232858342E+00, 5.183756420E-16, 2.512362138E-01, 8.176917831E-05, 7.321677660E-03, 5.100114733E-03,-6.057202731E-02,-3.931743997E-05,-3.953343790E-03, 3.007776719E-02
       229, 4.283659761E+00, 5.245970215E-16, 2.481963831E-01, 7.980787034E-05, 7.151240900E-03, 5.101774215E-03,-5.911889831E-02,-3.791471191E-05,-3.810624399E-03, 2.935628992E-02
       230, 4.335019996E+00, 5.308868362E-16, 2.451968020E-01, 7.789569289E-05, 6.984789071E-03, 5.103365065E-03,-5.770217980E-02,-3.656353511E-05,-3.673256148E-03, 2.865288612E-02
       231, 4.386945193E+00, 5.372458388E-16, 2.422368586E-01, 7.603134421E-05, 6.822231757E-03, 5.104889574E-03,-5.632090935E-02,-3.526150331E-05,-3.541028359E-03, 2.796707910E-02
       232, 4.439441567E+00, 5.436747905E-16, 2.393159513E-01, 7.421358514E-05, 6.663480320E-03, 5.106349965E-03,-5.497417012E-02,-3.400699879E-05,-3.413739018E-03, 2.729841072E-02
       233, 4.492515402E+00, 5.501744607E-16, 2.364334888E-01, 7.244116998E-05, 6.508447877E-03, 5.107748387E-03,-5.366103603E-02,-3.279849338E-05,-3.291194723E-03, 2.664642428E-02
       234, 4.546173048E+00, 5.567456272E-16, 2.335888918E-01, 7.071290879E-05, 6.357049289E-03, 5.109086921E-03,-5.238062526E-02,-3.163406856E-05,-3.173210112E-03, 2.601068202E-02
       235, 4.600420929E+00, 5.633890766E-16, 2.307815900E-01, 6.902762961E-05, 6.209201142E-03, 5.110367582E-03,-5.113206612E-02,-3.051268415E-05,-3.059606935E-03, 2.539075126E-02
       236, 4.655265537E+00, 5.701056038E-16, 2.280110256E-01, 6.738417437E-05, 6.064821728E-03, 5.111592317E-03,-4.991449274E-02,-2.943163754E-05,-2.950216192E-03, 2.478620724E-02
       237, 4.710713435E+00, 5.768960129E-16, 2.252766499E-01, 6.578152072E-05, 5.923831038E-03, 5.112763017E-03,-4.872716081E-02,-2.838888419E-05,-2.844873498E-03, 2.419667192E-02
       238, 4.766771260E+00, 5.837611165E-16, 2.225779200E-01, 6.421860650E-05, 5.786150736E-03, 5.113881516E-03,-4.756928900E-02,-2.738469559E-05,-2.743421484E-03, 2.362175731E-02
       239, 4.823445721E+00, 5.907017363E-16, 2.199143056E-01, 6.269434091E-05, 5.651704121E-03, 5.114949581E-03,-4.644005012E-02,-2.641735490E-05,-2.645712361E-03, 2.306106137E-02
       240, 4.880743601E+00, 5.977187028E-16, 2.172852865E-01, 6.120773468E-05, 5.520416122E-03, 5.115968926E-03,-4.533871601E-02,-2.548461856E-05,-2.551601516E-03, 2.251421779E-02
       241, 4.938671758E+00, 6.048128560E-16, 2.146903499E-01, 5.975782230E-05, 5.392213275E-03, 5.116941212E-03,-4.426457932E-02,-2.458557832E-05,-2.460949276E-03, 2.198087328E-02
       242, 4.997237124E+00, 6.119850449E-16, 2.121289923E-01, 5.834364635E-05, 5.267023693E-03, 5.117868044E-03,-4.321692143E-02,-2.371908387E-05,-2.373623666E-03, 2.146067494E-02
       243, 5.000000042E+00, 6.123234047E-16, 2.120110242E-01, 5.827928459E-05, 5.261319604E-03, 5.117909358E-03,-4.316924102E-02,-2.368010694E-05,-2.369698263E-03, 2.143699982E-02
       244, 5.056446710E+00, 6.192361278E-16, 2.096007192E-01, 5.696428395E-05, 5.144777050E-03, 5.118750979E-03,-4.219506370E-02,-2.288375928E-05,-2.289497352E-03, 2.095328420E-02
       245, 5.116307601E+00, 6.265669727E-16, 2.071050438E-01, 5.561883750E-05, 5.025404548E-03, 5.119591523E-03,-4.119834088E-02,-2.207879693E-05,-2.208447807E-03, 2.045836961E-02
       246, 5.176826962E+00, 6.339784568E-16, 2.046414886E-01, 5.430640621E-05, 4.908838896E-03, 5.120391130E-03,-4.022607807E-02,-2.130302544E-05,-2.130357960E-03, 1.997560067E-02
       247, 5.238012036E+00, 6.414714673E-16, 2.022095853E-01, 5.302614573E-05, 4.795014288E-03, 5.121151210E-03,-3.927765232E-02,-2.055498542E-05,-2.055115259E-03, 1.950466634E-02
       248, 5.299870145E+00, 6.490469009E-16, 1.998088724E-01, 5.177723123E-05, 4.683866376E-03, 5.121873129E-03,-3.835245502E-02,-1.983408073E-05,-1.982611072E-03, 1.904526235E-02
       249, 5.362408694E+00, 6.567056643E-16, 1.974388975E-01, 5.055883377E-05, 4.575332244E-03, 5.122558206E-03,-3.744986549E-02,-1.913907548E-05,-1.912742123E-03, 1.859708533E-02
       250, 5.425635167E+00, 6.644486740E-16, 1.950992160E-01, 4.937019491E-05, 4.469350390E-03, 5.123207719E-03,-3.656932466E-02,-1.846860687E-05,-1.845409212E-03, 1.815985497E-02
       251, 5.489557131E+00, 6.722768569E-16, 1.927893891E-01, 4.821056270E-05, 4.365860696E-03, 5.123822910E-03,-3.571027955E-02,-1.782220246E-05,-1.780516721E-03, 1.773329507E-02
       252, 5.554182237E+00, 6.801911498E-16, 1.905089863E-01, 4.707918397E-05, 4.264804399E-03, 5.124404976E-03,-3.487216957E-02,-1.719910631E-05,-1.717972910E-03, 1.731712947E-02
       253, 5.619518218E+00, 6.881924999E-16, 1.882575841E-01, 4.597533120E-05, 4.166124068E-03, 5.124955076E-03,-3.405445191E-02,-1.659844026E-05,-1.657689369E-03, 1.691108853E-02
       254, 5.685572896E+00, 6.962818648E-16, 1.860347673E-01, 4.489829621E-05, 4.069763579E-03, 5.125474332E-03,-3.325660202E-02,-1.601894629E-05,-1.599581225E-03, 1.651491273E-02
       255, 5.752354175E+00, 7.044602128E-16, 1.838401267E-01, 4.384742956E-05, 3.975668095E-03, 5.125963833E-03,-3.247814564E-02,-1.545993983E-05,-1.543566926E-03, 1.612836309E-02
       256, 5.819870048E+00, 7.127285226E-16, 1.816732583E-01, 4.282204529E-05, 3.883784034E-03, 5.126424631E-03,-3.171857270E-02,-1.492156609E-05,-1.489567977E-03, 1.575118764E-02
       257, 5.888128596E+00, 7.210877838E-16, 1.795337680E-01, 4.182145333E-05, 3.794059040E-03, 5.126857740E-03,-3.097736133E-02,-1.440230293E-05,-1.437509992E-03, 1.538313290E-02
       258, 5.957137988E+00, 7.295389969E-16, 1.774212688E-01, 4.084507661E-05, 3.706441972E-03, 5.127264146E-03,-3.025408892E-02,-1.390073401E-05,-1.387320539E-03, 1.502398411E-02
       259, 6.026906483E+00, 7.380831733E-16, 1.753353759E-01, 3.989232433E-05, 3.620882877E-03, 5.127644807E-03,-2.954832800E-02,-1.341727479E-05,-1.338929179E-03, 1.467352707E-02
       260, 6.097442431E+00, 7.467213357E-16, 1.732757124E-01, 3.896255119E-05, 3.537332953E-03, 5.128000644E-03,-2.885958886E-02,-1.295163594E-05,-1.292270550E-03, 1.433152395E-02
       261, 6.168754275E+00, 7.554545178E-16, 1.712419105E-01, 3.805516128E-05, 3.455744533E-03, 5.128332546E-03,-2.818742635E-02,-1.250224297E-05,-1.247280656E-03, 1.399775254E-02
       262, 6.240850550E+00, 7.642837650E-16, 1.692336072E-01, 3.716963386E-05, 3.376071066E-03, 5.128641379E-03,-2.753146627E-02,-1.206818099E-05,-1.203896548E-03, 1.367202347E-02
       263, 6.313739883E+00, 7.732101338E-16, 1.672504424E-01, 3.630543571E-05, 3.298267095E-03, 5.128927983E-03,-2.689131120E-02,-1.164983815E-05,-1.162059428E-03, 1.335414104E-02
       264, 6.387430999E+00, 7.822346928E-16, 1.652920639E-01, 3.546198213E-05, 3.222288217E-03, 5.129193166E-03,-2.626652279E-02,-1.124666022E-05,-1.121712790E-03, 1.304389021E-02
       265, 6.461932717E+00, 7.913585218E-16, 1.633581269E-01, 3.463876766E-05, 3.148091076E-03, 5.129437710E-03,-2.565672782E-02,-1.085715712E-05,-1.082801983E-03, 1.274108364E-02
       266, 6.537253954E+00, 8.005827130E-16, 1.614482892E-01, 3.383532558E-05, 3.075633340E-03, 5.129662377E-03,-2.506158539E-02,-1.048141347E-05,-1.045273443E-03, 1.244554886E-02
       267, 6.613403725E+00, 8.099083703E-16, 1.595622142E-01, 3.305111765E-05, 3.004873668E-03, 5.129867898E-03,-2.448069793E-02,-1.011956772E-05,-1.009075674E-03, 1.215709135E-02
       268, 6.690391143E+00, 8.193366099E-16, 1.576995739E-01, 3.228563373E-05, 2.935771693E-03, 5.130054978E-03,-2.391367501E-02,-9.770674676E-06,-9.741608236E-04, 1.187552139E-02
       269, 6.768225423E+00, 8.288685600E-16, 1.558600465E-01, 3.153840789E-05, 2.868288003E-03, 5.130224299E-03,-2.336017562E-02,-9.433870654E-06,-9.404820471E-04, 1.160066814E-02
       270, 6.846915880E+00, 8.385053616E-16, 1.540433140E-01, 3.080901164E-05, 2.802384124E-03, 5.130376525E-03,-2.281988363E-02,-9.108396653E-06,-9.079950323E-04, 1.133237294E-02
       271, 6.926471932E+00, 8.482481681E-16, 1.522490619E-01, 3.009704509E-05, 2.738022504E-03, 5.130512306E-03,-2.229250649E-02,-8.793891768E-06,-8.766565667E-04, 1.107048892E-02
       272, 6.999999954E+00, 8.572527538E-16, 1.506290702E-01, 2.946173207E-05, 2.680561207E-03, 5.130621976E-03,-2.182191791E-02,-8.516918280E-06,-8.490188207E-04, 1.083680052E-02
       273, 7.006903100E+00, 8.580981454E-16, 1.504769780E-01, 2.940208598E-05, 2.675166478E-03, 5.130632272E-03,-2.177773690E-02,-8.490914745E-06,-8.464240631E-04, 1.081486079E-02
       274, 7.088219012E+00, 8.680564724E-16, 1.487267566E-01, 2.872363777E-05, 2.613780246E-03, 5.130737019E-03,-2.127520235E-02,-8.199564539E-06,-8.172564889E-04, 1.056530679E-02
       275, 7.170429398E+00, 8.781243411E-16, 1.469981024E-01, 2.806124812E-05, 2.553828850E-03, 5.130827117E-03,-2.078455449E-02,-7.918106983E-06,-7.891157216E-04, 1.032165953E-02
       276, 7.253544099E+00, 8.883029563E-16, 1.452907242E-01, 2.741460097E-05, 2.495278183E-03, 5.130903131E-03,-2.030556380E-02,-7.645492375E-06,-7.619652156E-04, 1.008380259E-02
       277, 7.337573061E+00, 8.985935362E-16, 1.436043289E-01, 2.678334697E-05, 2.438094953E-03, 5.130965614E-03,-1.983798334E-02,-7.382683588E-06,-7.357691631E-04, 9.851607272E-03
       278, 7.422526342E+00, 9.089973126E-16, 1.419386296E-01, 2.616704211E-05, 2.382246658E-03, 5.131015087E-03,-1.938148169E-02,-7.129667629E-06,-7.104925684E-04, 9.624911005E-03
       279, 7.508414109E+00, 9.195155305E-16, 1.402933474E-01, 2.556530712E-05, 2.327701566E-03, 5.131052053E-03,-1.893577390E-02,-6.885417736E-06,-6.861016241E-04, 9.403575408E-03
       280, 7.595246641E+00, 9.301494488E-16, 1.386682065E-01, 2.497779430E-05, 2.274428707E-03, 5.131076996E-03,-1.850059543E-02,-6.649624576E-06,-6.625649573E-04, 9.187470739E-03
       281, 7.683034331E+00, 9.409003402E-16, 1.370629366E-01, 2.440415849E-05, 2.222397854E-03, 5.131090385E-03,-1.807569376E-02,-6.421704238E-06,-6.398524646E-04, 8.976471517E-03
       282, 7.771787686E+00, 9.517694914E-16, 1.354772691E-01, 2.384410131E-05, 2.171579508E-03, 5.131092679E-03,-1.766085329E-02,-6.201660205E-06,-6.179340163E-04, 8.770464906E-03
       283, 7.861517328E+00, 9.627582032E-16, 1.339109383E-01, 2.329724963E-05, 2.121944874E-03, 5.131084312E-03,-1.725579850E-02,-5.989990764E-06,-5.967802670E-04, 8.569315460E-03
       284, 7.952233996E+00, 9.738677909E-16, 1.323636873E-01, 2.276323090E-05, 2.073465841E-03, 5.131065698E-03,-1.686024521E-02,-5.785691372E-06,-5.763645184E-04, 8.372888603E-03
       285, 8.043948547E+00, 9.850995841E-16, 1.308352636E-01, 2.224178200E-05, 2.026114978E-03, 5.131037242E-03,-1.647400171E-02,-5.587711037E-06,-5.566610260E-04, 8.181085464E-03
       286, 8.136671958E+00, 9.964549270E-16, 1.293254134E-01, 2.173264741E-05, 1.979865522E-03, 5.130999343E-03,-1.609688129E-02,-5.396631466E-06,-5.376442130E-04, 7.993808824E-03
       287, 8.230415327E+00, 1.007935179E-15, 1.278338867E-01, 2.123547894E-05, 1.934691342E-03, 5.130952378E-03,-1.572862919E-02,-5.212617411E-06,-5.192885839E-04, 7.810936294E-03
       288, 8.325189873E+00, 1.019541713E-15, 1.263604406E-01, 2.074997564E-05, 1.890566937E-03, 5.130896707E-03,-1.536901686E-02,-5.034942771E-06,-5.015710596E-04, 7.632354716E-03
       289, 8.421006939E+00, 1.031275919E-15, 1.249048352E-01, 2.027585418E-05, 1.847467414E-03, 5.130832675E-03,-1.501783228E-02,-4.863750246E-06,-4.844686514E-04, 7.457957340E-03
       290, 8.517877992E+00, 1.043139202E-15, 1.234668362E-01, 1.981279424E-05, 1.805368479E-03, 5.130760609E-03,-1.467484163E-02,-4.698450950E-06,-4.679596650E-04, 7.287632415E-03
       291, 8.615814627E+00, 1.055132981E-15, 1.220462136E-01, 1.936058740E-05, 1.764246429E-03, 5.130680836E-03,-1.433988731E-02,-4.538009491E-06,-4.520244101E-04, 7.121298241E-03
       292, 8.714828566E+00, 1.067258691E-15, 1.206427342E-01, 1.891902967E-05, 1.724078135E-03, 5.130593678E-03,-1.401282777E-02,-4.383220297E-06,-4.366412591E-04, 6.958878837E-03
       293, 8.814931657E+00, 1.079517784E-15, 1.192561685E-01, 1.848778639E-05, 1.684841017E-03, 5.130499433E-03,-1.369340974E-02,-4.234773966E-06,-4.217894757E-04, 6.800255001E-03
       294, 8.916135883E+00, 1.091911727E-15, 1.178862985E-01, 1.806654467E-05, 1.646513029E-03, 5.130398372E-03,-1.338139449E-02,-4.091331097E-06,-4.074513956E-04, 6.645311513E-03
       295, 8.999999951E+00, 1.102182113E-15, 1.167770018E-01, 1.772934233E-05, 1.615825274E-03, 5.130310256E-03,-1.313162960E-02,-3.977030460E-06,-3.961063062E-04, 6.521280389E-03
       296, 9.018453354E+00, 1.104442003E-15, 1.165329085E-01, 1.765514354E-05, 1.609072668E-03, 5.130290773E-03,-1.307667074E-02,-3.951879517E-06,-3.936099097E-04, 6.493988289E-03
       297, 9.121896319E+00, 1.117110113E-15, 1.151957784E-01, 1.725340118E-05, 1.572498954E-03, 5.130176913E-03,-1.277909637E-02,-3.817450770E-06,-3.802463014E-04, 6.346214520E-03
       298, 9.226477155E+00, 1.129917572E-15, 1.138746940E-01, 1.686099986E-05, 1.536771400E-03, 5.130057042E-03,-1.248844393E-02,-3.688498783E-06,-3.673433385E-04, 6.201878244E-03
       299, 9.332208381E+00, 1.142865912E-15, 1.125694488E-01, 1.647767776E-05, 1.501870012E-03, 5.129931395E-03,-1.220453046E-02,-3.563656082E-06,-3.548854420E-04, 6.060884772E-03
       300, 9.439102651E+00, 1.155956685E-15, 1.112798377E-01, 1.610329877E-05, 1.467775281E-03, 5.129800209E-03,-1.192723328E-02,-3.442499021E-06,-3.428570900E-04, 5.923176794E-03
       301, 9.547172757E+00, 1.169191456E-15, 1.100056547E-01, 1.573765909E-05, 1.434468174E-03, 5.129663718E-03,-1.165640265E-02,-3.325755799E-06,-3.312423466E-04, 5.788683171E-03
       302, 9.656431635E+00, 1.182571809E-15, 1.087466991E-01, 1.538050384E-05, 1.401930110E-03, 5.129522140E-03,-1.139186236E-02,-3.213431221E-06,-3.200266616E-04, 5.657312262E-03
       303, 9.766892360E+00, 1.196099347E-15, 1.075027743E-01, 1.503160438E-05, 1.370142950E-03, 5.129375673E-03,-1.113343632E-02,-3.105084849E-06,-3.091965187E-04, 5.528976504E-03
       304, 9.878568153E+00, 1.209775687E-15, 1.062736896E-01, 1.469076891E-05, 1.339088994E-03, 5.129224512E-03,-1.088098797E-02,-3.000024966E-06,-2.987381928E-04, 5.403610727E-03
       305, 9.991472380E+00, 1.223602467E-15, 1.050592525E-01, 1.435786752E-05, 1.308750976E-03, 5.129068859E-03,-1.063440919E-02,-2.898441071E-06,-2.886399251E-04, 5.281159263E-03
       306, 1.010561855E+01, 1.237581341E-15, 1.038592724E-01, 1.403267231E-05, 1.279112040E-03, 5.128908901E-03,-1.039354326E-02,-2.800593515E-06,-2.788876882E-04, 5.161544343E-03
       307, 1.022102033E+01, 1.251713984E-15, 1.026735644E-01, 1.371500191E-05, 1.250155735E-03, 5.128744813E-03,-1.015825001E-02,-2.705994310E-06,-2.694694156E-04, 5.044696386E-03
       308, 1.033769154E+01, 1.266002085E-15, 1.015019441E-01, 1.340468153E-05, 1.221866005E-03, 5.128576767E-03,-9.928403225E-03,-2.614785114E-06,-2.603736211E-04, 4.930553894E-03
       309, 1.045564612E+01, 1.280447355E-15, 1.003442320E-01, 1.310150222E-05, 1.194227175E-03, 5.128404916E-03,-9.703840313E-03,-2.526920009E-06,-2.515894788E-04, 4.819037906E-03
       310, 1.057489820E+01, 1.295051524E-15, 9.920025384E-02, 1.280529464E-05, 1.167223952E-03, 5.128229409E-03,-9.484441616E-03,-2.441754274E-06,-2.431059394E-04, 4.710085488E-03
       311, 1.069546206E+01, 1.309816338E-15, 9.806983375E-02, 1.251594940E-05, 1.140841412E-03, 5.128050405E-03,-9.270128417E-03,-2.359116199E-06,-2.349129494E-04, 4.603655676E-03
       312, 1.081735212E+01, 1.324743565E-15, 9.695279497E-02, 1.223331909E-05, 1.115064995E-03, 5.127868063E-03,-9.060794669E-03,-2.279333425E-06,-2.269997949E-04, 4.499699265E-03
       313, 1.094058297E+01, 1.339834992E-15, 9.584896384E-02, 1.195721897E-05, 1.089880482E-03, 5.127682518E-03,-8.856289143E-03,-2.202794616E-06,-2.193565842E-04, 4.398138484E-03
       314, 1.099999988E+01, 1.347111464E-15, 9.532875210E-02, 1.182854708E-05, 1.078145319E-03, 5.127592556E-03,-8.760986627E-03,-2.167711640E-06,-2.158350221E-04, 4.350810100E-03
       315, 1.106516936E+01, 1.355092424E-15, 9.475817486E-02, 1.168741752E-05, 1.065273989E-03, 5.127493885E-03,-8.656457180E-03,-2.129232024E-06,-2.119725118E-04, 4.298899509E-03
       316, 1.119112620E+01, 1.370517688E-15, 9.368026704E-02, 1.142377407E-05, 1.041231965E-03, 5.127302270E-03,-8.461181834E-03,-2.057786845E-06,-2.048403218E-04, 4.201925398E-03
       317, 1.131846857E+01, 1.386112630E-15, 9.261508021E-02, 1.116621147E-05, 1.017741196E-03, 5.127107802E-03,-8.270414901E-03,-1.988121784E-06,-1.979522978E-04, 4.107191388E-03
       318, 1.144721170E+01, 1.401879117E-15, 9.156244715E-02, 1.091464103E-05, 9.947887854E-04, 5.126910608E-03,-8.084076919E-03,-1.921010801E-06,-1.913000387E-04, 4.014652118E-03
       319, 1.157737101E+01, 1.417819034E-15, 9.052220724E-02, 1.066883045E-05, 9.723621366E-04, 5.126710791E-03,-7.902022586E-03,-1.856896771E-06,-1.848721946E-04, 3.924239692E-03
       320, 1.170896206E+01, 1.433934291E-15, 8.949420604E-02, 1.042859284E-05, 9.504489462E-04, 5.126508417E-03,-7.724081711E-03,-1.795172073E-06,-1.786628592E-04, 3.835872330E-03
       321, 1.184200062E+01, 1.450226816E-15, 8.847829997E-02, 1.019380931E-05, 9.290372127E-04, 5.126303570E-03,-7.550192605E-03,-1.734757751E-06,-1.726649245E-04, 3.749521731E-03
       322, 1.197650261E+01, 1.466698558E-15, 8.747433277E-02, 9.964486545E-06, 9.081152306E-04, 5.126096351E-03,-7.380321080E-03,-1.676262880E-06,-1.668723463E-04, 3.665161844E-03
       323, 1.211248411E+01, 1.483351490E-15, 8.648215353E-02, 9.740397713E-06, 8.876715726E-04, 5.125886855E-03,-7.214358622E-03,-1.620113355E-06,-1.612747230E-04, 3.582744610E-03
       324, 1.224996142E+01, 1.500187604E-15, 8.550161170E-02, 9.521455694E-06, 8.676950790E-04, 5.125675156E-03,-7.052179012E-03,-1.565822426E-06,-1.558685807E-04, 3.502203927E-03
       325, 1.238895097E+01, 1.517208915E-15, 8.453256651E-02, 9.307503592E-06, 8.481748597E-04, 5.125461333E-03,-6.893722996E-03,-1.513346834E-06,-1.506437885E-04, 3.423514425E-03
       326, 1.252946941E+01, 1.534417460E-15, 8.357486739E-02, 9.098463039E-06, 8.291002808E-04, 5.125245447E-03,-6.738880821E-03,-1.462748938E-06,-1.455970193E-04, 3.346615570E-03
       327, 1.267153355E+01, 1.551815300E-15, 8.262838102E-02, 8.894163027E-06, 8.104609653E-04, 5.125027568E-03,-6.587586382E-03,-1.413663654E-06,-1.407204233E-04, 3.271481316E-03
       328, 1.281516039E+01, 1.569404516E-15, 8.169295882E-02, 8.694565636E-06, 7.922467776E-04, 5.124807737E-03,-6.439720860E-03,-1.367003818E-06,-1.360105946E-04, 3.198040989E-03
       329, 1.296036713E+01, 1.587187213E-15, 8.076847901E-02, 8.499343984E-06, 7.744478216E-04, 5.124585983E-03,-6.295179282E-03,-1.321567350E-06,-1.314570704E-04, 3.126262312E-03
       330, 1.299999959E+01, 1.592040789E-15, 8.052181004E-02, 8.447871080E-06, 7.697520888E-04, 5.124525454E-03,-6.257042228E-03,-1.309563176E-06,-1.302706569E-04, 3.107321846E-03
       331, 1.310717115E+01, 1.605165520E-15, 7.985480134E-02, 8.308684130E-06, 7.570544427E-04, 5.124362345E-03,-6.153916512E-03,-1.277102835E-06,-1.270624905E-04, 3.056105275E-03
       332, 1.325559001E+01, 1.623341588E-15, 7.895180023E-02, 8.122314581E-06, 7.400572279E-04, 5.124136907E-03,-6.015931175E-03,-1.234191457E-06,-1.228123405E-04, 2.987581052E-03
       333, 1.340564148E+01, 1.641717593E-15, 7.805932518E-02, 7.940290124E-06, 7.234469740E-04, 5.123909691E-03,-5.881058669E-03,-1.193362797E-06,-1.187093683E-04, 2.920589269E-03
       334, 1.355734351E+01, 1.660295734E-15, 7.717727015E-02, 7.762220193E-06, 7.072147020E-04, 5.123680743E-03,-5.749241707E-03,-1.153697096E-06,-1.147393798E-04, 2.855124575E-03
       335, 1.371071427E+01, 1.679078234E-15, 7.630548798E-02, 7.588324885E-06, 6.913516399E-04, 5.123450072E-03,-5.620375968E-03,-1.115624976E-06,-1.109094181E-04, 2.791102039E-03
       336, 1.386577210E+01, 1.698067342E-15, 7.544388172E-02, 7.418156013E-06, 6.758492355E-04, 5.123217732E-03,-5.494463877E-03,-1.078147661E-06,-1.072017542E-04, 2.728563864E-03
       337, 1.402253557E+01, 1.717265330E-15, 7.459229510E-02, 7.252094148E-06, 6.606991303E-04, 5.122983733E-03,-5.371371166E-03,-1.043038498E-06,-1.036276753E-04, 2.667389637E-03
       338, 1.418102344E+01, 1.736674496E-15, 7.375064785E-02, 7.089355374E-06, 6.458931812E-04, 5.122748183E-03,-5.251026887E-03,-1.008616179E-06,-1.001630777E-04, 2.607600914E-03
       339, 1.434125468E+01, 1.756297163E-15, 7.291878918E-02, 6.930637392E-06, 6.314235415E-04, 5.122511750E-03,-5.133353607E-03,-9.756665544E-07,-9.682909817E-05, 2.549091410E-03
       340, 1.450324845E+01, 1.776135680E-15, 7.209664241E-02, 6.775082102E-06, 6.172833673E-04, 5.122278994E-03,-5.018410765E-03,-9.425750532E-07,-9.358949299E-05, 2.491962910E-03
       341, 1.466702416E+01, 1.796192420E-15, 7.128403298E-02, 6.623912721E-06, 6.034721817E-04, 5.122083068E-03,-4.906244693E-03,-9.033750674E-07,-9.047992273E-05, 2.436096134E-03
       342, 1.483260141E+01, 1.816469784E-15, 7.048089203E-02, 6.477323409E-06, 5.900378403E-04, 5.121814311E-03,-4.798075325E-03,-8.724089598E-07,-8.747189694E-05, 2.382360160E-03
       343, 1.500000000E+01, 2.000000000E-15, 6.968724501E-02, 6.333773379E-06, 5.768404849E-04, 5.121525612E-03,-4.692158058E-03,-8.478028020E-07,-8.453935300E-05, 2.329901955E-03
       344, 5.000000042E+00, 5.204005374E-03, 2.119987760E-01, 1.151611101E-04, 5.261328492E-03, 5.117956460E-03,-4.316173546E-02,-4.678728060E-05,-4.729716058E-03, 2.175405260E-02
       345, 6.999999954E+00, 5.204005258E-03, 1.506246816E-01, 5.821967115E-05, 2.680562353E-03, 5.130644225E-03,-2.182001224E-02,-1.682918144E-05,-1.694683900E-03, 1.099836313E-02
       346, 8.999999951E+00, 5.204005335E-03, 1.167749543E-01, 3.503586690E-05, 1.615825565E-03, 5.130323378E-03,-1.313094047E-02,-7.858848466E-06,-7.906675715E-04, 6.618838178E-03
       347, 1.099999988E+01, 5.204005258E-03, 9.532763641E-02, 2.337522770E-05, 1.078145426E-03, 5.127601248E-03,-8.760679874E-03,-4.283629200E-06,-4.308308690E-04, 4.416011856E-03
       348, 1.299999959E+01, 5.204005103E-03, 8.052113664E-02, 1.669460011E-05, 7.697521384E-04, 5.124531642E-03,-6.256885755E-03,-2.587834198E-06,-2.600353081E-04, 3.153949534E-03
       349, 4.999999929E+00, 1.033966345E-02, 2.119626840E-01, 2.247264644E-04, 5.261354010E-03, 5.118094856E-03,-4.313962315E-02,-9.128030031E-05,-9.377337300E-03, 2.157872036E-02
       350, 6.999999954E+00, 1.033966345E-02, 1.506117501E-01, 1.136229029E-04, 2.680565629E-03, 5.130709695E-03,-2.181439724E-02,-3.284027818E-05,-3.360419022E-03, 1.091343161E-02
       351, 8.999999951E+00, 1.033966360E-02, 1.167689208E-01, 6.837999450E-05, 1.615826391E-03, 5.130362005E-03,-1.312890986E-02,-1.533709865E-05,-1.567912098E-03, 6.568637658E-03
       352, 1.099999988E+01, 1.033966345E-02, 9.532434875E-02, 4.562283224E-05, 1.078145732E-03, 5.127626837E-03,-8.759775955E-03,-8.360093957E-06,-8.543653863E-04, 4.382824186E-03
       353, 1.299999997E+01, 1.033966345E-02, 8.051915474E-02, 3.258437153E-05, 7.697523020E-04, 5.124550013E-03,-6.256424853E-03,-5.050636416E-06,-5.156714990E-04, 3.130379589E-03
       354, 4.999999929E+00, 1.540787221E-02, 2.119037214E-01, 3.322242182E-04, 5.261395918E-03, 5.118321076E-03,-4.310350487E-02,-1.348915480E-04,-1.395097459E-02, 2.136810917E-02
       355, 6.999999954E+00, 1.540787221E-02, 1.505906177E-01, 1.680063826E-04, 2.680571122E-03, 5.130816797E-03,-2.180522237E-02,-4.854934265E-05,-5.000565701E-03, 1.081354591E-02
       356, 8.999999951E+00, 1.540787243E-02, 1.167590603E-01, 1.011165803E-04, 1.615827809E-03, 5.130425236E-03,-1.312559149E-02,-2.267704813E-05,-2.333387597E-03, 6.510104496E-03
       357, 1.099999988E+01, 1.540787221E-02, 9.531897554E-02, 6.746713439E-05, 1.078146266E-03, 5.127668740E-03,-8.758298697E-03,-1.236192311E-05,-1.271531309E-03, 4.344293881E-03
       358, 1.299999997E+01, 1.540787221E-02, 8.051591158E-02, 4.818690850E-05, 7.697525500E-04, 5.124579853E-03,-6.255671260E-03,-7.468613429E-06,-7.674775535E-04, 3.103065036E-03
       359, 4.999999929E+00, 2.040951739E-02, 2.118228224E-01, 4.399384599E-04, 5.261452509E-03, 5.118630780E-03,-4.305396767E-02,-1.785246587E-04,-1.845746015E-02, 2.154628448E-02
       360, 6.999999954E+00, 2.040951739E-02, 1.505616152E-01, 2.225395444E-04, 2.680578696E-03, 5.130963756E-03,-2.179263288E-02,-6.428994107E-05,-6.617980487E-03, 1.091325637E-02
       361, 8.999999951E+00, 2.040951769E-02, 1.167455260E-01, 1.339529305E-04, 1.615829808E-03, 5.130512083E-03,-1.312103729E-02,-3.003608525E-05,-3.088504937E-03, 6.572444874E-03
       362, 1.099999988E+01, 2.040951739E-02, 9.531160007E-02, 8.938121148E-05, 1.078147030E-03, 5.127726322E-03,-8.756271101E-03,-1.637542997E-05,-1.683120772E-03, 4.386666067E-03
       363, 1.299999997E+01, 2.040951739E-02, 8.051145977E-02, 6.384056786E-05, 7.697529089E-04, 5.124620869E-03,-6.254636858E-03,-9.894044161E-06,-1.015940513E-03, 3.133645421E-03
       364, 4.999999929E+00, 2.534547320E-02, 2.117209101E-01, 5.458975653E-04, 5.261520548E-03, 5.119018971E-03,-4.299159399E-02,-2.213591389E-04,-2.289506451E-02, 2.144934834E-02
       365, 6.999999954E+00, 2.534547320E-02, 1.505250662E-01, 2.762377288E-04, 2.680587846E-03, 5.131148482E-03,-2.177677142E-02,-7.977380312E-05,-8.212405288E-03, 1.087613903E-02
       366, 8.999999951E+00, 2.534547358E-02, 1.167284677E-01, 1.662995537E-04, 1.615832247E-03, 5.130621384E-03,-1.311529809E-02,-3.728096552E-05,-3.833211646E-03, 6.553004100E-03
       367, 1.099999988E+01, 2.534547320E-02, 9.530230351E-02, 1.109728314E-04, 1.078147972E-03, 5.127798836E-03,-8.753715621E-03,-2.032825668E-05,-2.089123317E-03, 4.374667089E-03
       368, 1.299999997E+01, 2.534547320E-02, 8.050584819E-02, 7.926569138E-05, 7.697533546E-04, 5.124672541E-03,-6.253333049E-03,-1.228335646E-05,-1.261060627E-03, 3.125476153E-03
       369, 4.999999929E+00, 3.021660239E-02, 2.115988879E-01, 6.502951841E-04, 5.261597205E-03, 5.119480866E-03,-4.291695729E-02,-2.634596088E-04,-2.726281303E-02, 2.139984841E-02
       370, 6.999999954E+00, 3.021660239E-02, 1.504812858E-01, 3.292073847E-04, 2.680598217E-03, 5.131369051E-03,-2.175777732E-02,-9.502920652E-05,-9.783819167E-03, 1.086510643E-02
       371, 8.999999951E+00, 3.021660284E-02, 1.167080307E-01, 1.982225607E-04, 1.615835049E-03, 5.130752090E-03,-1.310842336E-02,-4.442582192E-05,-4.567560023E-03, 6.549767688E-03
       372, 1.099999988E+01, 3.021660239E-02, 9.529116466E-02, 1.322867805E-04, 1.078149067E-03, 5.127885619E-03,-8.750654086E-03,-2.422837675E-05,-2.489584494E-03, 4.373647270E-03
       373, 1.299999997E+01, 3.021660239E-02, 8.049912424E-02, 9.449453584E-05, 7.697538777E-04, 5.124734409E-03,-6.251770908E-03,-1.464144878E-05,-1.502871185E-03, 3.125214825E-03
       374, 4.999999929E+00, 3.502375636E-02, 2.114576399E-01, 7.529804791E-04, 5.261679247E-03, 5.120011524E-03,-4.283062187E-02,-3.047496888E-04,-3.155973730E-02, 2.132837211E-02
       375, 6.999999954E+00, 3.502375636E-02, 1.504305811E-01, 3.813815464E-04, 2.680609386E-03, 5.131623507E-03,-2.173578676E-02,-1.100340474E-04,-1.133217013E-02, 1.084519372E-02
       376, 8.999999951E+00, 3.502375688E-02, 1.166843565E-01, 2.296839319E-04, 1.615838116E-03, 5.130903147E-03,-1.310046132E-02,-5.146135239E-05,-5.291582126E-03, 6.541735378E-03
       377, 1.099999988E+01, 3.502375636E-02, 9.527826010E-02, 1.532984584E-04, 1.078150285E-03, 5.127986006E-03,-8.747107731E-03,-2.807100075E-05,-2.884537247E-03, 4.369611995E-03
       378, 1.299999997E+01, 3.502375636E-02, 8.049133397E-02, 1.095098427E-04, 7.697544658E-04, 5.124806012E-03,-6.249961198E-03,-1.696552804E-05,-1.741397462E-03, 3.122874972E-03
       379, 4.999999929E+00, 3.976777532E-02, 2.112980297E-01, 8.540044880E-04, 5.261763264E-03, 5.120605958E-03,-4.273314161E-02,-3.452368842E-04,-3.578512048E-02, 2.125799223E-02
       380, 6.999999954E+00, 3.976777532E-02, 1.503732509E-01, 4.327941891E-04, 2.680620912E-03, 5.131909908E-03,-2.171093262E-02,-1.247957252E-04,-1.285746341E-02, 1.082790893E-02
       381, 8.999999951E+00, 3.976777591E-02, 1.166575825E-01, 2.607061272E-04, 1.615841348E-03, 5.131073518E-03,-1.309145888E-02,-5.839190867E-05,-6.005330983E-03, 6.535796305E-03
       382, 1.099999988E+01, 3.976777532E-02, 9.526366415E-02, 1.740235275E-04, 1.078151594E-03, 5.128099347E-03,-8.743097193E-03,-3.185875220E-05,-3.274024416E-03, 4.367145689E-03
       383, 1.299999997E+01, 3.976777532E-02, 8.048252206E-02, 1.243230741E-04, 7.697551065E-04, 5.124886904E-03,-6.247914372E-03,-1.925726644E-05,-1.976670171E-03, 3.121726391E-03
       384, 4.999999929E+00, 4.444948847E-02, 2.111209004E-01, 9.533381868E-04, 5.261845663E-03, 5.121259143E-03,-4.262505934E-02,-3.848974878E-04,-3.993836874E-02, 2.117648931E-02
       385, 6.999999954E+00, 4.444948847E-02, 1.503095859E-01, 4.834380489E-04, 2.680632328E-03, 5.132226321E-03,-2.168334448E-02,-1.393099275E-04,-1.435971679E-02, 1.080696660E-02
       386, 8.999999951E+00, 4.444948913E-02, 1.166278422E-01, 2.912866200E-04, 1.615844639E-03, 5.131262177E-03,-1.308146169E-02,-6.521629499E-05,-6.708860060E-03, 6.528144713E-03
       387, 1.099999988E+01, 4.444948847E-02, 9.524744896E-02, 1.944609260E-04, 1.078152959E-03, 5.128225003E-03,-8.738642525E-03,-3.559120555E-05,-3.658087608E-03, 4.363701933E-03
       388, 1.299999997E+01, 4.444948847E-02, 8.047273184E-02, 1.389337292E-04, 7.697557868E-04, 5.124976646E-03,-6.245640579E-03,-2.151648456E-05,-2.208718789E-03, 3.119947761E-03
       389, 4.999999929E+00, 4.906971409E-02, 2.109270739E-01, 1.050977788E-03, 5.261922746E-03, 5.121966058E-03,-4.250690611E-02,-4.237196307E-04,-4.401904748E-02, 2.108821535E-02
       390, 6.999999954E+00, 4.906971409E-02, 1.502398686E-01, 5.333176740E-04, 2.680643152E-03, 5.132570831E-03,-2.165314856E-02,-1.535760277E-04,-1.583897507E-02, 1.078444602E-02
       391, 8.999999951E+00, 4.906971482E-02, 1.165952651E-01, 3.214297688E-04, 1.615847881E-03, 5.131468118E-03,-1.307051414E-02,-7.193493459E-05,-7.402230232E-03, 6.520004545E-03
       392, 1.099999988E+01, 4.906971409E-02, 9.522968453E-02, 2.146141119E-04, 1.078154348E-03, 5.128362349E-03,-8.733763205E-03,-3.926879158E-05,-4.036771099E-03, 4.360088431E-03
       393, 1.299999997E+01, 4.906971409E-02, 8.046200537E-02, 1.533445044E-04, 7.697564932E-04, 5.125074810E-03,-6.243149670E-03,-2.374351211E-05,-2.437573937E-03, 3.118112197E-03
       394, 4.999999929E+00, 5.362925975E-02, 2.107173509E-01, 1.146914803E-03, 5.261990746E-03, 5.122721712E-03,-4.237920065E-02,-4.616908232E-04,-4.802685949E-02, 2.099247571E-02
       395, 6.999999954E+00, 5.362925975E-02, 1.501643739E-01, 5.824344751E-04, 2.680652891E-03, 5.132941552E-03,-2.162046774E-02,-1.675927056E-04,-1.729530387E-02, 1.075989511E-02
       396, 8.999999951E+00, 5.362926055E-02, 1.165599772E-01, 3.511378694E-04, 1.615850961E-03, 5.131690353E-03,-1.305865934E-02,-7.854784638E-05,-8.085507152E-03, 6.511081875E-03
       397, 1.099999988E+01, 5.362925975E-02, 9.521043879E-02, 2.344851100E-04, 1.078155726E-03, 5.128510774E-03,-8.728478140E-03,-4.289169878E-05,-4.410120494E-03, 4.356102157E-03
       398, 1.299999997E+01, 5.362925975E-02, 8.045038342E-02, 1.675570493E-04, 7.697572125E-04, 5.125180980E-03,-6.240451204E-03,-2.593852557E-05,-2.663266591E-03, 3.116071960E-03
       399, 4.999999929E+00, 5.812892238E-02, 2.104925106E-01, 1.241146761E-03, 5.262045865E-03, 5.123521164E-03,-4.224244889E-02,-4.988022989E-04,-5.196164113E-02, 2.089014508E-02
       400, 6.999999954E+00, 5.812892238E-02, 1.500833684E-01, 6.307921518E-04, 2.680661048E-03, 5.133336625E-03,-2.158542156E-02,-1.813595163E-04,-1.872878982E-02, 1.073365084E-02
       401, 8.999999951E+00, 5.812892325E-02, 1.165221005E-01, 3.804144203E-04, 1.615853768E-03, 5.131927912E-03,-1.304593920E-02,-8.505537712E-05,-8.758761612E-03, 6.501556415E-03
       402, 1.099999988E+01, 5.812892238E-02, 9.518977761E-02, 2.540766903E-04, 1.078157056E-03, 5.128669680E-03,-8.722805685E-03,-4.646027314E-05,-4.778183025E-03, 4.351855680E-03
       403, 1.299999997E+01, 5.812892238E-02, 8.043790551E-02, 1.815735226E-04, 7.697579309E-04, 5.125294749E-03,-6.237554453E-03,-2.810178942E-05,-2.885828303E-03, 3.113904520E-03
       404, 4.999999929E+00, 6.256948846E-02, 2.102533108E-01, 1.333672558E-03, 5.262084315E-03, 5.124359549E-03,-4.209714357E-02,-5.350470335E-04,-5.582335221E-02, 2.078140734E-02
       405, 6.999999954E+00, 6.256948846E-02, 1.499971111E-01, 6.783943938E-04, 2.680667122E-03, 5.133754226E-03,-2.154812620E-02,-1.948762114E-04,-2.013953854E-02, 1.070570489E-02
       406, 8.999999951E+00, 6.256948940E-02, 1.164817533E-01, 4.092627523E-04, 1.615856188E-03, 5.132179849E-03,-1.303239438E-02,-9.145788971E-05,-9.422068932E-03, 6.491401065E-03
       407, 1.099999988E+01, 6.256948846E-02, 9.516776485E-02, 2.733914582E-04, 1.078158305E-03, 5.128838485E-03,-8.716763645E-03,-4.997484980E-05,-5.141007261E-03, 4.347323923E-03
       408, 1.299999997E+01, 6.256948846E-02, 8.042460998E-02, 1.953959444E-04, 7.697586348E-04, 5.125415719E-03,-6.234468410E-03,-3.023355467E-05,-3.105291080E-03, 3.111589193E-03
       409, 4.999999929E+00, 6.695173415E-02, 2.100004873E-01, 1.424493748E-03, 5.262102345E-03, 5.125232094E-03,-4.194376388E-02,-5.704202045E-04,-5.961206852E-02, 2.066668644E-02
       410, 6.999999954E+00, 6.695173415E-02, 1.499058534E-01, 7.252455708E-04, 2.680670616E-03, 5.134192570E-03,-2.150869449E-02,-2.081429280E-04,-2.152767356E-02, 1.067617189E-02
       411, 8.999999951E+00, 6.695173514E-02, 1.164390507E-01, 4.376864515E-04, 1.615858109E-03, 5.132445240E-03,-1.301806436E-02,-9.775585559E-05,-1.007550878E-02, 6.480663071E-03
       412, 1.099999988E+01, 6.695173415E-02, 9.514446243E-02, 2.924321394E-04, 1.078159436E-03, 5.129016622E-03,-8.710369287E-03,-5.343580440E-05,-5.498643031E-03, 4.342531488E-03
       413, 1.299999997E+01, 6.695173415E-02, 8.041053395E-02, 2.090264001E-04, 7.697593107E-04, 5.125543507E-03,-6.231201792E-03,-3.233409028E-05,-3.321687357E-03, 3.109140798E-03
       414, 4.999999929E+00, 7.127642538E-02, 2.097347547E-01, 1.513613930E-03, 5.262096275E-03, 5.126134137E-03,-4.178277525E-02,-6.049188695E-04,-6.332797371E-02, 2.054631003E-02
       415, 6.999999954E+00, 7.127642538E-02, 1.498098388E-01, 7.713504642E-04, 2.680671037E-03, 5.134649914E-03,-2.146723595E-02,-2.211600982E-04,-2.289333490E-02, 1.064512169E-02
       416, 8.999999951E+00, 7.127642644E-02, 1.163941038E-01, 4.656892083E-04, 1.615859418E-03, 5.132723183E-03,-1.300298742E-02,-1.039498178E-04,-1.071916469E-02, 6.469363647E-03
       417, 1.099999988E+01, 7.127642538E-02, 9.511993035E-02, 3.112014814E-04, 1.078160415E-03, 5.129203537E-03,-8.703639353E-03,-5.684353383E-05,-5.851141264E-03, 4.337485917E-03
       418, 1.299999997E+01, 7.127642538E-02, 8.039571341E-02, 2.224669719E-04, 7.697599452E-04, 5.125677737E-03,-6.227763050E-03,-3.440367231E-05,-3.535049853E-03, 3.106562082E-03
       419, 4.999999929E+00, 7.554431806E-02, 2.094568057E-01, 1.601038740E-03, 5.262062514E-03, 5.127061142E-03,-4.161462911E-02,-6.385418875E-04,-6.697135162E-02, 2.042065034E-02
       420, 6.999999954E+00, 7.554431806E-02, 1.497093038E-01, 8.167143070E-04, 2.680667901E-03, 5.135124562E-03,-2.142385678E-02,-2.339284473E-04,-2.423667786E-02, 1.061264710E-02
       421, 8.999999951E+00, 7.554431918E-02, 1.163470206E-01, 4.932748501E-04, 1.615860007E-03, 5.133012801E-03,-1.298720066E-02,-1.100403953E-04,-1.135312367E-02, 6.457537801E-03
       422, 1.099999988E+01, 7.554431806E-02, 9.509422675E-02, 3.297022798E-04, 1.078161207E-03, 5.129398694E-03,-8.696590071E-03,-6.019845953E-05,-6.198553849E-03, 4.332203948E-03
       423, 1.299999997E+01, 7.554431806E-02, 8.038018323E-02, 2.357197582E-04, 7.697605250E-04, 5.125818046E-03,-6.224160372E-03,-3.644258643E-05,-3.745411482E-03, 3.103862361E-03
       424, 4.999999929E+00, 7.975615815E-02, 2.091673118E-01, 1.686775789E-03, 5.261997588E-03, 5.128008708E-03,-4.143976282E-02,-6.712898483E-04,-7.054257886E-02, 2.028999399E-02
       425, 6.999999954E+00, 7.975615815E-02, 1.496044773E-01, 8.613427775E-04, 2.680660738E-03, 5.135614862E-03,-2.137865994E-02,-2.464489874E-04,-2.555787193E-02, 1.057880630E-02
       426, 8.999999951E+00, 7.975615934E-02, 1.162979056E-01, 5.204473437E-04, 1.615859767E-03, 5.133313243E-03,-1.297074005E-02,-1.160282814E-04,-1.197747591E-02, 6.445201735E-03
       427, 1.099999988E+01, 7.975615815E-02, 9.506740794E-02, 3.479373805E-04, 1.078161779E-03, 5.129601572E-03,-8.689237161E-03,-6.350102754E-05,-6.540933543E-03, 4.326690472E-03
       428, 1.299999997E+01, 7.975615815E-02, 8.036397718E-02, 2.487868763E-04, 7.697610372E-04, 5.125964079E-03,-6.220401689E-03,-3.845112793E-05,-3.952805384E-03, 3.101042784E-03
       429, 4.999999929E+00, 8.391268182E-02, 2.088669231E-01, 1.770834150E-03, 5.261898153E-03, 5.128972583E-03,-4.125859960E-02,-7.031647435E-04,-7.404211744E-02, 2.015478038E-02
       430, 6.999999954E+00, 8.391268182E-02, 1.494955809E-01, 9.052418137E-04, 2.680649089E-03, 5.136119216E-03,-2.133174516E-02,-2.587229434E-04,-2.685709965E-02, 1.054372493E-02
       431, 8.999999951E+00, 8.391268308E-02, 1.162468601E-01, 5.472107001E-04, 1.615858593E-03, 5.133623682E-03,-1.295364044E-02,-1.219142163E-04,-1.259231456E-02, 6.432409622E-03
       432, 1.099999988E+01, 8.391268182E-02, 9.503952847E-02, 3.659096227E-04, 1.078162099E-03, 5.129811665E-03,-8.681595850E-03,-6.675169612E-05,-6.878333919E-03, 4.320974809E-03
       433, 1.299999997E+01, 8.391268182E-02, 8.034712795E-02, 2.616704241E-04, 7.697614691E-04, 5.126115497E-03,-6.216494683E-03,-4.042959464E-05,-4.157264986E-03, 3.098121574E-03
       434, 4.999999929E+00, 8.801461558E-02, 2.085562687E-01, 1.853225117E-03, 5.261761013E-03, 5.129948670E-03,-4.107154851E-02,-7.341703313E-04,-7.747050834E-02, 2.001488780E-02
       435, 6.999999954E+00, 8.801461558E-02, 1.493828295E-01, 9.484179550E-04, 2.680632512E-03, 5.136636075E-03,-2.128320895E-02,-2.707518651E-04,-2.813455570E-02, 1.050729502E-02
       436, 8.999999951E+00, 8.801461690E-02, 1.161939820E-01, 5.735691691E-04, 1.615856385E-03, 5.133943318E-03,-1.293593553E-02,-1.276990351E-04,-1.319773566E-02, 6.419087588E-03
       437, 1.099999988E+01, 8.801461558E-02, 9.501064112E-02, 3.836219639E-04, 1.078162133E-03, 5.130028484E-03,-8.673680880E-03,-6.995096017E-05,-7.210809294E-03, 4.315005048E-03
       438, 1.299999997E+01, 8.801461558E-02, 8.032966720E-02, 2.743725674E-04, 7.697618085E-04, 5.126271965E-03,-6.212446791E-03,-4.237830120E-05,-4.358823960E-03, 3.095060672E-03
       439, 4.999999929E+00, 9.206267639E-02, 2.082359568E-01, 1.933959234E-03, 5.261583134E-03, 5.130933035E-03,-4.087900450E-02,-7.643105238E-04,-8.082833754E-02, 1.987175237E-02
       440, 6.999999954E+00, 9.206267639E-02, 1.492664308E-01, 9.908770930E-04, 2.680610582E-03, 5.137163944E-03,-2.123314468E-02,-2.825371903E-04,-2.939043694E-02, 1.047005671E-02
       441, 8.999999951E+00, 9.206267776E-02, 1.161393661E-01, 5.995265494E-04, 1.615853043E-03, 5.134271376E-03,-1.291765799E-02,-1.333834921E-04,-1.379383388E-02, 6.405516092E-03
       442, 1.099999988E+01, 9.206267639E-02, 9.498079701E-02, 4.010770411E-04, 1.078161852E-03, 5.130251554E-03,-8.665506522E-03,-7.309926298E-05,-7.538412571E-03, 4.308953477E-03
       443, 1.299999997E+01, 9.206267639E-02, 8.031162557E-02, 2.868952352E-04, 7.697620435E-04, 5.126433164E-03,-6.208265211E-03,-4.429752867E-05,-4.557514832E-03, 3.091977094E-03
       444, 4.999999929E+00, 9.605757177E-02, 2.079065752E-01, 2.013054462E-03, 5.261361651E-03, 5.131921913E-03,-4.068134845E-02,-7.935939919E-04,-8.413102572E-02, 1.972398043E-02
       445, 6.999999954E+00, 9.605757177E-02, 1.491465857E-01, 1.032627793E-03, 2.680582893E-03, 5.137701381E-03,-2.118164263E-02,-2.940814530E-04,-3.063053422E-02, 1.043136346E-02
       446, 8.999999951E+00, 9.605757321E-02, 1.160831044E-01, 6.250879821E-04, 1.615848473E-03, 5.134607110E-03,-1.289883938E-02,-1.389687363E-04,-1.438336780E-02, 6.391323644E-03
       447, 1.099999988E+01, 9.605757177E-02, 9.495004560E-02, 4.182782969E-04, 1.078161226E-03, 5.130480418E-03,-8.657086582E-03,-7.619722929E-05,-7.862663312E-03, 4.302578655E-03
       448, 1.299999997E+01, 9.605757177E-02, 8.029303273E-02, 2.992408949E-04, 7.697621625E-04, 5.126598783E-03,-6.203956912E-03,-4.618765670E-05,-4.754260549E-03, 3.088701125E-03
       449, 4.999999929E+00, 1.000000000E-01, 2.075686904E-01, 2.090527635E-03, 5.261093839E-03, 5.132911685E-03,-4.047894674E-02,-8.220288992E-04,-8.735473177E-02, 1.957296818E-02
       450, 6.999999954E+00, 1.000000000E-01, 1.490234884E-01, 1.073678066E-03, 2.680549054E-03, 5.138246995E-03,-2.112878989E-02,-3.053870004E-04,-3.184571342E-02, 1.039182456E-02
       451, 8.999999951E+00, 1.000000015E-01, 1.160252855E-01, 6.502582869E-04, 1.615842585E-03, 5.134949794E-03,-1.287951020E-02,-1.444558325E-04,-1.496196514E-02, 6.376855456E-03
       452, 1.099999988E+01, 1.000000000E-01, 9.491843468E-02, 4.352289645E-04, 1.078160226E-03, 5.130714631E-03,-8.648434400E-03,-7.924544050E-05,-8.181148152E-03, 4.296104080E-03
       453, 1.299999997E+01, 1.000000000E-01, 8.027391732E-02, 3.114118667E-04, 7.697621545E-04, 5.126768522E-03,-6.199528624E-03,-4.804904003E-05,-4.947593252E-03, 3.085389644E-03
       454, 4.999999929E+00, 1.037429218E-01, 2.072362059E-01, 2.163514940E-03, 5.260790234E-03, 5.133861322E-03,-4.028013152E-02,-8.485778665E-04,-9.035064393E-02, 1.942541041E-02
       455, 6.999999954E+00, 1.037429218E-01, 1.489022020E-01, 1.112502199E-03, 2.680510369E-03, 5.138778239E-03,-2.107676112E-02,-3.160359281E-04,-3.297958401E-02, 1.035314436E-02
       456, 8.999999951E+00, 1.037429233E-01, 1.159682871E-01, 6.741000811E-04, 1.615835599E-03, 5.135285295E-03,-1.286046551E-02,-1.496410522E-04,-1.550272479E-02, 6.362709460E-03
       457, 1.099999988E+01, 1.037429218E-01, 9.488726405E-02, 4.512971631E-04, 1.078158886E-03, 5.130944544E-03,-8.639905799E-03,-8.213048806E-05,-8.479045615E-03, 4.289782781E-03
       458, 1.299999997E+01, 1.037429218E-01, 8.025506531E-02, 3.229541993E-04, 7.697620172E-04, 5.126935391E-03,-6.195162435E-03,-4.981234814E-05,-5.128510653E-03, 3.082163085E-03
       459, 4.999999929E+00, 1.075400176E-01, 2.068873629E-01, 2.236976191E-03, 5.260429072E-03, 5.134831774E-03,-4.007190866E-02,-8.750511802E-04,-9.337424224E-02, 1.926995596E-02
       460, 6.999999954E+00, 1.075400176E-01, 1.487747812E-01, 1.151734984E-03, 2.680464024E-03, 5.139329578E-03,-2.102215047E-02,-3.267518220E-04,-3.412867619E-02, 1.031213672E-02
       461, 8.999999951E+00, 1.075400192E-01, 1.159083735E-01, 6.982306712E-04, 1.615826993E-03, 5.135635476E-03,-1.284045771E-02,-1.548763653E-04,-1.605165958E-02, 6.347620108E-03
       462, 1.099999988E+01, 1.075400176E-01, 9.485449036E-02, 4.675726601E-04, 1.078157099E-03, 5.131185171E-03,-8.630941873E-03,-8.504811882E-05,-8.781700184E-03, 4.282993330E-03
       463, 1.299999997E+01, 1.075400176E-01, 8.023524070E-02, 3.346506245E-04, 7.697617344E-04, 5.127110302E-03,-6.190572150E-03,-5.159719181E-05,-5.312405383E-03, 3.078669840E-03
       464, 4.999999929E+00, 1.113920715E-01, 2.065216863E-01, 2.310888865E-03, 5.260003776E-03, 5.135820589E-03,-3.985404803E-02,-9.014251546E-04,-9.644221217E-02, 1.910796544E-02
       465, 6.999999954E+00, 1.113920715E-01, 1.486410281E-01, 1.191374601E-03, 2.680409104E-03, 5.139900850E-03,-2.096488055E-02,-3.375311252E-04,-3.529953126E-02, 1.026943018E-02
       466, 8.999999951E+00, 1.113920731E-01, 1.158454470E-01, 7.226515386E-04, 1.615816563E-03, 5.136000529E-03,-1.281945580E-02,-1.601612054E-04,-1.661194077E-02, 6.331956094E-03
       467, 1.099999988E+01, 1.113920715E-01, 9.482005873E-02, 4.840573440E-04, 1.078154804E-03, 5.131436745E-03,-8.621528116E-03,-8.799834167E-05,-9.090876137E-03, 4.275979176E-03
       468, 1.299999997E+01, 1.113920715E-01, 8.021440982E-02, 3.465028674E-04, 7.697612846E-04, 5.127293463E-03,-6.185750158E-03,-5.340369173E-05,-5.500356385E-03, 3.075082909E-03
       469, 4.999999929E+00, 1.152998790E-01, 2.061386957E-01, 2.385223667E-03, 5.259507156E-03, 5.136824994E-03,-3.962632059E-02,-9.276719936E-04,-9.952652536E-02, 1.893868206E-02
       470, 6.999999954E+00, 1.152998790E-01, 1.485007409E-01, 1.231416734E-03, 2.680344602E-03, 5.140491816E-03,-2.090487284E-02,-3.483692715E-04,-3.648191770E-02, 1.022462213E-02
       471, 8.999999951E+00, 1.152998807E-01, 1.157794073E-01, 7.473629145E-04, 1.615804085E-03, 5.136380628E-03,-1.279742810E-02,-1.654946391E-04,-1.717876911E-02, 6.315473375E-03
       472, 1.099999988E+01, 1.152998790E-01, 9.478391282E-02, 5.007523589E-04, 1.078151936E-03, 5.131699492E-03,-8.611649671E-03,-9.098099644E-05,-9.403952782E-03, 4.268577425E-03
       473, 1.299999997E+01, 1.152998790E-01, 8.019253807E-02, 3.585121593E-04, 7.697606439E-04, 5.127485085E-03,-6.180688653E-03,-5.523187740E-05,-5.690780212E-03, 3.071286089E-03
       474, 4.999999929E+00, 1.192642470E-01, 2.057379040E-01, 2.459948200E-03, 5.258931463E-03, 5.137841872E-03,-3.938849812E-02,-9.537610084E-04,-1.026259333E-01, 1.876193940E-02
       475, 6.999999954E+00, 1.192642470E-01, 1.483537129E-01, 1.271856618E-03, 2.680269425E-03, 5.141102151E-03,-2.084204759E-02,-3.592611959E-04,-3.767569257E-02, 1.017772705E-02
       476, 8.999999951E+00, 1.192642488E-01, 1.157101515E-01, 7.723650771E-04, 1.615789314E-03, 5.136775920E-03,-1.277434226E-02,-1.708756314E-04,-1.775214824E-02, 6.298212231E-03
       477, 1.099999988E+01, 1.192642470E-01, 9.474599471E-02, 5.176589934E-04, 1.078148422E-03, 5.131973634E-03,-8.601291300E-03,-9.399590707E-05,-9.720952978E-03, 4.260826795E-03
       478, 1.299999997E+01, 1.192642470E-01, 8.016958983E-02, 3.706798824E-04, 7.697597863E-04, 5.127685375E-03,-6.175379614E-03,-5.708178302E-05,-5.883698003E-03, 3.067312138E-03
       479, 4.999999929E+00, 1.232859942E-01, 2.053188184E-01, 2.535028028E-03, 5.258268349E-03, 5.138867749E-03,-3.914035377E-02,-9.796602600E-04,-1.057390879E-01, 1.857763367E-02
       480, 6.999999954E+00, 1.232859942E-01, 1.481997329E-01, 1.312688805E-03, 2.680182389E-03, 5.141731441E-03,-2.077632385E-02,-3.702015074E-04,-3.888068480E-02, 1.012867660E-02
       481, 8.999999951E+00, 1.232859960E-01, 1.156375739E-01, 7.976580127E-04, 1.615771984E-03, 5.137186526E-03,-1.275016516E-02,-1.763030380E-04,-1.833207166E-02, 6.280133025E-03
       482, 1.099999988E+01, 1.232859942E-01, 9.470624485E-02, 5.347783863E-04, 1.078144181E-03, 5.132259382E-03,-8.590437381E-03,-9.704285327E-05,-1.004189521E-02, 4.252702285E-03
       483, 1.299999997E+01, 1.232859942E-01, 8.014552845E-02, 3.830073321E-04, 7.697586832E-04, 5.127894542E-03,-6.169814800E-03,-5.895342138E-05,-6.079128901E-03, 3.063143995E-03
       484, 4.999999929E+00, 1.273659511E-01, 2.048809399E-01, 2.610426635E-03, 5.257508841E-03, 5.139898770E-03,-3.888166240E-02,-1.005336300E-03,-1.088645757E-01, 1.838561915E-02
       485, 6.999999954E+00, 1.273659511E-01, 1.480385850E-01, 1.353907307E-03, 2.680082208E-03, 5.142379173E-03,-2.070761950E-02,-3.811844759E-04,-4.009670709E-02, 1.007742147E-02
       486, 8.999999951E+00, 1.273659530E-01, 1.155615663E-01, 8.232415458E-04, 1.615751806E-03, 5.137612538E-03,-1.272486302E-02,-1.817756176E-04,-1.891852844E-02, 6.261218624E-03
       487, 1.099999988E+01, 1.273659511E-01, 9.466460203E-02, 5.521116306E-04, 1.078139128E-03, 5.132556940E-03,-8.579071894E-03,-1.001215829E-04,-1.036679649E-02, 4.244197732E-03
       488, 1.299999997E+01, 1.273659511E-01, 8.012031622E-02, 3.954957971E-04, 7.697573033E-04, 5.128112792E-03,-6.163985749E-03,-6.084679334E-05,-6.277091682E-03, 3.058779700E-03
       489, 4.999999929E+00, 1.315049601E-01, 2.044237646E-01, 2.686105284E-03, 5.256643307E-03, 5.140930678E-03,-3.861220107E-02,-1.030754190E-03,-1.120009171E-01, 1.818574147E-02
       490, 6.999999954E+00, 1.315049601E-01, 1.478700489E-01, 1.395505484E-03, 2.679967495E-03, 5.143044728E-03,-2.063585130E-02,-3.922040092E-04,-4.132355524E-02, 1.002389734E-02
       491, 8.999999951E+00, 1.315049621E-01, 1.154820176E-01, 8.491152662E-04, 1.615728465E-03, 5.138054016E-03,-1.269840130E-02,-1.872920192E-04,-1.951150276E-02, 6.241440492E-03
       492, 1.099999988E+01, 1.315049601E-01, 9.462100338E-02, 5.696597213E-04, 1.078133169E-03, 5.132866504E-03,-8.567178427E-03,-1.032318033E-04,-1.069567222E-02, 4.235298620E-03
       493, 1.299999997E+01, 1.315049601E-01, 8.009391435E-02, 4.081465227E-04, 7.697556128E-04, 5.128340329E-03,-6.157883771E-03,-6.276188266E-05,-6.477604442E-03, 3.054211000E-03
       494, 4.999999929E+00, 1.357038760E-01, 2.039467831E-01, 2.762022954E-03, 5.255661425E-03, 5.141958788E-03,-3.833174949E-02,-1.055877446E-03,-1.151465663E-01, 1.797785256E-02
       495, 6.999999954E+00, 1.357038760E-01, 1.476938995E-01, 1.437476039E-03, 2.679836747E-03, 5.143727376E-03,-2.056093494E-02,-4.032536376E-04,-4.256100748E-02, 9.968044500E-03
       496, 8.999999951E+00, 1.357038781E-01, 1.153988137E-01, 8.752785372E-04, 1.615701621E-03, 5.138510982E-03,-1.267074476E-02,-1.928507792E-04,-2.011097341E-02, 6.220773731E-03
       497, 1.099999988E+01, 1.357038760E-01, 9.457538427E-02, 5.874235671E-04, 1.078126202E-03, 5.133188255E-03,-8.554740165E-03,-1.063731814E-04,-1.102853595E-02, 4.225993268E-03
       498, 1.299999997E+01, 1.357038760E-01, 8.006628295E-02, 4.209607200E-04, 7.697535745E-04, 5.128577354E-03,-6.151499951E-03,-6.469865704E-05,-6.680684424E-03, 3.049431836E-03
       499, 4.999999929E+00, 1.399635659E-01, 2.034494818E-01, 2.838136277E-03, 5.254552148E-03, 5.142977962E-03,-3.804009053E-02,-1.080668032E-03,-1.182999112E-01, 1.776180951E-02
       500, 6.999999954E+00, 1.399635659E-01, 1.475099070E-01, 1.479810985E-03, 2.679688347E-03, 5.144426261E-03,-2.048278512E-02,-4.143265035E-04,-4.380882411E-02, 9.909801630E-03
       501, 8.999999951E+00, 1.399635680E-01, 1.153118381E-01, 9.017304766E-04, 1.615670903E-03, 5.138983422E-03,-1.264185746E-02,-1.984503155E-04,-2.071691355E-02, 6.199191723E-03
       502, 1.099999988E+01, 1.399635659E-01, 9.452767835E-02, 6.054039781E-04, 1.078118114E-03, 5.133522363E-03,-8.541739890E-03,-1.095453406E-04,-1.136539931E-02, 4.216268732E-03
       503, 1.299999997E+01, 1.399635659E-01, 8.003738098E-02, 4.339395588E-04, 7.697511480E-04, 5.128824065E-03,-6.144825132E-03,-6.665706641E-05,-6.886348144E-03, 3.044435228E-03
       504, 4.999999929E+00, 1.442849094E-01, 2.029313429E-01, 2.914399471E-03, 5.253303675E-03, 5.143982585E-03,-3.773701078E-02,-1.105086348E-03,-1.214592734E-01, 1.753747344E-02
       505, 6.999999954E+00, 1.442849094E-01, 1.473178370E-01, 1.522501616E-03, 2.679520549E-03, 5.145140395E-03,-2.040131561E-02,-4.254153506E-04,-4.506674699E-02, 9.849107484E-03
       506, 8.999999951E+00, 1.442849115E-01, 1.152209711E-01, 9.284699465E-04, 1.615635914E-03, 5.139471276E-03,-1.261170272E-02,-2.040889223E-04,-2.132929074E-02, 6.176667829E-03
       507, 1.099999988E+01, 1.442849094E-01, 9.447781746E-02, 6.236016627E-04, 1.078108786E-03, 5.133868983E-03,-8.528159971E-03,-1.127478600E-04,-1.170627204E-02, 4.206112116E-03
       508, 1.299999997E+01, 1.442849094E-01, 8.000716625E-02, 4.470841661E-04, 7.697482896E-04, 5.129080655E-03,-6.137849922E-03,-6.863704189E-05,-7.094611621E-03, 3.039214309E-03
       509, 4.999999929E+00, 1.486687988E-01, 2.023918447E-01, 2.990764275E-03, 5.251903416E-03, 5.144966538E-03,-3.742230105E-02,-1.129091202E-03,-1.246229091E-01, 1.730470997E-02
       510, 6.999999954E+00, 1.486687988E-01, 1.471174506E-01, 1.565538474E-03, 2.679331475E-03, 5.145868650E-03,-2.031643929E-02,-4.365125113E-04,-4.633449904E-02, 9.785900164E-03
       511, 8.999999951E+00, 1.486688010E-01, 1.151260900E-01, 9.554955391E-04, 1.615596221E-03, 5.139974440E-03,-1.258024319E-02,-2.097647646E-04,-2.194806693E-02, 6.153174814E-03
       512, 1.099999988E+01, 1.486687988E-01, 9.442573161E-02, 6.420172197E-04, 1.078098088E-03, 5.134228254E-03,-8.513982366E-03,-1.159802711E-04,-1.205116190E-02, 4.195510090E-03
       513, 1.299999997E+01, 1.486687988E-01, 7.997559538E-02, 4.603956223E-04, 7.697449516E-04, 5.129347314E-03,-6.130564686E-03,-7.063849445E-05,-7.305490289E-03, 3.033761936E-03
       514, 4.999999929E+00, 1.531161394E-01, 2.018304627E-01, 3.067179882E-03, 5.250337957E-03, 5.145923171E-03,-3.709575692E-02,-1.152639808E-03,-1.277890090E-01, 1.706338911E-02
       515, 6.999999954E+00, 1.531161394E-01, 1.469085042E-01, 1.608911323E-03, 2.679119104E-03, 5.146609744E-03,-2.022806824E-02,-4.476098901E-04,-4.761178351E-02, 9.720117434E-03
       516, 8.999999951E+00, 1.531161417E-01, 1.150270694E-01, 9.828055631E-04, 1.615551358E-03, 5.140492756E-03,-1.254744080E-02,-2.154758736E-04,-2.257319801E-02, 6.128685076E-03
       517, 1.099999988E+01, 1.531161394E-01, 9.437134897E-02, 6.606511324E-04, 1.078085877E-03, 5.134600297E-03,-8.499188612E-03,-1.192420559E-04,-1.240007450E-02, 4.184449107E-03
       518, 1.299999997E+01, 1.531161394E-01, 7.994262378E-02, 4.738749578E-04, 7.697410823E-04, 5.129624224E-03,-6.122959544E-03,-7.266131417E-05,-7.518998632E-03, 3.028070809E-03
       519, 4.999999929E+00, 1.576278496E-01, 2.012466695E-01, 3.143592872E-03, 5.248593032E-03, 5.146845279E-03,-3.675717924E-02,-1.175687751E-03,-1.309556989E-01, 1.681338726E-02
       520, 6.999999954E+00, 1.576278496E-01, 1.466907498E-01, 1.652609109E-03, 2.678881267E-03, 5.147362233E-03,-2.013611383E-02,-4.586989482E-04,-4.889828345E-02, 9.651696703E-03
       521, 8.999999951E+00, 1.576278520E-01, 1.149237808E-01, 1.010398029E-03, 1.615500822E-03, 5.141026013E-03,-1.251325679E-02,-2.212201418E-04,-2.320463319E-02, 6.103170495E-03
       522, 1.099999988E+01, 1.576278496E-01, 9.431459581E-02, 6.795037613E-04, 1.078072002E-03, 5.134985211E-03,-8.483759831E-03,-1.225326442E-04,-1.275301305E-02, 4.172915315E-03
       523, 1.299999997E+01, 1.576278496E-01, 7.990820562E-02, 4.875231492E-04, 7.697366258E-04, 5.129911561E-03,-6.115024366E-03,-7.470536973E-05,-7.735149981E-03, 3.022133418E-03
       524, 4.999999929E+00, 1.622048611E-01, 2.006399358E-01, 3.219947154E-03, 5.246653485E-03, 5.147725070E-03,-3.640637477E-02,-1.198189054E-03,-1.341210413E-01, 1.655458389E-02
       525, 6.999999954E+00, 1.622048611E-01, 1.464639347E-01, 1.696619933E-03, 2.678615636E-03, 5.148124496E-03,-2.004048681E-02,-4.697706921E-04,-5.019366128E-02, 9.580575217E-03
       526, 8.999999951E+00, 1.622048635E-01, 1.148160926E-01, 1.038270635E-03, 1.615444071E-03, 5.141573940E-03,-1.247765171E-02,-2.269953163E-04,-2.384231475E-02, 6.076602447E-03
       527, 1.099999988E+01, 1.622048611E-01, 9.425539647E-02, 6.985753373E-04, 1.078056296E-03, 5.135383075E-03,-8.467676722E-03,-1.258514114E-04,-1.310997824E-02, 4.160894551E-03
       528, 1.299999997E+01, 1.622048611E-01, 7.987229382E-02, 5.013411158E-04, 7.697315215E-04, 5.130209491E-03,-6.106748769E-03,-7.677050692E-05,-7.953956662E-03, 3.015942085E-03
       529, 4.999999929E+00, 1.668481190E-01, 2.000097308E-01, 3.296183884E-03, 5.244503243E-03, 5.148554138E-03,-3.604315681E-02,-1.220095993E-03,-1.372830354E-01, 1.628687291E-02
       530, 6.999999954E+00, 1.668481190E-01, 1.462278019E-01, 1.740931014E-03, 2.678319716E-03, 5.148894729E-03,-1.994109738E-02,-4.808156633E-04,-5.149755849E-02, 9.506690162E-03
       531, 8.999999951E+00, 1.668481215E-01, 1.147038703E-01, 1.066420750E-03, 1.615380521E-03, 5.142136197E-03,-1.244058546E-02,-2.327989921E-04,-2.448617810E-02, 6.048951875E-03
       532, 1.099999988E+01, 1.668481190E-01, 9.419367333E-02, 7.178659537E-04, 1.078038581E-03, 5.135793942E-03,-8.450919560E-03,-1.291976760E-04,-1.347096833E-02, 4.148372343E-03
       533, 1.299999997E+01, 1.668481190E-01, 7.983483998E-02, 5.153297154E-04, 7.697257037E-04, 5.130518174E-03,-6.098122110E-03,-7.885654710E-05,-8.175430257E-03, 3.009488969E-03
       534, 4.999999929E+00, 1.715585821E-01, 1.993555229E-01, 3.372241456E-03, 5.242125282E-03, 5.149323438E-03,-3.566734573E-02,-1.241359555E-03,-1.404396196E-01, 1.601012868E-02
       535, 6.999999954E+00, 1.715585821E-01, 1.459820900E-01, 1.785528657E-03, 2.677990835E-03, 5.149670928E-03,-1.983785533E-02,-4.918239251E-04,-5.280959513E-02, 9.429978673E-03
       536, 8.999999951E+00, 1.715585846E-01, 1.145869762E-01, 1.094845398E-03, 1.615309545E-03, 5.142712379E-03,-1.240201727E-02,-2.386286064E-04,-2.513615178E-02, 6.020189384E-03
       537, 1.099999988E+01, 1.715585821E-01, 9.412934679E-02, 7.373755584E-04, 1.078018664E-03, 5.136217839E-03,-8.433468193E-03,-1.325706969E-04,-1.383597897E-02, 4.135333920E-03
       538, 1.299999997E+01, 1.715585821E-01, 7.979579440E-02, 5.294897404E-04, 7.697191016E-04, 5.130837757E-03,-6.089133490E-03,-8.096328556E-05,-8.399581504E-03, 3.002766053E-03
       539, 4.999999929E+00, 1.763372232E-01, 1.986767801E-01, 3.448055267E-03, 5.239501596E-03, 5.150023253E-03,-3.527876964E-02,-1.261927992E-03,-1.435886725E-01, 1.572429475E-02
       540, 6.999999954E+00, 1.763372232E-01, 1.457265333E-01, 1.830398213E-03, 2.677626138E-03, 5.150450878E-03,-1.973067007E-02,-5.027850468E-04,-5.412936918E-02, 9.350377972E-03
       541, 8.999999951E+00, 1.763372258E-01, 1.144652697E-01, 1.123541244E-03, 1.615230467E-03, 5.143302001E-03,-1.236190573E-02,-2.444814337E-04,-2.579215698E-02, 5.990285217E-03
       542, 1.099999988E+01, 1.763372232E-01, 9.406233523E-02, 7.571039463E-04, 1.077996339E-03, 5.136654762E-03,-8.415302039E-03,-1.359696708E-04,-1.420500309E-02, 4.121764253E-03
       543, 1.299999997E+01, 1.763372232E-01, 7.975510604E-02, 5.438219135E-04, 7.697116386E-04, 5.131168377E-03,-6.079771744E-03,-8.309049071E-05,-8.626419885E-03, 2.995765112E-03
       544, 4.999999929E+00, 1.811850290E-01, 1.979729714E-01, 3.523557965E-03, 5.236613169E-03, 5.150643170E-03,-3.487726485E-02,-1.281748964E-03,-1.467280148E-01, 1.542923490E-02
       545, 6.999999954E+00, 1.811850290E-01, 1.454608617E-01, 1.875524053E-03, 2.677222571E-03, 5.151232138E-03,-1.961945082E-02,-5.136880868E-04,-5.545645609E-02, 9.267825111E-03
       546, 8.999999951E+00, 1.811850317E-01, 1.143386067E-01, 1.152504575E-03, 1.615142563E-03, 5.143904499E-03,-1.232020881E-02,-2.503545802E-04,-2.645410686E-02, 5.959209192E-03
       547, 1.099999988E+01, 1.811850290E-01, 9.399255495E-02, 7.770507505E-04, 1.077971382E-03, 5.137104675E-03,-8.396400095E-03,-1.393937287E-04,-1.457803056E-02, 4.107648028E-03
       548, 1.299999997E+01, 1.811850290E-01, 7.971272246E-02, 5.583268830E-04, 7.697032322E-04, 5.131510157E-03,-6.070025444E-03,-8.523790348E-05,-8.855953382E-03, 2.988477706E-03
       549, 4.999999929E+00, 1.861030006E-01, 1.972435665E-01, 3.598679451E-03, 5.233439947E-03, 5.151172046E-03,-3.446267668E-02,-1.300771502E-03,-1.498554099E-01, 1.512487890E-02
       550, 6.999999954E+00, 1.861030006E-01, 1.451848011E-01, 1.920889520E-03, 2.676776877E-03, 5.152012028E-03,-1.950410668E-02,-5.245215851E-04,-5.679040848E-02, 9.182258244E-03
       551, 8.999999951E+00, 1.861030034E-01, 1.142068405E-01, 1.181731283E-03, 1.615045056E-03, 5.144519217E-03,-1.227688386E-02,-2.562449765E-04,-2.712190627E-02, 5.926930673E-03
       552, 1.099999988E+01, 1.861030006E-01, 9.391992021E-02, 7.972154339E-04, 1.077943552E-03, 5.137567506E-03,-8.376740931E-03,-1.428419338E-04,-1.495504808E-02, 4.092969616E-03
       553, 1.299999997E+01, 1.861030006E-01, 7.966858987E-02, 5.730052182E-04, 7.696937932E-04, 5.131863206E-03,-6.059882894E-03,-8.740523552E-05,-9.088188644E-03, 2.980895214E-03
       554, 4.999999929E+00, 1.910921536E-01, 1.964880374E-01, 3.673346151E-03, 5.229960811E-03, 5.151597983E-03,-3.403486012E-02,-1.318936995E-03,-1.529685670E-01, 1.481118959E-02
       555, 6.999999954E+00, 1.910921536E-01, 1.448980734E-01, 1.966476905E-03, 2.676285582E-03, 5.152787617E-03,-1.938454682E-02,-5.352735469E-04,-5.813075597E-02, 9.093614157E-03
       556, 8.999999951E+00, 1.910921564E-01, 1.140698208E-01, 1.211216846E-03, 1.614937112E-03, 5.145145409E-03,-1.223188766E-02,-2.621493696E-04,-2.779545185E-02, 5.893418694E-03
       557, 1.099999988E+01, 1.910921536E-01, 9.384434312E-02, 8.175972796E-04, 1.077912592E-03, 5.138043147E-03,-8.356302688E-03,-1.463132788E-04,-1.533603927E-02, 4.077713081E-03
       558, 1.299999997E+01, 1.910921536E-01, 7.962265300E-02, 5.878574044E-04, 7.696832257E-04, 5.132227616E-03,-6.049332120E-03,-8.959216737E-05,-9.323131280E-03, 2.973008855E-03
       559, 4.999999929E+00, 1.961535182E-01, 1.957058586E-01, 3.747481464E-03, 5.226153551E-03, 5.151908299E-03,-3.359368031E-02,-1.336187108E-03,-1.560651463E-01, 1.448804980E-02
       560, 6.999999954E+00, 1.961535182E-01, 1.446003966E-01, 2.012267391E-03, 2.675744987E-03, 5.153555703E-03,-1.926068052E-02,-5.459314500E-04,-5.947700487E-02, 9.001835224E-03
       561, 8.999999951E+00, 1.961535212E-01, 1.139273944E-01, 1.240956313E-03, 1.614817838E-03, 5.145782225E-03,-1.218517641E-02,-2.680643185E-04,-2.847463210E-02, 5.858642011E-03
       562, 1.099999988E+01, 1.961535182E-01, 9.376573366E-02, 8.381953819E-04, 1.077878222E-03, 5.138531445E-03,-8.335063084E-03,-1.498066822E-04,-1.572098447E-02, 4.061862207E-03
       563, 1.299999997E+01, 1.961535182E-01, 7.957485516E-02, 6.028838383E-04, 7.696714262E-04, 5.132603462E-03,-6.038360878E-03,-9.179834645E-05,-9.560785758E-03, 2.964809671E-03
       564, 4.999999929E+00, 2.012881397E-01, 1.948965085E-01, 3.821005936E-03, 5.221994849E-03, 5.152089498E-03,-3.313901326E-02,-1.352465510E-03,-1.591427573E-01, 1.415543914E-02
       565, 6.999999954E+00, 2.012881397E-01, 1.442914848E-01, 2.058241052E-03, 2.675151153E-03, 5.154312801E-03,-1.913241735E-02,-5.564821654E-04,-6.082863753E-02, 8.906846588E-03
       566, 8.999999951E+00, 2.012881427E-01, 1.137794048E-01, 1.270944280E-03, 1.614686280E-03, 5.146428705E-03,-1.213670578E-02,-2.739861841E-04,-2.915932679E-02, 5.822569267E-03
       567, 1.099999988E+01, 2.012881397E-01, 9.368399964E-02, 8.590086366E-04, 1.077840145E-03, 5.139032203E-03,-8.312999413E-03,-1.533209853E-04,-1.610986065E-02, 4.045400522E-03
       568, 1.299999997E+01, 2.012881397E-01, 7.952513817E-02, 6.180848224E-04, 7.696582837E-04, 5.132990799E-03,-6.026956649E-03,-9.402338605E-05,-9.801154921E-03, 2.956288482E-03
       569, 4.999999929E+00, 2.064970782E-01, 1.940594696E-01, 3.893836860E-03, 5.217460249E-03, 5.152127244E-03,-3.267074642E-02,-1.367711072E-03,-1.621989630E-01, 1.381330300E-02
       570, 6.999999954E+00, 2.064970782E-01, 1.439710485E-01, 2.104376681E-03, 2.674499897E-03, 5.155055125E-03,-1.899966734E-02,-5.669122462E-04,-6.218511217E-02, 8.808619590E-03
       571, 8.999999951E+00, 2.064970813E-01, 1.136256926E-01, 1.301174876E-03, 1.614541415E-03, 5.147083776E-03,-1.208643095E-02,-2.799111374E-04,-2.984940632E-02, 5.785168538E-03
       572, 1.099999988E+01, 2.064970782E-01, 9.359904668E-02, 8.800357309E-04, 1.077798041E-03, 5.139545175E-03,-8.290088554E-03,-1.568549489E-04,-1.650264097E-02, 4.028311320E-03
       573, 1.299999997E+01, 2.064970782E-01, 7.947344236E-02, 6.334605595E-04, 7.696436786E-04, 5.133389660E-03,-6.015106638E-03,-9.626686479E-05,-1.004423972E-02, 2.947435880E-03
       574, 4.999999929E+00, 2.117814095E-01, 1.931942295E-01, 3.965888346E-03, 5.212524149E-03, 5.152006332E-03,-3.218877939E-02,-1.381862333E-03,-1.652312835E-01, 1.346160962E-02
       575, 6.999999954E+00, 2.117814095E-01, 1.436387948E-01, 2.150652029E-03, 2.673786773E-03, 5.155778573E-03,-1.886234110E-02,-5.772071852E-04,-6.354586294E-02, 8.707055218E-03
       576, 8.999999951E+00, 2.117814126E-01, 1.134660949E-01, 1.331641738E-03, 1.614382151E-03, 5.147746238E-03,-1.203430659E-02,-2.858351146E-04,-3.054473138E-02, 5.746408416E-03
       577, 1.099999988E+01, 2.117814095E-01, 9.351077818E-02, 9.012751330E-04, 1.077751568E-03, 5.140070063E-03,-8.266306971E-03,-1.604072501E-04,-1.689929472E-02, 4.010577488E-03
       578, 1.299999997E+01, 2.117814095E-01, 7.941970649E-02, 6.490111467E-04, 7.696274824E-04, 5.133800055E-03,-6.002797769E-03,-9.852832437E-05,-1.029003940E-02, 2.938242279E-03
       579, 4.999999929E+00, 2.171422247E-01, 1.923002823E-01, 4.037071274E-03, 5.207159783E-03, 5.151710663E-03,-3.169302459E-02,-1.394856137E-03,-1.682371989E-01, 1.310033644E-02
       580, 6.999999954E+00, 2.171422247E-01, 1.432944274E-01, 2.197043724E-03, 2.673007064E-03, 5.156478708E-03,-1.872035000E-02,-5.873520248E-04,-6.491029951E-02, 8.602113408E-03
       581, 8.999999951E+00, 2.171422280E-01, 1.133004458E-01, 1.362337996E-03, 1.614207324E-03, 5.148414760E-03,-1.198028695E-02,-2.917538949E-04,-3.124515316E-02, 5.706253907E-03
       582, 1.099999988E+01, 2.171422247E-01, 9.341909527E-02, 9.227250810E-04, 1.077700356E-03, 5.140606508E-03,-8.241630720E-03,-1.639764802E-04,-1.729978736E-02, 3.992181954E-03
       583, 1.299999997E+01, 2.171422247E-01, 7.936386780E-02, 6.647365701E-04, 7.696095571E-04, 5.134221968E-03,-5.990016682E-03,-1.008072677E-04,-1.053855180E-02, 2.928697918E-03
       584, 4.999999929E+00, 2.225806310E-01, 1.913771289E-01, 4.107293284E-03, 5.201339206E-03, 5.151223214E-03,-3.118340788E-02,-1.406628096E-03,-1.712141524E-01, 1.272947392E-02
       585, 6.999999954E+00, 2.225806310E-01, 1.429376468E-01, 2.243526717E-03, 2.672155774E-03, 5.157150743E-03,-1.857360632E-02,-5.973317372E-04,-6.627780711E-02, 8.493757932E-03
       586, 8.999999951E+00, 2.225806343E-01, 1.131285764E-01, 1.393256223E-03, 1.614015690E-03, 5.149087867E-03,-1.192432585E-02,-2.976627877E-04,-3.195051332E-02, 5.664676860E-03
       587, 1.099999988E+01, 2.225806310E-01, 9.332389685E-02, 9.443835735E-04, 1.077644014E-03, 5.141154094E-03,-8.216035449E-03,-1.675611388E-04,-1.770408040E-02, 3.973106642E-03
       588, 1.299999997E+01, 2.225806310E-01, 7.930586194E-02, 6.806366979E-04, 7.695897549E-04, 5.134655355E-03,-5.976749738E-03,-1.031031554E-04,-1.078977330E-02, 2.918792916E-03
       589, 4.999999929E+00, 2.280977512E-01, 1.904242781E-01, 4.176458749E-03, 5.195033291E-03, 5.150526018E-03,-3.065986915E-02,-1.417112456E-03,-1.741595544E-01, 1.234902410E-02
       590, 6.999999954E+00, 2.280977512E-01, 1.425681508E-01, 2.290074754E-03, 2.671227610E-03, 5.157789518E-03,-1.842202340E-02,-6.071301663E-04,-6.764774638E-02, 8.381890826E-03
       591, 8.999999951E+00, 2.280977546E-01, 1.129503145E-01, 1.424388449E-03, 1.613805924E-03, 5.149763935E-03,-1.186637677E-02,-3.035574369E-04,-3.266064362E-02, 5.621644434E-03
       592, 1.099999988E+01, 2.280977512E-01, 9.322507950E-02, 9.662483522E-04, 1.077582120E-03, 5.141712335E-03,-8.189496409E-03,-1.711596338E-04,-1.811213119E-02, 3.953335354E-03
       593, 1.299999997E+01, 2.280977512E-01, 7.924562293E-02, 6.967112752E-04, 7.695679168E-04, 5.135100138E-03,-5.962983017E-03,-1.054154080E-04,-1.104369820E-02, 2.908517083E-03
       594, 4.999999929E+00, 2.336947247E-01, 1.894412476E-01, 4.244468754E-03, 5.188211726E-03, 5.149600138E-03,-3.012236287E-02,-1.426242238E-03,-1.770707859E-01, 1.195900160E-02
       595, 6.999999954E+00, 2.336947247E-01, 1.421856344E-01, 2.336660395E-03, 2.670216974E-03, 5.158389486E-03,-1.826551587E-02,-6.167306110E-04,-6.901945320E-02, 8.266490278E-03
       596, 8.999999951E+00, 2.336947282E-01, 1.127654849E-01, 1.455726230E-03, 1.613576613E-03, 5.150441181E-03,-1.180639282E-02,-3.094330297E-04,-3.337536526E-02, 5.577115421E-03
       597, 1.099999988E+01, 2.336947247E-01, 9.312253752E-02, 9.883169045E-04, 1.077514223E-03, 5.142280676E-03,-8.161988466E-03,-1.747702653E-04,-1.852389251E-02, 3.932844362E-03
       598, 1.299999997E+01, 2.336947247E-01, 7.918308317E-02, 7.129599158E-04, 7.695438729E-04, 5.135556211E-03,-5.948702318E-03,-1.077433965E-04,-1.130031848E-02, 2.897860292E-03
       599, 4.999999929E+00, 2.393727073E-01, 1.884275651E-01, 4.311221089E-03, 5.180843008E-03, 5.148425641E-03,-2.957085878E-02,-1.433949285E-03,-1.799452020E-01, 1.155943404E-02
       600, 6.999999954E+00, 2.393727073E-01, 1.417897898E-01, 2.383254682E-03, 2.669117951E-03, 5.158944693E-03,-1.810399980E-02,-6.261158331E-04,-7.039223874E-02, 8.147489151E-03
       601, 8.999999951E+00, 2.393727108E-01, 1.125739092E-01, 1.487260455E-03, 1.613326255E-03, 5.151117649E-03,-1.174432686E-02,-3.152836630E-04,-3.409448813E-02, 5.531069444E-03
       602, 1.099999988E+01, 2.393727073E-01, 9.301616286E-02, 1.010586392E-03, 1.077439844E-03, 5.142858485E-03,-8.133486108E-03,-1.783912771E-04,-1.893931249E-02, 3.911628424E-03
       603, 1.299999997E+01, 2.393727073E-01, 7.911817342E-02, 7.293820967E-04, 7.695174410E-04, 5.136023427E-03,-5.933893158E-03,-1.100864599E-04,-1.155962399E-02, 2.886810988E-03
       604, 4.999999929E+00, 2.451328714E-01, 1.873827691E-01, 4.376610240E-03, 5.172894453E-03, 5.146981581E-03,-2.900534257E-02,-1.440164343E-03,-1.827801362E-01, 1.115036286E-02
       605, 6.999999954E+00, 2.451328714E-01, 1.413803073E-01, 2.429827242E-03, 2.667924294E-03, 5.159448755E-03,-1.793739295E-02,-6.352679313E-04,-7.176538981E-02, 8.024840337E-03
       606, 8.999999951E+00, 2.451328750E-01, 1.123754062E-01, 1.518981283E-03, 1.613053252E-03, 5.151791203E-03,-1.168013150E-02,-3.211042248E-04,-3.481781152E-02, 5.483468802E-03
       607, 1.099999988E+01, 2.451328714E-01, 9.290584515E-02, 1.033053762E-03, 1.077358468E-03, 5.143445046E-03,-8.103963452E-03,-1.820207410E-04,-1.935833471E-02, 3.889652705E-03
       608, 1.299999997E+01, 2.451328714E-01, 7.905082272E-02, 7.459771401E-04, 7.694884259E-04, 5.136501603E-03,-5.918540768E-03,-1.124438353E-04,-1.182160278E-02, 2.875359795E-03
       609, 4.999999929E+00, 2.509764065E-01, 1.863064100E-01, 4.440527392E-03, 5.164332205E-03, 5.145245976E-03,-2.842581639E-02,-1.444817133E-03,-1.855729047E-01, 1.073184367E-02
       610, 6.999999954E+00, 2.509764065E-01, 1.409568752E-01, 2.476346216E-03, 2.666629419E-03, 5.159894845E-03,-1.776561487E-02,-6.441683871E-04,-7.313816910E-02, 7.898493414E-03
       611, 8.999999951E+00, 2.509764103E-01, 1.121697915E-01, 1.550878324E-03, 1.612755906E-03, 5.152459517E-03,-1.161375917E-02,-3.268892734E-04,-3.554512419E-02, 5.434275574E-03
       612, 1.099999988E+01, 2.509764065E-01, 9.279147167E-02, 1.055715717E-03, 1.077269548E-03, 5.144039557E-03,-8.073394251E-03,-1.856566236E-04,-1.978089800E-02, 3.866905923E-03
       613, 1.299999997E+01, 2.509764065E-01, 7.898095845E-02, 7.627442164E-04, 7.694566191E-04, 5.136990512E-03,-5.902630101E-03,-1.148148214E-04,-1.208624100E-02, 2.863496791E-03
       614, 4.999999929E+00, 2.569045194E-01, 1.851980509E-01, 4.502860439E-03, 5.155121250E-03, 5.143195790E-03,-2.783229943E-02,-1.447836421E-03,-1.883208105E-01, 1.030394651E-02
       615, 6.999999954E+00, 2.569045194E-01, 1.405191798E-01, 2.522778235E-03, 2.665226386E-03, 5.160275663E-03,-1.758858713E-02,-6.527980372E-04,-7.450981501E-02, 7.768401773E-03
       616, 8.999999951E+00, 2.569045233E-01, 1.119568779E-01, 1.582940554E-03, 1.612432413E-03, 5.153120060E-03,-1.154516216E-02,-3.326326473E-04,-3.627620371E-02, 5.383464620E-03
       617, 1.099999988E+01, 2.569045194E-01, 9.267292733E-02, 1.078568467E-03, 1.077172500E-03, 5.144641123E-03,-8.041751914E-03,-1.892968536E-04,-2.020693623E-02, 3.843377859E-03
       618, 1.299999997E+01, 2.569045194E-01, 7.890850623E-02, 7.796823861E-04, 7.694217975E-04, 5.137489880E-03,-5.886145833E-03,-1.171986476E-04,-1.235352233E-02, 2.851205967E-03
       619, 4.999999929E+00, 2.629184342E-01, 1.840572692E-01, 4.563493993E-03, 5.145225435E-03, 5.140806916E-03,-2.722482838E-02,-1.449150159E-03,-1.910211478E-01, 9.866755891E-03
       620, 6.999999954E+00, 2.629184342E-01, 1.400669063E-01, 2.569088379E-03, 2.663707893E-03, 5.160583425E-03,-1.740623356E-02,-6.611370696E-04,-7.587954181E-02, 7.634520158E-03
       621, 8.999999951E+00, 2.629184381E-01, 1.117364752E-01, 1.615156223E-03, 1.612080861E-03, 5.153770088E-03,-1.147429267E-02,-3.383281672E-04,-3.701081588E-02, 5.330999614E-03
       622, 1.099999988E+01, 2.629184342E-01, 9.255009467E-02, 1.101607947E-03, 1.077066700E-03, 5.145248747E-03,-8.009009524E-03,-1.929391844E-04,-2.063637794E-02, 3.819032189E-03
       623, 1.299999997E+01, 2.629184342E-01, 7.883338994E-02, 7.967905161E-04, 7.693837228E-04, 5.137999387E-03,-5.869072367E-03,-1.195942757E-04,-1.262342757E-02, 2.838481680E-03
       624, 4.999999929E+00, 2.690193927E-01, 1.828836571E-01, 4.622309410E-03, 5.134607498E-03, 5.138054163E-03,-2.660345808E-02,-1.448685471E-03,-1.936712059E-01, 9.420371046E-03
       625, 6.999999954E+00, 2.690193927E-01, 1.395997384E-01, 2.615240139E-03, 2.662066261E-03, 5.160809836E-03,-1.721848047E-02,-6.691650256E-04,-7.724654010E-02, 7.496806079E-03
       626, 8.999999951E+00, 2.690193968E-01, 1.115083905E-01, 1.647512871E-03, 1.611699220E-03, 5.154406627E-03,-1.140110290E-02,-3.439693149E-04,-3.774871438E-02, 5.276849149E-03
       627, 1.099999988E+01, 2.690193927E-01, 9.242285386E-02, 1.124829826E-03, 1.076951487E-03, 5.145861326E-03,-7.975139848E-03,-1.965812597E-04,-2.106914621E-02, 3.793863101E-03
       628, 1.299999997E+01, 2.690193927E-01, 7.875553171E-02, 8.140672349E-04, 7.693421404E-04, 5.138518657E-03,-5.851393828E-03,-1.220008250E-04,-1.289593493E-02, 2.825311268E-03
       629, 4.999999929E+00, 2.752086549E-01, 1.816768228E-01, 4.679184810E-03, 5.123229095E-03, 5.134911241E-03,-2.596826208E-02,-1.446369064E-03,-1.962682742E-01, 8.964904997E-03
       630, 6.999999954E+00, 2.752086549E-01, 1.391173594E-01, 2.661195382E-03, 2.660293427E-03, 5.160946072E-03,-1.702525687E-02,-6.768608062E-04,-7.860997754E-02, 7.355219684E-03
       631, 8.999999951E+00, 2.752086590E-01, 1.112724280E-01, 1.679997297E-03, 1.611285342E-03, 5.155026468E-03,-1.132554511E-02,-3.495493166E-04,-3.848964115E-02, 5.220980730E-03
       632, 1.099999988E+01, 2.752086549E-01, 9.229108271E-02, 1.148229365E-03, 1.076826153E-03, 5.146477644E-03,-7.940115350E-03,-2.002206038E-04,-2.150515876E-02, 3.767845349E-03
       633, 1.299999997E+01, 2.752086549E-01, 7.867485187E-02, 8.315110329E-04, 7.692967787E-04, 5.139047258E-03,-5.833094068E-03,-1.244173782E-04,-1.317102041E-02, 2.811679576E-03
       634, 4.999999929E+00, 2.814874987E-01, 1.804363920E-01, 4.733995115E-03, 5.111050842E-03, 5.131350753E-03,-2.531933317E-02,-1.442126406E-03,-1.988096458E-01, 8.500491775E-03
       635, 6.999999954E+00, 2.814874987E-01, 1.386194518E-01, 2.706914321E-03, 2.658380928E-03, 5.160982755E-03,-1.682649464E-02,-6.842026758E-04,-7.996899931E-02, 7.209723960E-03
       636, 8.999999951E+00, 2.814875029E-01, 1.110283893E-01, 1.712595532E-03, 1.610836951E-03, 5.155626145E-03,-1.124757164E-02,-3.550610988E-04,-3.923332665E-02, 5.163362713E-03
       637, 1.099999988E+01, 2.814874987E-01, 9.215465663E-02, 1.171801463E-03, 1.076689949E-03, 5.147096361E-03,-7.903908213E-03,-2.038546111E-04,-2.194432783E-02, 3.740960985E-03
       638, 1.299999997E+01, 2.814874987E-01, 7.859126894E-02, 8.491202268E-04, 7.692473478E-04, 5.139584697E-03,-5.814156672E-03,-1.268428360E-04,-1.344865763E-02, 2.797578931E-03
       639, 4.999999929E+00, 2.878572208E-01, 1.791620083E-01, 4.786612162E-03, 5.098032361E-03, 5.127344184E-03,-2.465678372E-02,-1.435884716E-03,-2.012926215E-01, 8.027301697E-03
       640, 6.999999954E+00, 2.878572208E-01, 1.381056981E-01, 2.752355475E-03, 2.656319898E-03, 5.160909935E-03,-1.662212879E-02,-6.911682536E-04,-8.132272829E-02, 7.060284709E-03
       641, 8.999999951E+00, 2.878572251E-01, 1.107760733E-01, 1.745292820E-03, 1.610351641E-03, 5.156201928E-03,-1.116713505E-02,-3.604972988E-04,-3.997948944E-02, 5.103963673E-03
       642, 1.099999988E+01, 2.878572208E-01, 9.201344867E-02, 1.195540626E-03, 1.076542077E-03, 5.147716010E-03,-7.866490352E-03,-2.074805441E-04,-2.238655993E-02, 3.713189859E-03
       643, 1.299999997E+01, 2.878572208E-01, 7.850469964E-02, 8.668929124E-04, 7.691935389E-04, 5.140130414E-03,-5.794564968E-03,-1.292760929E-04,-1.372881724E-02, 2.782995392E-03
       644, 4.999999929E+00, 2.943191364E-01, 1.778533349E-01, 4.836904809E-03, 5.084132331E-03, 5.122861899E-03,-2.398080299E-02,-1.427565765E-03,-2.037151376E-01, 7.545476830E-03
       645, 6.999999954E+00, 2.943191364E-01, 1.375757812E-01, 2.797475643E-03, 2.654101050E-03, 5.160717070E-03,-1.641209766E-02,-6.977345094E-04,-8.267026548E-02, 6.906870767E-03
       646, 8.999999951E+00, 2.943191408E-01, 1.105152766E-01, 1.778073590E-03, 1.609826870E-03, 5.156749806E-03,-1.108418811E-02,-3.658502565E-04,-4.072783542E-02, 5.042752597E-03
       647, 1.099999988E+01, 2.943191364E-01, 9.186732953E-02, 1.219440958E-03, 1.076381689E-03, 5.148334988E-03,-7.827833449E-03,-2.110955287E-04,-2.283175544E-02, 3.684512497E-03
       648, 1.299999997E+01, 2.943191364E-01, 7.841505883E-02, 8.848269771E-04, 7.691350227E-04, 5.140683782E-03,-5.774302028E-03,-1.317159650E-04,-1.401146653E-02, 2.767917334E-03
       649, 4.999999929E+00, 3.008745801E-01, 1.765100553E-01, 4.884738566E-03, 5.069308534E-03, 5.117873132E-03,-2.329142054E-02,-1.417095062E-03,-2.060731540E-01, 7.055164814E-03
       650, 6.999999954E+00, 3.008745801E-01, 1.370293842E-01, 2.842229863E-03, 2.651714676E-03, 5.160392997E-03,-1.619634324E-02,-7.038777750E-04,-8.401069087E-02, 6.749454393E-03
       651, 8.999999951E+00, 3.008745846E-01, 1.102457932E-01, 1.810921427E-03, 1.609259949E-03, 5.157265474E-03,-1.099868396E-02,-3.711120077E-04,-4.147805764E-02, 4.979698779E-03
       652, 1.099999988E+01, 3.008745801E-01, 9.171616755E-02, 1.243496145E-03, 1.076207885E-03, 5.148951543E-03,-7.787908971E-03,-2.146965509E-04,-2.327980852E-02, 3.654908980E-03
       653, 1.299999997E+01, 3.008745801E-01, 7.832225953E-02, 9.029200854E-04, 7.690714486E-04, 5.141244095E-03,-5.753350672E-03,-1.341612078E-04,-1.429656962E-02, 2.752332302E-03
       654, 4.999999929E+00, 3.075249055E-01, 1.751318746E-01, 4.929976012E-03, 5.053517952E-03, 5.112345998E-03,-2.258882896E-02,-1.404400872E-03,-2.083638928E-01, 6.556578364E-03
       655, 6.999999954E+00, 3.075249055E-01, 1.364661918E-01, 2.886571393E-03, 2.649150631E-03, 5.159925919E-03,-1.597481135E-02,-7.095737613E-04,-8.534306442E-02, 6.588011511E-03
       656, 8.999999951E+00, 3.075249101E-01, 1.099674149E-01, 1.843819049E-03, 1.608648047E-03, 5.157744316E-03,-1.091057613E-02,-3.762742750E-04,-4.222983682E-02, 4.914772054E-03
       657, 1.099999988E+01, 3.075249055E-01, 9.155982874E-02, 1.267699437E-03, 1.076019712E-03, 5.149563774E-03,-7.746688189E-03,-2.182804536E-04,-2.373060720E-02, 3.624359414E-03
       658, 1.299999997E+01, 3.075249055E-01, 7.822621291E-02, 9.211696714E-04, 7.690024436E-04, 5.141810568E-03,-5.731693467E-03,-1.366105038E-04,-1.458408798E-02, 2.736227992E-03
       659, 4.999999929E+00, 3.142714859E-01, 1.737185211E-01, 4.972476947E-03, 5.036716839E-03, 5.106247502E-03,-2.187334447E-02,-1.389410603E-03,-2.105868327E-01, 6.049954608E-03
       660, 6.999999954E+00, 3.142714859E-01, 1.358858898E-01, 2.930451675E-03, 2.646398329E-03, 5.159303379E-03,-1.574745188E-02,-7.147975693E-04,-8.666642704E-02, 6.422521787E-03
       661, 8.999999951E+00, 3.142714906E-01, 1.096799314E-01, 1.876748279E-03, 1.607988173E-03, 5.158181394E-03,-1.081981867E-02,-3.813284643E-04,-4.298284173E-02, 4.847943030E-03
       662, 1.099999988E+01, 3.142714859E-01, 9.139817677E-02, 1.292043629E-03, 1.075816158E-03, 5.150169611E-03,-7.704142200E-03,-2.218439310E-04,-2.418403334E-02, 3.592843829E-03
       663, 1.299999997E+01, 3.142714859E-01, 7.812682825E-02, 9.395729281E-04, 7.689276108E-04, 5.142382331E-03,-5.709312749E-03,-1.390624617E-04,-1.487398026E-02, 2.719591904E-03
       664, 4.999999929E+00, 3.211157144E-01, 1.722697463E-01, 5.012098545E-03, 5.018860768E-03, 5.099543519E-03,-2.114510305E-02,-1.372049981E-03,-2.127384496E-01, 5.535546060E-03
       665, 6.999999954E+00, 3.211157144E-01, 1.352881659E-01, 2.973820313E-03, 2.643446737E-03, 5.158512239E-03,-1.551421899E-02,-7.195236881E-04,-8.797980097E-02, 6.252968628E-03
       666, 8.999999951E+00, 3.211157192E-01, 1.093831300E-01, 1.909690023E-03, 1.607277180E-03, 5.158571427E-03,-1.072636618E-02,-3.862656629E-04,-4.373672883E-02, 4.779183090E-03
       667, 1.099999988E+01, 3.211157144E-01, 9.123107306E-02, 1.316521051E-03, 1.075596149E-03, 5.150766817E-03,-7.660241963E-03,-2.253835248E-04,-2.463996234E-02, 3.560342331E-03
       668, 1.299999997E+01, 3.211157144E-01, 7.802401294E-02, 9.581267976E-04, 7.688465282E-04, 5.142958422E-03,-5.686190624E-03,-1.415156138E-04,-1.516620157E-02, 2.702411387E-03
       669, 4.999999929E+00, 3.280590044E-01, 1.707853273E-01, 5.048695344E-03, 4.999904740E-03, 5.092198819E-03,-2.040435077E-02,-1.352240485E-03,-2.148154955E-01, 5.013576058E-03
       670, 6.999999954E+00, 3.280590044E-01, 1.346727102E-01, 3.016625047E-03, 2.640284367E-03, 5.157538659E-03,-1.527507141E-02,-7.237259966E-04,-8.928219048E-02, 6.079339389E-03
       671, 8.999999951E+00, 3.280590093E-01, 1.090767965E-01, 1.942624238E-03, 1.606511752E-03, 5.158908778E-03,-1.063017394E-02,-3.910766381E-04,-4.449114158E-02, 4.708464296E-03
       672, 1.099999988E+01, 3.280590044E-01, 9.105837674E-02, 1.341123542E-03, 1.075358552E-03, 5.151352966E-03,-7.614958331E-03,-2.288956201E-04,-2.509826277E-02, 3.526835068E-03
       673, 1.299999997E+01, 3.280590044E-01, 7.791767251E-02, 9.768279588E-04, 7.687587474E-04, 5.143537782E-03,-5.662308985E-03,-1.439684172E-04,-1.546070312E-02, 2.684673573E-03
       674, 4.999999929E+00, 3.351027897E-01, 1.692650666E-01, 5.082119056E-03, 4.979803291E-03, 5.084177081E-03,-1.965135189E-02,-1.329910517E-03,-2.168158959E-01, 4.484300138E-03
       675, 6.999999954E+00, 3.351027897E-01, 1.340392157E-01, 3.058811726E-03, 2.636899272E-03, 5.156368081E-03,-1.502997271E-02,-7.273777868E-04,-9.057258311E-02, 5.901625811E-03
       676, 8.999999951E+00, 3.351027947E-01, 1.087607148E-01, 1.975529910E-03, 1.605688404E-03, 5.159187438E-03,-1.053119800E-02,-3.957518299E-04,-4.524571040E-02, 4.635759383E-03
       677, 1.099999988E+01, 3.351027897E-01, 9.087994472E-02, 1.365842442E-03, 1.075102165E-03, 5.151925445E-03,-7.568262083E-03,-2.323764416E-04,-2.555879626E-02, 3.492302185E-03
       678, 1.299999997E+01, 3.351027897E-01, 7.780771057E-02, 9.956728170E-04, 7.686637924E-04, 5.144119248E-03,-5.637649509E-03,-1.464192490E-04,-1.575743245E-02, 2.666365504E-03
       679, 4.999999929E+00, 3.422485248E-01, 1.677087946E-01, 5.112219091E-03, 4.958510596E-03, 5.075440909E-03,-1.888639121E-02,-1.304988407E-03,-2.187371860E-01, 3.948018789E-03
       680, 6.999999954E+00, 3.422485248E-01, 1.333873786E-01, 3.100324294E-03, 2.633279045E-03, 5.154985201E-03,-1.477889154E-02,-7.304517923E-04,-9.184995107E-02, 5.719824276E-03
       681, 8.999999951E+00, 3.422485299E-01, 1.084346671E-01, 2.008385026E-03, 1.604803471E-03, 5.159401008E-03,-1.042939527E-02,-4.002813434E-04,-4.600005321E-02, 4.561041990E-03
       682, 1.099999988E+01, 3.422485248E-01, 9.069563170E-02, 1.390668564E-03, 1.074825718E-03, 5.152481434E-03,-7.520123950E-03,-2.358220515E-04,-2.602141772E-02, 3.456723871E-03
       683, 1.299999997E+01, 3.422485248E-01, 7.769402886E-02, 1.014657492E-03, 7.685611578E-04, 5.144701546E-03,-5.612193670E-03,-1.488664034E-04,-1.605633393E-02, 2.647474206E-03
       684, 4.999999929E+00, 3.494976853E-01, 1.661163695E-01, 5.138842539E-03, 4.935980583E-03, 5.065951848E-03,-1.810977661E-02,-1.277402903E-03,-2.205769484E-01, 3.405031603E-03
       685, 6.999999954E+00, 3.494976853E-01, 1.327168989E-01, 3.141104769E-03, 2.629410811E-03, 5.153373955E-03,-1.452180182E-02,-7.329202101E-04,-9.311325247E-02, 5.533935854E-03
       686, 8.999999951E+00, 3.494976905E-01, 1.080984341E-01, 2.041166548E-03, 1.603853107E-03, 5.159542682E-03,-1.032472361E-02,-4.046549473E-04,-4.675377614E-02, 4.484286941E-03
       687, 1.099999988E+01, 3.494976853E-01, 9.050529025E-02, 1.415592184E-03, 1.074527868E-03, 5.153017898E-03,-7.470514646E-03,-2.392283431E-04,-2.648597523E-02, 3.420080410E-03
       688, 1.299999997E+01, 3.494976853E-01, 7.757652718E-02, 1.033777808E-03, 7.684503074E-04, 5.145283287E-03,-5.585922754E-03,-1.513080865E-04,-1.635734868E-02, 2.627986671E-03
       689, 4.999999929E+00, 3.568517682E-01, 1.644876792E-01, 5.161834349E-03, 4.912167056E-03, 5.055670413E-03,-1.732183926E-02,-1.247083985E-03,-2.223328179E-01, 2.855661674E-03
       690, 6.999999954E+00, 3.568517682E-01, 1.320274808E-01, 3.181093229E-03, 2.625281234E-03, 5.151517500E-03,-1.425868296E-02,-7.347547063E-04,-9.436143205E-02, 5.343966271E-03
       691, 8.999999951E+00, 3.568517735E-01, 1.077517955E-01, 2.073850389E-03, 1.602833275E-03, 5.159605231E-03,-1.021714194E-02,-4.088620751E-04,-4.750647316E-02, 4.405470243E-03
       692, 1.099999988E+01, 3.568517682E-01, 9.030877082E-02, 1.440603017E-03, 1.074207198E-03, 5.153531578E-03,-7.419404913E-03,-2.425910379E-04,-2.695230988E-02, 3.382352307E-03
       693, 1.299999997E+01, 3.568517682E-01, 7.745510349E-02, 1.053029280E-03, 7.683306730E-04, 5.145862955E-03,-5.558817877E-03,-1.537424154E-04,-1.666041373E-02, 2.607889745E-03
       694, 4.999999929E+00, 3.643122920E-01, 1.628226421E-01, 5.181037479E-03, 4.887023827E-03, 5.044556112E-03,-1.652293379E-02,-1.213963009E-03,-2.240024855E-01, 2.300246367E-03
       695, 6.999999954E+00, 3.643122920E-01, 1.313188334E-01, 3.220227795E-03, 2.620876510E-03, 5.149398193E-03,-1.398952020E-02,-7.359264247E-04,-9.559342210E-02, 5.149926106E-03
       696, 8.999999951E+00, 3.643122975E-01, 1.073945297E-01, 2.106411384E-03, 1.601739744E-03, 5.159580983E-03,-1.010661034E-02,-4.128918265E-04,-4.825772558E-02, 4.324568988E-03
       697, 1.099999988E+01, 3.643122920E-01, 9.010592183E-02, 1.465690201E-03, 1.073862213E-03, 5.154018975E-03,-7.366765564E-03,-2.459056810E-04,-2.742025531E-02, 3.343520271E-03
       698, 1.299999997E+01, 3.643122920E-01, 7.732965382E-02, 1.072407103E-03, 7.682016522E-04, 5.146438905E-03,-5.530859997E-03,-1.561674186E-04,-1.696546167E-02, 2.587170106E-03
       699, 4.999999929E+00, 3.718807975E-01, 1.611212084E-01, 5.196293054E-03, 4.860504861E-03, 5.032567478E-03,-1.571343864E-02,-1.177973166E-03,-2.255837010E-01, 1.739144316E-03
       700, 6.999999954E+00, 3.718807975E-01, 1.305906713E-01, 3.258444627E-03, 2.616182373E-03, 5.146997574E-03,-1.371430484E-02,-7.364060260E-04,-9.680814397E-02, 4.951831270E-03
       701, 8.999999951E+00, 3.718808030E-01, 1.070264143E-01, 2.138823272E-03, 1.600568083E-03, 5.159461806E-03,-9.993090180E-03,-4.167329619E-04,-4.900710200E-02, 4.241561328E-03
       702, 1.099999988E+01, 3.718807975E-01, 8.989658970E-02, 1.490842279E-03, 1.073491335E-03, 5.154476340E-03,-7.312567523E-03,-2.491676384E-04,-2.788963773E-02, 3.303565163E-03
       703, 1.299999997E+01, 3.718807975E-01, 7.720007233E-02, 1.091906137E-03, 7.680626073E-04, 5.147009351E-03,-5.502029923E-03,-1.585810324E-04,-1.727242090E-02, 2.565814403E-03
       704, 4.999999929E+00, 3.795588474E-01, 1.593833610E-01, 5.207440599E-03, 4.832564420E-03, 5.019662108E-03,-1.489375635E-02,-1.139049710E-03,-2.270742766E-01, 1.172735032E-03
       705, 6.999999954E+00, 3.795588474E-01, 1.298427147E-01, 3.295677910E-03, 2.611184101E-03, 5.144296353E-03,-1.343303450E-02,-7.361637257E-04,-9.800450980E-02, 4.749703306E-03
       706, 8.999999951E+00, 3.795588530E-01, 1.066472262E-01, 2.171058660E-03, 1.599313655E-03, 5.159239092E-03,-9.876544189E-03,-4.203738964E-04,-4.975415913E-02, 4.156426750E-03
       707, 1.099999988E+01, 3.795588474E-01, 8.968061892E-02, 1.516047176E-03, 1.073092901E-03, 5.154899662E-03,-7.256781863E-03,-2.523720955E-04,-2.836027614E-02, 3.262468055E-03
       708, 1.299999997E+01, 3.795588474E-01, 7.706625131E-02, 1.111520895E-03, 7.679128633E-04, 5.147572360E-03,-5.472308326E-03,-1.609810963E-04,-1.758121622E-02, 2.543809346E-03
       709, 4.999999929E+00, 3.873480273E-01, 1.576091165E-01, 5.214318219E-03, 4.803157222E-03, 5.005796696E-03,-1.406431365E-02,-1.097129693E-03,-2.284720911E-01, 6.014109071E-04
       710, 6.999999954E+00, 3.873480273E-01, 1.290746905E-01, 3.331859861E-03, 2.605866518E-03, 5.141274391E-03,-1.314571330E-02,-7.351693433E-04,-9.918142413E-02, 4.543569346E-03
       711, 8.999999951E+00, 3.873480330E-01, 1.062567417E-01, 2.203089010E-03, 1.597971613E-03, 5.158903736E-03,-9.756936611E-03,-4.238027020E-04,-5.049844266E-02, 4.069146387E-03
       712, 1.099999988E+01, 3.873480273E-01, 8.945785213E-02, 1.541292185E-03, 1.072665160E-03, 5.155284654E-03,-7.199379839E-03,-2.555140508E-04,-2.883198231E-02, 3.220210281E-03
       713, 1.299999997E+01, 3.873480273E-01, 7.692808121E-02, 1.131245534E-03, 7.677517060E-04, 5.148125841E-03,-5.441675762E-03,-1.633653482E-04,-1.789176868E-02, 2.521141691E-03
       714, 4.999999929E+00, 3.952499456E-01, 1.557985266E-01, 5.216762784E-03, 4.772238662E-03, 4.990927059E-03,-1.322556140E-02,-1.052152615E-03,-2.297750945E-01, 2.558407404E-05
       715, 6.999999954E+00, 3.952499456E-01, 1.282863326E-01, 3.366920721E-03, 2.600214001E-03, 5.137910687E-03,-1.285235204E-02,-7.333922723E-04,-1.003377847E-01, 4.333461937E-03
       716, 8.999999951E+00, 3.952499515E-01, 1.058547373E-01, 2.234884606E-03, 1.596536892E-03, 5.158446118E-03,-9.634233286E-03,-4.270071123E-04,-5.123948704E-02, 3.979703018E-03
       717, 1.099999988E+01, 3.952499456E-01, 8.922813020E-02, 1.566563940E-03, 1.072206270E-03, 5.155626739E-03,-7.140332953E-03,-2.585883132E-04,-2.930456063E-02, 3.176773598E-03
       718, 1.299999997E+01, 3.952499456E-01, 7.678545059E-02, 1.151073834E-03, 7.675783806E-04, 5.148667542E-03,-5.410112700E-03,-1.657314230E-04,-1.820399483E-02, 2.497798108E-03
       719, 4.999999929E+00, 4.032662342E-01, 1.539516790E-01, 5.214610201E-03, 4.739765060E-03, 4.975008134E-03,-1.237797456E-02,-1.004060842E-03,-2.309813120E-01,-5.543110856E-04
       720, 6.999999954E+00, 4.032662342E-01, 1.274773827E-01, 3.400788761E-03, 2.594210495E-03, 5.134183364E-03,-1.255296858E-02,-7.308015964E-04,-1.014724837E-01, 4.119418348E-03
       721, 8.999999951E+00, 4.032662402E-01, 1.054409890E-01, 2.266414542E-03, 1.595004209E-03, 5.157856086E-03,-9.508401777E-03,-4.299745279E-04,-5.197681504E-02, 3.888080950E-03
       722, 1.099999988E+01, 4.032662342E-01, 8.899129229E-02, 1.591848405E-03, 1.071714293E-03, 5.155921036E-03,-7.079612998E-03,-2.615894986E-04,-2.977780774E-02, 3.132140160E-03
       723, 1.299999997E+01, 4.032662342E-01, 7.663824625E-02, 1.170999192E-03, 7.673920894E-04, 5.149195032E-03,-5.377599534E-03,-1.680768544E-04,-1.851780620E-02, 2.473765163E-03
       724, 4.999999929E+00, 4.113985483E-01, 1.520686984E-01, 5.207695651E-03, 4.705693731E-03, 4.957994060E-03,-1.152205227E-02,-9.527991970E-04,-2.320888453E-01,-1.137830801E-03
       725, 6.999999954E+00, 4.113985483E-01, 1.266475904E-01, 3.433390280E-03, 2.587839522E-03, 5.130069659E-03,-1.224758804E-02,-7.273658646E-04,-1.025844091E-01, 3.901484624E-03
       726, 8.999999951E+00, 4.113985544E-01, 1.050152734E-01, 2.297646689E-03, 1.593368056E-03, 5.157122936E-03,-9.379411507E-03,-4.326920137E-04,-5.270993787E-02, 3.794265990E-03
       727, 1.099999988E+01, 4.113985483E-01, 8.874717598E-02, 1.617130849E-03, 1.071187192E-03, 5.156162349E-03,-7.017192118E-03,-2.645120280E-04,-3.025151250E-02, 3.086292466E-03
       728, 1.299999997E+01, 4.113985483E-01, 7.648635314E-02, 1.191014602E-03, 7.671919902E-04, 5.149705701E-03,-5.344116598E-03,-1.703990707E-04,-1.883310972E-02, 2.449029467E-03
       729, 4.999999929E+00, 4.196485673E-01, 1.501497474E-01, 5.195853786E-03, 4.669983008E-03, 4.939838320E-03,-1.065831890E-02,-8.983163372E-04,-2.330958723E-01,-1.724499184E-03
       730, 6.999999954E+00, 4.196485673E-01, 1.257967144E-01, 3.464649667E-03, 2.581084195E-03, 5.125545913E-03,-1.193624305E-02,-7.230541302E-04,-1.036724672E-01, 3.679720549E-03
       731, 8.999999951E+00, 4.196485735E-01, 1.045773675E-01, 2.328547679E-03, 1.591622696E-03, 5.156235396E-03,-9.247233870E-03,-4.351462954E-04,-5.343835621E-02, 3.698245742E-03
       732, 1.099999988E+01, 4.196485673E-01, 8.849561732E-02, 1.642395828E-03, 1.070622828E-03, 5.156345150E-03,-6.953042846E-03,-2.673501268E-04,-3.072545641E-02, 3.039213428E-03
       733, 1.299999997E+01, 4.196485673E-01, 7.632965447E-02, 1.211112644E-03, 7.669771940E-04, 5.150196741E-03,-5.309644183E-03,-1.726953904E-04,-1.914980828E-02, 2.423577801E-03
       734, 4.999999929E+00, 4.280179948E-01, 1.481950278E-01, 5.178919182E-03, 4.632592491E-03, 4.920493813E-03,-9.787322541E-03,-8.405640439E-04,-2.340006521E-01,-2.313864781E-03
       735, 6.999999954E+00, 4.280179948E-01, 1.249245230E-01, 3.494489426E-03, 2.573927234E-03, 5.120587558E-03,-1.161899624E-02,-7.178331930E-04,-1.047357193E-01, 3.454174162E-03
       736, 8.999999951E+00, 4.280180012E-01, 1.041270492E-01, 2.359082883E-03, 1.589762159E-03, 5.155181603E-03,-9.111842349E-03,-4.373237664E-04,-5.416156120E-02, 3.600009957E-03
       737, 1.099999988E+01, 4.280179948E-01, 8.823645097E-02, 1.667627163E-03, 1.070018957E-03, 5.156463562E-03,-6.887138150E-03,-2.700978192E-04,-3.119941358E-02, 2.990886429E-03
       738, 1.299999997E+01, 4.280179948E-01, 7.616803171E-02, 1.231285469E-03, 7.667467633E-04, 5.150665144E-03,-5.274162567E-03,-1.749630163E-04,-1.946780070E-02, 2.397397093E-03
       739, 4.999999929E+00, 4.365085591E-01, 1.462047815E-01, 5.156726268E-03, 4.593483347E-03, 4.899912870E-03,-8.909638101E-03,-7.795094580E-04,-2.348014995E-01,-2.905291872E-03
       740, 6.999999954E+00, 4.365085591E-01, 1.240307944E-01, 3.522829990E-03, 2.566350984E-03, 5.115169114E-03,-1.129584818E-02,-7.116706777E-04,-1.057726018E-01, 3.224899304E-03
       741, 8.999999951E+00, 4.365085656E-01, 1.036640973E-01, 2.389216391E-03, 1.587780240E-03, 5.153949089E-03,-8.973212637E-03,-4.392104966E-04,-5.487903448E-02, 3.499550530E-03
       742, 1.099999988E+01, 4.365085591E-01, 8.796951030E-02, 1.692807923E-03, 1.069373225E-03, 5.156511350E-03,-6.819451504E-03,-2.727489265E-04,-3.167315067E-02, 2.941295508E-03
       743, 1.299999997E+01, 4.365085591E-01, 7.600136462E-02, 1.251524786E-03, 7.664997099E-04, 5.151107685E-03,-5.237652047E-03,-1.771990346E-04,-1.978698083E-02, 2.370474270E-03
       744, 4.999999929E+00, 4.451220135E-01, 1.441792918E-01, 5.129111672E-03, 4.552618521E-03, 4.878047318E-03,-8.025860012E-03,-7.151804544E-04,-2.354968487E-01,-3.498503192E-03
       745, 6.999999954E+00, 4.451220135E-01, 1.231153175E-01, 3.549589945E-03, 2.558337446E-03, 5.109264185E-03,-1.096686154E-02,-7.045359907E-04,-1.067818859E-01, 2.991970370E-03
       746, 8.999999951E+00, 4.451220201E-01, 1.031882923E-01, 2.418911001E-03, 1.585670496E-03, 5.152524762E-03,-8.831322767E-03,-4.407922440E-04,-5.559024779E-02, 3.396861357E-03
       747, 1.099999988E+01, 4.451220135E-01, 8.769462751E-02, 1.717920405E-03, 1.068683167E-03, 5.156481899E-03,-6.749956953E-03,-2.752970648E-04,-3.214642653E-02, 2.890425332E-03
       748, 1.299999997E+01, 4.451220135E-01, 7.582953129E-02, 1.271821843E-03, 7.662349926E-04, 5.151520914E-03,-5.200092963E-03,-1.794004185E-04,-2.010723714E-02, 2.342796232E-03
       749, 4.999999929E+00, 4.538601367E-01, 1.421188837E-01, 5.095911116E-03, 4.509962946E-03, 4.854848562E-03,-7.136609128E-03,-6.473179037E-04,-2.360852480E-01,-4.092831306E-03
       750, 6.999999954E+00, 4.538601367E-01, 1.221778929E-01, 3.574686017E-03, 2.549868299E-03, 5.102845460E-03,-1.063214640E-02,-6.963984070E-04,-1.077632775E-01, 2.755469908E-03
       751, 8.999999951E+00, 4.538601435E-01, 1.026994160E-01, 2.448128191E-03, 1.583426244E-03, 5.150894886E-03,-8.686153252E-03,-4.420544555E-04,-5.629466324E-02, 3.291938294E-03
       752, 1.099999988E+01, 4.538601367E-01, 8.741163375E-02, 1.742946114E-03, 1.067946201E-03, 5.156368204E-03,-6.678629173E-03,-2.777356446E-04,-3.261899231E-02, 2.838261148E-03
       753, 1.299999997E+01, 4.538601367E-01, 7.565240820E-02, 1.292167415E-03, 7.659515154E-04, 5.151901146E-03,-5.161465713E-03,-1.815640234E-04,-2.042845307E-02, 2.314350032E-03
       754, 4.999999929E+00, 4.627247331E-01, 1.400239251E-01, 5.056955584E-03, 4.465483774E-03, 4.830267653E-03,-6.242538090E-03,-5.759467782E-04,-2.365652758E-01,-4.687457830E-03
       755, 6.999999954E+00, 4.627247331E-01, 1.212183333E-01, 3.598033208E-03, 2.540924917E-03, 5.095884702E-03,-1.029174614E-02,-6.872255720E-04,-1.087154121E-01, 2.515494363E-03
       756, 8.999999951E+00, 4.627247400E-01, 1.021972525E-01, 2.476828110E-03, 1.581040558E-03, 5.149045067E-03,-8.537687216E-03,-4.429822661E-04,-5.699173448E-02, 3.184779481E-03
       757, 1.099999988E+01, 4.627247331E-01, 8.712035925E-02, 1.767865742E-03, 1.067159625E-03, 5.156162848E-03,-6.605443518E-03,-2.800578716E-04,-3.309059189E-02, 2.784788842E-03
       758, 1.299999997E+01, 4.627247331E-01, 7.546987026E-02, 1.312551789E-03, 7.656481252E-04, 5.152244446E-03,-5.121750774E-03,-1.836865822E-04,-2.075050779E-02, 2.285123020E-03
       759, 4.999999929E+00, 4.717176332E-01, 1.378948282E-01, 5.012084117E-03, 4.419150590E-03, 4.804255383E-03,-5.344324977E-03,-5.013082362E-04,-2.369355954E-01,-5.282312023E-03
       760, 6.999999954E+00, 4.717176332E-01, 1.202364639E-01, 3.619544792E-03, 2.531488404E-03, 5.088352746E-03,-9.945746489E-03,-6.769835045E-04,-1.096368146E-01, 2.272125043E-03
       761, 8.999999951E+00, 4.717176402E-01, 1.016815882E-01, 2.504969562E-03, 1.578506269E-03, 5.146960232E-03,-8.385910502E-03,-4.435605120E-04,-5.768090798E-02, 3.075385721E-03
       762, 1.099999988E+01, 4.717176332E-01, 8.682063349E-02, 1.792659151E-03, 1.066320616E-03, 5.155857993E-03,-6.530376078E-03,-2.822567421E-04,-3.356096203E-02, 2.729995020E-03
       763, 1.299999997E+01, 4.717176332E-01, 7.528179085E-02, 1.332964747E-03, 7.653236093E-04, 5.152546618E-03,-5.080928744E-03,-1.857646997E-04,-2.107327612E-02, 2.255102824E-03
       764, 4.999999929E+00, 4.808406941E-01, 1.357320501E-01, 4.961142709E-03, 4.370935637E-03, 4.776762355E-03,-4.442662855E-03,-4.231889778E-04,-2.371949839E-01,-5.876504416E-03
       765, 6.999999954E+00, 4.808406941E-01, 1.192321235E-01, 3.639132160E-03, 2.521539635E-03, 5.080219516E-03,-9.594238048E-03,-6.656406679E-04,-1.105266047E-01, 2.025454399E-03
       766, 8.999999951E+00, 4.808407013E-01, 1.011522121E-01, 2.532509995E-03, 1.575815966E-03, 5.144624617E-03,-8.230811805E-03,-4.437737458E-04,-5.836162317E-02, 2.963760471E-03
       767, 1.099999988E+01, 4.808406941E-01, 8.651228530E-02, 1.817305354E-03, 1.065426225E-03, 5.155445357E-03,-6.453403758E-03,-2.843250426E-04,-3.402983229E-02, 2.673867207E-03
       768, 1.299999997E+01, 4.808406941E-01, 7.508804190E-02, 1.353395555E-03, 7.649766937E-04, 5.152803195E-03,-5.038980380E-03,-1.877948514E-04,-2.139662764E-02, 2.224277173E-03
       769, 4.999999929E+00, 4.900957997E-01, 1.335360939E-01, 4.903972612E-03, 4.320814052E-03, 4.747739087E-03,-3.538266215E-03,-3.415362184E-04,-2.373423367E-01,-6.469343292E-03
       770, 6.999999954E+00, 4.900957997E-01, 1.182051649E-01, 3.656705105E-03, 2.511059285E-03, 5.071454024E-03,-9.237320844E-03,-6.531653698E-04,-1.113837078E-01, 1.775594429E-03
       771, 8.999999951E+00, 4.900958070E-01, 1.006089162E-01, 2.559405490E-03, 1.572961994E-03, 5.142021745E-03,-8.072382807E-03,-4.436062544E-04,-5.903331212E-02, 2.849909678E-03
       772, 1.099999988E+01, 4.900957997E-01, 8.619514306E-02, 1.841782494E-03, 1.064473373E-03, 5.154916202E-03,-6.374504353E-03,-2.862553495E-04,-3.449692480E-02, 2.616393827E-03
       773, 1.299999997E+01, 4.900957997E-01, 7.488849393E-02, 1.373832939E-03, 7.646060404E-04, 5.153009423E-03,-4.995886626E-03,-1.897733897E-04,-2.172042624E-02, 2.192633875E-03
       774, 4.999999929E+00, 4.994848611E-01, 1.313075088E-01, 4.840416793E-03, 4.268764101E-03, 4.717136104E-03,-2.631883076E-03,-2.563982802E-04,-2.373766252E-01,-7.060432180E-03
       775, 6.999999954E+00, 4.994848611E-01, 1.171554556E-01, 3.672171785E-03, 2.500027873E-03, 5.062024377E-03,-8.875104312E-03,-6.395259337E-04,-1.122070601E-01, 1.522656170E-03
       776, 8.999999951E+00, 4.994848686E-01, 1.000514960E-01, 2.585610753E-03, 1.569936457E-03, 5.139134418E-03,-7.910618324E-03,-4.430420641E-04,-5.969539995E-02, 2.733841696E-03
       777, 1.099999988E+01, 4.994848611E-01, 8.586903486E-02, 1.866067829E-03, 1.063458852E-03, 5.154261315E-03,-6.293656616E-03,-2.880400303E-04,-3.496195437E-02, 2.557564139E-03
       778, 1.299999997E+01, 4.994848611E-01, 7.468301614E-02, 1.394265077E-03, 7.642102452E-04, 5.153160249E-03,-4.951628636E-03,-1.916965386E-04,-2.204453061E-02, 2.160161022E-03
       779, 4.999999929E+00, 5.090098173E-01, 1.290468921E-01, 4.770323359E-03, 4.214767408E-03, 4.684904036E-03,-1.724282422E-03,-1.677587958E-04,-2.372969036E-01,-7.648991673E-03
       780, 6.999999954E+00, 5.090098173E-01, 1.160828789E-01, 3.685438816E-03, 2.488425803E-03, 5.051897789E-03,-8.507707433E-03,-6.246910631E-04,-1.129956122E-01, 1.266761094E-03
       781, 8.999999951E+00, 5.090098249E-01, 9.947975064E-02, 2.611079104E-03, 1.566731222E-03, 5.135944696E-03,-7.745516431E-03,-4.420649473E-04,-6.034730616E-02, 2.615567706E-03
       782, 1.099999988E+01, 5.090098173E-01, 8.553378865E-02, 1.890137714E-03, 1.062379318E-03, 5.153470991E-03,-6.210840313E-03,-2.896712474E-04,-3.542462913E-02, 2.497368305E-03
       783, 1.299999997E+01, 5.090098173E-01, 7.447147647E-02, 1.414679579E-03, 7.637878356E-04, 5.153250310E-03,-4.906187801E-03,-1.935603892E-04,-2.236879501E-02, 2.126847153E-03
       784, 4.999999929E+00, 5.186726350E-01, 1.267548889E-01, 4.693543634E-03, 4.158809196E-03, 4.650993725E-03,-8.162570273E-04,-7.562649640E-05,-2.371023377E-01,-8.234401985E-03
       785, 6.999999954E+00, 5.186726350E-01, 1.149873340E-01, 3.696411341E-03, 2.476233412E-03, 5.041040597E-03,-8.135258761E-03,-6.086299160E-04,-1.137483303E-01, 1.008037284E-03
       786, 8.999999951E+00, 5.186726428E-01, 9.889348353E-02, 2.635762475E-03, 1.563337916E-03, 5.132433885E-03,-7.577078578E-03,-4.406584325E-04,-6.098844608E-02, 2.495101895E-03
       787, 1.099999988E+01, 5.186726350E-01, 8.518923244E-02, 1.913967580E-03, 1.061231289E-03, 5.152535020E-03,-6.126036286E-03,-2.911409538E-04,-3.588465072E-02, 2.435797476E-03
       788, 1.299999997E+01, 5.186726350E-01, 7.425374167E-02, 1.435063474E-03, 7.633372685E-04, 5.153273915E-03,-4.859545794E-03,-1.953608939E-04,-2.269306927E-02, 2.092681243E-03
       789, 4.999999929E+00, 5.284753098E-01, 1.244321938E-01, 4.609933095E-03, 4.100878497E-03, 4.615356314E-03, 9.137673092E-05, 1.999011275E-05,-2.367921854E-01,-8.815979211E-03
       790, 6.999999954E+00, 5.284753098E-01, 1.138687370E-01, 3.704993107E-03, 2.463431017E-03, 5.029418273E-03,-7.757896594E-03,-5.913120288E-04,-1.144641971E-01, 7.466206299E-04
       791, 8.999999951E+00, 5.284753176E-01, 9.829250252E-02, 2.659611410E-03, 1.559747936E-03, 5.128582526E-03,-7.405309711E-03,-4.388058382E-04,-6.161823116E-02, 2.372461842E-03
       792, 1.099999988E+01, 5.284753098E-01, 8.483519448E-02, 1.937531920E-03, 1.060011145E-03, 5.151442664E-03,-6.039226540E-03,-2.924408960E-04,-3.634171431E-02, 2.372844019E-03
       793, 1.299999997E+01, 5.284753098E-01, 7.402967741E-02, 1.455403192E-03, 7.628569275E-04, 5.153225035E-03,-4.811684618E-03,-1.970938661E-04,-2.301719789E-02, 2.057652496E-03
       794, 4.999999929E+00, 5.384198657E-01, 1.220795513E-01, 4.519351635E-03, 4.040968428E-03, 4.577943393E-03, 9.977794141E-04, 1.190718361E-04,-2.363658062E-01,-9.393039375E-03
       795, 6.999999954E+00, 5.384198657E-01, 1.127270217E-01, 3.711086556E-03, 2.449998970E-03, 5.016995445E-03,-7.375769257E-03,-5.727076413E-04,-1.151422124E-01, 4.826554836E-04
       796, 8.999999951E+00, 5.384198737E-01, 9.767662041E-02, 2.682575063E-03, 1.555952453E-03, 5.124370381E-03,-7.230218414E-03,-4.364902698E-04,-6.223606869E-02, 2.247667222E-03
       797, 1.099999988E+01, 5.384198657E-01, 8.447150347E-02, 1.960804273E-03, 1.058715124E-03, 5.150182645E-03,-5.950394332E-03,-2.935626150E-04,-3.679550835E-02, 2.308501490E-03
       798, 1.299999997E+01, 5.384198657E-01, 7.379914833E-02, 1.475684551E-03, 7.623451214E-04, 5.153097285E-03,-4.762586644E-03,-1.987549886E-04,-2.334101959E-02, 2.021750320E-03
       799, 4.999999929E+00, 5.485083564E-01, 1.196977562E-01, 4.421664178E-03, 3.979076430E-03, 4.538707128E-03, 1.902088396E-03, 2.215924211E-04,-2.358226571E-01,-9.964876118E-03
       800, 6.999999954E+00, 5.485083564E-01, 1.115621400E-01, 3.714592929E-03, 2.435917716E-03, 5.003735919E-03,-6.989035266E-03,-5.527875980E-04,-1.157813956E-01, 2.162931484E-04
       801, 8.999999951E+00, 5.485083646E-01, 9.704565532E-02, 2.704601197E-03, 1.551942416E-03, 5.119776423E-03,-7.051817049E-03,-4.336949054E-04,-6.284136241E-02, 2.120745206E-03
       802, 1.099999988E+01, 5.485083564E-01, 8.409798875E-02, 1.983757211E-03, 1.057339321E-03, 5.148743128E-03,-5.859524241E-03,-2.944974505E-04,-3.724571491E-02, 2.242764561E-03
       803, 1.299999997E+01, 5.485083564E-01, 7.356201819E-02, 1.495892737E-03, 7.618000812E-04, 5.152883913E-03,-4.712234637E-03,-2.003398088E-04,-2.366436787E-02, 1.984964559E-03
       804, 4.999999929E+00, 5.587428652E-01, 1.172876550E-01, 4.316741189E-03, 3.915204444E-03, 4.497600340E-03, 2.803418194E-03, 3.275167542E-04,-2.351622951E-01,-1.053077028E-02
       805, 6.999999954E+00, 5.587428652E-01, 1.103740630E-01, 3.715412350E-03, 2.421167895E-03, 4.989602663E-03,-6.597863351E-03,-5.315233636E-04,-1.163807880E-01,-5.230720516E-05
       806, 8.999999951E+00, 5.587428735E-01, 9.639943115E-02, 2.725636237E-03, 1.547708560E-03, 5.114778824E-03,-6.870124116E-03,-4.304025569E-04,-6.343366692E-02, 1.991717104E-03
       807, 1.099999988E+01, 5.587428652E-01, 8.371448054E-02, 2.006362318E-03, 1.055879685E-03, 5.147111701E-03,-5.766602227E-03,-2.952365483E-04,-3.769201035E-02, 2.175629093E-03
       808, 1.299999997E+01, 5.587428652E-01, 7.331814993E-02, 1.516012291E-03, 7.612199585E-04, 5.152577783E-03,-4.660611782E-03,-2.018437345E-04,-2.398707188E-02, 1.947285689E-03
       809, 4.999999929E+00, 5.691255055E-01, 1.148501459E-01, 4.204459256E-03, 3.849359152E-03, 4.454576638E-03, 3.700860844E-03, 4.368010577E-04,-2.343843775E-01,-1.108998696E-02
       810, 6.999999954E+00, 5.691255055E-01, 1.091627813E-01, 3.713443952E-03, 2.405730408E-03, 4.974557813E-03,-6.202432437E-03,-5.088873968E-04,-1.169394554E-01,-3.229780817E-04
       811, 8.999999951E+00, 5.691255139E-01, 9.573777796E-02, 2.745625107E-03, 1.543241415E-03, 5.109354947E-03,-6.685151935E-03,-4.265951805E-04,-6.401202702E-02, 1.860606798E-03
       812, 1.099999988E+01, 5.691255055E-01, 8.332081015E-02, 2.028590183E-03, 1.054332020E-03, 5.145275362E-03,-5.671615701E-03,-2.957708570E-04,-3.813406561E-02, 2.107092221E-03
       813, 1.299999997E+01, 5.691255055E-01, 7.306740578E-02, 1.536027093E-03, 7.606028228E-04, 5.152171360E-03,-4.607701745E-03,-2.032620273E-04,-2.430895648E-02, 1.908704791E-03
       814, 4.999999929E+00, 5.796584212E-01, 1.123861801E-01, 4.084701668E-03, 3.781552202E-03, 4.409590553E-03, 4.593486537E-03, 5.493923086E-04,-2.334886639E-01,-1.164177783E-02
       815, 6.999999954E+00, 5.796584212E-01, 1.079283059E-01, 3.708585997E-03, 2.389586403E-03, 4.958562775E-03,-5.802931846E-03,-4.848532453E-04,-1.174564874E-01,-5.955421837E-04
       816, 8.999999951E+00, 5.796584298E-01, 9.506053245E-02, 2.764511420E-03, 1.538531317E-03, 5.103481344E-03,-6.496921109E-03,-4.222551681E-04,-6.457583710E-02, 1.727458745E-03
       817, 1.099999988E+01, 5.796584212E-01, 8.291681019E-02, 2.050410380E-03, 1.052691980E-03, 5.143220503E-03,-5.574553615E-03,-2.960911343E-04,-3.857154634E-02, 2.037152608E-03
       818, 1.299999997E+01, 5.796584212E-01, 7.280964739E-02, 1.555920351E-03, 7.599466600E-04, 5.151656698E-03,-4.553488722E-03,-2.045898049E-04,-2.462984135E-02, 1.869213335E-03
       819, 4.999999929E+00, 5.903437875E-01, 1.098967616E-01, 3.957359020E-03, 3.711800412E-03, 4.362597678E-03, 5.480344111E-03, 6.652278145E-04,-2.324750157E-01,-1.218538182E-02
       820, 6.999999954E+00, 5.903437875E-01, 1.066706687E-01, 3.700736018E-03, 2.372717315E-03, 4.941578302E-03,-5.399561614E-03,-4.593949576E-04,-1.179309960E-01,-8.698217872E-04
       821, 8.999999951E+00, 5.903437963E-01, 9.436753839E-02, 2.782237542E-03, 1.533568422E-03, 5.097133751E-03,-6.305485860E-03,-4.173655429E-04,-6.512501386E-02, 1.592314274E-03
       822, 1.099999988E+01, 5.903437875E-01, 8.250231483E-02, 2.071791466E-03, 1.050955074E-03, 5.140932890E-03,-5.475406562E-03,-2.961879504E-04,-3.900411268E-02, 1.965810418E-03
       823, 1.299999997E+01, 5.903437875E-01, 7.254473593E-02, 1.575674578E-03, 7.592493698E-04, 5.151025418E-03,-4.497957491E-03,-2.058220510E-04,-2.494954052E-02, 1.828803134E-03
       824, 4.999999929E+00, 6.011838108E-01, 1.073829486E-01, 3.822329832E-03, 3.640125977E-03, 4.313554793E-03, 6.360461255E-03, 7.842346224E-04,-2.313433958E-01,-1.272002506E-02
       825, 6.999999954E+00, 6.011838108E-01, 1.053899237E-01, 3.689790867E-03, 2.355104986E-03, 4.923564505E-03,-4.992532665E-03,-4.324890004E-04,-1.183621199E-01,-1.145614922E-03
       826, 8.999999951E+00, 6.011838198E-01, 9.365864703E-02, 2.798744487E-03, 1.528342710E-03, 5.090287072E-03,-6.110870771E-03,-4.119092792E-04,-6.565870210E-02, 1.455211881E-03
       827, 1.099999988E+01, 6.011838108E-01, 8.207716007E-02, 2.092700962E-03, 1.049116660E-03, 5.138397654E-03,-5.374166855E-03,-2.960516961E-04,-3.943141972E-02, 1.893067221E-03
       828, 1.299999997E+01, 6.011838108E-01, 7.227253223E-02, 1.595271582E-03, 7.585087641E-04, 5.150268699E-03,-4.441093434E-03,-2.069536122E-04,-2.526786301E-02, 1.787466615E-03
       829, 4.999999929E+00, 6.121807297E-01, 1.048458533E-01, 3.679521207E-03, 3.566556653E-03, 4.262420014E-03, 7.232844770E-03, 9.063290403E-04,-2.300938674E-01,-1.324492035E-02
       830, 6.999999954E+00, 6.121807297E-01, 1.040861472E-01, 3.675647137E-03, 2.336731754E-03, 4.904480879E-03,-4.582066697E-03,-4.041097847E-04,-1.187490228E-01,-1.422753922E-03
       831, 8.999999951E+00, 6.121807388E-01, 9.293371759E-02, 2.813971951E-03, 1.522844005E-03, 5.082915384E-03,-5.913095662E-03,-4.058683295E-04,-6.617614849E-02, 1.316189185E-03
       832, 1.099999988E+01, 6.121807297E-01, 8.164118395E-02, 2.113105349E-03, 1.047171949E-03, 5.135599271E-03,-5.270828573E-03,-2.956725943E-04,-3.985311824E-02, 1.818926068E-03
       833, 1.299999997E+01, 6.121807297E-01, 7.199289693E-02, 1.614692450E-03, 7.577225652E-04, 5.149377258E-03,-4.382882571E-03,-2.079791938E-04,-2.558461388E-02, 1.745197037E-03
       834, 4.999999929E+00, 6.233368149E-01, 1.022866428E-01, 3.528849511E-03, 3.491125942E-03, 4.209152931E-03, 8.096481065E-03, 1.031416312E-03,-2.287265943E-01,-1.375926778E-02
       835, 6.999999954E+00, 6.233368149E-01, 1.027594386E-01, 3.658200766E-03, 2.317580538E-03, 4.884286343E-03,-4.168397682E-03,-3.742474583E-04,-1.190908945E-01,-1.700903393E-03
       836, 8.999999951E+00, 6.233368242E-01, 9.219261773E-02, 2.827858243E-03, 1.517061988E-03, 5.074991938E-03,-5.712213199E-03,-3.992246684E-04,-6.667686066E-02, 1.175291621E-03
       837, 1.099999988E+01, 6.233368149E-01, 8.119422687E-02, 2.132970054E-03, 1.045116006E-03, 5.132521549E-03,-5.165387644E-03,-2.950406983E-04,-4.026885519E-02, 1.743391583E-03
       838, 1.299999997E+01, 6.233368149E-01, 7.170569059E-02, 1.633917534E-03, 7.568884035E-04, 5.148341339E-03,-4.323311624E-03,-2.088933535E-04,-2.589959427E-02, 1.701988466E-03
       839, 4.999999929E+00, 6.346543703E-01, 9.970653952E-02, 3.370241081E-03, 3.413873255E-03, 4.153714756E-03, 8.950337024E-03, 1.159390211E-03,-2.272418423E-01,-1.426225614E-02
       840, 6.999999954E+00, 6.346543703E-01, 1.014099214E-01, 3.637349725E-03, 2.297634918E-03, 4.862939294E-03,-3.751767856E-03,-3.428860277E-04,-1.193869708E-01,-1.980158112E-03
       841, 8.999999951E+00, 6.346543798E-01, 9.143522400E-02, 2.840340473E-03, 1.510986217E-03, 5.066489157E-03,-5.508270382E-03,-3.919609474E-04,-6.716024777E-02, 1.032576304E-03
       842, 1.099999988E+01, 6.346543703E-01, 8.073613179E-02, 2.152259450E-03, 1.042943746E-03, 5.129147614E-03,-5.057841935E-03,-2.941459034E-04,-4.067827375E-02, 1.666470250E-03
       843, 1.299999997E+01, 6.346543703E-01, 7.141077382E-02, 1.652926440E-03, 7.560038166E-04, 5.147150692E-03,-4.262368082E-03,-2.096905048E-04,-2.621260052E-02, 1.657835521E-03
       844, 4.999999929E+00, 6.461357329E-01, 9.710682148E-02, 3.203632931E-03, 3.334844063E-03, 4.096068471E-03, 9.793360607E-03, 1.290132489E-03,-2.256399789E-01,-1.475306423E-02
       845, 6.999999954E+00, 6.461357329E-01, 1.000377431E-01, 3.612987962E-03, 2.276879216E-03, 4.840397659E-03,-3.332432292E-03,-3.099259597E-04,-1.196365195E-01,-2.259878312E-03
       846, 8.999999951E+00, 6.461357425E-01, 9.066142233E-02, 2.851354544E-03, 1.504606144E-03, 5.057378644E-03,-5.301319060E-03,-3.840595586E-04,-6.762572210E-02, 8.880993966E-04
       847, 1.099999988E+01, 6.461357329E-01, 8.026674459E-02, 2.170936845E-03, 1.040649943E-03, 5.125459898E-03,-4.948191363E-03,-2.929779465E-04,-4.108101330E-02, 1.588170308E-03
       848, 1.299999997E+01, 6.461357329E-01, 7.110800748E-02, 1.671698013E-03, 7.550662475E-04, 5.145794559E-03,-4.200040249E-03,-2.103649315E-04,-2.652342377E-02, 1.612733327E-03
       849, 4.999999929E+00, 6.577832735E-01, 9.448882268E-02, 3.028973500E-03, 3.254090037E-03, 4.036178984E-03, 1.062448109E-02, 1.423512217E-03,-2.239214708E-01,-1.523086055E-02
       850, 6.999999954E+00, 6.577832735E-01, 9.864307693E-02, 3.585007815E-03, 2.255298588E-03, 4.816618947E-03,-2.910657491E-03,-2.754352510E-04,-1.198388038E-01,-2.540050829E-03
       851, 8.999999951E+00, 6.577832833E-01, 8.987110850E-02, 2.860835173E-03, 1.497911135E-03, 5.047631180E-03,-5.091416077E-03,-3.755031024E-04,-6.807269991E-02, 7.419201321E-04
       852, 1.099999988E+01, 6.577832735E-01, 7.978591428E-02, 2.188964484E-03, 1.038229228E-03, 5.121440126E-03,-4.836437965E-03,-2.915264259E-04,-4.147670980E-02, 1.508501604E-03
       853, 1.299999997E+01, 6.577832735E-01, 7.079725282E-02, 1.690210319E-03, 7.540730432E-04, 5.144261661E-03,-4.136317274E-03,-2.109107850E-04,-2.683185066E-02, 1.566677819E-03
       854, 4.999999929E+00, 6.695993975E-01, 9.185393346E-02, 2.846223422E-03, 3.171669165E-03, 3.974013281E-03, 1.144260940E-02, 1.559385232E-03,-2.220868824E-01,-1.569480281E-02
       855, 6.999999954E+00, 6.695993975E-01, 9.722612193E-02, 3.553311006E-03, 2.232879111E-03, 4.791560314E-03,-2.486719643E-03,-2.394439890E-04,-1.199931278E-01,-2.820619903E-03
       856, 8.999999951E+00, 6.695994075E-01, 8.906418866E-02, 2.868715930E-03, 1.490890491E-03, 5.037216737E-03,-4.878623363E-03,-3.662742866E-04,-6.850060295E-02, 5.941020486E-04
       857, 1.099999988E+01, 6.695993975E-01, 7.929349338E-02, 2.206303544E-03, 1.035676090E-03, 5.117069302E-03,-4.722585956E-03,-2.897808242E-04,-4.186499681E-02, 1.427475952E-03
       858, 1.299999997E+01, 6.695993975E-01, 7.047837163E-02, 1.708440638E-03, 7.530214535E-04, 5.142540178E-03,-4.071189187E-03,-2.113220810E-04,-2.713766448E-02, 1.519665977E-03
       859, 4.999999929E+00, 6.815865448E-01, 8.920360076E-02, 2.655356334E-03, 3.087645854E-03, 3.909540583E-03, 1.224663859E-02, 1.697593799E-03,-2.201368743E-01,-1.614403855E-02
       860, 6.999999954E+00, 6.815865448E-01, 9.578710381E-02, 3.517796254E-03, 2.209607874E-03, 4.765178621E-03,-2.060906269E-03,-2.018434147E-04,-1.200988684E-01,-3.100911952E-03
       861, 8.999999951E+00, 6.815865550E-01, 8.824057978E-02, 2.874929283E-03, 1.483533474E-03, 5.026104485E-03,-4.663008005E-03,-3.563559904E-04,-6.890886039E-02, 4.447130790E-04
       862, 1.099999988E+01, 6.815865448E-01, 7.878933814E-02, 2.222914139E-03, 1.032984886E-03, 5.112327703E-03,-4.606641784E-03,-2.877307145E-04,-4.224550618E-02, 1.345109205E-03
       863, 1.299999997E+01, 6.815865448E-01, 7.015122643E-02, 1.726365453E-03, 7.519086304E-04, 5.140617738E-03,-4.004646965E-03,-2.115926935E-04,-2.744064526E-02, 1.471695804E-03
       864, 4.999999929E+00, 6.937471908E-01, 8.653932844E-02, 2.456359710E-03, 3.002091007E-03, 3.842732514E-03, 1.303544479E-02, 1.837966176E-03,-2.180722036E-01,-1.657770653E-02
       865, 6.999999954E+00, 6.937471908E-01, 9.432627521E-02, 3.478359402E-03, 2.185473073E-03, 4.737430506E-03,-1.633516025E-03,-1.626513853E-04,-1.201554203E-01,-3.381021426E-03
       866, 8.999999951E+00, 6.937472012E-01, 8.740021018E-02, 2.879406659E-03, 1.475829331E-03, 5.014262806E-03,-4.444642349E-03,-3.457313337E-04,-6.929690904E-02, 2.938256867E-04
       867, 1.099999988E+01, 6.937471908E-01, 7.827330892E-02, 2.238755338E-03, 1.030149838E-03, 5.107194862E-03,-4.488618331E-03,-2.853652458E-04,-4.261795941E-02, 1.261414749E-03
       868, 1.299999997E+01, 6.937471908E-01, 6.981568063E-02, 1.743960441E-03, 7.507316271E-04, 5.138481398E-03,-3.936682607E-03,-2.117163602E-04,-2.774056897E-02, 1.422766038E-03
       869, 4.999999929E+00, 7.060838467E-01, 8.386267742E-02, 2.249235694E-03, 2.915082084E-03, 3.773563257E-03, 1.380788775E-02, 1.980315967E-03,-2.158937223E-01,-1.699493807E-02
       870, 6.999999954E+00, 7.060838467E-01, 9.284391676E-02, 3.434900192E-03, 2.160464106E-03, 4.708272457E-03,-1.204861017E-03,-1.218672072E-04,-1.201621975E-01,-3.660523690E-03
       871, 8.999999951E+00, 7.060838572E-01, 8.654302000E-02, 2.882078500E-03, 1.467767322E-03, 5.001659302E-03,-4.223604127E-03,-3.343837960E-04,-6.966419317E-02, 1.415167224E-04
       872, 1.099999988E+01, 7.060838467E-01, 7.774527041E-02, 2.253785086E-03, 1.027165041E-03, 5.101649565E-03,-4.368517054E-03,-2.826732660E-04,-4.298177918E-02, 1.176406167E-03
       873, 1.299999997E+01, 7.060838467E-01, 6.947159874E-02, 1.761200456E-03, 7.494873973E-04, 5.136117631E-03,-3.867289190E-03,-2.116867017E-04,-2.803720704E-02, 1.372876095E-03
       874, 4.999999929E+00, 7.185990599E-01, 8.117526588E-02, 2.034001976E-03, 2.826703138E-03, 3.702009727E-03, 1.456281084E-02, 2.124441327E-03,-2.136023725E-01,-1.739485643E-02
       875, 6.999999954E+00, 7.185990599E-01, 9.134033762E-02, 3.387319135E-03, 2.134571669E-03, 4.677660881E-03,-7.752629136E-04,-7.948315832E-05,-1.201186600E-01,-3.939192246E-03
       876, 8.999999951E+00, 7.185990706E-01, 8.566896172E-02, 2.882874321E-03, 1.459336770E-03, 4.988260786E-03,-3.999976535E-03,-3.222970707E-04,-7.001016538E-02,-1.213350567E-05
       877, 1.099999988E+01, 7.185990599E-01, 7.720509211E-02, 2.267960271E-03, 1.024024471E-03, 5.095669844E-03,-4.246350848E-03,-2.796438847E-04,-4.333656583E-02, 1.090106646E-03
       878, 1.299999997E+01, 7.185990599E-01, 6.911884654E-02, 1.778059523E-03, 7.481727955E-04, 5.133512311E-03,-3.796460893E-03,-2.114972202E-04,-2.833032722E-02, 1.322026402E-03
       879, 4.999999929E+00, 7.312954149E-01, 7.847876946E-02, 1.810692709E-03, 2.737044829E-03, 3.628051738E-03, 1.529904110E-02, 2.270124281E-03,-2.111991817E-01,-1.777657597E-02
       880, 6.999999954E+00, 7.312954149E-01, 8.981587608E-02, 3.335518622E-03, 2.107787857E-03, 4.645552187E-03,-3.450549996E-04,-3.549712538E-05,-1.200243056E-01,-4.216731968E-03
       881, 8.999999951E+00, 7.312954258E-01, 8.477800067E-02, 2.881722772E-03, 1.450527096E-03, 4.974033277E-03,-3.773848291E-03,-3.094552209E-04,-7.033428826E-02,-1.670409578E-04
       882, 1.099999988E+01, 7.312954149E-01, 7.665264857E-02, 2.281236788E-03, 1.020721991E-03, 5.089232972E-03,-4.122152066E-03,-2.762663913E-04,-4.368226856E-02, 1.002542275E-03
       883, 1.299999997E+01, 7.312954149E-01, 6.875729131E-02, 1.794510829E-03, 7.467845763E-04, 5.130650696E-03,-3.724193034E-03,-2.111412974E-04,-2.861969482E-02, 1.270218661E-03
       884, 4.999999929E+00, 7.441755335E-01, 7.577492145E-02, 1.579359460E-03, 2.646204403E-03, 3.551672180E-03, 1.601538934E-02, 2.417130316E-03,-2.086852586E-01,-1.813920235E-02
       885, 6.999999954E+00, 7.441755335E-01, 8.827090019E-02, 3.279402814E-03, 2.080106257E-03, 4.611902873E-03, 8.541856489E-05, 1.009098621E-05,-1.198786707E-01,-4.492860777E-03
       886, 8.999999951E+00, 7.441755445E-01, 8.387011553E-02, 2.878551704E-03, 1.441327811E-03, 4.958942073E-03,-3.545313736E-03,-2.958427727E-04,-7.063603560E-02,-3.231155511E-04
       887, 1.099999988E+01, 7.441755335E-01, 7.608781968E-02, 2.293569523E-03, 1.017251352E-03, 5.082315452E-03,-3.995932655E-03,-2.725298380E-04,-4.401837710E-02, 9.137373398E-04
       888, 1.299999997E+01, 7.441755335E-01, 6.838680201E-02, 1.810526717E-03, 7.453193955E-04, 5.127517421E-03,-3.650482144E-03,-2.106121881E-04,-2.890507287E-02, 1.217455824E-03
       889, 4.999999929E+00, 7.572420753E-01, 7.306551294E-02, 1.340072196E-03, 2.554285663E-03, 3.472857192E-03, 1.671065066E-02, 2.565207818E-03,-2.060617902E-01,-1.848183354E-02
       890, 6.999999954E+00, 7.572420753E-01, 8.670580835E-02, 3.218878080E-03, 2.051522047E-03, 4.576669594E-03, 5.158025454E-04, 5.727778554E-05,-1.196813314E-01,-4.767280291E-03
       891, 8.999999951E+00, 7.572420866E-01, 8.294529881E-02, 2.873288277E-03, 1.431728530E-03, 4.942951826E-03,-3.314472929E-03,-2.814447836E-04,-7.091489243E-02,-4.802648581E-04
       892, 1.099999988E+01, 7.572420753E-01, 7.551049111E-02, 2.304912319E-03, 1.013606208E-03, 5.074893010E-03,-3.867708254E-03,-2.684228053E-04,-4.434440297E-02, 8.237142053E-04
       893, 1.299999997E+01, 7.572420753E-01, 6.800724947E-02, 1.826078683E-03, 7.437738102E-04, 5.124096475E-03,-3.575326047E-03,-2.099030310E-04,-2.918622129E-02, 1.163741767E-03
       894, 4.999999929E+00, 7.704977387E-01, 7.035239304E-02, 1.092920296E-03, 2.461398895E-03, 3.391596352E-03, 1.738360415E-02, 2.714087192E-03,-2.033300353E-01,-1.880356033E-02
       895, 6.999999954E+00, 7.704977387E-01, 8.512102986E-02, 3.153853234E-03, 2.022032111E-03, 4.539809285E-03, 9.457304532E-04, 1.060568665E-04,-1.194319013E-01,-5.039688149E-03
       896, 8.999999951E+00, 7.704977502E-01, 8.200355739E-02, 2.865858996E-03, 1.421719030E-03, 4.926026545E-03,-3.081431821E-03,-2.662465496E-04,-7.117035427E-02,-6.383872785E-04
       897, 1.099999988E+01, 7.704977387E-01, 7.492055458E-02, 2.315217962E-03, 1.009780122E-03, 5.066940605E-03,-3.737507163E-03,-2.639341997E-04,-4.466004238E-02, 7.325005792E-04
       898, 1.299999997E+01, 7.704977387E-01, 6.761850666E-02, 1.841137366E-03, 7.421442796E-04, 5.120371197E-03,-3.498723919E-03,-2.090068663E-04,-2.946289644E-02, 1.109081192E-03
       899, 4.999999929E+00, 7.839452610E-01, 6.763746908E-02, 8.380135994E-04, 2.367660778E-03, 3.307882880E-03, 1.803301174E-02, 2.863479743E-03,-2.004913138E-01,-1.910346458E-02
       900, 6.999999954E+00, 7.839452610E-01, 8.351702559E-02, 3.084239867E-03, 1.991635125E-03, 4.501279247E-03, 1.374824495E-03, 1.564183451E-04,-1.191300330E-01,-5.309772991E-03
       901, 8.999999951E+00, 7.839452727E-01, 8.104491307E-02, 2.856189908E-03, 1.411289302E-03, 4.908129609E-03,-2.846302211E-03,-2.502347398E-04,-7.140192891E-02,-7.973920007E-04
       902, 1.099999988E+01, 7.839452610E-01, 7.431790827E-02, 2.324438276E-03, 1.005766575E-03, 5.058432422E-03,-3.605356869E-03,-2.590531113E-04,-4.496492403E-02, 6.401297317E-04
       903, 1.299999997E+01, 7.839452610E-01, 6.722044888E-02, 1.855672538E-03, 7.404271671E-04, 5.116324258E-03,-3.420676310E-03,-2.079166502E-04,-2.973485210E-02, 1.053479875E-03
       904, 4.999999929E+00, 7.975874190E-01, 6.492270699E-02, 5.754835362E-04, 2.273194260E-03, 3.221713784E-03, 1.865761715E-02, 3.013076595E-03,-1.975469972E-01,-1.938061714E-02
       905, 6.999999954E+00, 7.975874190E-01, 8.189428848E-02, 3.009952672E-03, 1.960331650E-03, 4.461037227E-03, 1.802695866E-03, 2.083486706E-04,-1.187754204E-01,-5.577215858E-03
       906, 8.999999951E+00, 7.975874309E-01, 8.006940301E-02, 2.844206466E-03, 1.400429585E-03, 4.889223799E-03,-2.609202130E-03,-2.333949016E-04,-7.160913369E-02,-9.571303883E-04
       907, 1.099999988E+01, 7.975874190E-01, 7.370245718E-02, 2.332524130E-03, 1.001558980E-03, 5.049341871E-03,-3.471287807E-03,-2.537684915E-04,-4.525867828E-02, 5.466349871E-04
       908, 1.299999997E+01, 7.975874190E-01, 6.681295404E-02, 1.869653111E-03, 7.386187412E-04, 5.111937650E-03,-3.341185180E-03,-2.066252077E-04,-3.000184073E-02, 9.969453754E-04
       909, 4.999999929E+00, 8.114270298E-01, 6.221013170E-02, 3.054843138E-04, 2.178128411E-03, 3.133090087E-03, 1.925614435E-02, 3.162548029E-03,-1.944984936E-01,-1.963407658E-02
       910, 6.999999954E+00, 8.114270298E-01, 8.025334408E-02, 2.930909793E-03, 1.928124236E-03, 4.419041526E-03, 2.228945139E-03, 2.618303976E-04,-1.183678008E-01,-5.841690283E-03
       911, 8.999999951E+00, 8.114270419E-01, 7.907708038E-02, 2.829834687E-03, 1.389130412E-03, 4.869271339E-03,-2.370255558E-03,-2.157249490E-04,-7.179150732E-02,-1.117575213E-03
       912, 1.099999988E+01, 8.114270298E-01, 7.307411345E-02, 2.339425447E-03, 9.971506920E-04, 5.039641595E-03,-3.335333420E-03,-2.480693369E-04,-4.554093815E-02, 4.520519714E-04
       913, 1.299999997E+01, 8.114270298E-01, 6.639590281E-02, 1.883047138E-03, 7.367151782E-04, 5.107192680E-03,-3.260253974E-03,-2.051253945E-04,-3.026361366E-02, 9.394883997E-04
       914, 4.999999929E+00, 8.254669514E-01, 5.950182789E-02, 2.819417793E-05, 2.082598243E-03, 3.042017094E-03, 1.982729317E-02, 3.311542040E-03,-1.913472226E-01,-1.986288583E-02
       915, 6.999999954E+00, 8.254669514E-01, 7.859475108E-02, 2.847033177E-03, 1.895017517E-03, 4.375251115E-03, 2.653162239E-03, 3.168420970E-04,-1.179069534E-01,-6.102863362E-03
       916, 8.999999951E+00, 8.254669637E-01, 7.806801461E-02, 2.812999332E-03, 1.377382649E-03, 4.848233929E-03,-2.129591396E-03,-1.971918077E-04,-7.194860523E-02,-1.278534782E-03
       917, 1.099999988E+01, 8.254669514E-01, 7.243279678E-02, 2.345091238E-03, 9.925350198E-04, 5.029303473E-03,-3.197530260E-03,-2.419447157E-04,-4.581133939E-02, 3.564191657E-04
       918, 1.299999997E+01, 8.254669514E-01, 6.596917895E-02, 1.895821838E-03, 7.347125644E-04, 5.102069952E-03,-3.177891713E-03,-2.034097403E-04,-3.051996218E-02, 8.811180309E-04
       919, 4.999999929E+00, 8.397100830E-01, 5.679994093E-02,-2.561832272E-04, 1.986744504E-03, 2.948504572E-03, 2.036973727E-02, 3.459682748E-03,-1.880946066E-01,-2.006607117E-02
       920, 6.999999954E+00, 8.397100830E-01, 7.691910178E-02, 2.758248930E-03, 1.861018302E-03, 4.329625734E-03, 3.074926291E-03, 3.733582212E-04,-1.173926978E-01,-6.360395781E-03
       921, 8.999999951E+00, 8.397100955E-01, 7.704229212E-02, 2.793622888E-03, 1.365177544E-03, 4.826072796E-03,-1.887345507E-03,-1.777722373E-04,-7.207998191E-02,-1.439866699E-03
       922, 1.099999988E+01, 8.397100830E-01, 7.177843479E-02, 2.349469637E-03, 9.877052411E-04, 5.018298625E-03,-3.057918101E-03,-2.353837894E-04,-4.606952045E-02, 2.597775030E-04
       923, 1.299999997E+01, 8.397100830E-01, 6.553266948E-02, 1.907943517E-03, 7.326068988E-04, 5.096549364E-03,-3.094098205E-03,-2.014707047E-04,-3.077057509E-02, 8.218419850E-04
       924, 4.999999929E+00, 8.541593657E-01, 5.410667793E-02,-5.474174467E-04, 1.890713455E-03, 2.852567029E-03, 2.088212422E-02, 3.606569066E-03,-1.847420657E-01,-2.024264040E-02
       925, 6.999999954E+00, 8.541593657E-01, 7.522702264E-02, 2.664487705E-03, 1.826135668E-03, 4.282126016E-03, 3.493805609E-03, 4.313487968E-04,-1.168248950E-01,-6.613940918E-03
       926, 8.999999951E+00, 8.541593784E-01, 7.600001693E-02, 2.771631225E-03, 1.352506767E-03, 4.802748736E-03,-1.643661214E-03,-1.575108513E-04,-7.218520983E-02,-1.601564367E-03
       927, 1.099999988E+01, 8.541593657E-01, 7.111096340E-02, 2.352507931E-03, 9.826546170E-04, 5.006597423E-03,-2.916539996E-03,-2.283758374E-04,-4.631512306E-02, 1.621705598E-04
       928, 1.299999997E+01, 8.541593657E-01, 6.508626502E-02, 1.919377598E-03, 7.303940973E-04, 5.090610097E-03,-3.008877357E-03,-1.993010688E-04,-3.101508948E-02, 7.616726030E-04
       929, 4.999999929E+00, 8.688177834E-01, 5.142430910E-02,-8.452496568E-04, 1.794656635E-03, 2.754224017E-03, 2.136306502E-02, 3.751771709E-03,-1.812909673E-01,-2.039157263E-02
       930, 6.999999954E+00, 8.688177834E-01, 7.351917470E-02, 2.565685109E-03, 1.790381045E-03, 4.232713594E-03, 3.909358056E-03, 4.907791258E-04,-1.162034497E-01,-6.863144814E-03
       931, 8.999999951E+00, 8.688177964E-01, 7.494131106E-02, 2.746951454E-03, 1.339362459E-03, 4.778222163E-03,-1.398687209E-03,-1.363840204E-04,-7.226388881E-02,-1.763388156E-03
       932, 1.099999988E+01, 8.688177834E-01, 7.043032720E-02, 2.354152607E-03, 9.773764116E-04, 4.994169492E-03,-2.773442281E-03,-2.209103341E-04,-4.654779345E-02, 6.364473910E-05
       933, 1.299999997E+01, 8.688177834E-01, 6.462986004E-02, 1.930088668E-03, 7.280699981E-04, 5.084230617E-03,-2.922251392E-03,-1.968935378E-04,-3.125345014E-02, 7.006273163E-04
       934, 4.999999929E+00, 8.836883630E-01, 4.875517015E-02,-1.149390865E-03, 1.698730594E-03, 2.653500455E-03, 2.181112240E-02, 3.894830382E-03,-1.777425683E-01,-2.051180775E-02
       935, 6.999999954E+00, 8.836883630E-01, 7.179625405E-02, 2.461782125E-03, 1.753768297E-03, 4.181351228E-03, 4.321131581E-03, 5.516095627E-04,-1.155283118E-01,-7.107646954E-03
       936, 8.999999951E+00, 8.836883762E-01, 7.386631486E-02, 2.719508292E-03, 1.325737280E-03, 4.752453163E-03,-1.152577613E-03,-1.143513361E-04,-7.231563974E-02,-1.925231227E-03
       937, 1.099999988E+01, 8.836883630E-01, 6.973647988E-02, 2.354349388E-03, 9.718639213E-04, 4.980983696E-03,-2.628674595E-03,-2.129768950E-04,-4.676718335E-02,-3.575166220E-05
       938, 1.299999997E+01, 8.836883630E-01, 6.416335309E-02, 1.940040520E-03, 7.256303635E-04, 5.077388655E-03,-2.834230282E-03,-1.942406085E-04,-3.148541944E-02, 6.387246472E-04
       939, 4.999999929E+00, 8.987741753E-01, 4.610166540E-02,-1.459519906E-03, 1.603096608E-03, 2.550427014E-03, 2.222480189E-02, 4.035250828E-03,-1.740979759E-01,-2.060223797E-02
       940, 6.999999954E+00, 8.987741753E-01, 7.005899218E-02, 2.352725541E-03, 1.716313808E-03, 4.128002927E-03, 4.728664228E-03, 6.137954178E-04,-1.147994750E-01,-7.347081294E-03
       941, 8.999999951E+00, 8.987741887E-01, 7.277518761E-02, 2.689227063E-03, 1.311624462E-03, 4.725401554E-03,-9.054934140E-04,-9.142212013E-05,-7.234009256E-02,-2.086977081E-03
       942, 1.099999988E+01, 8.987741753E-01, 6.902938457E-02, 2.353043274E-03, 9.661104890E-04, 4.967008142E-03,-2.482289992E-03,-2.045653233E-04,-4.697294989E-02,-1.359673426E-04
       943, 1.299999997E+01, 8.987741753E-01, 6.368664705E-02, 1.949196119E-03, 7.230708849E-04, 5.070061209E-03,-2.744822247E-03,-1.913344568E-04,-3.171059698E-02, 5.759787721E-04
       944, 4.999999929E+00, 9.140783356E-01, 4.346627182E-02,-1.775281172E-03, 1.507920408E-03, 2.445040581E-03, 2.260253604E-02, 4.172499956E-03,-1.703580824E-01,-2.066169378E-02
       945, 6.999999954E+00, 9.140783356E-01, 6.830815644E-02, 2.238468379E-03, 1.678036547E-03, 4.072634077E-03, 5.131483952E-03, 6.772868125E-04,-1.140169747E-01,-7.581076392E-03
       946, 8.999999951E+00, 9.140783492E-01, 7.166810812E-02, 2.656034222E-03, 1.297017853E-03, 4.697026942E-03,-6.576021757E-04,-6.759196123E-05,-7.233689127E-02,-2.248462223E-03
       947, 1.099999988E+01, 9.140783356E-01, 6.830901423E-02, 2.350178606E-03, 9.601094946E-04, 4.952210264E-03,-2.334345087E-03,-1.956656916E-04,-4.716475504E-02,-2.369477527E-04
       948, 1.299999997E+01, 9.140783356E-01, 6.319964945E-02, 1.957517539E-03, 7.203871905E-04, 5.062224539E-03,-2.654044861E-03,-1.881674360E-04,-3.192878127E-02, 5.124063493E-04
       949, 4.999999929E+00, 9.296040040E-01, 4.085154462E-02,-2.096281957E-03, 1.413371905E-03, 2.337384826E-03, 2.294266207E-02, 4.305999321E-03,-1.665234737E-01,-2.068892177E-02
       950, 6.999999954E+00, 9.296040040E-01, 6.654455038E-02, 2.118970367E-03, 1.638958140E-03, 4.015211567E-03, 5.529108642E-03, 7.420283151E-04,-1.131808877E-01,-7.809254339E-03
       951, 8.999999951E+00, 9.296040179E-01, 7.054527514E-02, 2.619856957E-03, 1.281911975E-03, 4.667288787E-03,-4.090776059E-04,-4.285717146E-05,-7.230570256E-02,-2.409543798E-03
       952, 1.099999988E+01, 9.296040040E-01, 6.757535211E-02, 2.345699118E-03, 9.538543735E-04, 4.936556866E-03,-2.184900105E-03,-1.862683473E-04,-4.734226608E-02,-3.386359565E-04
       953, 1.299999997E+01, 9.296040040E-01, 6.270227276E-02, 1.964966058E-03, 7.175748507E-04, 5.053854172E-03,-2.561915518E-03,-1.847320676E-04,-3.213972145E-02, 4.480287746E-04
       954, 4.999999929E+00, 9.453543867E-01, 3.826012472E-02,-2.422089252E-03, 1.319624946E-03, 2.227510902E-03, 2.324339219E-02, 4.435116903E-03,-1.625943076E-01,-2.068255562E-02
       955, 6.999999954E+00, 9.453543867E-01, 6.476901416E-02, 1.994198423E-03, 1.599102933E-03, 3.955703929E-03, 5.921046588E-03, 8.079585972E-04,-1.122913351E-01,-8.031230748E-03
       956, 8.999999951E+00, 9.453544008E-01, 6.940690791E-02, 2.580623423E-03, 1.266302070E-03, 4.636146471E-03,-1.601000026E-04,-1.721502706E-05,-7.224621079E-02,-2.570068552E-03
       957, 1.099999988E+01, 9.453543867E-01, 6.682839209E-02, 2.339547996E-03, 9.473386522E-04, 4.920014113E-03,-2.034018884E-03,-1.763639157E-04,-4.750515690E-02,-4.409726352E-04
       958, 1.299999997E+01, 9.453543867E-01, 6.219443469E-02, 1.971502155E-03, 7.146293847E-04, 5.044924892E-03,-2.468453555E-03,-1.810207692E-04,-3.234316433E-02, 3.828679103E-04
       959, 4.999999929E+00, 9.613327362E-01, 3.569474897E-02,-2.752225853E-03, 1.226857110E-03, 2.115478356E-03, 2.350277321E-02, 4.559156749E-03,-1.585701562E-01,-2.064107796E-02
       960, 6.999999954E+00, 9.613327362E-01, 6.298242483E-02, 1.864127164E-03, 1.558498044E-03, 3.894081472E-03, 6.306797132E-03, 8.750101841E-04,-1.113484841E-01,-8.246615632E-03
       961, 8.999999951E+00, 9.613327505E-01, 6.825324660E-02, 2.538262891E-03, 1.250184159E-03, 4.603559364E-03, 8.914410269E-05, 9.335562211E-06,-7.215812124E-02,-2.729879595E-03
       962, 1.099999988E+01, 9.613327362E-01, 6.606813911E-02, 2.331667936E-03, 9.405559747E-04, 4.902547553E-03,-1.881768820E-03,-1.659435373E-04,-4.765310918E-02,-5.438960932E-04
       963, 1.299999997E+01, 9.613327362E-01, 6.167605842E-02, 1.977085536E-03, 7.115462684E-04, 5.035410749E-03,-2.373680323E-03,-1.770259699E-04,-3.253885873E-02, 3.169473810E-04
       964, 4.999999929E+00, 9.775423519E-01, 3.315826403E-02,-3.086165509E-03, 1.135249578E-03, 2.001356290E-03, 2.371863183E-02, 4.677344552E-03,-1.544497954E-01,-2.056276835E-02
       965, 6.999999954E+00, 9.775423519E-01, 6.118569660E-02, 1.728739417E-03, 1.517173411E-03, 3.830316421E-03, 6.685850617E-03, 9.431093571E-04,-1.103525445E-01,-8.455014550E-03
       966, 8.999999951E+00, 9.775423664E-01, 6.708455278E-02, 2.492705970E-03, 1.233555088E-03, 4.569486894E-03, 3.384618444E-04, 3.679406491E-05,-7.204116015E-02,-2.888814358E-03
       967, 1.099999988E+01, 9.775423519E-01, 6.529460957E-02, 2.322001235E-03, 9.335001256E-04, 4.884122142E-03,-1.728221148E-03,-1.549989152E-04,-4.778580978E-02,-6.473372628E-04
       968, 1.299999997E+01, 9.775423519E-01, 6.114707294E-02, 1.981675144E-03, 7.083209422E-04, 5.025285058E-03,-2.277619286E-03,-1.727401208E-04,-3.272655447E-02, 2.502923594E-04
       969, 4.999999929E+00, 9.939865811E-01, 3.065364523E-02,-3.423326776E-03, 1.044987120E-03, 1.885224922E-03, 2.388849700E-02, 4.788806979E-03,-1.502309107E-01,-2.044563067E-02
       970, 6.999999954E+00, 9.939865811E-01, 5.937978118E-02, 1.588026739E-03, 1.475161832E-03, 3.764383064E-03, 7.057688084E-03, 1.012175987E-03,-1.093037660E-01,-8.656028681E-03
       971, 8.999999951E+00, 9.939865959E-01, 6.590110985E-02, 2.443884806E-03, 1.216412592E-03, 4.533888648E-03, 5.876539288E-04, 6.515819438E-05,-7.189507347E-02,-3.046706279E-03
       972, 1.099999988E+01, 9.939865811E-01, 6.450783176E-02, 2.310490001E-03, 9.261650548E-04, 4.864702276E-03,-1.573450876E-03,-1.435277925E-04,-4.790295436E-02,-7.512237889E-04
       973, 1.299999997E+01, 9.939865811E-01, 6.060741335E-02, 1.985229187E-03, 7.049488199E-04, 5.014520404E-03,-2.180296087E-03,-1.681557841E-04,-3.290600197E-02, 1.829294244E-04
       974, 4.999999929E+00, 1.010668820E+00, 2.818402257E-02,-3.763065027E-03, 9.562582627E-04, 1.767177675E-03, 2.400948887E-02, 4.892542489E-03,-1.459096801E-01,-2.028728666E-02
       975, 6.999999954E+00, 1.010668820E+00, 5.756566802E-02, 1.441989963E-03, 1.432498996E-03, 3.696257893E-03, 7.421781222E-03, 1.082123089E-03,-1.082024370E-01,-8.849253492E-03
       976, 8.999999951E+00, 1.010668835E+00, 6.470322356E-02, 2.391733292E-03, 1.198755348E-03, 4.496724452E-03, 8.365145631E-04, 9.442384342E-05,-7.171962653E-02,-3.203384877E-03
       977, 1.099999988E+01, 1.010668820E+00, 6.370784621E-02, 2.297076386E-03, 9.185449027E-04, 4.844251824E-03,-1.417536565E-03,-1.315091314E-04,-4.800425047E-02,-8.555260458E-04
       978, 1.299999997E+01, 1.010668820E+00, 6.005702118E-02, 1.987705157E-03, 7.014252982E-04, 5.003088651E-03,-2.081738534E-03,-1.632655686E-04,-3.307695334E-02, 1.148871549E-04
       979, 4.999999929E+00, 1.027592512E+00, 2.575271716E-02,-4.104661751E-03, 8.692557108E-04, 1.647324052E-03, 2.407815969E-02, 4.987379255E-03,-1.414801798E-01,-2.008482751E-02
       980, 6.999999954E+00, 1.027592512E+00, 5.574438468E-02, 1.290639795E-03, 1.389223500E-03, 3.625919761E-03, 7.777592847E-03, 1.152856406E-03,-1.070488870E-01,-9.034278611E-03
       981, 8.999999951E+00, 1.027592528E+00, 6.349122244E-02, 2.336187284E-03, 1.180583020E-03, 4.457954434E-03, 1.084831575E-03, 1.245850083E-04,-7.151460567E-02,-3.358675481E-03
       982, 1.099999988E+01, 1.027592512E+00, 6.289470607E-02, 2.281700630E-03, 9.106340266E-04, 4.822734168E-03,-1.260561293E-03,-1.189269571E-04,-4.808941137E-02,-9.600844487E-04
       983, 1.299999997E+01, 1.027592512E+00, 5.949584467E-02, 1.989059867E-03, 6.977457696E-04, 4.990960938E-03,-1.981976601E-03,-1.580620753E-04,-3.323916415E-02, 4.619546634E-05
       984, 4.999999929E+00, 1.044761154E+00, 2.336329249E-02,-4.447310001E-03, 7.841771820E-04, 1.525793662E-03, 2.409025962E-02, 5.071914932E-03,-1.369335233E-01,-1.983457163E-02
       985, 6.999999954E+00, 1.044761154E+00, 5.391699697E-02, 1.133997413E-03, 1.345376866E-03, 3.553350032E-03, 8.124577543E-03, 1.224274113E-03,-1.058434874E-01,-9.210688675E-03
       986, 8.999999951E+00, 1.044761169E+00, 6.226545826E-02, 2.277184837E-03, 1.161896315E-03, 4.417539120E-03, 1.332386566E-03, 1.556336632E-04,-7.127982036E-02,-3.512398573E-03
       987, 1.099999988E+01, 1.044761154E+00, 6.206847763E-02, 2.264303322E-03, 9.024270289E-04, 4.800112239E-03,-1.102612040E-03,-1.058046621E-04,-4.815815400E-02,-1.064892909E-03
       988, 1.299999997E+01, 1.044761154E+00, 5.892383912E-02, 1.989249464E-03, 6.939056414E-04, 4.978107666E-03,-1.881042523E-03,-1.525381786E-04,-3.339239353E-02,-2.311367788E-05
       989, 4.999999929E+00, 1.062178289E+00, 2.101962798E-02,-4.790093559E-03, 7.012268425E-04, 1.402741952E-03, 2.404038912E-02, 5.144416027E-03,-1.322565781E-01,-1.953173035E-02
       990, 6.999999954E+00, 1.062178289E+00, 5.208460917E-02, 9.720950827E-04, 1.301003538E-03, 3.478532737E-03, 8.462181317E-03, 1.296266685E-03,-1.045866465E-01,-9.378064428E-03
       991, 8.999999951E+00, 1.062178305E+00, 6.102630641E-02, 2.214666461E-03, 1.142697040E-03, 4.375439529E-03, 1.578954928E-03, 1.875596271E-04,-7.101510321E-02,-3.664370004E-03
       992, 1.099999988E+01, 1.062178289E+00, 6.122924072E-02, 2.244827897E-03, 8.939187843E-04, 4.776348561E-03,-9.437789275E-04,-9.213073303E-05,-4.821020721E-02,-1.169881126E-03
       993, 1.299999997E+01, 1.062178289E+00, 5.834096715E-02, 1.988229492E-03, 6.899003442E-04, 4.964498502E-03,-1.778970859E-03,-1.466868311E-04,-3.353640344E-02,-9.300539253E-05
       994, 4.999999929E+00, 1.079847516E+00, 1.872602657E-02,-5.131957799E-03, 6.206176866E-04, 1.278358582E-03, 2.392145299E-02, 5.202701515E-03,-1.274299800E-01,-1.916995952E-02
       995, 6.999999954E+00, 1.079847516E+00, 5.024836437E-02, 8.049767808E-04, 1.256150875E-03, 3.401454745E-03, 8.789840876E-03, 1.368716663E-03,-1.032788035E-01,-9.535982468E-03
       996, 8.999999951E+00, 1.079847532E+00, 5.977416630E-02, 2.148575377E-03, 1.122988152E-03, 4.331617272E-03, 1.824305751E-03, 2.203504315E-04,-7.072030859E-02,-3.814401595E-03
       997, 1.099999988E+01, 1.079847516E+00, 6.037708903E-02, 2.223216118E-03, 8.851044692E-04, 4.751405301E-03,-7.841560460E-04,-7.788222918E-05,-4.824531642E-02,-1.274891032E-03
       998, 1.299999997E+01, 1.079847516E+00, 5.774719903E-02, 1.985954926E-03, 6.857253267E-04, 4.950102454E-03,-1.675798569E-03,-1.405010003E-04,-3.367095806E-02,-1.634441601E-04
       999, 4.999999929E+00, 1.097772482E+00, 1.648737606E-02,-5.471667147E-03, 5.425754078E-04, 1.152879947E-03, 2.372379842E-02, 5.243895462E-03,-1.224249953E-01,-1.874044868E-02
      1000, 6.999999954E+00, 1.097772482E+00, 4.840944473E-02, 6.326988671E-04, 1.210869127E-03, 3.322105929E-03, 9.106983122E-03, 1.441498043E-03,-1.019204256E-01,-9.684013266E-03
      1001, 8.999999951E+00, 1.097772499E+00, 5.850946181E-02, 2.078857776E-03, 1.102773806E-03, 4.286034649E-03, 2.068201793E-03, 2.539912318E-04,-7.039531207E-02,-3.962301706E-03
      1002, 1.099999988E+01, 1.097772482E+00, 5.951213050E-02, 2.199408948E-03, 8.759795923E-04, 4.725244312E-03,-6.238420966E-04,-6.306259277E-05,-4.826323282E-02,-1.379909827E-03
      1003, 1.299999997E+01, 1.097772482E+00, 5.714251306E-02, 1.982380191E-03, 6.813760662E-04, 4.934887902E-03,-1.571565045E-03,-1.339739987E-04,-3.379582460E-02,-2.343934899E-04
      1004, 4.999999929E+00, 1.115956889E+00, 1.430939798E-02,-5.807736784E-03, 4.673447128E-04, 1.026608485E-03, 2.343379071E-02, 5.264024154E-03,-1.171983758E-01,-1.823052414E-02
      1005, 6.999999954E+00, 1.115956889E+00, 4.656907188E-02, 4.553308112E-04, 1.165211406E-03, 3.240479339E-03, 9.413025331E-03, 1.514475682E-03,-1.005120084E-01,-9.821720525E-03
      1006, 8.999999951E+00, 1.115956906E+00, 5.723264169E-02, 2.005463087E-03, 1.082059412E-03, 4.238654754E-03, 2.310399627E-03, 2.884647259E-04,-7.004001178E-02,-4.107874845E-03
      1007, 1.099999988E+01, 1.115956889E+00, 5.863448779E-02, 2.173348642E-03, 8.665400250E-04, 4.697827191E-03,-4.629398899E-04,-4.766815224E-05,-4.826371549E-02,-1.484813324E-03
      1008, 1.299999997E+01, 1.115956889E+00, 5.652689587E-02, 1.977459207E-03, 6.768480919E-04, 4.918822601E-03,-1.466312080E-03,-1.270991409E-04,-3.391077486E-02,-3.058129093E-04
      1009, 4.999999929E+00, 1.134404493E+00, 1.219904567E-02,-6.138326592E-03, 3.951998063E-04, 8.999435831E-04, 2.303133296E-02, 5.257435426E-03,-1.116834709E-01,-1.762136908E-02
      1010, 6.999999954E+00, 1.134404493E+00, 4.472850721E-02, 2.729559431E-04, 1.119233639E-03, 3.156571368E-03, 9.707375436E-03, 1.587504862E-03,-9.905407501E-02,-9.948661684E-03
      1011, 8.999999951E+00, 1.134404510E+00, 5.594417992E-02, 1.928344270E-03, 1.060851676E-03, 4.189441581E-03, 2.550649870E-03, 3.237510070E-04,-6.965433059E-02,-4.250921009E-03
      1012, 1.099999988E+01, 1.134404493E+00, 5.774429865E-02, 2.144977738E-03, 8.567820330E-04, 4.669115333E-03,-3.015559201E-04,-3.169565170E-05,-4.824653760E-02,-1.589520309E-03
      1013, 1.299999997E+01, 1.134404493E+00, 5.590034272E-02, 1.971145482E-03, 6.721370026E-04, 4.901873693E-03,-1.360083912E-03,-1.198703740E-04,-3.401558622E-02,-3.776632366E-04
      1014, 4.999999929E+00, 1.153119101E+00, 1.016517155E-02,-6.461063952E-03, 3.264624267E-04, 7.734335464E-04, 2.248538327E-02, 5.215444059E-03,-1.057744078E-01,-1.688340430E-02
      1015, 6.999999954E+00, 1.153119101E+00, 4.288905228E-02, 8.567223103E-05, 1.072994518E-03, 3.070381965E-03, 9.989430084E-03, 1.660430943E-03,-9.754716145E-02,-1.006438785E-02
      1016, 8.999999951E+00, 1.153119119E+00, 5.464457605E-02, 1.847458127E-03, 1.039158650E-03, 4.138360137E-03, 2.788697240E-03, 3.598274133E-04,-6.923821612E-02,-4.391235902E-03
      1017, 1.099999988E+01, 1.153119101E+00, 5.684171632E-02, 2.114239450E-03, 8.467023082E-04, 4.639069993E-03,-1.398008352E-04,-1.514266546E-05,-4.821148299E-02,-1.693933218E-03
      1018, 1.299999997E+01, 1.153119101E+00, 5.526285781E-02, 1.963392097E-03, 6.672384817E-04, 4.884007723E-03,-1.252927362E-03,-1.122807479E-04,-3.411003920E-02,-4.498915402E-04
      1019, 4.999999929E+00, 1.172104580E+00, 8.219708548E-03,-6.772717740E-03, 2.615347628E-04, 6.478695282E-04, 2.174508963E-02, 5.124017750E-03,-9.929491195E-02,-1.596800829E-02
      1020, 6.999999954E+00, 1.172104580E+00, 4.105204954E-02,-1.064068966E-04, 1.026555426E-03, 2.981914849E-03, 1.025857193E-02, 1.733088727E-03,-9.599180394E-02,-1.016844209E-02
      1021, 8.999999951E+00, 1.172104598E+00, 5.333435553E-02, 1.762765617E-03, 1.016989773E-03, 4.085376549E-03, 3.024280444E-03, 3.966683774E-04,-6.879163890E-02,-4.528611613E-03
      1022, 1.099999988E+01, 1.172104580E+00, 5.592690990E-02, 2.081077686E-03, 8.362980011E-04, 4.607652341E-03, 2.221055747E-05, 1.992271326E-06,-4.815834645E-02,-1.797955744E-03
      1023, 1.299999997E+01, 1.172104580E+00, 5.461445470E-02, 1.954152097E-03, 6.621483132E-04, 4.865190677E-03,-1.144892015E-03,-1.043279886E-04,-3.419391908E-02,-5.224688098E-04
      1024, 4.999999929E+00, 1.191364850E+00, 6.379951095E-03,-7.068595996E-03, 2.009657797E-04, 5.244759736E-04, 2.071988777E-02, 4.958774847E-03,-9.192353832E-02,-1.478898146E-02
      1025, 6.999999954E+00, 1.191364850E+00, 3.921888312E-02,-3.031516519E-04, 9.799803605E-04, 2.891177715E-03, 1.051416996E-02, 1.805301755E-03,-9.438854080E-02,-1.026035735E-02
      1026, 8.999999951E+00, 1.191364868E+00, 5.201407008E-02, 1.674232170E-03, 9.943559155E-04, 4.030458188E-03, 3.257132155E-03, 4.342453272E-04,-6.831459144E-02,-4.662837277E-03
      1027, 1.099999988E+01, 1.191364850E+00, 5.500006477E-02, 2.045437246E-03, 8.255667532E-04, 4.574823534E-03, 1.843592771E-04, 1.970963686E-05,-4.808693422E-02,-1.901486845E-03
      1028, 1.299999997E+01, 1.191364850E+00, 5.395515656E-02, 1.943378062E-03, 6.568623983E-04, 4.845388002E-03,-1.036029510E-03,-9.600341170E-05,-3.426701707E-02,-5.953421066E-04
      1029, 4.999999929E+00, 1.210903887E+00, 4.673353250E-03,-7.341360157E-03, 1.456002309E-04, 4.053508149E-04, 1.923068307E-02, 4.674017550E-03,-8.298802064E-02,-1.317590803E-02
      1030, 6.999999954E+00, 1.210903887E+00, 3.739097965E-02,-5.044149172E-04, 9.333358554E-04, 2.798182495E-03, 1.075557783E-02, 1.876881207E-03,-9.273790572E-02,-1.033965397E-02
      1031, 8.999999951E+00, 1.210903906E+00, 5.068429802E-02, 1.581828013E-03, 9.712694147E-04, 3.973573787E-03, 3.486979215E-03, 4.725265943E-04,-6.780708951E-02,-4.793698685E-03
      1032, 1.099999988E+01, 1.210903887E+00, 5.406138297E-02, 2.007263948E-03, 8.145067309E-04, 4.540544781E-03, 3.465223038E-04, 3.800885597E-05,-4.799706534E-02,-2.004423484E-03
      1033, 1.299999997E+01, 1.210903887E+00, 5.328499654E-02, 1.931021290E-03, 6.513767728E-04, 4.824564644E-03,-9.263942955E-04,-8.728932642E-05,-3.432912747E-02,-6.684423754E-04
      1034, 4.999999929E+00, 1.230725728E+00, 3.147203580E-03,-7.578614033E-03, 9.688728983E-05, 2.944320790E-04, 1.692705174E-02, 4.178878657E-03,-7.113518423E-02,-1.077545608E-02
      1035, 6.999999954E+00, 1.230725728E+00, 3.556980943E-02,-7.100311668E-04, 8.866908838E-04, 2.702945641E-03, 1.098212956E-02, 1.947624492E-03,-9.104040502E-02,-1.040583611E-02
      1036, 8.999999951E+00, 1.230725746E+00, 4.934564459E-02, 1.485528526E-03, 9.477441113E-04, 3.914693562E-03, 3.713542947E-03, 5.114772437E-04,-6.726917438E-02,-4.920977536E-03
      1037, 1.099999988E+01, 1.230725728E+00, 5.311108355E-02, 1.966504787E-03, 8.031166635E-04, 4.504777435E-03, 5.085725911E-04, 5.688828087E-05,-4.788857197E-02,-2.106659721E-03
      1038, 1.299999997E+01, 1.230725728E+00, 5.260401813E-02, 1.917033785E-03, 6.456876253E-04, 4.802685084E-03,-8.160443044E-04,-7.819953570E-05,-3.438005047E-02,-7.417485640E-04
      1039, 4.999999929E+00, 1.250834464E+00, 1.879246164E-03,-7.759687605E-03, 5.715604360E-05, 1.985470495E-04, 1.338465551E-02, 3.352239267E-03,-5.487765052E-02,-7.161374562E-03
      1040, 6.999999954E+00, 1.250834464E+00, 3.375688805E-02,-9.198152783E-04, 8.401167531E-04, 2.605488430E-03, 1.119313508E-02, 2.017314306E-03,-8.929649460E-02,-1.045838954E-02
      1041, 8.999999951E+00, 1.250834482E+00, 4.799874215E-02, 1.385314614E-03, 9.237953806E-04, 3.853789343E-03, 3.936539209E-03, 5.510589003E-04,-6.670091249E-02,-5.044451639E-03
      1042, 1.099999988E+01, 1.250834464E+00, 5.214940295E-02, 1.923108101E-03, 7.913958722E-04, 4.467483060E-03, 6.703789679E-04, 7.634511136E-05,-4.776129900E-02,-2.208086468E-03
      1043, 1.299999997E+01, 1.250834464E+00, 5.191227548E-02, 1.901368653E-03, 6.397913159E-04, 4.779713369E-03,-7.050396815E-04,-6.873522535E-05,-3.441959372E-02,-8.151951320E-04
      1044, 4.999999929E+00, 1.271234248E+00, 9.589348599E-04,-7.859552109E-03, 2.882776984E-05, 1.254928118E-04, 8.800094236E-03, 2.228728417E-03,-3.533833348E-02,-2.590430972E-03
      1045, 6.999999954E+00, 1.271234248E+00, 3.195377867E-02,-1.133561236E-03, 7.936869984E-04, 2.505837337E-03, 1.138787380E-02, 2.085717079E-03,-8.750655271E-02,-1.049677637E-02
      1046, 8.999999951E+00, 1.271234267E+00, 4.664425050E-02, 1.281173085E-03, 8.994401596E-04, 3.790834703E-03, 4.155678211E-03, 5.912295736E-04,-6.610239299E-02,-5.163895636E-03
      1047, 1.099999988E+01, 1.271234248E+00, 5.117659537E-02, 1.877023756E-03, 7.793443016E-04, 4.428623492E-03, 8.318060475E-04, 9.637532006E-05,-4.761510368E-02,-2.308591527E-03
      1048, 1.299999997E+01, 1.271234248E+00, 5.120983373E-02, 1.883978147E-03, 6.336843947E-04, 4.755613162E-03,-5.934427467E-04,-5.887505132E-05,-3.444757317E-02,-8.887163693E-04
      1049, 4.999999929E+00, 1.291929293E+00, 4.141967978E-04,-7.868236026E-03, 1.217632613E-05, 7.782962381E-05, 4.481989032E-03, 1.140786732E-03,-1.770196676E-02, 1.599002263E-03
      1050, 6.999999954E+00, 1.291929293E+00, 3.016209491E-02,-1.351040598E-03, 7.474772760E-04, 2.404024477E-03, 1.156558654E-02, 2.152580300E-03,-8.567084744E-02,-1.052042507E-02
      1051, 8.999999951E+00, 1.291929312E+00, 4.528285713E-02, 1.173097034E-03, 8.746969707E-04, 3.725805088E-03, 4.370664450E-03, 6.319435429E-04,-6.547372602E-02,-5.279081750E-03
      1052, 1.099999988E+01, 1.291929293E+00, 5.019293313E-02, 1.828203320E-03, 7.669625567E-04, 4.388160940E-03, 9.927142658E-04, 1.169735691E-04,-4.744985615E-02,-2.408060074E-03
      1053, 1.299999997E+01, 1.291929293E+00, 5.049676924E-02, 1.864814121E-03, 6.273636224E-04, 4.730347778E-03,-4.813189260E-04,-4.861851720E-05,-3.446380903E-02,-9.622683593E-04
      1054, 4.999999929E+00, 1.312923873E+00, 1.631605879E-04,-7.804905335E-03, 4.339648080E-06, 5.018755972E-05, 1.702266246E-03, 4.383740056E-04,-6.646936855E-03, 4.230542676E-03
      1055, 6.999999954E+00, 1.312923873E+00, 2.838350476E-02,-1.572000683E-03, 7.015652606E-04, 2.300088136E-03, 1.172546632E-02, 2.217629374E-03,-8.378950176E-02,-1.052872050E-02
      1056, 8.999999951E+00, 1.312923892E+00, 4.391527752E-02, 1.061086231E-03, 8.495859404E-04, 3.658677961E-03, 4.581196920E-03, 6.731512463E-04,-6.481504383E-02,-5.389779327E-03
      1057, 1.099999988E+01, 1.312923873E+00, 4.919870704E-02, 1.776600257E-03, 7.542519353E-04, 4.346058068E-03, 1.152960067E-03, 1.381331279E-04,-4.726544083E-02,-2.506374757E-03
      1058, 1.299999997E+01, 1.312923873E+00, 4.977317010E-02, 1.843828876E-03, 6.208259908E-04, 4.703880237E-03,-3.687366282E-04,-3.796484805E-05,-3.446812649E-02,-1.035787791E-03
      1059, 4.999999929E+00, 1.334222322E+00, 7.383895793E-05,-7.702848572E-03, 1.346907494E-06, 3.428423363E-05, 4.659538618E-04, 1.243908928E-04,-1.880170122E-03, 5.304898854E-03
      1060, 6.999999954E+00, 1.334222322E+00, 2.661973549E-02,-1.796162436E-03, 6.560305543E-04, 2.194073441E-03, 1.186664586E-02, 2.280563847E-03,-8.186244316E-02,-1.052099195E-02
      1061, 8.999999951E+00, 1.334222342E+00, 4.254225540E-02, 9.451475477E-04, 8.241288128E-04, 3.589432937E-03, 4.786969467E-03, 7.147990728E-04,-6.412650272E-02,-5.495753899E-03
      1062, 1.099999988E+01, 1.334222322E+00, 4.819422670E-02, 1.722170114E-03, 7.412144605E-04, 4.302278087E-03, 1.312395966E-03, 1.598458566E-04,-4.706175688E-02,-2.603415745E-03
      1063, 1.299999997E+01, 1.334222322E+00, 4.903913635E-02, 1.820975075E-03, 6.140687434E-04, 4.676173312E-03,-2.557668146E-04,-2.691130770E-05,-3.446036042E-02,-1.109211960E-03
      1064, 4.999999929E+00, 1.355829040E+00, 4.907375531E-05,-7.586347646E-03, 3.781493424E-07, 2.367409017E-05, 5.784805946E-05, 5.614552737E-06,-3.866526859E-04, 5.526100313E-03
      1065, 6.999999954E+00, 1.355829040E+00, 2.487258029E-02,-2.023217866E-03, 6.109546148E-04, 2.086033202E-03, 1.198817745E-02, 2.341052707E-03,-7.988932326E-02,-1.049649697E-02
      1066, 8.999999951E+00, 1.355829060E+00, 4.116456289E-02, 8.252954038E-04, 7.983489590E-04, 3.518051933E-03, 4.987670744E-03, 7.568291477E-04,-6.340828210E-02,-5.596767284E-03
      1067, 1.099999988E+01, 1.355829040E+00, 4.717982084E-02, 1.664870731E-03, 7.278529129E-04, 4.256784850E-03, 1.470870433E-03, 1.821021141E-04,-4.683871737E-02,-2.699060109E-03
      1068, 1.299999997E+01, 1.355829040E+00, 4.829478036E-02, 1.796205774E-03, 6.070893971E-04, 4.647189583E-03,-1.424833396E-04,-1.545582794E-05,-3.444035280E-02,-1.182477633E-03
      1069, 4.999999929E+00, 1.377748487E+00, 4.449462717E-05,-7.466100825E-03, 9.975137891E-08, 1.399107212E-05,-5.934436172E-05,-3.728549473E-05,-7.613774975E-06, 5.479144734E-03
      1070, 6.999999954E+00, 1.377748487E+00, 2.314390743E-02,-2.252826920E-03, 5.664207172E-04, 1.976028992E-03, 1.208900544E-02, 2.398727639E-03,-7.786941002E-02,-1.045439621E-02
      1071, 8.999999951E+00, 1.377748507E+00, 3.978300079E-02, 7.015522320E-04, 7.722713797E-04, 3.444519312E-03, 5.182983807E-03, 7.991791090E-04,-6.266058062E-02,-5.692578241E-03
      1072, 1.099999988E+01, 1.377748487E+00, 4.615583764E-02, 1.604662466E-03, 7.141708619E-04, 4.209542948E-03, 1.628227787E-03, 2.048906652E-04,-4.659624875E-02,-2.793181985E-03
      1073, 1.299999997E+01, 1.377748487E+00, 4.754022709E-02, 1.769474510E-03, 5.998857638E-04, 4.616891492E-03,-2.896299625E-05,-3.596866020E-06,-3.440795156E-02,-1.255519724E-03
      1074, 4.999999929E+00, 1.399985190E+00, 4.527055574E-05,-7.345838293E-03, 2.718865585E-08, 5.492163288E-06,-8.634645542E-05,-5.000126144E-05, 6.710567653E-05, 5.344550501E-03
      1075, 6.999999954E+00, 1.399985190E+00, 2.143567268E-02,-2.484613454E-03, 5.225139677E-04, 1.864132579E-03, 1.216792978E-02, 2.453172935E-03,-7.580145168E-02,-1.039371634E-02
      1076, 8.999999951E+00, 1.399985211E+00, 3.839839882E-02, 5.739489389E-04, 7.459227029E-04, 3.368822042E-03, 5.372585829E-03, 8.417819478E-04,-6.188361303E-02,-5.782943194E-03
      1077, 1.099999988E+01, 1.399985190E+00, 4.512264509E-02, 1.541508421E-03, 7.001726955E-04, 4.160517811E-03, 1.784308274E-03, 2.281985837E-04,-4.633429137E-02,-2.885653078E-03
      1078, 1.299999997E+01, 1.399985190E+00, 4.677561453E-02, 1.740735408E-03, 5.924559725E-04, 4.585241405E-03, 8.471458788E-05, 8.666407576E-06,-3.436301206E-02,-1.328270944E-03
      1079, 4.999999929E+00, 1.422543741E+00, 4.647308953E-05,-7.227379421E-03, 1.019506628E-08, 1.474912349E-06,-7.533770370E-05,-4.508583606E-05, 3.628136107E-05, 5.159815454E-03
      1080, 6.999999954E+00, 1.422543741E+00, 1.974993615E-02,-2.718160015E-03, 4.793213969E-04, 1.750427831E-03, 1.222355695E-02, 2.503911787E-03,-7.368349666E-02,-1.031330127E-02
      1081, 8.999999951E+00, 1.422543762E+00, 3.701161596E-02, 4.425253815E-04, 7.193311759E-04, 3.290949861E-03, 5.556148135E-03, 8.845658359E-04,-6.107761022E-02,-5.867615507E-03
      1082, 1.099999988E+01, 1.422543741E+00, 4.408063126E-02, 1.475374668E-03, 6.858636501E-04, 4.109675812E-03, 1.938948316E-03, 2.520111613E-04,-4.605280102E-02,-2.976342847E-03
      1083, 1.299999997E+01, 1.422543741E+00, 4.600109396E-02, 1.709943307E-03, 5.847984912E-04, 4.552201669E-03, 1.984670554E-04, 2.133415892E-05,-3.430539882E-02,-1.400661522E-03
      1084, 4.999999929E+00, 1.445428798E+00, 4.664288629E-05,-7.111495573E-03, 6.648713130E-09, 8.073799073E-07,-6.178156395E-05,-3.837119786E-05,-1.239123676E-05, 4.977607326E-03
      1085, 6.999999954E+00, 1.445428798E+00, 1.808888523E-02,-2.953000962E-03, 4.369321692E-04, 1.635013306E-03, 1.225422940E-02, 2.550387614E-03,-7.151263116E-02,-1.021174689E-02
      1086, 8.999999951E+00, 1.445428820E+00, 3.562354075E-02, 3.073308940E-04, 6.925266508E-04, 3.210895435E-03, 5.733336446E-03, 9.274538230E-04,-6.024282057E-02,-5.946344108E-03
      1087, 1.099999988E+01, 1.445428798E+00, 4.303020457E-02, 1.406230490E-03, 6.712498378E-04, 4.056984375E-03, 2.091980606E-03, 2.763118967E-04,-4.575174920E-02,-3.065118563E-03
      1088, 1.299999997E+01, 1.445428798E+00, 4.521683023E-02, 1.677053887E-03, 5.769121520E-04, 4.517734690E-03, 3.122092502E-04, 3.440587302E-05,-3.423498565E-02,-1.472619392E-03
      1089, 4.999999929E+00, 1.468645087E+00, 4.610595516E-05,-6.997783963E-03, 5.950708757E-09, 7.149483421E-07,-5.669265737E-05,-3.775130097E-05,-3.066321124E-05, 4.820913222E-03
      1090, 6.999999954E+00, 1.468645087E+00, 1.645486677E-02,-3.188613241E-03, 3.954379673E-04, 1.518005843E-03, 1.225791873E-02, 2.591934324E-03,-6.928458422E-02,-1.008728715E-02
      1091, 8.999999951E+00, 1.468645109E+00, 3.423509152E-02, 1.684248523E-04, 6.655405642E-04, 3.128654519E-03, 5.903810472E-03, 9.703635304E-04,-5.937950712E-02,-6.018873243E-03
      1092, 1.099999988E+01, 1.468645087E+00, 4.197179410E-02, 1.334048630E-03, 6.563382726E-04, 4.002412084E-03, 2.243233971E-03, 3.010823863E-04,-4.543112205E-02,-3.151844601E-03
      1093, 1.299999997E+01, 1.468645087E+00, 4.442300214E-02, 1.642023804E-03, 5.687961735E-04, 4.481803006E-03, 4.258530643E-04, 4.788031082E-05,-3.415165433E-02,-1.544070805E-03
      1094, 4.999999929E+00, 1.492197403E+00, 4.537633542E-05,-6.886007566E-03, 5.794751156E-09, 7.030857416E-07,-5.544539193E-05,-3.726866568E-05,-3.247258282E-05, 4.671370690E-03
      1095, 6.999999954E+00, 1.492197403E+00, 1.485043295E-02,-3.424403244E-03, 3.549336390E-04, 1.399545619E-03, 1.223206648E-02, 2.627737732E-03,-6.699313773E-02,-9.937664377E-03
      1096, 8.999999951E+00, 1.492197425E+00, 3.284721681E-02, 2.587726141E-05, 6.384059103E-04, 3.044226169E-03, 6.067222396E-03, 1.013206725E-03,-5.848793755E-02,-6.084942331E-03
      1097, 1.099999988E+01, 1.492197403E+00, 4.090584984E-02, 1.258805567E-03, 6.411368948E-04, 3.945928801E-03, 2.392533240E-03, 3.263022122E-04,-4.509091947E-02,-3.236382604E-03
      1098, 1.299999997E+01, 1.492197403E+00, 4.361980267E-02, 1.604810808E-03, 5.604501810E-04, 4.444369343E-03, 5.393073933E-04, 6.175538359E-05,-3.405529378E-02,-1.614940475E-03
      1099, 4.999999929E+00, 1.516090608E+00, 4.461116634E-05,-6.776174343E-03, 5.728408955E-09, 7.034675347E-07,-5.467834402E-05,-3.667368253E-05,-3.217137981E-05, 4.524804943E-03
      1100, 6.999999954E+00, 1.516090608E+00, 1.327840803E-02,-3.659689253E-03, 3.155182495E-04, 1.279803444E-03, 1.217334358E-02, 2.656777615E-03,-6.462925181E-02,-9.759910695E-03
      1101, 8.999999951E+00, 1.516090631E+00, 3.146089602E-02,-1.202306261E-04, 6.111572068E-04, 2.957612935E-03, 6.223215882E-03, 1.055888996E-03,-5.756837928E-02,-6.144286357E-03
      1102, 1.099999988E+01, 1.516090608E+00, 3.983284297E-02, 1.180481791E-03, 6.256545937E-04, 3.887505781E-03, 2.539699352E-03, 3.519488278E-04,-4.473115566E-02,-3.318592055E-03
      1103, 1.299999997E+01, 1.516090608E+00, 4.280743941E-02, 1.565373884E-03, 5.518742312E-04, 4.405396701E-03, 6.524782727E-04, 7.602812096E-05,-3.394580140E-02,-1.685151072E-03
      1104, 4.999999929E+00, 1.540329637E+00, 4.383515995E-05,-6.668232354E-03, 5.672099704E-09, 7.048153474E-07,-5.395726925E-05,-3.639470959E-05,-3.194635492E-05, 4.383603800E-03
      1105, 6.999999954E+00, 1.540329637E+00, 1.174198665E-02,-3.893674677E-03, 2.772967652E-04, 1.158991535E-03, 1.207727983E-02, 2.677713261E-03,-6.217972290E-02,-9.549930514E-03
      1106, 8.999999951E+00, 1.540329660E+00, 3.007713998E-02,-2.698056787E-04, 5.838304581E-04, 2.868821070E-03, 6.371426596E-03, 1.098309582E-03,-5.662110278E-02,-6.196635226E-03
      1107, 1.099999988E+01, 1.540329637E+00, 3.875326612E-02, 1.099062078E-03, 6.099012277E-04, 3.827115792E-03, 2.684549667E-03, 3.779974567E-04,-4.435186064E-02,-3.398330522E-03
      1108, 1.299999997E+01, 1.540329637E+00, 4.198613479E-02, 1.523673406E-03, 5.430688351E-04, 4.364848432E-03, 7.652690202E-04, 9.069464559E-05,-3.382308490E-02,-1.754622842E-03
      1109, 4.999999929E+00, 1.564919496E+00, 4.305216163E-05,-6.562144443E-03, 5.616390279E-09, 7.059122609E-07,-5.319401069E-05,-3.620470926E-05,-3.176703080E-05, 4.246972688E-03
      1110, 6.999999954E+00, 1.564919496E+00, 1.024488283E-02,-4.125406951E-03, 2.403827539E-04, 1.037379858E-03, 1.193765749E-02, 2.688729947E-03,-5.962498154E-02,-9.301959284E-03
      1111, 8.999999951E+00, 1.564919519E+00, 2.869699161E-02,-4.227421760E-04, 5.564631147E-04, 2.777860782E-03, 6.511481026E-03, 1.140360679E-03,-5.564637525E-02,-6.241710696E-03
      1112, 1.099999988E+01, 1.564919496E+00, 3.766763361E-02, 1.014535780E-03, 5.938876423E-04, 3.764733243E-03, 2.826898073E-03, 4.044210889E-04,-4.395308029E-02,-3.475453717E-03
      1113, 1.299999997E+01, 1.564919496E+00, 4.115612637E-02, 1.479671302E-03, 5.340349805E-04, 4.322688324E-03, 8.775801838E-04, 1.057501777E-04,-3.368706235E-02,-1.823273803E-03
      1114, 4.999999929E+00, 1.589865261E+00, 4.226140659E-05,-6.457872469E-03, 5.560317002E-09, 7.066130887E-07,-5.241298583E-05,-3.606889622E-05,-3.162972889E-05, 4.114802139E-03
      1115, 6.999999954E+00, 1.589865261E+00, 8.791564629E-03,-4.353715791E-03, 2.049027859E-04, 9.153218085E-04, 1.174547504E-02, 2.687266827E-03,-5.693537058E-02,-9.007559164E-03
      1116, 8.999999951E+00, 1.589865284E+00, 2.732152684E-02,-5.789209939E-04, 5.290940241E-04, 2.684746497E-03, 6.642993631E-03, 1.181926628E-03,-5.464444734E-02,-6.279223933E-03
      1117, 1.099999988E+01, 1.589865261E+00, 3.657648160E-02, 9.268971211E-04, 5.776256855E-04, 3.700334306E-03, 2.966554782E-03, 4.311903468E-04,-4.353487472E-02,-3.549814643E-03
      1118, 1.299999997E+01, 1.589865261E+00, 4.031766709E-02, 1.433331214E-03, 5.247741544E-04, 4.278880688E-03, 9.893093800E-04, 1.211889796E-04,-3.353766074E-02,-1.891020409E-03
      1119, 4.999999929E+00, 1.615172084E+00, 4.146262365E-05,-6.355381768E-03, 5.503788133E-09, 7.068975771E-07,-5.162033518E-05,-3.594991081E-05,-3.150113857E-05, 3.986887053E-03
      1120, 6.999999954E+00, 1.615172084E+00, 7.387638402E-03,-4.577109822E-03, 1.710038291E-04, 7.932963577E-04, 1.148712367E-02, 2.669513933E-03,-5.406464420E-02,-8.653848489E-03
      1121, 8.999999951E+00, 1.615172108E+00, 2.595185591E-02,-7.382087136E-04, 5.017633785E-04, 2.589497164E-03, 6.765564052E-03, 1.222883151E-03,-5.361553964E-02,-6.308874284E-03
      1122, 1.099999988E+01, 1.615172084E+00, 3.548036839E-02, 8.361455404E-04, 5.611282203E-04, 3.633897055E-03, 3.103326134E-03, 4.582733436E-04,-4.309731694E-02,-3.621263707E-03
      1123, 1.299999997E+01, 1.615172084E+00, 3.947102561E-02, 1.384618661E-03, 5.152883648E-04, 4.233390450E-03, 1.100351238E-03, 1.370042114E-04,-3.337481503E-02,-1.957777687E-03
      1124, 4.999999929E+00, 1.640845191E+00, 4.065540747E-05,-6.254637556E-03, 5.446800462E-09, 7.067495435E-07,-5.081827213E-05,-3.584902881E-05,-3.138544382E-05, 3.863122797E-03
      1125, 6.999999954E+00, 1.640845191E+00, 6.040510435E-03,-4.793595465E-03, 1.388662991E-04, 6.719815719E-04, 1.114091499E-02, 2.629468602E-03,-5.093768500E-02,-8.220119097E-03
      1126, 8.999999951E+00, 1.640845215E+00, 2.458912507E-02,-9.004566502E-04, 4.745126608E-04, 2.492136606E-03, 6.878773519E-03, 1.263096405E-03,-5.255982657E-02,-6.330347582E-03
      1127, 1.099999988E+01, 1.640845191E+00, 3.437987468E-02, 7.422860155E-04, 5.444091342E-04, 3.565401595E-03, 3.237014676E-03, 4.856355394E-04,-4.264049314E-02,-3.689649339E-03
      1128, 1.299999997E+01, 1.640845191E+00, 3.861648661E-02, 1.333501202E-03, 5.055801620E-04, 4.186183244E-03, 1.210597572E-03, 1.531878917E-04,-3.319846948E-02,-2.023458731E-03
      1129, 4.999999929E+00, 1.666889884E+00, 3.983945132E-05,-6.155605749E-03, 5.389359925E-09, 7.061588164E-07,-5.000896906E-05,-3.575489943E-05,-3.127462481E-05, 3.743356928E-03
      1130, 6.999999954E+00, 1.666889884E+00, 4.760608974E-03,-5.000353499E-03, 1.087289813E-04, 5.523953247E-04, 1.066982319E-02, 2.557052858E-03,-4.742393005E-02,-7.670825617E-03
      1131, 8.999999951E+00, 1.666889908E+00, 2.323451880E-02,-1.065499763E-03, 4.473845906E-04, 2.392693943E-03, 6.982180980E-03, 1.302421767E-03,-5.147742102E-02,-6.343311359E-03
      1132, 1.099999988E+01, 1.666889884E+00, 3.327560372E-02, 6.453294033E-04, 5.274833459E-04, 3.494830204E-03, 3.367419511E-03, 5.132396220E-04,-4.216450406E-02,-3.754818253E-03
      1133, 1.299999997E+01, 1.666889884E+00, 3.775435104E-02, 1.279948635E-03, 4.956526599E-04, 4.137225505E-03, 1.319937578E-03, 1.697308704E-04,-3.300857950E-02,-2.087974323E-03
      1134, 4.999999929E+00, 1.693311540E+00, 3.901470184E-05,-6.058253509E-03, 5.331473890E-09, 7.051170973E-07,-4.919646179E-05,-3.565425867E-05,-3.115578624E-05, 3.627430163E-03
      1135, 6.999999954E+00, 1.693311540E+00, 3.563820555E-03,-5.193115297E-03, 8.094156875E-05, 4.361986680E-04, 1.000473153E-02, 2.434190336E-03,-4.326972113E-02,-6.940438926E-03
      1136, 8.999999951E+00, 1.693311565E+00, 2.188926261E-02,-1.233155343E-03, 4.204230731E-04, 2.291204107E-03, 7.075318323E-03, 1.340702115E-03,-5.036835609E-02,-6.347407730E-03
      1137, 1.099999988E+01, 1.693311540E+00, 3.216818156E-02, 5.452927824E-04, 5.103668085E-04, 3.422167480E-03, 3.494336343E-03, 5.410455032E-04,-4.166946439E-02,-3.816615453E-03
      1138, 1.299999997E+01, 1.693311540E+00, 3.688493631E-02, 1.223933195E-03, 4.855095552E-04, 4.086484577E-03, 1.428257790E-03, 1.866228362E-04,-3.280511171E-02,-2.151233168E-03
      1139, 4.999999929E+00, 1.720115616E+00, 3.818143128E-05,-5.962549222E-03, 5.273149730E-09, 7.036149786E-07,-4.838288590E-05,-3.554208893E-05,-3.101994114E-05, 3.515206403E-03
      1140, 6.999999954E+00, 1.720115616E+00, 2.476387311E-03,-5.364950209E-03, 5.607495574E-05, 3.263653532E-04, 9.011584247E-03, 2.226443490E-03,-3.796281722E-02,-5.896588883E-03
      1141, 8.999999951E+00, 1.720115642E+00, 2.055462660E-02,-1.403221436E-03, 3.936731535E-04, 2.187708466E-03, 7.157682409E-03, 1.377765624E-03,-4.923255400E-02,-6.342245786E-03
      1142, 1.099999988E+01, 1.720115616E+00, 3.105825723E-02, 4.421998244E-04, 4.930765087E-04, 3.347400486E-03, 3.617557080E-03, 5.690101362E-04,-4.115550010E-02,-3.874883077E-03
      1143, 1.299999997E+01, 1.720115616E+00, 3.600857658E-02, 1.165429753E-03, 4.751551471E-04, 4.033928809E-03, 1.535441888E-03, 2.038522538E-04,-3.258804219E-02,-2.213142573E-03
      1144, 4.999999929E+00, 1.747307647E+00, 3.734000690E-05,-5.868461825E-03, 5.214394742E-09, 7.016417184E-07,-4.756658969E-05,-3.542234464E-05,-3.087008918E-05, 3.406573958E-03
      1145, 6.999999954E+00, 1.747307647E+00, 1.541980868E-03,-5.504312083E-03, 3.506905813E-05, 2.281923526E-04, 7.489507036E-03, 1.878856044E-03,-3.076473781E-02,-4.337526899E-03
      1146, 8.999999951E+00, 1.747307673E+00, 1.923193034E-02,-1.575474965E-03, 3.671809818E-04, 2.082255617E-03, 7.228723345E-03, 1.413422836E-03,-4.806977890E-02,-6.327392402E-03
      1147, 1.099999988E+01, 1.747307647E+00, 2.994650303E-02, 3.360812082E-04, 4.756304636E-04, 3.270518914E-03, 3.736869415E-03, 5.970873086E-04,-4.062274606E-02,-3.929460328E-03
      1148, 1.299999997E+01, 1.747307647E+00, 3.512562302E-02, 1.104416013E-03, 4.645943550E-04, 3.979527667E-03, 1.641370635E-03, 2.214061949E-04,-3.235735543E-02,-2.273608590E-03
      1149, 4.999999929E+00, 1.774893249E+00, 3.649064656E-05,-5.775960656E-03, 5.155217034E-09, 6.991881418E-07,-4.674535972E-05,-3.529805633E-05,-3.071266470E-05, 3.301419606E-03
      1150, 6.999999954E+00, 1.774893249E+00, 8.193348118E-04,-5.595169278E-03, 1.911318939E-05, 1.489499524E-04, 5.377892207E-03, 1.368116624E-03,-2.158675979E-02,-2.205147981E-03
      1151, 8.999999951E+00, 1.774893275E+00, 1.792254949E-02,-1.749669442E-03, 3.409937961E-04, 1.974902404E-03, 7.287829461E-03, 1.447462844E-03,-4.687957771E-02,-6.302360195E-03
      1152, 1.099999988E+01, 1.774893249E+00, 2.883361483E-02, 2.269750293E-04, 4.580477123E-04, 3.191515248E-03, 3.852056769E-03, 6.252274337E-04,-4.007134564E-02,-3.980184024E-03
      1153, 1.299999997E+01, 1.774893249E+00, 3.423644407E-02, 1.040872720E-03, 4.538327352E-04, 3.923251844E-03, 1.745922092E-03, 2.392702913E-04,-3.211304563E-02,-2.332535490E-03
      1154, 4.999999929E+00, 1.802878116E+00, 3.563348368E-05,-5.685015703E-03, 5.095626094E-09, 6.962474551E-07,-4.591895535E-05,-3.516829207E-05,-3.054870271E-05, 3.199623425E-03
      1155, 6.999999954E+00, 1.802878116E+00, 3.481379904E-04,-5.625438284E-03, 8.836362113E-06, 9.355611466E-05, 3.103632053E-03, 7.958900593E-04,-1.220443937E-02, 1.496898829E-05
      1156, 8.999999951E+00, 1.802878143E+00, 1.662792470E-02,-1.925532134E-03, 3.151599340E-04, 1.865715234E-03, 7.334308169E-03, 1.479648102E-03,-4.566120877E-02,-6.266588259E-03
      1157, 1.099999988E+01, 1.802878116E+00, 2.772031237E-02, 1.149272280E-04, 4.403483054E-04, 3.110384902E-03, 3.962898488E-03, 6.533773786E-04,-3.950145106E-02,-4.026888730E-03
      1158, 1.299999997E+01, 1.802878116E+00, 3.334142564E-02, 9.747838908E-04, 4.428764970E-04, 3.865073373E-03, 1.848971865E-03, 2.574287038E-04,-3.185511863E-02,-2.389825386E-03
      1159, 4.999999929E+00, 1.831268029E+00, 3.476868043E-05,-5.595597757E-03, 5.035632592E-09, 6.928153406E-07,-4.508748393E-05,-3.503098292E-05,-3.037719005E-05, 3.101068126E-03
      1160, 6.999999954E+00, 1.831268029E+00, 1.032187898E-04,-5.599644540E-03, 3.456489132E-06, 5.993656765E-05, 1.371429889E-03, 3.538423931E-04,-5.281035291E-03, 1.671449634E-03
      1161, 8.999999951E+00, 1.831268056E+00, 1.534957347E-02,-2.102760369E-03, 2.897288863E-04, 1.754771839E-03, 7.367359777E-03, 1.509706993E-03,-4.441354489E-02,-6.219413684E-03
      1162, 1.099999988E+01, 1.831268029E+00, 2.660733956E-02,-7.970935705E-09, 4.225532891E-04, 3.027126432E-03, 4.069169275E-03, 6.814803654E-04,-3.891321950E-02,-4.069406239E-03
      1163, 1.299999997E+01, 1.831268029E+00, 3.244097131E-02, 9.061370624E-04, 4.317325165E-04, 3.804965742E-03, 1.950393052E-03, 2.758641339E-04,-3.158359168E-02,-2.445378490E-03
      1164, 4.999999929E+00, 1.860068850E+00, 3.389642446E-05,-5.507678348E-03, 4.975248082E-09, 6.888970151E-07,-4.425111258E-05,-3.488476907E-05,-3.019685946E-05, 3.005643368E-03
      1165, 6.999999954E+00, 1.860068850E+00, 4.113814594E-06,-5.538428084E-03, 1.177971705E-06, 4.106530451E-05, 4.587388865E-04, 1.235405178E-04,-1.733026355E-03, 2.518397414E-03
      1166, 8.999999951E+00, 1.860068877E+00, 1.408910621E-02,-2.281016654E-03, 2.647514114E-04, 1.642163635E-03, 7.386037893E-03, 1.537323537E-03,-4.313492684E-02,-6.160034384E-03
      1167, 1.099999988E+01, 1.860068850E+00, 2.549546499E-02,-1.177675649E-04, 4.046846857E-04, 2.941741742E-03, 4.170638549E-03, 7.094756983E-04,-3.830680974E-02,-4.107563990E-03
      1168, 1.299999997E+01, 1.860068850E+00, 3.153550252E-02, 8.349235296E-04, 4.204083490E-04, 3.742904022E-03, 2.050055995E-03, 2.945577516E-04,-3.129849146E-02,-2.499093805E-03
      1169, 4.999999929E+00, 1.889286525E+00, 3.301696394E-05,-5.421229677E-03, 4.914484658E-09, 6.845166891E-07,-4.341059883E-05,-3.472906330E-05,-3.000639356E-05, 2.913243809E-03
      1170, 6.999999954E+00, 1.889286525E+00,-2.741259543E-05,-5.461510072E-03, 3.706606624E-07, 3.041421315E-05, 1.121644033E-04, 3.100683870E-05,-4.397913029E-04, 2.772360827E-03
      1171, 8.999999951E+00, 1.889286554E+00, 1.284824880E-02,-2.459922155E-03, 2.402797435E-04, 1.527998969E-03, 7.389191087E-03, 1.562120905E-03,-4.182294694E-02,-6.087447248E-03
      1172, 1.099999988E+01, 1.889286525E+00, 2.438548237E-02,-2.382792256E-04, 3.867654727E-04, 2.854236278E-03, 4.267069947E-03, 7.372984875E-04,-3.768238057E-02,-4.141184879E-03
      1173, 1.299999997E+01, 1.889286525E+00, 3.062545881E-02, 7.611385831E-04, 4.089122398E-04, 3.678864982E-03, 2.147828184E-03, 3.134889910E-04,-3.099985263E-02,-2.550869226E-03
      1174, 4.999999929E+00, 1.918927090E+00, 3.213057413E-05,-5.336224591E-03, 4.853354654E-09, 6.797061901E-07,-4.256673540E-05,-3.456420302E-05,-2.980567680E-05, 2.823768203E-03
      1175, 6.999999954E+00, 1.918927090E+00,-3.527895172E-05,-5.379289591E-03, 1.185028690E-07, 2.384765275E-05, 7.775522292E-06,-1.516196082E-06,-7.333552387E-05, 2.791584771E-03
      1176, 8.999999951E+00, 1.918927118E+00, 1.162887439E-02,-2.639047560E-03, 2.163679384E-04, 1.412407658E-03, 7.375378013E-03, 1.583641861E-03,-4.047413411E-02,-6.000384987E-03
      1177, 1.099999988E+01, 1.918927090E+00, 2.327821121E-02,-3.614607385E-04, 3.688195588E-04, 2.764619278E-03, 4.358220061E-03, 7.648791547E-04,-3.704008453E-02,-4.170086840E-03
      1178, 1.299999997E+01, 1.918927090E+00, 2.971129807E-02, 6.847817641E-04, 3.972531333E-04, 3.612827225E-03, 2.243574493E-03, 3.326354922E-04,-3.068771916E-02,-2.600600988E-03
      1179, 4.999999929E+00, 1.948996664E+00, 3.123754244E-05,-5.252636550E-03, 4.791870834E-09, 6.744834415E-07,-4.171981383E-05,-3.439057722E-05,-2.959504615E-05, 2.737119210E-03
      1180, 6.999999954E+00, 1.948996664E+00,-3.616126918E-05,-5.296279619E-03, 4.557400371E-08, 1.731618062E-05,-2.421225762E-05,-1.467085466E-05, 2.307117229E-05, 2.743384317E-03
      1181, 8.999999951E+00, 1.948996693E+00, 1.043304927E-02,-2.817901155E-03, 1.930724291E-04, 1.295547467E-03, 7.342741979E-03, 1.601316492E-03,-3.908349685E-02,-5.897196969E-03
      1182, 1.099999988E+01, 1.948996664E+00, 2.217449763E-02,-4.872193774E-04, 3.508717549E-04, 2.672904031E-03, 4.443837551E-03, 7.921429897E-04,-3.638006301E-02,-4.194082000E-03
      1183, 1.299999997E+01, 1.948996664E+00, 2.879349670E-02, 6.058571456E-04, 3.854406802E-04, 3.544771318E-03, 2.337157464E-03, 3.519730607E-04,-3.036214606E-02,-2.648183251E-03
      1184, 4.999999929E+00, 1.979501456E+00, 3.033815572E-05,-5.170439611E-03, 4.730046783E-09, 6.688542171E-07,-4.086949946E-05,-3.420792938E-05,-2.937524666E-05, 2.653202842E-03
      1185, 6.999999954E+00, 1.979501456E+00,-3.498656832E-05,-5.213618026E-03, 2.545213701E-08, 9.898540018E-06,-3.449778959E-05,-2.201181417E-05, 4.884155311E-05, 2.677798879E-03
      1186, 8.999999951E+00, 1.979501486E+00, 9.263099338E-03,-2.995910494E-03, 1.704529079E-04, 1.177613562E-03, 7.288818457E-03, 1.614403834E-03,-3.764382481E-02,-5.775628400E-03
      1187, 1.099999988E+01, 1.979501456E+00, 2.107521536E-02,-6.154512392E-04, 3.329477439E-04, 2.579108177E-03, 4.523661924E-03, 8.190098955E-04,-3.570244071E-02,-4.212975431E-03
      1188, 1.299999997E+01, 1.979501456E+00, 2.787254980E-02, 5.243736282E-04, 3.734852417E-04, 3.474679927E-03, 2.428437198E-03, 3.714756796E-04,-3.002319878E-02,-2.693508346E-03
      1189, 4.999999929E+00, 2.010447767E+00, 2.943270044E-05,-5.089608413E-03, 4.667897115E-09, 6.628232270E-07,-4.001592504E-05,-3.401554618E-05,-2.914573919E-05, 2.571928346E-03
      1190, 6.999999954E+00, 2.010447767E+00,-3.361269188E-05,-5.132103577E-03, 2.017079063E-08, 5.781398810E-06,-3.140548942E-05,-1.935006371E-05, 3.699959896E-05, 2.588816927E-03
      1191, 8.999999951E+00, 2.010447797E+00, 8.121709927E-03,-3.172394905E-03, 1.485737225E-04, 1.058852692E-03, 7.210220981E-03, 1.621914765E-03,-3.614454875E-02,-5.632545975E-03
      1192, 1.099999988E+01, 2.010447767E+00, 1.998126707E-02,-7.460404681E-04, 3.150740485E-04, 2.483254057E-03, 4.597420840E-03, 8.453936425E-04,-3.500731369E-02,-4.226561478E-03
      1193, 1.299999997E+01, 2.010447767E+00, 2.694897129E-02, 4.403452335E-04, 3.613978927E-04, 3.402537963E-03, 2.517270972E-03, 3.911154159E-04,-2.967095063E-02,-2.736467417E-03
      1194, 4.999999929E+00, 2.041841986E+00, 2.852151703E-05,-5.010118166E-03, 4.605437581E-09, 6.563966803E-07,-3.915985812E-05,-3.381284291E-05,-2.890551374E-05, 2.493207925E-03
      1195, 6.999999954E+00, 2.041841986E+00,-3.286191298E-05,-5.052344788E-03, 1.882952811E-08, 5.098059687E-06,-2.544150031E-05,-1.585582842E-05, 1.441903608E-05, 2.497348720E-03
      1196, 8.999999951E+00, 2.041842016E+00, 7.012080758E-03,-3.346524710E-03, 1.275061234E-04, 9.395851231E-04, 7.102117461E-03, 1.622471368E-03,-3.456985460E-02,-5.463427581E-03
      1197, 1.099999988E+01, 2.041841986E+00, 1.889358614E-02,-8.788583262E-04, 2.972780002E-04, 2.385369129E-03, 4.664826778E-03, 8.712009172E-04,-3.429473584E-02,-4.234621015E-03
      1198, 1.299999997E+01, 2.041841986E+00, 2.602329424E-02, 3.537913956E-04, 3.491904216E-04, 3.328332723E-03, 2.603513027E-03, 4.108621598E-04,-2.930548063E-02,-2.776950412E-03
      1199, 4.999999929E+00, 2.073690596E+00, 2.760496810E-05,-4.931944643E-03, 4.542685157E-09, 6.495828368E-07,-3.830210051E-05,-3.360010272E-05,-2.865466203E-05, 2.416957212E-03
      1200, 6.999999954E+00, 2.073690596E+00,-3.258821998E-05,-4.974066781E-03, 1.832738173E-08, 4.958912453E-06,-2.251492975E-05,-1.587035577E-05, 4.394979761E-06, 2.420086297E-03
      1201, 8.999999951E+00, 2.073690627E+00, 5.938174990E-03,-3.517253959E-03, 1.073319715E-04, 8.202399610E-04, 6.957328063E-03, 1.614063318E-03,-3.289545650E-02,-5.261499686E-03
      1202, 1.099999988E+01, 2.073690596E+00, 1.781313900E-02,-1.013762158E-03, 2.795877092E-04, 2.285486472E-03, 4.725573480E-03, 8.963301657E-04,-3.356470520E-02,-4.236918921E-03
      1203, 1.299999997E+01, 2.073690596E+00, 2.509607110E-02, 2.647372796E-04, 3.368753286E-04, 3.252054060E-03, 2.687014753E-03, 4.306835329E-04,-2.892687441E-02,-2.814845397E-03
      1204, 4.999999929E+00, 2.106000175E+00, 2.668342691E-05,-4.855064145E-03, 4.479658123E-09, 6.423923205E-07,-3.744303800E-05,-3.337775233E-05,-2.839357256E-05, 2.343095109E-03
      1205, 6.999999954E+00, 2.106000175E+00,-3.246947719E-05,-4.897047621E-03, 1.795666798E-08, 4.900882945E-06,-2.169341639E-05,-1.607865696E-05, 2.562842529E-06, 2.347469168E-03
      1206, 8.999999951E+00, 2.106000206E+00, 4.905137978E-03,-3.683206636E-03, 8.815012134E-05, 7.014151495E-04, 6.764660327E-03, 1.593593747E-03,-3.108269370E-02,-5.016094262E-03
      1207, 1.099999988E+01, 2.106000175E+00, 1.674092804E-02,-1.150594178E-03, 2.620320385E-04, 2.183645401E-03, 4.779331843E-03, 9.206702572E-04,-3.281714779E-02,-4.233200118E-03
      1208, 1.299999997E+01, 2.106000175E+00, 2.416787393E-02, 1.732141308E-04, 3.244658210E-04, 3.173694529E-03, 2.767624940E-03, 4.505448195E-04,-2.853522568E-02,-2.850038043E-03
      1209, 4.999999929E+00, 2.138777393E+00, 2.575726881E-05,-4.779453490E-03, 4.416376125E-09, 6.348384712E-07,-3.658250797E-05,-3.314562035E-05,-2.812280382E-05, 2.271543131E-03
      1210, 6.999999954E+00, 2.138777393E+00,-3.238306765E-05,-4.821295676E-03, 1.760568430E-08, 4.853431582E-06,-2.142717057E-05,-1.624706249E-05, 2.454489199E-06, 2.276015069E-03
      1211, 8.999999951E+00, 2.138777425E+00, 3.920045318E-03,-3.842477264E-03, 7.008814666E-05, 5.839876182E-04, 6.505593791E-03, 1.555999367E-03,-2.906656250E-02,-4.709427090E-03
      1212, 1.099999988E+01, 2.138777393E+00, 1.567799540E-02,-1.289180046E-03, 2.446405850E-04, 2.079892245E-03, 4.825743335E-03, 9.440989623E-04,-3.205189105E-02,-4.223183269E-03
      1213, 1.299999997E+01, 2.138777393E+00, 2.323929461E-02, 7.925964796E-05, 3.119758060E-04, 3.093249542E-03, 2.845189419E-03, 4.704089556E-04,-2.813063429E-02,-2.882411678E-03
      1214, 4.999999929E+00, 2.172029020E+00, 2.482687758E-05,-4.705090006E-03, 4.352860239E-09, 6.269376250E-07,-3.572075249E-05,-3.290305446E-05,-2.784173906E-05, 2.202225419E-03
      1215, 6.999999954E+00, 2.172029020E+00,-3.229849221E-05,-4.746775202E-03, 1.726108578E-08, 4.805250303E-06,-2.131506330E-05,-1.644164020E-05, 2.551593161E-06, 2.207121422E-03
      1216, 8.999999951E+00, 2.172029053E+00, 2.993335996E-03,-3.992257770E-03, 5.332587865E-05, 4.693382738E-04, 6.146990257E-03, 1.492485140E-03,-2.672725977E-02,-4.309940270E-03
      1217, 1.099999988E+01, 2.172029020E+00, 1.462542807E-02,-1.429327072E-03, 2.274436717E-04, 1.974281330E-03, 4.864409947E-03, 9.664803530E-04,-3.126862446E-02,-4.206549865E-03
      1218, 1.299999997E+01, 2.172029020E+00, 2.231094519E-02,-1.708163672E-05, 2.994198810E-04, 3.010717567E-03, 2.919550119E-03, 4.902363310E-04,-2.771320095E-02,-2.911847571E-03
      1219, 4.999999929E+00, 2.205761922E+00, 2.389269266E-05,-4.631951523E-03, 4.289133019E-09, 6.187094245E-07,-3.485844104E-05,-3.264943659E-05,-2.754958781E-05, 2.135068538E-03
      1220, 6.999999954E+00, 2.205761922E+00,-3.221083421E-05,-4.673465562E-03, 1.692135413E-08, 4.755648363E-06,-2.122335633E-05,-1.665275396E-05, 2.628257664E-06, 2.140335233E-03
      1221, 8.999999951E+00, 2.205761955E+00, 2.141653764E-03,-4.128123061E-03, 3.814436401E-05, 3.598407145E-04, 5.625962432E-03, 1.386835115E-03,-2.382788082E-02,-3.756609390E-03
      1222, 1.099999988E+01, 2.205761922E+00, 1.358436489E-02,-1.570821908E-03, 2.104723578E-04, 1.866876262E-03, 4.894880837E-03, 9.876612869E-04,-3.046684926E-02,-4.182932077E-03
      1223, 1.299999997E+01, 2.205761922E+00, 2.138345833E-02,-1.157579641E-04, 2.868133210E-04, 2.926100339E-03, 2.990544852E-03, 5.099844604E-04,-2.728302558E-02,-2.938224831E-03
      1224, 4.999999929E+00, 2.239983065E+00, 2.295517208E-05,-4.560016359E-03, 4.225218543E-09, 6.101770211E-07,-3.399630216E-05,-3.238503135E-05,-2.724663725E-05, 2.070002039E-03
      1225, 6.999999954E+00, 2.239983065E+00,-3.211983364E-05,-4.601343012E-03, 1.658630437E-08, 4.704412359E-06,-2.113004842E-05,-1.684674369E-05, 2.689800042E-06, 2.075676157E-03
      1226, 8.999999951E+00, 2.239983098E+00, 1.392501385E-03,-4.242806865E-03, 2.500420626E-05, 2.597192433E-04, 4.838463444E-03, 1.211262608E-03,-1.997928865E-02,-2.944513055E-03
      1227, 1.099999988E+01, 2.239983065E+00, 1.255600586E-02,-1.713427672E-03, 1.937584749E-04, 1.757751621E-03, 4.916635056E-03, 1.007466628E-03,-2.964581472E-02,-4.151897602E-03
      1228, 1.299999997E+01, 2.239983065E+00, 2.045748780E-02,-2.167099251E-04, 2.741720653E-04, 2.839403056E-03, 3.058007480E-03, 5.296078479E-04,-2.684020863E-02,-2.961419583E-03
      1229, 4.999999929E+00, 2.274699515E+00, 2.201478221E-05,-4.489263288E-03, 4.161142441E-09, 6.013673900E-07,-3.313478747E-05,-3.211034621E-05,-2.693337127E-05, 2.006958224E-03
      1230, 6.999999954E+00, 2.274699515E+00,-3.202554737E-05,-4.530386128E-03, 1.625589217E-08, 4.651621677E-06,-2.102012940E-05,-1.700948203E-05, 2.739068451E-06, 2.013019162E-03
      1231, 8.999999951E+00, 2.274699549E+00, 7.860262037E-04,-4.325445840E-03, 1.455229857E-05, 1.754010972E-04, 3.705543018E-03, 9.416610729E-04,-1.493816641E-02,-1.797790655E-03
      1232, 1.099999988E+01, 2.274699515E+00, 1.154162480E-02,-1.856880200E-03, 1.773347027E-04, 1.646995226E-03, 4.929057997E-03, 1.025692804E-03,-2.880443089E-02,-4.112925974E-03
      1233, 1.299999997E+01, 2.274699515E+00, 1.953370894E-02,-3.198699804E-04, 2.615127020E-04, 2.750634631E-03, 3.121767259E-03, 5.490577199E-04,-2.638484787E-02,-2.981303567E-03
      1234, 4.999999929E+00, 2.309918441E+00, 2.107199190E-05,-4.419671535E-03, 4.096931904E-09, 5.923117237E-07,-3.227388162E-05,-3.182532678E-05,-2.661027305E-05, 1.945871428E-03
      1235, 6.999999954E+00, 2.309918441E+00,-3.192850979E-05,-4.460574495E-03, 1.593007578E-08, 4.597315745E-06,-2.089085257E-05,-1.714464540E-05, 2.771144281E-06, 1.952289937E-03
      1236, 8.999999951E+00, 2.309918476E+00, 3.594833056E-04,-4.365308390E-03, 7.312785287E-06, 1.129386093E-04, 2.362017092E-03, 6.082217202E-04,-9.311991310E-03,-4.676569026E-04
      1237, 1.099999988E+01, 2.309918441E+00, 1.054258652E-02,-2.000883047E-03, 1.612347013E-04, 1.534711232E-03, 4.931406221E-03, 1.042098109E-03,-2.794113696E-02,-4.065373112E-03
      1238, 1.299999997E+01, 2.309918441E+00, 1.861281936E-02,-4.251619171E-04, 2.488524493E-04, 2.659807947E-03, 3.181647736E-03, 5.682818646E-04,-2.591703299E-02,-2.997743558E-03
      1239, 4.999999929E+00, 2.345647117E+00, 2.012728461E-05,-4.351220768E-03, 4.032615677E-09, 5.830456973E-07,-3.141392642E-05,-3.152942852E-05,-2.627667260E-05, 1.886678126E-03
      1240, 6.999999954E+00, 2.345647117E+00,-3.182912026E-05,-4.391888433E-03, 1.560879773E-08, 4.541522029E-06,-2.073903182E-05,-1.724517884E-05, 2.792879957E-06, 1.893428051E-03
      1241, 8.999999951E+00, 2.345647152E+00, 1.136204285E-04,-4.360884914E-03, 3.151493155E-06, 7.321752076E-05, 1.187305739E-03, 3.100700536E-04,-4.571031045E-03, 6.662350646E-04
      1242, 1.099999988E+01, 2.345647117E+00, 9.560371222E-03,-2.145100637E-03, 1.454933302E-04, 1.421024436E-03, 4.922753809E-03, 1.056390733E-03,-2.705370246E-02,-4.008425844E-03
      1243, 1.299999997E+01, 2.345647117E+00, 1.769553983E-02,-5.325002759E-04, 2.362091354E-04, 2.566940168E-03, 3.237465164E-03, 5.872242802E-04,-2.543683872E-02,-3.010601103E-03
      1244, 4.999999929E+00, 2.381892919E+00, 1.918120282E-05,-4.283891093E-03, 3.968224024E-09, 5.736097398E-07,-3.055550078E-05,-3.122203798E-05,-2.593189964E-05, 1.829316781E-03
      1245, 6.999999954E+00, 2.381892919E+00,-3.172767999E-05,-4.324308458E-03, 1.529198325E-08, 4.484269217E-06,-2.056287501E-05,-1.730916385E-05, 2.804062727E-06, 1.836372165E-03
      1246, 8.999999951E+00, 2.381892955E+00, 1.332158847E-06,-4.323541045E-03, 1.203296822E-06, 5.140903501E-05, 4.644846163E-04, 1.262689565E-04,-1.731423455E-03, 1.345978042E-03
      1247, 1.099999988E+01, 2.381892919E+00, 8.596609323E-03,-2.289148894E-03, 1.301469946E-04, 1.306086371E-03, 4.901913250E-03, 1.068207530E-03,-2.613893858E-02,-3.941023385E-03
      1248, 1.299999997E+01, 2.381892919E+00, 1.678261552E-02,-6.417897182E-04, 2.236011787E-04, 2.472053089E-03, 3.289026720E-03, 6.058244489E-04,-2.494431663E-02,-3.019730991E-03
      1249, 4.999999929E+00, 2.418663334E+00, 1.823430550E-05,-4.217663044E-03, 3.903788667E-09, 5.640491402E-07,-2.969927130E-05,-3.090342399E-05,-2.557640155E-05, 1.773728440E-03
      1250, 6.999999954E+00, 2.418663334E+00,-3.162461031E-05,-4.257815842E-03, 1.497954124E-08, 4.425586307E-06,-2.036213942E-05,-1.734082946E-05, 2.802201905E-06, 1.781059479E-03
      1251, 8.999999951E+00, 2.418663370E+00,-3.961263202E-05,-4.268912289E-03, 4.445853772E-07, 4.176208542E-05, 1.473166901E-04, 4.282726566E-05,-5.293842248E-04, 1.618915051E-03
      1252, 1.099999988E+01, 2.418663334E+00, 7.653132057E-03,-2.432581336E-03, 1.152341926E-04, 1.190084152E-03, 4.867316410E-03, 1.077078551E-03,-2.519226575E-02,-3.861733602E-03
      1253, 1.299999997E+01, 2.418663334E+00, 1.587481756E-02,-7.529242872E-04, 2.110475672E-04, 2.375173559E-03, 3.336128981E-03, 6.240167737E-04,-2.443948923E-02,-3.024978754E-03
      1254, 4.999999929E+00, 2.455965953E+00, 1.728715549E-05,-4.152517547E-03, 3.839342685E-09, 5.544142328E-07,-2.884576226E-05,-3.057415033E-05,-2.521087327E-05, 1.719856431E-03
      1255, 6.999999954E+00, 2.455965953E+00,-3.152038095E-05,-4.192392131E-03, 1.467136563E-08, 4.365486629E-06,-2.013552041E-05,-1.733972169E-05, 2.786120706E-06, 1.727439231E-03
      1256, 8.999999951E+00, 2.455965989E+00,-5.222661508E-05,-4.207712010E-03, 1.853707426E-07, 4.035855189E-05, 3.977030682E-05, 1.139964233E-05,-1.450071403E-04, 1.671354288E-03
      1257, 1.099999988E+01, 2.455965953E+00, 6.732046496E-03,-2.574868706E-03, 1.007963725E-04, 1.073253618E-03, 4.816825570E-03, 1.082381828E-03,-2.420702638E-02,-3.768583226E-03
      1258, 1.299999997E+01, 2.455965953E+00, 1.497294489E-02,-8.657865321E-04, 1.985678403E-04, 2.276333991E-03, 3.378555888E-03, 6.417298949E-04,-2.392234213E-02,-3.026177723E-03
      1259, 4.999999929E+00, 2.493808480E+00, 1.634031181E-05,-4.088435921E-03, 3.774920376E-09, 5.447605736E-07,-2.799513540E-05,-3.023426713E-05,-2.483591499E-05, 1.667645650E-03
      1260, 6.999999954E+00, 2.493808480E+00,-3.141554485E-05,-4.128019189E-03, 1.436733760E-08, 4.303990475E-06,-1.988253885E-05,-1.730529084E-05, 2.754309607E-06, 1.675454908E-03
      1261, 8.999999951E+00, 2.493808517E+00,-5.566912817E-05,-4.144981187E-03, 1.018036259E-07, 3.964269671E-05, 5.390726216E-06, 8.075193219E-07,-2.660012971E-05, 1.653960882E-03
      1262, 1.099999988E+01, 2.493808480E+00, 5.835850600E-03,-2.715368619E-03, 8.687929977E-05, 9.558994737E-04, 4.747421512E-03, 1.083256951E-03,-2.317335738E-02,-3.658751277E-03
      1263, 1.299999997E+01, 2.493808480E+00, 1.407782672E-02,-9.802464710E-04, 1.861820727E-04, 2.175572982E-03, 3.416074974E-03, 6.588859036E-04,-2.339280919E-02,-3.023146023E-03
      1264, 4.999999929E+00, 2.532198730E+00, 1.539434858E-05,-4.025399870E-03, 3.710557078E-09, 5.351488466E-07,-2.714791651E-05,-2.988340102E-05,-2.445089674E-05, 1.617042864E-03
      1265, 6.999999954E+00, 2.532198730E+00,-3.131067188E-05,-4.064679442E-03, 1.406732780E-08, 4.241115000E-06,-1.960336737E-05,-1.723842670E-05, 2.710170131E-06, 1.625052714E-03
      1266, 8.999999951E+00, 2.532198767E+00,-5.580002991E-05,-4.082090096E-03, 7.428387841E-08, 3.173275085E-05,-1.001934322E-05,-7.212604940E-06, 2.420443209E-05, 1.627855461E-03
      1267, 1.099999988E+01, 2.532198730E+00, 4.967615856E-03,-2.853276130E-03, 7.353528400E-05, 8.384273200E-04, 4.654668662E-03, 1.078463556E-03,-2.207626797E-02,-3.528062407E-03
      1268, 1.299999997E+01, 2.532198730E+00, 1.319032573E-02,-1.096160373E-03, 1.739108632E-04, 2.072936098E-03, 3.448431771E-03, 6.753990342E-04,-2.285075020E-02,-3.015682694E-03
      1269, 4.999999929E+00, 2.571144629E+00, 1.444990055E-05,-3.963391479E-03, 3.646288938E-09, 5.256446834E-07,-2.630470500E-05,-2.952108111E-05,-2.405522666E-05, 1.567996525E-03
      1270, 6.999999954E+00, 2.571144629E+00,-3.120614178E-05,-4.002355600E-03, 1.377119923E-08, 4.176871985E-06,-1.929956029E-05,-1.714033210E-05, 2.659171929E-06, 1.576183689E-03
      1271, 8.999999951E+00, 2.571144667E+00,-5.440840622E-05,-4.019445847E-03, 6.470556903E-08, 2.299728893E-05,-1.567823125E-05,-9.474812298E-06, 4.192167748E-05, 1.585253892E-03
      1272, 1.099999988E+01, 2.571144629E+00, 4.131290131E-03,-2.987542004E-03, 6.082694860E-05, 7.213971496E-04, 4.531748194E-03, 1.066118368E-03,-2.089219666E-02,-3.370017729E-03
      1273, 1.299999997E+01, 2.571144629E+00, 1.231134258E-02,-1.213369276E-03, 1.617753324E-04, 1.968476867E-03, 3.475342934E-03, 6.911735813E-04,-2.229592387E-02,-3.003561384E-03
      1274, 4.999999929E+00, 2.610654221E+00, 1.350761620E-05,-3.902393201E-03, 3.582152635E-09, 5.163181819E-07,-2.546618871E-05,-2.914775267E-05,-2.364954570E-05, 1.520457175E-03
      1275, 6.999999954E+00, 2.610654221E+00,-3.110224086E-05,-3.941030787E-03, 1.347881110E-08, 4.111278308E-06,-1.897333948E-05,-1.701307724E-05, 2.600513020E-06, 1.528796190E-03
      1276, 8.999999951E+00, 2.610654260E+00,-5.294976553E-05,-3.958015756E-03, 6.115348218E-08, 1.994143550E-05,-1.168853935E-05,-5.601126580E-06, 3.054453436E-05, 1.526384980E-03
      1277, 1.099999988E+01, 2.610654221E+00, 3.332226968E-03,-3.116731730E-03, 4.883398493E-05, 6.056190582E-04, 4.367596599E-03, 1.043195261E-03,-1.958231203E-02,-3.173996191E-03
      1278, 1.299999997E+01, 2.610654221E+00, 1.144182170E-02,-1.331697111E-03, 1.497971321E-04, 1.862258061E-03, 3.496488018E-03, 7.061015913E-04,-2.172795728E-02,-2.986521281E-03
      1279, 4.999999929E+00, 2.650735663E+00, 1.256813407E-05,-3.842387834E-03, 3.518185070E-09, 5.072433525E-07,-2.463285528E-05,-2.876410719E-05,-2.323519182E-05, 1.474376866E-03
      1280, 6.999999954E+00, 2.650735663E+00,-3.099936226E-05,-3.880688551E-03, 1.319002295E-08, 4.044345443E-06,-1.862787400E-05,-1.685927811E-05, 2.533023983E-06, 1.482845054E-03
      1281, 8.999999951E+00, 2.650735703E+00,-5.211502106E-05,-3.897927316E-03, 5.942493166E-08, 1.922999247E-05,-6.843278767E-06,-4.301109406E-06, 1.431354208E-05, 1.475102823E-03
      1282, 1.099999988E+01, 2.650735663E+00, 2.578170613E-03,-3.238766546E-03, 3.766624177E-05, 4.923416415E-04, 4.142971165E-03, 1.004555297E-03,-1.807740058E-02,-2.921638847E-03
      1283, 1.299999997E+01, 2.650735663E+00, 1.058275904E-02,-1.450948298E-03, 1.379984740E-04, 1.754353397E-03, 3.511498024E-03, 7.200596937E-04,-2.114630311E-02,-2.964255247E-03
      1284, 4.999999929E+00, 2.691397234E+00, 1.163205825E-05,-3.783358536E-03, 3.454423061E-09, 4.984972550E-07,-2.380474590E-05,-2.837026557E-05,-2.281337331E-05, 1.429708876E-03
      1285, 6.999999954E+00, 2.691397234E+00,-3.089778809E-05,-3.821312549E-03, 1.290469787E-08, 3.976079256E-06,-1.827009758E-05,-1.668436726E-05, 2.463707866E-06, 1.438292150E-03
      1286, 8.999999951E+00, 2.691397274E+00,-5.167370669E-05,-3.838831341E-03, 5.813888072E-08, 1.903329207E-05,-5.097586150E-06,-4.637584327E-06, 8.044004431E-06, 1.431406491E-03
      1287, 1.099999988E+01, 2.691397234E+00, 1.881165948E-03,-3.350440093E-03, 2.749032929E-05, 3.836508282E-04, 3.822248198E-03, 9.409601324E-04,-1.624432939E-02,-2.578565925E-03
      1288, 1.299999997E+01, 2.691397234E+00, 9.735212398E-03,-1.570904616E-03, 1.264021850E-04, 1.644849789E-03, 3.519937665E-03, 7.329047687E-04,-2.055017389E-02,-2.936392330E-03
      1289, 4.999999929E+00, 2.732647329E+00, 1.069999757E-05,-3.725288807E-03, 3.390903255E-09, 4.901586785E-07,-2.298234452E-05,-2.796598484E-05,-2.238341051E-05, 1.386408778E-03
      1290, 6.999999954E+00, 2.732647329E+00,-3.079739307E-05,-3.762886477E-03, 1.262270445E-08, 3.906486599E-06,-1.790905856E-05,-1.649688840E-05, 2.405690798E-06, 1.395101528E-03
      1291, 8.999999951E+00, 2.732647370E+00,-5.137321900E-05,-3.780681185E-03, 5.694991552E-08, 1.895493492E-05,-4.663395203E-06,-4.676321208E-06, 6.317388276E-06, 1.388509419E-03
      1292, 1.099999988E+01, 2.732647329E+00, 1.260794545E-03,-3.446578633E-03, 1.857442767E-05, 2.832028577E-04, 3.344999748E-03, 8.363810444E-04,-1.385672900E-02,-2.084361980E-03
      1293, 1.299999997E+01, 2.732647329E+00, 8.900315862E-03,-1.691320996E-03, 1.150318026E-04, 1.533850427E-03, 3.521279530E-03, 7.444668416E-04,-1.993844553E-02,-2.902474375E-03
      1294, 4.999999929E+00, 2.774494467E+00, 9.772636537E-06,-3.668162453E-03, 3.327663320E-09, 4.823073153E-07,-2.216605670E-05,-2.755077553E-05,-2.194424692E-05, 1.344433771E-03
      1295, 6.999999954E+00, 2.774494467E+00,-3.069752657E-05,-3.705394022E-03, 1.234391757E-08, 3.835579075E-06,-1.755289275E-05,-1.630631361E-05, 2.369266980E-06, 1.353236985E-03
      1296, 8.999999951E+00, 2.774494508E+00,-5.111599017E-05,-3.723459185E-03, 5.578595772E-08, 1.889368639E-05,-4.602964744E-06,-4.803613873E-06, 5.876110239E-06, 1.346914092E-03
      1297, 1.099999988E+01, 2.774494467E+00, 7.462915054E-04,-3.519318253E-03, 1.130674963E-05, 1.967504901E-04, 2.653941601E-03, 6.739645653E-04,-1.072575112E-02,-1.382850328E-03
      1298, 1.299999997E+01, 2.774494467E+00, 8.079300103E-03,-1.811919933E-03, 1.039117302E-04, 1.421479031E-03, 3.514867062E-03, 7.545407078E-04,-1.930952059E-02,-2.861926498E-03
      1299, 4.999999929E+00, 2.816947288E+00, 8.850698720E-06,-3.611963585E-03, 3.264749920E-09, 4.750253401E-07,-2.135635541E-05,-2.712491048E-05,-2.149569021E-05, 1.303742589E-03
      1300, 6.999999954E+00, 2.816947288E+00,-3.059731735E-05,-3.648818998E-03, 1.206821847E-08, 3.763379062E-06,-1.720473620E-05,-1.611932259E-05, 2.351463502E-06, 1.312658494E-03
      1301, 8.999999951E+00, 2.816947330E+00,-5.086677677E-05,-3.667145193E-03, 5.463274612E-08, 1.882964191E-05,-4.625734815E-06,-4.912514446E-06, 5.807311245E-06, 1.306676859E-03
      1302, 1.099999988E+01, 2.816947288E+00, 3.681207166E-04,-3.560025925E-03, 6.051826023E-06, 1.304931884E-04, 1.798603198E-03, 4.635740604E-04,-7.098454496E-03,-5.298955308E-04
      1303, 1.299999997E+01, 2.816947288E+00, 7.273521072E-03,-1.932383832E-03, 9.306748063E-05, 1.307885852E-03, 3.499861650E-03, 7.628708964E-04,-1.866113553E-02,-2.814000056E-03
      1304, 4.999999929E+00, 2.860014560E+00, 7.934941957E-06,-3.556676598E-03, 3.202261196E-09, 4.684127537E-07,-2.055399949E-05,-2.668909306E-05,-2.103749246E-05, 1.264295353E-03
      1305, 6.999999954E+00, 2.860014560E+00,-3.049618180E-05,-3.593145493E-03, 1.179549462E-08, 3.689913273E-06,-1.686353883E-05,-1.593976157E-05, 2.344520638E-06, 1.273327344E-03
      1306, 8.999999951E+00, 2.860014603E+00,-5.061630578E-05,-3.611721647E-03, 5.348757090E-08, 1.875972613E-05,-4.644560618E-06,-5.027748251E-06, 5.811928094E-06, 1.267693543E-03
      1307, 1.099999988E+01, 2.860014560E+00, 1.346752268E-04,-3.565490203E-03, 2.834472582E-06, 8.697556000E-05, 9.898036331E-04, 2.587153010E-04,-3.807304511E-03, 2.534700438E-04
      1308, 1.299999997E+01, 2.860014560E+00, 6.484501135E-03,-2.052343565E-03, 8.252605714E-05, 1.193256332E-03, 3.475161761E-03, 7.691277706E-04,-1.799006550E-02,-2.757688233E-03
      1309, 4.999999929E+00, 2.903705176E+00, 7.026146924E-06,-3.502286187E-03, 3.140478647E-09, 4.626366342E-07,-1.975909443E-05,-2.624329179E-05,-2.057064206E-05, 1.226052265E-03
      1310, 6.999999954E+00, 2.903705176E+00,-3.039365935E-05,-3.538357750E-03, 1.152563974E-08, 3.615211170E-06,-1.652849805E-05,-1.576907119E-05, 2.348403021E-06, 1.235207498E-03
      1311, 8.999999951E+00, 2.903705219E+00,-5.036158732E-05,-3.557172755E-03, 5.234997969E-08, 1.868347392E-05,-4.653128957E-06,-5.137921406E-06, 5.843026615E-06, 1.229900472E-03
      1312, 1.099999988E+01, 2.903705176E+00, 1.776703716E-05,-3.542096295E-03, 1.205649058E-06, 6.349600595E-05, 4.363250151E-04, 1.173323795E-04,-1.619478130E-03, 7.785676523E-04
      1313, 1.299999997E+01, 2.903705176E+00, 5.713989992E-03,-2.171361971E-03, 7.231654567E-05, 1.077823895E-03, 3.439272099E-03, 7.728776360E-04,-1.729164814E-02,-2.691609567E-03
      1314, 4.999999929E+00, 2.948028158E+00, 6.125044346E-06,-3.448777390E-03, 3.079714036E-09, 4.578534370E-07,-1.897187776E-05,-2.578761413E-05,-2.009725280E-05, 1.188974709E-03
      1315, 6.999999954E+00, 2.948028158E+00,-3.028915518E-05,-3.484440229E-03, 1.125855408E-08, 3.539312941E-06,-1.619960550E-05,-1.560621831E-05, 2.367396315E-06, 1.198261134E-03
      1316, 8.999999951E+00, 2.948028202E+00,-5.010171397E-05,-3.503483678E-03, 5.121995217E-08, 1.860081616E-05,-4.652699240E-06,-5.247964675E-06, 5.881775098E-06, 1.193254904E-03
      1317, 1.099999988E+01, 2.948028158E+00,-3.000138266E-05,-3.501804783E-03, 5.155669137E-07, 5.560623902E-05, 1.626039911E-04, 4.590982936E-05,-5.713130482E-04, 1.027628764E-03
      1318, 1.299999997E+01, 2.948028158E+00, 4.964057779E-03,-2.288909260E-03, 6.247105063E-05, 9.618894123E-04, 3.390091090E-03, 7.735223455E-04,-1.655901557E-02,-2.613799992E-03
      1319, 4.999999929E+00, 2.992992659E+00, 5.232328186E-06,-3.396135531E-03, 3.020030934E-09, 4.540888414E-07,-1.819338028E-05,-2.532268546E-05,-1.961723685E-05, 1.153027180E-03
      1320, 6.999999954E+00, 2.992992659E+00,-3.018189223E-05,-3.431377739E-03, 1.099414477E-08, 3.462271451E-06,-1.587731183E-05,-1.544975374E-05, 2.404024880E-06, 1.162448201E-03
      1321, 8.999999951E+00, 2.992992703E+00,-4.983622759E-05,-3.450639835E-03, 5.009754744E-08, 1.851170295E-05,-4.647866774E-06,-5.358149356E-06, 5.926097554E-06, 1.157725141E-03
      1322, 1.099999988E+01, 2.992992659E+00,-4.710761010E-05,-3.454210694E-03, 2.588846946E-07, 5.998367957E-05, 5.996194609E-05, 1.658212372E-05,-1.953314021E-04, 1.096115073E-03
      1323, 1.299999997E+01, 2.992992659E+00, 4.237241443E-03,-2.404323362E-03, 5.302620575E-05, 8.458518879E-04, 3.324553544E-03, 7.702054574E-04,-1.578180891E-02,-2.521378945E-03
      1324, 4.999999929E+00, 3.038607963E+00, 4.348780683E-06,-3.344346148E-03, 2.961336212E-09, 4.512875863E-07,-1.742480395E-05,-2.484893164E-05,-1.912852612E-05, 1.118175747E-03
      1325, 6.999999954E+00, 3.038607963E+00,-3.007108652E-05,-3.379155564E-03, 1.073232627E-08, 3.384151394E-06,-1.556028761E-05,-1.529715085E-05, 2.452851197E-06, 1.127727710E-03
      1326, 8.999999951E+00, 3.038608008E+00,-4.956476893E-05,-3.398626749E-03, 4.898283702E-08, 1.841610525E-05,-4.641183689E-06,-5.468428178E-06, 5.975150919E-06, 1.123280408E-03
      1327, 1.099999988E+01, 3.038607963E+00,-5.332979609E-05,-3.404383688E-03, 1.680882666E-07, 6.924384099E-05, 2.472369468E-05, 7.294300700E-06,-7.193747846E-05, 1.093130111E-03
      1328, 1.299999997E+01, 3.038607963E+00, 3.536784328E-03,-2.516745685E-03, 4.402569805E-05, 7.302591044E-04, 3.237996382E-03, 7.616394994E-04,-1.494391485E-02,-2.409906268E-03
      1329, 4.999999929E+00, 3.084883491E+00, 3.475270298E-06,-3.293395023E-03, 2.903518646E-09, 4.493791143E-07,-1.666680420E-05,-2.436670147E-05,-1.863132286E-05, 1.084386006E-03
      1330, 6.999999954E+00, 3.084883491E+00,-2.995628856E-05,-3.327759465E-03, 1.047302091E-08, 3.305021310E-06,-1.524647690E-05,-1.514693578E-05, 2.507182790E-06, 1.094063830E-03
      1331, 8.999999951E+00, 3.084883537E+00,-4.928700808E-05,-3.347430077E-03, 4.787589263E-08, 1.831402005E-05,-4.634354620E-06,-5.578030520E-06, 6.028843367E-06, 1.089888408E-03
      1332, 1.099999988E+01, 3.084883491E+00,-5.543985715E-05,-3.354272823E-03, 1.338915927E-07, 6.761432767E-05, 6.434009401E-06, 6.459016187E-07,-1.154531739E-05, 1.079788647E-03
      1333, 1.299999997E+01, 3.084883491E+00, 2.867047452E-03,-2.625011449E-03, 3.552470259E-05, 6.158965457E-04, 3.122965194E-03, 7.457835749E-04,-1.401917417E-02,-2.272228335E-03
      1334, 4.999999929E+00, 3.131828798E+00, 2.612626325E-06,-3.243268226E-03, 2.846471795E-09, 4.482888300E-07,-1.591964337E-05,-2.387633628E-05,-1.812703143E-05, 1.051625001E-03
      1335, 6.999999954E+00, 3.131828798E+00,-2.983713421E-05,-3.277175408E-03, 1.021615942E-08, 3.224953991E-06,-1.493576531E-05,-1.499922345E-05, 2.568281206E-06, 1.061426157E-03
      1336, 8.999999951E+00, 3.131828845E+00,-4.900260040E-05,-3.297035733E-03, 4.677678440E-08, 1.820547326E-05,-4.628208515E-06,-5.686408990E-06, 6.086739324E-06, 1.057515055E-03
      1337, 1.099999988E+01, 3.131828798E+00,-5.499445428E-05,-3.303878989E-03, 1.188481809E-07, 5.312971515E-05,-6.070287824E-06,-5.763905976E-06, 2.863901183E-05, 1.066357748E-03
      1338, 1.299999997E+01, 3.131828798E+00, 2.234257465E-03,-2.727451606E-03, 2.759822958E-05, 5.039574063E-04, 2.966772468E-03, 7.192323049E-04,-1.296212706E-02,-2.096220475E-03
      1339, 4.999999929E+00, 3.179453579E+00, 1.761681822E-06,-3.193952049E-03, 2.790102230E-09, 4.479405586E-07,-1.518384418E-05,-2.337813889E-05,-1.761538392E-05, 1.019861600E-03
      1340, 6.999999954E+00, 3.179453579E+00,-2.971309137E-05,-3.227389531E-03, 9.961681769E-09, 3.144037234E-06,-1.462883095E-05,-1.485367314E-05, 2.640266451E-06, 1.029783863E-03
      1341, 8.999999951E+00, 3.179453626E+00,-4.871123432E-05,-3.247429963E-03, 4.568558105E-08, 1.809049686E-05,-4.622948375E-06,-5.793324787E-06, 6.148168181E-06, 1.026127285E-03
      1342, 1.099999988E+01, 3.179453579E+00,-5.321147697E-05,-3.253788772E-03, 1.113347559E-07, 4.172202993E-05,-8.953900491E-06,-5.210899649E-06, 4.047813172E-05, 1.034637538E-03
      1343, 1.299999997E+01, 3.179453579E+00, 1.647923034E-03,-2.821531700E-03, 2.035762908E-05, 3.963925368E-04, 2.746491534E-03, 6.760141903E-04,-1.168770192E-02,-1.859834994E-03
      1344, 4.999999929E+00, 3.227767668E+00, 9.233209200E-07,-3.145433018E-03, 2.734331379E-09, 4.482576169E-07,-1.445971353E-05,-2.287261010E-05,-1.709678189E-05, 9.890644633E-04
      1345, 6.999999954E+00, 3.227767668E+00,-2.958347166E-05,-3.178388237E-03, 9.709537968E-09, 3.062377720E-06,-1.432633199E-05,-1.470980944E-05, 2.724904154E-06, 9.991044565E-04
      1346, 8.999999951E+00, 3.227767716E+00,-4.841258424E-05,-3.198599276E-03, 4.460235042E-08, 1.796911137E-05,-4.618727074E-06,-5.898565635E-06, 6.213869383E-06, 9.956949271E-04
      1347, 1.099999988E+01, 3.227767668E+00,-5.161200166E-05,-3.204815067E-03, 1.071734931E-07, 3.791555870E-05,-4.589908584E-06,-2.438378064E-06, 2.712252363E-05, 9.953298879E-04
      1348, 1.299999997E+01, 3.227767668E+00, 1.123253920E-03,-2.903227652E-03, 1.397890014E-05, 2.965649846E-04, 2.423017573E-03, 6.058036771E-04,-1.004948822E-02,-1.524140612E-03
      1349, 4.999999929E+00, 3.276781041E+00, 9.837219748E-08,-3.097697939E-03, 2.679090044E-09, 4.491620257E-07,-1.374715433E-05,-2.236026683E-05,-1.657310565E-05, 9.592035737E-04
      1350, 6.999999954E+00, 3.276781041E+00,-2.944758573E-05,-3.130158298E-03, 9.459689108E-09, 2.980102248E-06,-1.402720296E-05,-1.456593331E-05, 2.818101758E-06, 9.693542326E-04
      1351, 8.999999951E+00, 3.276781090E+00,-4.810626967E-05,-3.150530378E-03, 4.352716027E-08, 1.784133245E-05,-4.615517308E-06,-6.001561253E-06, 6.284295727E-06, 9.661897441E-04
      1352, 1.099999988E+01, 3.276781041E+00,-5.068882124E-05,-3.156853559E-03, 1.043489209E-07, 3.665292853E-05,-7.165204109E-07,-1.704500767E-06, 1.327677072E-05, 9.629890614E-04
      1353, 1.299999997E+01, 3.276781041E+00, 6.831110260E-04,-2.966399414E-03, 8.719565671E-06, 2.098445483E-04, 1.955039028E-03, 4.966365698E-04,-7.908041832E-03,-1.048310024E-03
      1354, 4.999999929E+00, 3.326503821E+00,-7.123570098E-07,-3.050733827E-03, 2.624318994E-09, 4.505751575E-07,-1.304621822E-05,-2.184134168E-05,-1.604427997E-05, 9.302505945E-04
      1355, 6.999999954E+00, 3.326503821E+00,-2.930500675E-05,-3.082686900E-03, 9.212108384E-09, 2.897352679E-06,-1.372968612E-05,-1.442092995E-05, 2.914966005E-06, 9.405028864E-04
      1356, 8.999999951E+00, 3.326503871E+00,-4.779190389E-05,-3.103210161E-03, 4.246007916E-08, 1.770719218E-05,-4.613323541E-06,-6.101762522E-06, 6.359489445E-06, 9.375830913E-04
      1357, 1.099999988E+01, 3.326503821E+00,-5.017759409E-05,-3.109688389E-03, 1.019682159E-07, 3.612019322E-05, 8.718162291E-07,-1.414363335E-06, 7.650837295E-06, 9.340478672E-04
      1358, 1.299999997E+01, 3.326503821E+00, 3.526839042E-04,-3.003948007E-03, 4.838567266E-06, 1.424367372E-04, 1.364138219E-03, 3.521916588E-04,-5.385556301E-03,-4.585832427E-04
      1359, 4.999999929E+00, 3.376946275E+00,-1.508011753E-06,-3.004527925E-03, 2.569969407E-09, 4.524190751E-07,-1.235723528E-05,-2.131601972E-05,-1.551055146E-05, 9.021768951E-04
      1360, 6.999999954E+00, 3.376946275E+00,-2.915537441E-05,-3.035961421E-03, 8.966782180E-09, 2.814286241E-06,-1.343369040E-05,-1.427501116E-05, 3.016394284E-06, 9.125243875E-04
      1361, 8.999999951E+00, 3.376946325E+00,-4.746907695E-05,-3.056625799E-03, 4.140117727E-08, 1.756674694E-05,-4.612065502E-06,-6.198880101E-06, 6.439088757E-06, 9.098452402E-04
      1362, 1.099999988E+01, 3.376946275E+00,-4.984216034E-05,-3.063295319E-03, 9.972586637E-08, 3.579770681E-05, 1.406544521E-06,-1.196109281E-06, 5.627688211E-06, 9.058494447E-04
      1363, 1.299999997E+01, 3.376946275E+00, 1.418199167E-04,-3.012466840E-03, 2.388849481E-06, 9.771246981E-05, 7.842452456E-04, 2.059871832E-04,-3.016092243E-03, 1.067796373E-04
      1364, 4.999999929E+00, 3.428118819E+00,-2.287781466E-06,-2.959067747E-03, 2.516001136E-09, 4.546168062E-07,-1.168045857E-05,-2.078451211E-05,-1.497338101E-05, 8.749552643E-04
      1365, 6.999999954E+00, 3.428118819E+00,-2.899819706E-05,-2.989969404E-03, 8.723711209E-09, 2.731084389E-06,-1.313988070E-05,-1.412814195E-05, 3.125364427E-06, 8.853927378E-04
      1366, 8.999999951E+00, 3.428118870E+00,-4.713740913E-05,-3.010764797E-03, 4.035052723E-08, 1.742005725E-05,-4.611406505E-06,-6.292930999E-06, 6.522344751E-06, 8.829476309E-04
      1367, 1.099999988E+01, 3.428118819E+00,-4.956882563E-05,-3.017641207E-03, 9.752938643E-08, 3.551295472E-05, 1.518374743E-06,-1.138028199E-06, 5.006885206E-06, 8.788497834E-04
      1368, 1.299999997E+01, 3.428118819E+00, 3.116990176E-05,-2.996252621E-03, 1.097742496E-06, 7.424443768E-05, 3.675493432E-04, 9.931649985E-05,-1.362664919E-03, 5.030789662E-04
      1369, 4.999999929E+00, 3.480032020E+00,-3.050854525E-06,-2.914340991E-03, 2.462382117E-09, 4.570932741E-07,-1.101643451E-05,-2.024701722E-05,-1.443218611E-05, 8.485602000E-04
      1370, 6.999999954E+00, 3.480032020E+00,-2.883285969E-05,-2.944698615E-03, 8.482911642E-09, 2.647956569E-06,-1.284897164E-05,-1.398014424E-05, 3.243214352E-06, 8.590808854E-04
      1371, 8.999999951E+00, 3.480032072E+00,-4.679651787E-05,-2.965614921E-03, 3.930820488E-08, 1.726717312E-05,-4.611207644E-06,-6.383893114E-06, 6.609639246E-06, 8.568642631E-04
      1372, 1.099999988E+01, 3.480032020E+00,-4.931130219E-05,-2.972702882E-03, 9.535209489E-08, 3.522638923E-05, 1.496142028E-06,-1.154958288E-06, 4.875225933E-06, 8.528055414E-04
      1373, 1.299999997E+01, 3.480032020E+00,-1.696240384E-05,-2.964705860E-03, 5.232014003E-07, 6.858545727E-05, 1.491503309E-04, 4.232158122E-05,-5.208384654E-04, 7.025645356E-04
      1374, 4.999999929E+00, 3.532696599E+00,-3.796363057E-06,-2.870335562E-03, 2.409087763E-09, 4.597768401E-07,-1.036579434E-05,-1.970389524E-05,-1.388734552E-05, 8.229658212E-04
      1375, 6.999999954E+00, 3.532696599E+00,-2.865874193E-05,-2.900137128E-03, 8.244416106E-09, 2.565141701E-06,-1.256029048E-05,-1.382970330E-05, 3.367002896E-06, 8.335608317E-04
      1376, 8.999999951E+00, 3.532696651E+00,-4.644597924E-05,-2.921164130E-03, 3.827429020E-08, 1.710813973E-05,-4.611325082E-06,-6.471330790E-06, 6.701125625E-06, 8.315709579E-04
      1377, 1.099999988E+01, 3.532696599E+00,-4.905393578E-05,-2.928463391E-03, 9.318672718E-08, 3.492863588E-05, 1.438035959E-06,-1.210066468E-06, 4.881684480E-06, 8.275974144E-04
      1378, 1.299999997E+01, 3.532696599E+00,-3.571830384E-05,-2.926006039E-03, 2.967025644E-07, 7.771799625E-05, 6.225308045E-05, 1.740802001E-05,-1.984705343E-04, 7.694127584E-04
      1379, 4.999999929E+00, 3.586123430E+00,-4.523487343E-06,-2.827039609E-03, 2.356100081E-09, 4.625997251E-07,-9.728792955E-06,-1.915563864E-05,-1.334003043E-05, 7.981477267E-04
      1380, 6.999999954E+00, 3.586123430E+00,-2.847543153E-05,-2.856273371E-03, 8.008274439E-09, 2.482904028E-06,-1.227243357E-05,-1.367584666E-05, 3.492936119E-06, 8.088070839E-04
      1381, 8.999999951E+00, 3.586123483E+00,-4.608537523E-05,-2.877400559E-03, 3.724886820E-08, 1.694301695E-05,-4.611706870E-06,-6.554724078E-06, 6.796577140E-06, 8.070434645E-04
      1382, 1.099999988E+01, 3.586123430E+00,-4.879184988E-05,-2.884909595E-03, 9.103162264E-08, 3.461780591E-05, 1.370971348E-06,-1.282232832E-06, 4.922576773E-06, 8.031612348E-04
      1383, 1.299999997E+01, 3.586123430E+00,-4.353157685E-05,-2.884870868E-03, 2.108047180E-07, 9.719670192E-05, 3.236810924E-05, 9.640366211E-06,-9.181545122E-05, 7.717182865E-04
      1384, 4.999999929E+00, 3.640323547E+00,-5.231403011E-06,-2.784441435E-03, 2.303406902E-09, 4.654988193E-07,-9.106037423E-06,-1.860267567E-05,-1.278991310E-05, 7.740830712E-04
      1385, 6.999999954E+00, 3.640323547E+00,-2.828258607E-05,-2.813095953E-03, 7.774554048E-09, 2.401532320E-06,-1.198515266E-05,-1.351863994E-05, 3.621274516E-06, 7.847972250E-04
      1386, 8.999999951E+00, 3.640323601E+00,-4.571427737E-05,-2.834312590E-03, 3.623202989E-08, 1.677188826E-05,-4.612207635E-06,-6.633681213E-06, 6.895561555E-06, 7.832567439E-04
      1387, 1.099999988E+01, 3.640323547E+00,-4.852369335E-05,-2.842029441E-03, 8.888675233E-08, 3.429355405E-05, 1.299768604E-06,-1.364490406E-06, 4.970150856E-06, 7.794687849E-04
      1388, 1.299999997E+01, 3.640323547E+00,-4.728975003E-05,-2.843498769E-03, 1.753617853E-07, 1.066583367E-04, 1.681841897E-05, 6.148061560E-06,-3.983654201E-05, 7.605889274E-04
      1389, 4.999999929E+00, 3.695308141E+00,-5.919252716E-06,-2.742529524E-03, 2.251001138E-09, 4.684168888E-07,-8.497971655E-06,-1.804576838E-05,-1.223791793E-05, 7.507485080E-04
      1390, 6.999999954E+00, 3.695308141E+00,-2.807977830E-05,-2.770593651E-03, 7.543339763E-09, 2.321344259E-06,-1.169874122E-05,-1.335789951E-05, 3.753956614E-06, 7.615087426E-04
      1391, 8.999999951E+00, 3.695308196E+00,-4.533228771E-05,-2.791888896E-03, 3.522387312E-08, 1.659484538E-05,-4.612390658E-06,-6.707986131E-06, 6.997332897E-06, 7.601865876E-04
      1392, 1.099999988E+01, 3.695308141E+00,-4.824902794E-05,-2.799811305E-03, 8.675258681E-08, 3.395609322E-05, 1.224746918E-06,-1.452141698E-06, 5.019395262E-06, 7.564963671E-04
      1393, 1.299999997E+01, 3.695308141E+00,-4.829993103E-05,-2.801793256E-03, 1.572818793E-07, 8.968475845E-05, 2.248235314E-06,-4.503717215E-07, 5.065583732E-06, 7.588706043E-04
      1394, 4.999999929E+00, 3.751088567E+00,-6.586258207E-06,-2.701292576E-03, 2.198880091E-09, 4.713023440E-07,-7.904690292E-06,-1.748640899E-05,-1.168543160E-05, 7.281222756E-04
      1395, 6.999999954E+00, 3.751088567E+00,-2.786649556E-05,-2.728755460E-03, 7.314733020E-09, 2.242684676E-06,-1.141368888E-05,-1.319345307E-05, 3.891708349E-06, 7.389188151E-04
      1396, 8.999999951E+00, 3.751088623E+00,-4.493901706E-05,-2.750118400E-03, 3.422450351E-08, 1.641197731E-05,-4.611953569E-06,-6.777344424E-06, 7.101922363E-06, 7.378106312E-04
      1397, 1.099999988E+01, 3.751088567E+00,-4.796762935E-05,-2.758243781E-03, 8.462976972E-08, 3.360583428E-05, 1.145976730E-06,-1.542666992E-06, 5.069103565E-06, 7.342219326E-04
      1398, 1.299999997E+01, 3.751088567E+00,-4.702805893E-05,-2.759691281E-03, 1.462309592E-07, 6.692575271E-05,-6.834331671E-06,-3.342644716E-06, 3.451245258E-05, 7.466866061E-04
      1399, 4.999999929E+00, 3.807676344E+00,-7.231645417E-06,-2.660719417E-03, 2.147044798E-09, 4.741097313E-07,-7.326266415E-06,-1.692508910E-05,-1.113243971E-05, 7.061831783E-04
      1400, 6.999999954E+00, 3.807676344E+00,-2.764224638E-05,-2.687570624E-03, 7.088850405E-09, 2.165921136E-06,-1.112952368E-05,-1.302467383E-05, 4.031588624E-06, 7.170046460E-04
      1401, 8.999999951E+00, 3.807676401E+00,-4.453405646E-05,-2.708990217E-03, 3.323403532E-08, 1.622337491E-05,-4.610555543E-06,-6.841074384E-06, 7.209147522E-06, 7.161079315E-04
      1402, 1.099999988E+01, 3.807676344E+00,-4.767932455E-05,-2.717315680E-03, 8.251901331E-08, 3.324330713E-05, 1.063784694E-06,-1.634710837E-06, 5.119684155E-06, 7.126234227E-04
      1403, 1.299999997E+01, 3.807676344E+00,-4.501912206E-05,-2.718243798E-03, 1.391472522E-07, 5.612315521E-05,-6.547741888E-06,-1.560893460E-06, 3.454547674E-05, 7.191280410E-04
      1404, 4.999999929E+00, 3.865083157E+00,-7.854640004E-06,-2.620799101E-03, 2.095499438E-09, 4.768001852E-07,-6.762247959E-06,-1.636145824E-05,-1.058031421E-05, 6.849088359E-04
      1405, 6.999999954E+00, 3.865083157E+00,-2.740674917E-05,-2.647028649E-03, 6.865822599E-09, 2.091436024E-06,-1.084514552E-05,-1.285166295E-05, 4.170570048E-06, 6.957455740E-04
      1406, 8.999999951E+00, 3.865083215E+00,-4.411701815E-05,-2.668493640E-03, 3.225259244E-08, 1.602914634E-05,-4.607864738E-06,-6.898358462E-06, 7.318571018E-06, 6.950577014E-04
      1407, 1.099999988E+01, 3.865083157E+00,-4.738385883E-05,-2.677016050E-03, 8.042105497E-08, 3.286911271E-05, 9.780740850E-07,-1.727870458E-06, 5.173399155E-06, 6.916791549E-04
      1408, 1.299999997E+01, 3.865083157E+00,-4.354238122E-05,-2.677754597E-03, 1.343273512E-07, 5.197365126E-05,-2.307922728E-06,-3.656192941E-07, 1.980969150E-05, 6.933456174E-04
      1409, 4.999999929E+00, 3.923320860E+00,-8.454561134E-06,-2.581520921E-03, 2.044250830E-09, 4.793397394E-07,-6.212933471E-06,-1.579661982E-05,-1.003004878E-05, 6.642796219E-04
      1410, 6.999999954E+00, 3.923320860E+00,-2.715975089E-05,-2.607119167E-03, 6.645800571E-09, 2.019627173E-06,-1.056070294E-05,-1.267529020E-05, 4.310350832E-06, 6.751230131E-04
      1411, 8.999999951E+00, 3.923320919E+00,-4.368751853E-05,-2.628618195E-03, 3.128030941E-08, 1.582942670E-05,-4.603523568E-06,-6.948364092E-06, 7.429679080E-06, 6.746386909E-04
      1412, 1.099999988E+01, 3.923320860E+00,-4.708083179E-05,-2.637334175E-03, 7.833663277E-08, 3.248389505E-05, 8.885955811E-07,-1.822169600E-06, 5.232454837E-06, 6.713681056E-04
      1413, 1.299999997E+01, 3.923320860E+00,-4.270733065E-05,-2.638011605E-03, 1.305616687E-07, 5.016562967E-05, 6.864304132E-07, 1.412756423E-07, 1.004634098E-05, 6.714624468E-04
      1414, 4.999999929E+00, 3.982401480E+00,-9.030700827E-06,-2.542874245E-03, 1.993307956E-09, 4.816993568E-07,-5.678837924E-06,-1.523137261E-05,-9.481131077E-06, 6.442770061E-04
      1415, 6.999999954E+00, 3.982401480E+00,-2.690086622E-05,-2.567831957E-03, 6.429007283E-09, 1.950954807E-06,-1.027648280E-05,-1.249547108E-05, 4.451525177E-06, 6.551170711E-04
      1416, 8.999999951E+00, 3.982401540E+00,-4.324521073E-05,-2.589353676E-03, 3.031733224E-08, 1.562436853E-05,-4.596917852E-06,-6.990272128E-06, 7.541677088E-06, 6.548302668E-04
      1417, 1.099999988E+01, 3.982401480E+00,-4.676974189E-05,-2.598259572E-03, 7.626647246E-08, 3.208832149E-05, 7.954367264E-07,-1.917518416E-06, 5.297759646E-06, 6.516701245E-04
      1418, 1.299999997E+01, 3.982401480E+00,-4.225095465E-05,-2.598971113E-03, 1.272273993E-07, 4.919655489E-05, 2.219698270E-06, 5.225557919E-07, 5.567282276E-06, 6.504488982E-04
      1419, 4.999999929E+00, 4.042337217E+00,-9.582347220E-06,-2.504848638E-03, 1.942681577E-09, 4.838553473E-07,-5.159297205E-06,-1.466547714E-05,-8.934925411E-06, 6.248805566E-04
      1420, 6.999999954E+00, 4.042337217E+00,-2.662981535E-05,-2.529157086E-03, 6.215973955E-09, 1.886150749E-06,-9.991521844E-06,-1.231076156E-05, 4.590853792E-06, 6.357060550E-04
      1421, 8.999999951E+00, 4.042337277E+00,-4.278978507E-05,-2.550690116E-03, 2.936381946E-08, 1.541413714E-05,-4.587432775E-06,-7.023124546E-06, 7.653932659E-06, 6.356130160E-04
      1422, 1.099999988E+01, 4.042337217E+00,-4.645005173E-05,-2.559781960E-03, 7.421128617E-08, 3.168306292E-05, 6.990740399E-07,-2.013633256E-06, 5.368778548E-06, 6.325665237E-04
      1423, 1.299999997E+01, 4.042337217E+00,-4.197434126E-05,-2.560589515E-03, 1.240746065E-07, 4.849141843E-05, 2.892699887E-06, 6.989483112E-07, 3.678638327E-06, 6.306104253E-04
      1424, 4.999999929E+00, 4.103140447E+00,-1.010888970E-05,-2.467433905E-03, 1.892383942E-09, 4.857870132E-07,-4.654594838E-06,-1.409994649E-05,-8.392379961E-06, 6.060723620E-04
      1425, 6.999999954E+00, 4.103140447E+00,-2.634648614E-05,-2.491084965E-03, 6.007560776E-09, 1.826185146E-06,-9.705195219E-06,-1.212013274E-05, 4.726555896E-06, 6.168702181E-04
      1426, 8.999999951E+00, 4.103140508E+00,-4.232095718E-05,-2.512617765E-03, 2.841994297E-08, 1.519891764E-05,-4.574343216E-06,-7.045544703E-06, 7.765634008E-06, 6.169683927E-04
      1427, 1.099999988E+01, 4.103140447E+00,-4.612124592E-05,-2.521891199E-03, 7.217177973E-08, 3.126879906E-05, 6.000119740E-07,-2.110159331E-06, 5.445319960E-06, 6.140399468E-04
      1428, 1.299999997E+01, 4.103140447E+00,-4.177184067E-05,-2.522827425E-03, 1.210178207E-07, 4.787685876E-05, 3.132122167E-06, 7.363085940E-07, 2.961464539E-06, 6.117640945E-04
      1429, 4.999999929E+00, 4.164823726E+00,-1.060968860E-05,-2.430619903E-03, 1.842428522E-09, 4.874763935E-07,-4.165477926E-06,-1.353554484E-05,-7.852888076E-06, 5.878358253E-04
      1430, 6.999999954E+00, 4.164823726E+00,-2.605077401E-05,-2.453606164E-03, 5.804240778E-09, 1.771526626E-06,-9.418857740E-06,-1.192456264E-05, 4.859343841E-06, 5.985937844E-04
      1431, 8.999999951E+00, 4.164823788E+00,-4.183849449E-05,-2.475127088E-03, 2.748588905E-08, 1.497892856E-05,-4.556689460E-06,-7.056085120E-06, 7.876073292E-06, 5.988779681E-04
      1432, 1.099999988E+01, 4.164823726E+00,-4.578273168E-05,-2.484577245E-03, 7.014867136E-08, 3.084622651E-05, 4.982789378E-07,-2.206765552E-06, 5.529408796E-06, 5.960747310E-04
      1433, 1.299999997E+01, 4.164823726E+00,-4.159526896E-05,-2.485657353E-03, 1.180267914E-07, 4.730502567E-05, 3.182359895E-06, 7.081935718E-07, 2.738406409E-06, 5.936763100E-04
      1434, 4.999999929E+00, 4.227399792E+00,-1.108410249E-05,-2.394396670E-03, 1.792829803E-09, 4.889089401E-07,-3.691464521E-06,-1.297209411E-05,-7.317866281E-06, 5.701523029E-04
      1435, 6.999999954E+00, 4.227399792E+00,-2.574249100E-05,-2.416711289E-03, 5.605864686E-09, 1.721950975E-06,-9.134474198E-06,-1.172530557E-05, 4.992113324E-06, 5.808618999E-04
      1436, 8.999999951E+00, 4.227399855E+00,-4.134219747E-05,-2.438208811E-03, 2.656185935E-08, 1.475443251E-05,-4.533153583E-06,-7.052451264E-06, 7.984668861E-06, 5.813230384E-04
      1437, 1.099999988E+01, 4.227399792E+00,-4.543373415E-05,-2.447830085E-03, 6.814277588E-08, 3.041618911E-05, 3.938451840E-07,-2.303082501E-06, 5.623774174E-06, 5.786556470E-04
      1438, 1.299999997E+01, 4.227399792E+00,-4.142463577E-05,-2.449061678E-03, 1.150878090E-07, 4.676091866E-05, 3.153579049E-06, 6.567218530E-07, 2.700345094E-06, 5.762075022E-04
      1439, 4.999999929E+00, 4.290881567E+00,-1.153160892E-05,-2.358754474E-03, 1.743603171E-09, 4.900711740E-07,-3.232812183E-06,-1.241081075E-05,-6.788466252E-06, 5.530054444E-04
      1440, 6.999999954E+00, 4.290881567E+00,-2.542122870E-05,-2.380391029E-03, 5.412125077E-09, 1.677041265E-06,-8.853146246E-06,-1.152282269E-05, 5.127819688E-06, 5.636590993E-04
      1441, 8.999999951E+00, 4.290881631E+00,-4.083192071E-05,-2.401853956E-03, 2.564807159E-08, 1.452573459E-05,-4.502173273E-06,-7.030481145E-06, 8.090049865E-06, 5.642853052E-04
      1442, 1.099999988E+01, 4.290881567E+00,-4.507331784E-05,-2.411639830E-03, 6.615518613E-08, 2.997998458E-05, 2.872530374E-07,-2.398879983E-06, 5.729872591E-06, 5.617649495E-04
      1443, 1.299999997E+01, 4.290881567E+00,-4.125205816E-05,-2.413027437E-03, 1.121937058E-07, 4.623863232E-05, 3.091657241E-06, 5.967300603E-07, 2.730547722E-06, 5.592959695E-04
      1444, 4.999999929E+00, 4.355282160E+00,-1.195167142E-05,-2.323683629E-03, 1.694764784E-09, 4.909506528E-07,-2.790165271E-06,-1.185259497E-05,-6.264152704E-06, 5.363802000E-04
      1445, 6.999999954E+00, 4.355282160E+00,-2.508650637E-05,-2.344636195E-03, 5.222726768E-09, 1.636358257E-06,-8.574913140E-06,-1.131698575E-05, 5.264819972E-06, 5.469688918E-04
      1446, 8.999999951E+00, 4.355282225E+00,-4.030762498E-05,-2.366053834E-03, 2.474476161E-08, 1.429318464E-05,-4.461036170E-06,-6.985504902E-06, 8.190658139E-06, 5.477474189E-04
      1447, 1.099999988E+01, 4.355282160E+00,-4.470048001E-05,-2.375996915E-03, 6.418767385E-08, 2.953987082E-05, 1.792441216E-07,-2.494885955E-06, 5.847171342E-06, 5.453827559E-04
      1448, 1.299999997E+01, 4.355282160E+00,-4.107416265E-05,-2.377543718E-03, 1.093399043E-07, 4.573516554E-05, 3.014971822E-06, 5.341271432E-07, 2.791176895E-06, 5.429072499E-04
      1449, 4.999999929E+00, 4.420614869E+00,-1.234375281E-05,-2.289174621E-03, 1.646331480E-09, 4.915371485E-07,-2.362842168E-06,-1.129718085E-05,-5.746171304E-06, 5.202593525E-04
      1450, 6.999999954E+00, 4.420614869E+00,-2.473801540E-05,-2.309437829E-03, 5.037412471E-09, 1.599462817E-06,-8.299470756E-06,-1.110755141E-05, 5.401430823E-06, 5.307750627E-04
      1451, 8.999999951E+00, 4.420614935E+00,-3.976933533E-05,-2.330800050E-03, 2.385218411E-08, 1.405722770E-05,-4.406289586E-06,-6.914437200E-06, 8.286523972E-06, 5.316896881E-04
      1452, 1.099999988E+01, 4.420614869E+00,-4.431426092E-05,-2.340892165E-03, 6.224343103E-08, 2.909992865E-05, 7.002077897E-08,-2.591952175E-06, 5.974055632E-06, 5.294906769E-04
      1453, 1.299999997E+01, 4.420614869E+00,-4.088922092E-05,-2.342600619E-03, 1.065229323E-07, 4.524840012E-05, 2.930932370E-06, 4.706622183E-07, 2.868606531E-06, 5.270175958E-04
      1454, 4.999999929E+00, 4.486893186E+00,-1.270743289E-05,-2.255218168E-03, 1.598320747E-09, 4.918203957E-07,-1.950824401E-06,-1.074571333E-05,-5.235515211E-06, 5.046279618E-04
      1455, 6.999999954E+00, 4.486893186E+00,-2.437541391E-05,-2.274787119E-03, 4.855964772E-09, 1.565916832E-06,-8.026909743E-06,-1.089448273E-05, 5.538769921E-06, 5.150630992E-04
      1456, 8.999999951E+00, 4.486893253E+00,-3.921705252E-05,-2.296084660E-03, 2.297060045E-08, 1.380780281E-05,-4.340042735E-06,-6.810039178E-06, 8.376883938E-06, 5.160981724E-04
      1457, 1.099999988E+01, 4.486893186E+00,-4.391375672E-05,-2.306316637E-03, 6.032555646E-08, 2.866421948E-05,-4.105363604E-08,-2.690085259E-06, 6.109541049E-06, 5.140744563E-04
      1458, 1.299999997E+01, 4.486893186E+00,-4.069610818E-05,-2.308188759E-03, 1.037398739E-07, 4.477643981E-05, 2.842356025E-06, 4.066635284E-07, 2.957121931E-06, 5.116083636E-04
      1459, 4.999999929E+00, 4.554130797E+00,-1.304227438E-05,-2.221805021E-03, 1.550750656E-09, 4.917903206E-07,-1.554664808E-06,-1.019901700E-05,-4.731461678E-06, 4.894725502E-04
      1460, 6.999999954E+00, 4.554130797E+00,-2.399833658E-05,-2.240675390E-03, 4.678203855E-09, 1.535287710E-06,-7.757043437E-06,-1.067758712E-05, 5.675122561E-06, 4.998179191E-04
      1461, 8.999999951E+00, 4.554130865E+00,-3.865083002E-05,-2.261899443E-03, 2.210027708E-08, 1.353796445E-05,-4.273031901E-06,-6.683498727E-06, 8.462658753E-06, 5.009664771E-04
      1462, 1.099999988E+01, 4.554130797E+00,-4.349807061E-05,-2.272261422E-03, 5.843488900E-08, 2.823411021E-05,-1.548518148E-07,-2.789046946E-06, 6.253174472E-06, 4.991216569E-04
      1463, 1.299999997E+01, 4.554130797E+00,-4.049397362E-05,-2.274299081E-03, 1.009881656E-07, 4.431742237E-05, 2.750244102E-06, 3.418987994E-07, 3.053798827E-06, 4.966633946E-04
      1464, 4.999999929E+00, 4.622341587E+00,-1.334782758E-05,-2.188926080E-03, 1.503639814E-09, 4.914386943E-07,-1.173880782E-06,-9.656691649E-06,-4.235009270E-06, 4.747774845E-04
      1465, 6.999999954E+00, 4.622341587E+00,-2.360660228E-05,-2.207094189E-03, 4.503984603E-09, 1.507148634E-06,-7.489601205E-06,-1.045665491E-05, 5.808972747E-06, 4.850247446E-04
      1466, 8.999999951E+00, 4.622341656E+00,-3.807031231E-05,-2.228235803E-03, 2.124143227E-08, 1.323311608E-05,-4.223254981E-06,-6.586363757E-06, 8.557240982E-06, 4.862853607E-04
      1467, 1.099999988E+01, 4.622341587E+00,-4.306632231E-05,-2.238717674E-03, 5.657078236E-08, 2.780910911E-05,-2.715831905E-07,-2.888484403E-06, 6.403901151E-06, 4.846187362E-04
      1468, 1.299999997E+01, 4.622341587E+00,-4.028206582E-05,-2.240922741E-03, 9.826551780E-08, 4.386944563E-05, 2.654976847E-06, 2.760830301E-07, 3.157977870E-06, 4.821683442E-04
      1469, 4.999999929E+00, 4.691539642E+00,-1.362376064E-05,-2.156572468E-03, 1.457007354E-09, 4.907569773E-07,-8.086167375E-07,-9.119977754E-06,-3.747256439E-06, 4.605292650E-04
      1470, 6.999999954E+00, 4.691539642E+00,-2.319999341E-05,-2.174035205E-03, 4.333193589E-09, 1.481078772E-06,-7.224756871E-06,-1.023174507E-05, 5.941560196E-06, 4.706705316E-04
      1471, 8.999999951E+00, 4.691539712E+00,-3.747381713E-05,-2.195084325E-03, 2.039418565E-08, 1.282477020E-05,-4.218242512E-06,-6.567409984E-06, 8.681682655E-06, 4.720854899E-04
      1472, 1.099999988E+01, 4.691539642E+00,-4.261769801E-05,-2.205676695E-03, 5.473231636E-08, 2.738825000E-05,-3.908973627E-07,-2.988002158E-06, 6.560101970E-06, 4.705518228E-04
      1473, 1.299999997E+01, 4.691539642E+00,-4.005960242E-05,-2.208051033E-03, 9.556988176E-08, 4.343057272E-05, 2.556699187E-06, 2.090462036E-07, 3.270256852E-06, 4.681097574E-04
      1474, 4.999999929E+00, 4.761739250E+00,-1.386974538E-05,-2.124735317E-03, 1.410872889E-09, 4.897367376E-07,-4.593926690E-07,-8.589866219E-06,-3.267647803E-06, 4.467157386E-04
      1475, 6.999999954E+00, 4.761739250E+00,-2.277826871E-05,-2.141490242E-03, 4.165746094E-09, 1.456671111E-06,-6.962327336E-06,-1.000271313E-05, 6.071188873E-06, 4.567415199E-04
      1476, 8.999999951E+00, 4.761739321E+00,-3.685827856E-05,-2.162431234E-03, 1.955855836E-08, 1.234097030E-05,-4.288942202E-06,-6.665072184E-06, 8.853530253E-06, 4.584093892E-04
      1477, 1.099999988E+01, 4.761739250E+00,-4.215145526E-05,-2.173129938E-03, 5.291861438E-08, 2.697044462E-05,-5.124361888E-07,-3.087304933E-06, 6.720803270E-06, 4.569073655E-04
      1478, 1.299999997E+01, 4.761739250E+00,-3.982573741E-05,-2.175675392E-03, 9.289943435E-08, 4.299885903E-05, 2.455378911E-06, 1.407421189E-07, 3.391002642E-06, 4.544742424E-04
      1479, 4.999999929E+00, 4.832954907E+00,-1.408544333E-05,-2.093405905E-03, 1.365256466E-09, 4.883715575E-07,-1.256159753E-07,-8.065907528E-06,-2.797021805E-06, 4.333225360E-04
      1480, 6.999999954E+00, 4.832954907E+00,-2.234138811E-05,-2.109451330E-03, 4.001583249E-09, 1.433535653E-06,-6.702007008E-06,-9.769370859E-06, 6.196255541E-06, 4.432242479E-04
      1481, 8.999999951E+00, 4.832954979E+00,-3.621947199E-05,-2.130260971E-03, 1.873455623E-08, 1.178185385E-05,-4.450417355E-06,-6.914675890E-06, 9.086057672E-06, 4.452387882E-04
      1482, 1.099999988E+01, 4.832954907E+00,-4.166684868E-05,-2.141069011E-03, 5.112892331E-08, 2.655456450E-05,-6.362704465E-07,-3.186463472E-06, 6.886436336E-06, 4.436726557E-04
      1483, 1.299999997E+01, 4.832954907E+00,-3.957960300E-05,-2.143787411E-03, 9.025256916E-08, 4.257234842E-05, 2.350819878E-06, 7.112056330E-08, 3.519479409E-06, 4.412485793E-04
      1484, 4.999999929E+00, 4.905201321E+00,-1.427063208E-05,-2.062575726E-03, 1.320178559E-09, 4.866548478E-07, 1.927914098E-07,-7.549240925E-06,-2.336450212E-06, 4.203372141E-04
      1485, 6.999999954E+00, 4.905201321E+00,-2.188928535E-05,-2.077910619E-03, 3.840669150E-09, 1.411302127E-06,-6.443989967E-06,-9.531836094E-06, 6.317965095E-06, 4.301070188E-04
      1486, 8.999999951E+00, 4.905201394E+00,-3.555247386E-05,-2.098559395E-03, 1.792230932E-08, 1.115481916E-05,-4.692249212E-06,-7.287829928E-06, 9.376409140E-06, 4.325462654E-04
      1487, 1.099999988E+01, 4.905201321E+00,-4.116305665E-05,-2.109485634E-03, 4.936263063E-08, 2.613947448E-05,-7.627596188E-07,-3.285821609E-06, 7.057748658E-06, 4.308355729E-04
      1488, 1.299999997E+01, 4.905201321E+00,-3.932037765E-05,-2.112378843E-03, 8.762789021E-08, 4.214905473E-05, 2.242841926E-06, 6.945935108E-11, 3.654529424E-06, 4.284201654E-04
      1489, 4.999999929E+00, 4.978493410E+00,-1.442510819E-05,-2.032236296E-03, 1.275660018E-09, 4.845804482E-07, 4.956557786E-07,-7.040806914E-06,-1.885274897E-06, 4.077483231E-04
      1490, 6.999999954E+00, 4.978493410E+00,-2.142187290E-05,-2.046860370E-03, 3.682987967E-09, 1.389630054E-06,-6.188107552E-06,-9.289993958E-06, 6.434703061E-06, 4.173772018E-04
      1491, 8.999999951E+00, 4.978493484E+00,-3.485330275E-05,-2.067312967E-03, 1.712221800E-08, 1.054872541E-05,-4.982768866E-06,-7.711276134E-06, 9.697761164E-06, 4.202838545E-04
      1492, 1.099999988E+01, 4.978493410E+00,-4.063921863E-05,-2.078371662E-03, 4.761926564E-08, 2.572406879E-05,-8.918017837E-07,-3.385271762E-06, 7.234274040E-06, 4.183837050E-04
      1493, 1.299999997E+01, 4.978493410E+00,-3.904725267E-05,-2.081441566E-03, 8.502420631E-08, 4.172694325E-05, 2.131475438E-06,-7.250702367E-08, 3.796319359E-06, 4.159774090E-04
      1494, 4.999999929E+00, 5.052846308E+00,-1.454867785E-05,-2.002379295E-03, 1.231722023E-09, 4.821442699E-07, 7.836770227E-07,-6.540017695E-06,-1.444615130E-06, 3.955426134E-04
      1495, 6.999999954E+00, 5.052846308E+00,-2.093929518E-05,-2.016293068E-03, 3.528541160E-09, 1.368211909E-06,-5.933988891E-06,-9.043689321E-06, 6.544530318E-06, 4.050224869E-04
      1496, 8.999999951E+00, 5.052846383E+00,-3.412019422E-05,-2.036512724E-03, 1.633504312E-08, 9.962531659E-06,-5.277702430E-06,-8.125841696E-06, 1.001606404E-05, 4.083692497E-04
      1497, 1.099999988E+01, 5.052846308E+00,-4.009452501E-05,-2.047719118E-03, 4.589849684E-08, 2.530726005E-05,-1.022869121E-06,-3.484424931E-06, 7.414612812E-06, 4.063049609E-04
      1498, 1.299999997E+01, 5.052846308E+00,-3.875934539E-05,-2.050967544E-03, 8.244052653E-08, 4.130396251E-05, 2.016815048E-06,-1.466211943E-07, 3.945941590E-06, 4.039091220E-04
      1499, 4.999999929E+00, 5.128275369E+00,-1.464148262E-05,-1.972996585E-03, 1.188386057E-09, 4.793415146E-07, 1.055743815E-06,-6.047971312E-06,-1.019690269E-06, 3.837098113E-04
      1500, 6.999999954E+00, 5.128275369E+00,-2.044167442E-05,-1.986201307E-03, 3.377344675E-09, 1.346774618E-06,-5.681875864E-06,-8.793154577E-06, 6.648804518E-06, 3.930324319E-04
      1501, 8.999999951E+00, 5.128275446E+00,-3.335353561E-05,-2.006153758E-03, 1.556189860E-08, 9.395990093E-06,-5.538224097E-06,-8.480578804E-06, 1.030637470E-05, 3.967649784E-04
      1502, 1.099999988E+01, 5.128275369E+00,-3.952823626E-05,-2.017520174E-03, 4.420012783E-08, 2.488798101E-05,-1.155483442E-06,-3.582898065E-06, 7.597790009E-06, 3.945876672E-04
      1503, 1.299999997E+01, 5.128275369E+00,-3.845567855E-05,-2.020948858E-03, 7.987605701E-08, 4.087808177E-05, 1.898780973E-06,-2.222154740E-07, 4.103728452E-06, 3.922038829E-04
      1504, 4.999999929E+00, 5.204796170E+00,-1.470329403E-05,-1.944079957E-03, 1.145673833E-09, 4.761685603E-07, 1.312214455E-06,-5.565430320E-06,-6.019598647E-07, 3.722397779E-04
      1505, 6.999999954E+00, 5.204796170E+00,-1.992910984E-05,-1.956577774E-03, 3.229426188E-09, 1.325087969E-06,-5.431661316E-06,-8.538369121E-06, 6.746067614E-06, 3.813954567E-04
      1506, 8.999999951E+00, 5.204796248E+00,-3.255515437E-05,-1.976231595E-03, 1.480439178E-08, 8.850135205E-06,-5.744550016E-06,-8.754473701E-06, 1.055627215E-05, 3.854635018E-04
      1507, 1.099999988E+01, 5.204796170E+00,-3.893962584E-05,-1.987767157E-03, 4.252409288E-08, 2.446517777E-05,-1.289541923E-06,-3.680634557E-06, 7.783918600E-06, 3.832209087E-04
      1508, 1.299999997E+01, 5.204796170E+00,-3.813524769E-05,-1.991377734E-03, 7.733019902E-08, 4.044728642E-05, 1.777253821E-06,-2.992737449E-07, 4.268884253E-06, 3.808503190E-04
      1509, 4.999999929E+00, 5.282424513E+00,-1.473378455E-05,-1.915621409E-03, 1.103607250E-09, 4.726248257E-07, 1.554750935E-06,-5.092103318E-06,-1.915974681E-07, 3.611194526E-04
      1510, 6.999999954E+00, 5.282424513E+00,-1.940194632E-05,-1.927415387E-03, 3.084822554E-09, 1.302963669E-06,-5.183013730E-06,-8.279268984E-06, 6.834379658E-06, 3.701003242E-04
      1511, 8.999999951E+00, 5.282424591E+00,-3.172755094E-05,-1.946742290E-03, 1.406533018E-08, 8.328979852E-06,-5.892887586E-06,-8.954950247E-06, 1.076238581E-05, 3.744501236E-04
      1512, 1.099999988E+01, 5.282424513E+00,-3.832791995E-05,-1.958452494E-03, 4.087045227E-08, 2.403782119E-05,-1.425224602E-06,-3.777871319E-06, 7.973359453E-06, 3.721942857E-04
      1513, 1.299999997E+01, 5.282424513E+00,-3.779710738E-05,-1.962246545E-03, 7.480254710E-08, 4.000956120E-05, 1.652214595E-06,-3.778738582E-07, 4.440295716E-06, 3.698375800E-04
      1514, 4.999999929E+00, 5.361176426E+00,-1.473309551E-05,-1.887613158E-03, 1.062208360E-09, 4.687089359E-07, 1.782162788E-06,-4.629671398E-06, 2.037124111E-07, 3.503390860E-04
      1515, 6.999999954E+00, 5.361176426E+00,-1.886051830E-05,-1.898707151E-03, 2.943577329E-09, 1.280252051E-06,-4.936260051E-06,-8.016250063E-06, 6.915081084E-06, 3.591377706E-04
      1516, 8.999999951E+00, 5.361176506E+00,-3.087341417E-05,-1.917682417E-03, 1.334848807E-08, 7.838614296E-06,-5.988735875E-06,-9.087176169E-06, 1.092686753E-05, 3.637140486E-04
      1517, 1.099999988E+01, 5.361176426E+00,-3.769233283E-05,-1.929568746E-03, 3.923938778E-08, 2.360493929E-05,-1.562302212E-06,-3.874429162E-06, 8.165405790E-06, 3.614970696E-04
      1518, 1.299999997E+01, 5.361176426E+00,-3.744033191E-05,-1.933547779E-03, 7.229288670E-08, 3.956287106E-05, 1.523745755E-06,-4.580986902E-07, 4.617871075E-06, 3.591557849E-04
      1519, 4.999999929E+00, 5.441068173E+00,-1.470121615E-05,-1.860047342E-03, 1.021499286E-09, 4.644200246E-07, 1.993378428E-06,-4.179928967E-06, 5.889380795E-07, 3.398904147E-04
      1520, 6.999999954E+00, 5.441068173E+00,-1.830514116E-05,-1.870446150E-03, 2.805738466E-09, 1.256846243E-06,-4.691344461E-06,-7.749451308E-06, 6.986748909E-06, 3.484972144E-04
      1521, 8.999999951E+00, 5.441068255E+00,-2.999525167E-05,-1.889048594E-03, 1.265629293E-08, 7.382507311E-06,-6.041373101E-06,-9.158175153E-06, 1.105510814E-05, 3.532517689E-04
      1522, 1.099999988E+01, 5.441068173E+00,-3.703215560E-05,-1.901108640E-03, 3.763119839E-08, 2.316560577E-05,-1.700136345E-06,-3.969857364E-06, 8.358543679E-06, 3.511188051E-04
      1523, 1.299999997E+01, 5.441068173E+00,-3.706392567E-05,-1.905273998E-03, 6.980119341E-08, 3.910519883E-05, 1.391991570E-06,-5.399421630E-07, 4.802493302E-06, 3.487954302E-04
      1524, 4.999999929E+00, 5.522116252E+00,-1.463811000E-05,-1.832916188E-03, 9.815021436E-10, 4.597604350E-07, 2.188972566E-06,-3.742687809E-06, 9.627518993E-07, 3.297625213E-04
      1525, 6.999999954E+00, 5.522116252E+00,-1.773636634E-05,-1.842625697E-03, 2.671356323E-09, 1.232675834E-06,-4.448039422E-06,-7.478973631E-06, 7.047834118E-06, 3.381684909E-04
      1526, 8.999999951E+00, 5.522116334E+00,-2.909523577E-05,-1.860837057E-03, 1.198909178E-08, 6.960184015E-06,-6.058901937E-06,-9.178469082E-06, 1.115301315E-05, 3.430627682E-04
      1527, 1.099999988E+01, 5.522116252E+00,-3.634677334E-05,-1.873065054E-03, 3.604629520E-08, 2.271894610E-05,-1.838106485E-06,-4.063670645E-06, 8.551598929E-06, 3.410493087E-04
      1528, 1.299999997E+01, 5.522116252E+00,-3.666680079E-05,-1.877417866E-03, 6.732763279E-08, 3.863459352E-05, 1.257014757E-06,-6.233190515E-07, 4.994625658E-06, 3.387466834E-04
      1529, 4.999999929E+00, 5.604337398E+00,-1.454390219E-05,-1.806212127E-03, 9.422389931E-10, 4.547335648E-07, 2.370010908E-06,-3.317947149E-06, 1.323305282E-06, 3.199452932E-04
      1530, 6.999999954E+00, 5.604337398E+00,-1.715473928E-05,-1.815239170E-03, 2.540481843E-09, 1.207699880E-06,-4.206802840E-06,-7.205443932E-06, 7.099685481E-06, 3.281431693E-04
      1531, 8.999999951E+00, 5.604337482E+00,-2.817519293E-05,-1.833043622E-03, 1.134641869E-08, 6.569792881E-06,-6.047128479E-06,-9.157230641E-06, 1.122590048E-05, 3.331451941E-04
      1532, 1.099999988E+01, 5.604337398E+00,-3.563562342E-05,-1.845431035E-03, 3.448519599E-08, 2.226414883E-05,-1.975828363E-06,-4.155610109E-06, 8.744145866E-06, 3.312785216E-04
      1533, 1.299999997E+01, 5.604337398E+00,-3.624784652E-05,-1.849972192E-03, 6.487256045E-08, 3.814918714E-05, 1.118762222E-06,-7.081887415E-07, 5.193373916E-06, 3.289993412E-04
      1534, 4.999999929E+00, 5.687748590E+00,-1.441885092E-05,-1.779927646E-03, 9.037317611E-10, 4.493435395E-07, 2.536434277E-06,-2.906149058E-06, 1.670452194E-06, 3.104300073E-04
      1535, 6.999999954E+00, 5.687748590E+00,-1.656077784E-05,-1.788280034E-03, 2.413164954E-09, 1.181907984E-06,-3.967702439E-06,-6.929218812E-06, 7.141124517E-06, 3.184113748E-04
      1536, 8.999999951E+00, 5.687748675E+00,-2.723665285E-05,-1.805663807E-03, 1.072760751E-08, 6.209212077E-06,-6.010224727E-06,-9.101080246E-06, 1.127746102E-05, 3.234955768E-04
      1537, 1.099999988E+01, 5.687748590E+00,-3.489815573E-05,-1.818199780E-03, 3.294851913E-08, 2.180042850E-05,-2.113131599E-06,-4.245675219E-06, 8.935901170E-06, 3.217977789E-04
      1538, 1.299999997E+01, 5.687748590E+00,-3.580602478E-05,-1.822929947E-03, 6.243652211E-08, 3.764710938E-05, 9.772595254E-07,-7.945978678E-07, 5.397382176E-06, 3.195445032E-04
      1539, 4.999999929E+00, 5.772367054E+00,-1.426319888E-05,-1.754055303E-03, 8.660021368E-10, 4.435957846E-07, 2.687520015E-06,-2.507148687E-06, 2.004157035E-06, 3.012084974E-04
      1540, 6.999999954E+00, 5.772367054E+00,-1.595523315E-05,-1.761741929E-03, 2.289453189E-09, 1.155304514E-06,-3.730601728E-06,-6.650534343E-06, 7.170776921E-06, 3.089675193E-04
      1541, 8.999999951E+00, 5.772367140E+00,-2.628100236E-05,-1.778692890E-03, 1.013195384E-08, 5.876246386E-06,-5.951560161E-06,-9.015143476E-06, 1.130947099E-05, 3.141126897E-04
      1542, 1.099999988E+01, 5.772367054E+00,-3.413386251E-05,-1.791364508E-03, 3.143697622E-08, 2.132696931E-05,-2.249563550E-06,-4.333569515E-06, 9.125820139E-06, 3.126015840E-04
      1543, 1.299999997E+01, 5.772367054E+00,-3.534033574E-05,-1.796284107E-03, 6.002025193E-08, 3.712634714E-05, 8.327116504E-07,-8.825917513E-07, 5.606389565E-06, 3.103769988E-04
      1544, 4.999999929E+00, 5.858210261E+00,-1.407718674E-05,-1.728587651E-03, 8.290714513E-10, 4.374955226E-07, 2.823851554E-06,-2.120971062E-06, 2.324913306E-06, 2.922752169E-04
      1545, 6.999999954E+00, 5.858210261E+00,-1.533884905E-05,-1.735618269E-03, 2.169389947E-09, 1.127920720E-06,-3.496065625E-06,-6.370208548E-06, 7.190052440E-06, 2.998011572E-04
      1546, 8.999999951E+00, 5.858210349E+00,-2.530959137E-05,-1.752125869E-03, 9.558764470E-09, 5.568813643E-06,-5.874341824E-06,-8.904267234E-06, 1.132247463E-05, 3.049825061E-04
      1547, 1.099999988E+01, 5.858210261E+00,-3.334234692E-05,-1.764918464E-03, 2.995136507E-08, 2.084347555E-05,-2.384394528E-06,-4.418839894E-06, 9.312436166E-06, 3.036718571E-04
      1548, 1.299999997E+01, 5.858210261E+00,-3.484972751E-05,-1.770027602E-03, 5.762467368E-08, 3.658567153E-05, 6.854075335E-07,-9.721301582E-07, 5.820952886E-06, 3.014801005E-04
      1549, 4.999999929E+00, 5.945295940E+00,-1.386107546E-05,-1.703517338E-03, 7.929604433E-10, 4.310681352E-07, 2.946215882E-06,-1.747905729E-06, 2.633258632E-06, 2.836001714E-04
      1550, 6.999999954E+00, 5.945295940E+00,-1.471234270E-05,-1.709903412E-03, 2.053011468E-09, 1.099858315E-06,-3.264269471E-06,-6.089122346E-06, 7.197607786E-06, 2.908714018E-04
      1551, 8.999999951E+00, 5.945296028E+00,-2.432380588E-05,-1.725958984E-03, 9.007376679E-09, 5.285011145E-06,-5.781246293E-06,-8.772765892E-06, 1.131694529E-05, 2.960706447E-04
      1552, 1.099999988E+01, 5.945295940E+00,-3.252332319E-05,-1.738856323E-03, 2.849256122E-08, 2.035031202E-05,-2.516868632E-06,-4.500893007E-06, 9.494599719E-06, 2.949744840E-04
      1553, 1.299999997E+01, 5.945295940E+00,-3.433308106E-05,-1.744154629E-03, 5.525090152E-08, 3.602484471E-05, 5.355696985E-07,-1.063015557E-06, 6.041252920E-06, 2.928229874E-04
      1554, 4.999999929E+00, 6.033642073E+00,-1.361520791E-05,-1.678838898E-03, 7.576885253E-10, 4.243183555E-07, 3.054159464E-06,-1.388542284E-06, 2.927785659E-06, 2.751826287E-04
      1555, 6.999999954E+00, 6.033642073E+00,-1.407668777E-05,-1.684592907E-03, 1.940349914E-09, 1.070987647E-06,-3.035141920E-06,-5.807298808E-06, 7.192466564E-06, 2.822637681E-04
      1556, 8.999999951E+00, 6.033642163E+00,-2.332500894E-05,-1.700188229E-03, 8.477155174E-09, 5.021517992E-06,-5.674574080E-06,-8.623918305E-06, 1.129477380E-05, 2.875006719E-04
      1557, 1.099999988E+01, 6.033642073E+00,-3.167660435E-05,-1.713172490E-03, 2.706146462E-08, 1.984268404E-05,-2.646095289E-06,-4.578951710E-06, 9.671290231E-06, 2.866254423E-04
      1558, 1.299999997E+01, 6.033642073E+00,-3.378927326E-05,-1.718659001E-03, 5.290016127E-08, 3.543514035E-05, 3.833033970E-07,-1.155076526E-06, 6.266459677E-06, 2.845128686E-04
      1559, 4.999999929E+00, 6.123266903E+00,-1.333994862E-05,-1.654540882E-03, 7.232692557E-10, 4.169701994E-07, 3.147630570E-06,-1.037799594E-06, 3.213190156E-06, 2.673833309E-04
      1560, 6.999999954E+00, 6.123266903E+00,-1.343276217E-05,-1.659669318E-03, 1.831421569E-09, 1.040890248E-06,-2.809359657E-06,-5.523651200E-06, 7.178413040E-06, 2.742170389E-04
      1561, 8.999999951E+00, 6.123266995E+00,-2.231446821E-05,-1.674794902E-03, 7.967429712E-09, 4.774702098E-06,-5.556426690E-06,-8.460455646E-06, 1.125646697E-05, 2.794341079E-04
      1562, 1.099999988E+01, 6.123266903E+00,-3.080213734E-05,-1.687847909E-03, 2.565880654E-08, 1.931506384E-05,-2.770962240E-06,-4.652704238E-06, 9.840197125E-06, 2.787575583E-04
      1563, 1.299999997E+01, 6.123266903E+00,-3.321726775E-05,-1.693522179E-03, 5.057352820E-08, 3.480674725E-05, 2.287923231E-07,-1.248809918E-06, 6.494377814E-06, 2.766683638E-04
      1564, 4.999999929E+00, 6.214188939E+00,-1.303526247E-05,-1.630595664E-03, 6.896891306E-10, 4.101172122E-07, 3.226569588E-06,-7.050108850E-07, 3.480594705E-06, 2.587906237E-04
      1565, 6.999999954E+00, 6.214188939E+00,-1.278127225E-05,-1.635120925E-03, 1.726153421E-09, 1.012508464E-06,-2.587561221E-06,-5.244789103E-06, 7.150167312E-06, 2.651980056E-04
      1566, 8.999999951E+00, 6.214189032E+00,-2.129364230E-05,-1.649776662E-03, 7.477241546E-09, 4.555337426E-06,-5.428602600E-06,-8.287299848E-06, 1.119831012E-05, 2.703223046E-04
      1567, 1.099999988E+01, 6.214188939E+00,-2.990016002E-05,-1.662880807E-03, 2.428452844E-08, 1.881701637E-05,-2.890205659E-06,-4.721659965E-06, 9.997602152E-06, 2.699172766E-04
      1568, 1.299999997E+01, 6.214188939E+00,-3.261619379E-05,-1.668741975E-03, 4.827103672E-08, 3.422246608E-05, 7.240094099E-08,-1.344094850E-06, 6.723663944E-06, 2.679405156E-04
      1569, 4.999999929E+00, 6.306426956E+00,-1.270257714E-05,-1.607130169E-03, 6.568158103E-10, 4.022348287E-07, 3.291326813E-06,-3.936447858E-07, 3.728195991E-06, 2.512113340E-04
      1570, 6.999999954E+00, 6.306426956E+00,-1.212370426E-05,-1.611077680E-03, 1.624094614E-09, 9.811936721E-07,-2.370094467E-06,-4.970786217E-06, 7.112412771E-06, 2.574814600E-04
      1571, 8.999999951E+00, 6.306427050E+00,-2.026434680E-05,-1.625262988E-03, 7.003957223E-09, 4.339071539E-06,-5.292845452E-06,-8.105204973E-06, 1.112627770E-05, 2.625922732E-04
      1572, 1.099999988E+01, 6.306426956E+00,-2.897118679E-05,-1.638391536E-03, 2.293344205E-08, 1.826296290E-05,-3.002507510E-06,-4.780652741E-06, 1.014470197E-05, 2.623919429E-04
      1573, 1.299999997E+01, 6.306426956E+00,-3.198511200E-05,-1.644429097E-03, 4.598376772E-08, 3.353568524E-05,-8.537958116E-08,-1.436420519E-06, 6.955120764E-06, 2.604700913E-04
      1574, 4.999999929E+00, 6.400000000E+00,-1.234146791E-05,-1.583937820E-03, 6.252281543E-10, 3.934891135E-07, 3.341821621E-06,-7.852994002E-08, 3.973927105E-06, 2.449185910E-04
      1575, 6.999999954E+00, 6.400000000E+00,-1.146045572E-05,-1.587298915E-03, 1.526993720E-09, 9.480115914E-07,-2.157725060E-06,-4.691441497E-06, 7.073560536E-06, 2.511114312E-04
      1576, 8.999999951E+00, 6.400000095E+00,-1.922800187E-05,-1.601006373E-03, 6.555052705E-09, 4.130012004E-06,-5.150673758E-06,-7.918038354E-06, 1.103842394E-05, 2.561905692E-04
      1577, 1.099999988E+01, 6.400000000E+00,-2.801556170E-05,-1.614148182E-03, 2.162776088E-08, 1.767163158E-05,-3.106137245E-06,-4.836024128E-06, 1.027298214E-05, 2.561205972E-04
      1578, 1.299999997E+01, 6.400000000E+00,-3.132270928E-05,-1.620366957E-03, 4.374689834E-08, 3.277368596E-05,-2.441571226E-07,-1.533468217E-06, 7.182722371E-06, 2.541952269E-04
