x-coordinate,y-coordinate,axial-velocity,radial-velocity,uu,vv,uv
5.0,6.123234047e-16,0.2342036196,5.472954372e-05,0.002940387428335687,0.0025344142648895005,1.2434511130943222e-05
5.0,0.005204005374,0.234184502,0.0001081578902,0.0029404177877055938,0.002532488390804796,2.481901392011325e-05
5.0,0.01033966345,0.2341281665,0.0002110824077,0.002940506624640085,0.00253387840283333,4.920357224812597e-05
5.0,0.01540787221,0.2340361339,0.000312020397,0.002940651130449241,0.002535765687402522,7.319181831741375e-05
5.0,0.02040951739,0.2339098793,0.000413077231,0.002940847286700724,0.0025353899145921515,9.681785233352008e-05
5.0,0.0253454732,0.2337508602,0.0005124144436,0.0029410899109917404,0.0025369010435444925,0.00012006867357307952
5.0,0.03021660239,0.2335605071,0.0006101950944,0.002941373826971802,0.0025382954574765027,0.00014293641063716013
5.0,0.03502375636,0.2333402226,0.0007062628338,0.002941693454809897,0.0025399898451879403,0.00016541350814644858
5.0,0.03976777532,0.2330913798,0.0008006522493,0.0029420429870435734,0.0025418267306309096,0.0001874939471522777
5.0,0.04444948847,0.2328153213,0.0008933253508,0.002942416428946863,0.002543869829352758,0.00020917256220479103
5.0,0.04906971409,0.2325133582,0.0009842689928,0.002942807682900286,0.0025460800757704603,0.00023044522568832482
5.0,0.05362925975,0.2321867697,0.001073466856,0.0029432106050843315,0.0025484498375720256,0.0002513087260025311
5.0,0.05812892238,0.2318368018,0.001160909404,0.0029436190629636345,0.0025509618116071314,0.0002717607364995801
5.0,0.06256948846,0.2314646672,0.001246589478,0.002944026982810283,0.002553603205820652,0.0002917997487339064
5.0,0.06695173415,0.2310715452,0.001330503438,0.0029444283954574157,0.002556359978167517,0.00031142502167173515
5.0,0.07127642538,0.230658581,0.001412650531,0.002944817472033203,0.002559218976624383,0.0003306365342824865
5.0,0.07554431806,0.2302268858,0.001493032821,0.0029451885588693033,0.002562167075978233,0.0003494349400524698
5.0,0.07975615815,0.2297775367,0.001571655087,0.002945536205717804,0.0025651921176479335,0.00036782152028119454
5.0,0.08391268182,0.2293115769,0.001648524219,0.002945855190555416,0.002568281244896954,0.00038579813209819157
5.0,0.08801461558,0.2288300158,0.001723649997,0.0029461405364438593,0.0025714260238608256,0.0004033671653415398
5.0,0.09206267639,0.2283338293,0.001797041908,0.0029463875309927094,0.002574607158588597,0.0004205314652054143
5.0,0.09605757177,0.22782396,0.001868718078,0.002946591734037585,0.002577826040700678,0.0004373680536444287
5.0,0.1,0.2273013173,0.001938695496,0.002946748931091883,0.002581065351148471,0.0004537579278645782
5.0,0.1037429218,0.2267874121,0.002004400048,0.002946852232962028,0.0025841866516049463,0.00046894886977906595
5.0,0.1075400176,0.2262486334,0.002070302326,0.0029469061406173147,0.0025874042770864347,0.0004842340989686387
5.0,0.1113920715,0.2256843114,0.002136367749,0.0029469030742045412,0.0025907030956860183,0.0004996946391642977
5.0,0.115299879,0.2250937719,0.002202554152,0.0029468347969290303,0.002594081093746082,0.0005151859874057034
5.0,0.119264247,0.2244763369,0.002268814932,0.002946692422870994,0.0025975329159643994,0.0005306977261436922
5.0,0.1232859942,0.2238313254,0.002335101216,0.0029464663926740357,0.0026010509788307666,0.0005462189452474967
5.0,0.1273659511,0.2231580549,0.002401361583,0.0029461464436439013,0.002604627609442029,0.0005617382062324737
5.0,0.1315049601,0.2224558419,0.002467542018,0.0029457215825421973,0.0026082542678746885,0.0005772435375689097
5.0,0.135703876,0.2217240031,0.002533585837,0.002945180058439116,0.002611921552054498,0.000592722433592548
5.0,0.1399635659,0.2209618565,0.002599433651,0.002944509340423311,0.0026156191298839777,0.0006081618475989219
5.0,0.1442849094,0.2201687226,0.002665023314,0.0029436960913133215,0.002619335732142663,0.0006235481857661659
5.0,0.1486687988,0.2193439257,0.00273028988,0.0029427261458682525,0.002623059100510912,0.0006388673046990711
5.0,0.1531161394,0.218486795,0.002795165575,0.0029415844916998554,0.0026267759458943473,0.0006541045163215453
5.0,0.1576278496,0.217596666,0.002859579762,0.002940255247909228,0.0026304719232323657,0.0006692445904360111
5.0,0.1622048611,0.216672882,0.002923458922,0.002938721655385183,0.0026341316188752883,0.0006842717605791294
5.0,0.166848119,0.2157147957,0.002986726616,0.002936966058518133,0.002637738510440061,0.0006991697218626788
5.0,0.1715585821,0.2147217701,0.003049303475,0.002934969901979229,0.0026412749486271823,0.0007139216416781145
5.0,0.1763372232,0.2136931807,0.003111107191,0.0029327137178900282,0.0026447220889855966,0.0007285101727962774
5.0,0.181185029,0.2126284168,0.003172052544,0.002930177129692984,0.002648059969441802,0.000742917467251561
5.0,0.1861030006,0.2115268833,0.003232051351,0.0029273388530603886,0.002651267247616732,0.0007571251983167272
5.0,0.1910921536,0.2103880021,0.003291012686,0.0029241767026933533,0.002654321894163446,0.000771114556387857
5.0,0.1961535182,0.2092112141,0.003348842463,0.002920667605153707,0.002657199849338295,0.0007848662895988425
5.0,0.2012881397,0.207995981,0.003405443592,0.0029167876157261356,0.002659876577772313,0.000798360720708825
5.0,0.2064970782,0.2067417868,0.003460716752,0.0029125119405505285,0.002662326210578857,0.0008115777665570704
5.0,0.2117814095,0.2054481397,0.003514559597,0.0029078149658977046,0.0026645211413385086,0.0008244969898501792
5.0,0.2171422247,0.2041145743,0.003566866829,0.0029026702991123044,0.0026664332505513706,0.0008370976115100164
5.0,0.222580631,0.202740653,0.003617530937,0.002897050803001234,0.0026680330714720568,0.0008493612320595858
5.0,0.2280977512,0.2013259679,0.003666441312,0.002890928613570276,0.0026692899583375313,0.0008612613147154362
5.0,0.2336947247,0.199870143,0.00371348549,0.0028842752580695748,0.0026701717743243965,0.0008727731511363306
5.0,0.2393727073,0.198372836,0.003758548436,0.0028770617695485193,0.002670646326239244,0.0008838859000415038
5.0,0.2451328714,0.19683374,0.003801512599,0.0028692585723797616,0.0026706795705979825,0.0008945753477503306
5.0,0.2509764065,0.1952525854,0.0038422589,0.002860835635994843,0.0026702367449129316,0.0009048137969666331
5.0,0.2569045194,0.1936291419,0.003880665833,0.002851762653587459,0.002669282586395465,0.000914582059060039
5.0,0.2629184342,0.1919632202,0.003916610319,0.0028420090451696835,0.0026677806065768615,0.0009238581957762647
5.0,0.2690193927,0.1902546739,0.003949967609,0.0028315440763554667,0.00266569386388711,0.0009326203620574786
5.0,0.2752086549,0.188503401,0.003980611531,0.002820336965800344,0.0026629847753200852,0.0009408468712091811
5.0,0.2814874987,0.1867093463,0.004008414647,0.002808356998952006,0.0026596152753128903,0.0009485162550077279
5.0,0.2878572208,0.1848725025,0.004033248501,0.0027955736453358555,0.0026555468844028604,0.000955607332011843
5.0,0.2943191364,0.182992912,0.004054983839,0.0027819566891751483,0.0026507408926912065,0.0009620992928602959
5.0,0.3008745801,0.1810706688,0.00407349083,0.00276747635882316,0.002645158448041853,0.0009679717771569214
5.0,0.3075249055,0.1791059199,0.004088639338,0.002752103469960806,0.0026387607008993602,0.0009732049433161585
5.0,0.3142714859,0.1770988667,0.004100299171,0.0027358095679305555,0.002631508968300644,0.000977779535957834
5.0,0.3211157144,0.1750497665,0.004108340358,0.0027185670739486843,0.0026233648423701302,0.0009816769676724674
5.0,0.3280590044,0.1729589339,0.004112633475,0.002700349443343132,0.002614290381158016,0.0009848794140398494
5.0,0.3351027897,0.1708267424,0.004113049923,0.002681131318273834,0.0026042482147220717,0.0009873699042795177
5.0,0.3422485248,0.1686536249,0.004109462324,0.0026608886902274097,0.0025932019256362524,0.000989132391664151
5.0,0.3494976853,0.1664400756,0.004101744615,0.002639599062208211,0.0025811157209440624,0.0009901518423133513
5.0,0.3568517682,0.1641866507,0.004089772998,0.0026172416058826095,0.002567955932621175,0.000990414290989738
5.0,0.364312292,0.1618939693,0.004073424953,0.0025937973452457895,0.0025536868063482337,0.0009899069552676938
5.0,0.3718807975,0.1595627147,0.00405258515,0.0025692492647166054,0.0025382828029235044,0.0009886185241166708
5.0,0.3795588474,0.1571936343,0.004027133892,0.0025435825818331363,0.0025217064124708377,0.0009865383278370463
5.0,0.3873480273,0.1547875409,0.003996950162,0.002516784783583202,0.002503933275320751,0.000983658024012374
5.0,0.3952499456,0.1523453136,0.003961933846,0.002488845820135188,0.002484941399010308,0.0009799707140523372
5.0,0.4032662342,0.149867898,0.003921982926,0.002459758331654025,0.0024646992277621246,0.0009754702177255369
5.0,0.4113985483,0.1473563057,0.003876992681,0.002429517679840198,0.002443191883458681,0.0009701528090729393
5.0,0.4196485673,0.1448116155,0.00382686868,0.0023981221754526666,0.0024203981377181787,0.0009640162574941285
5.0,0.4280179948,0.1422349731,0.003771521005,0.0023655731579216703,0.002396303154644446,0.0009570601455680902
5.0,0.4365085591,0.1396275913,0.003710866254,0.0023318751507144147,0.002370894071660899,0.0009492859174029236
5.0,0.4451220135,0.1369907496,0.003644827325,0.002297035955417397,0.0023441615605396876,0.0009406969373447281
5.0,0.4538601367,0.1343257939,0.003573334188,0.0022610667595485776,0.0023160994927247107,0.0009312985746042536
5.0,0.4627247331,0.1316341363,0.003496324269,0.002223982226205153,0.002286705319528118,0.000921098232509209
5.0,0.4717176332,0.1289172542,0.003413742955,0.0021858005754278763,0.002255980144942807,0.00091010536856809
5.0,0.4808406941,0.12617669,0.003325544073,0.0021465436461409514,0.0022239288609607476,0.0008983315252241461
5.0,0.4900957997,0.1234140499,0.003231690425,0.002106236943692908,0.002190560258794144,0.0008857903801409168
5.0,0.4994848611,0.1206310029,0.003132154297,0.002064909665768351,0.0021558871582902403,0.0008724977790347232
5.0,0.5090098173,0.1178292799,0.003026917951,0.002022594724876343,0.002119926522322509,0.0008584717352231851
5.0,0.518672635,0.115010672,0.002915974101,0.001979328747847852,0.0020826995319942194,0.0008437324042071324
5.0,0.5284753098,0.1121770293,0.002799326404,0.001935152056932878,0.002044231627259203,0.0008283020767346086
5.0,0.5384198657,0.1093302594,0.002676989986,0.0018901086254193007,0.002004552545488646,0.0008122051796522096
5.0,0.5485083564,0.1064723254,0.002548991944,0.0018442460189570197,0.001963696372281473,0.0007954682701781019
5.0,0.5587428652,0.1036052437,0.002415371813,0.0017976153174071219,0.001921701562094762,0.0007781199805642735
5.0,0.5691255055,0.1007310824,0.002276182008,0.001750271024160001,0.001878610923960591,0.0007601909464302838
5.0,0.5796584212,0.09785195869,0.002131488274,0.0017022709479120434,0.0018344715631125658,0.0007417137456852885
5.0,0.5903437875,0.09497003681,0.001981370176,0.0016536760599457818,0.0017893348196398205,0.0007227228519521882
5.0,0.6011838108,0.09208752516,0.001825921546,0.0016045503289003474,0.001743256209229066,0.0007032545697667181
5.0,0.6121807297,0.08920667367,0.001665250883,0.0015549605479231363,0.0016962953409448082,0.000683346930858034
5.0,0.6233368149,0.08632977096,0.001499481722,0.0015049761442721154,0.0016485157889426607,0.0006630395649943151
5.0,0.6346543703,0.08345914146,0.00132875301,0.0014546689584742584,0.0015999849176952141,0.0006423735867714071
5.0,0.6461357329,0.08059714236,0.001153219512,0.0014041130065918872,0.0015507737093503758,0.0006213914967495582
5.0,0.6577832735,0.07774616041,0.000973052175,0.0013533842214478993,0.0015009565903375936,0.0006001370627908642
5.0,0.6695993975,0.07490860856,0.0007884384307,0.001302560184634674,0.001450611228713195,0.0005786551668584672
5.0,0.6815865448,0.07208692262,0.000599582468,0.0012517198551235736,0.0013998182938891176,0.0005569916262961261
5.0,0.6937471908,0.06928355809,0.0004067055201,0.0012009432619646632,0.0013486611673187692,0.0005351930420727579
5.0,0.7060838467,0.06650098682,0.0002100461845,0.0011503111866235588,0.0012972256637652617,0.0005133066592389208
5.0,0.7185990599,0.06374169376,9.860725687e-06,0.0010999083478060582,0.0012456032064047428,0.0004913801106299474
5.0,0.7312954149,0.06100817468,-0.000193576558,0.0010498385370695943,0.0011939060268438076,0.0004694614106053026
5.0,0.7441755335,0.0583029335,-0.0003999730611,0.0010002078683190947,0.0011422504744549645,0.00044759875247685243
5.0,0.7572420753,0.05562847808,-0.0006090177606,0.0009511039316570124,0.0010907361274560899,0.00042584013384310606
5.0,0.7704977387,0.05298731594,-0.0008203810992,0.0009026087090020219,0.0010394586997821893,0.000404233277881858
5.0,0.783945261,0.05038195072,-0.001033714828,0.000854803059998912,0.0009885145004708278,0.0003828254402360759
5.0,0.797587419,0.04781487896,-0.001248651845,0.0008077663664235139,0.0009380000501731571,0.0003616631999116328
5.0,0.8114270298,0.04528858726,-0.00146480606,0.00076157619931232,0.0008880116918073903,0.00034079225131590155
5.0,0.8254669514,0.04280554974,-0.001681772181,0.0007163079800283103,0.0008386451814062157,0.000320257219991557
5.0,0.839710083,0.04036822582,-0.001899125437,0.0006720346474371179,0.000789995298385402,0.00030010148931174677
5.0,0.8541593657,0.03797905832,-0.002116421272,0.0006288263430830792,0.0007421554760541815,0.000280367024604744
5.0,0.8688177834,0.03564047208,-0.00233319502,0.0005867501214810997,0.0006952174379117673,0.00026109419305421803
5.0,0.883688363,0.0333548733,-0.002548961504,0.0005458696807739798,0.0006492708229347476,0.00024232158800856492
5.0,0.8987741753,0.03112464982,-0.002763214449,0.0005062451114542276,0.0006044028355220358,0.00022408588184100244
5.0,0.9140783356,0.02895217219,-0.002975425732,0.0004679326659018741,0.0005606978878372853,0.00020642169662564604
5.0,0.929604004,0.0268397959,-0.003185044229,0.0004309845586170198,0.0005182373326423989,0.00018936148774623105
5.0,0.9453543867,0.02478986499,-0.00339149481,0.00039544881258148453,0.0004770992732562212,0.00017293541339502683
5.0,0.9613327362,0.0228047174,-0.003594177072,0.0003613691324652472,0.00043735820677208025,0.0001571712638336437
5.0,0.9775423519,0.0208866924,-0.003792462763,0.0003287848165124947,0.00039908481512728475,0.00014209440136888133
5.0,0.9939865811,0.01903814046,-0.00398569333,0.0002977307140829548,0.0003623459468827037,0.0001277277080827879
5.0,1.01066882,0.01726143587,-0.004173177011,0.00026823722105896324,0.0003272044656240108,0.00011409159365452945
5.0,1.027592512,0.01555899291,-0.004354184573,0.00024033033123996124,0.0002937192080937932,0.00010120399630561157
5.0,1.044761154,0.013933286,-0.004527944485,0.0002140317398859546,0.0002619450199396702,8.908045795263622e-05
5.0,1.062178289,0.01238687432,-0.004693636793,0.00018935898627480367,0.00023193299851104906,7.773413268685834e-05
5.0,1.079847516,0.01092243197,-0.004850387791,0.00016632564072326035,0.00020372991996098116,6.717608814735752e-05
5.0,1.097772482,0.009542780427,-0.004997253517,0.00014494149023950136,0.0001773801878016857,5.7415286485522e-05
5.0,1.115956889,0.008250926239,-0.005133211611,0.00012521284679293808,0.00015292391763183056,4.8458724636253375e-05
5.0,1.134404493,0.007050099519,-0.005257165527,0.00010714266649029306,0.0001303981104005885,4.03116989633393e-05
5.0,1.153119101,0.005943776344,-0.005367922264,9.073057774167977e-05,0.00010983734053782825,3.2977896398514125e-05
5.0,1.17210458,0.004935672766,-0.005464186028,7.59726911606159e-05,9.127166389328296e-05,2.6459286118222815e-05
5.0,1.19136485,0.004029670198,-0.005544579021,6.286073814003829e-05,7.472634251776409e-05,2.0755552099045504e-05
5.0,1.210903887,0.003229599117,-0.005607680287,5.1380245366946e-05,6.021801239227699e-05,1.586291159920115e-05
5.0,1.230725728,0.002538772774,-0.005652127142,4.150706866545752e-05,4.77482155746926e-05,1.177131334869224e-05
5.0,1.250834464,0.00195913562,-0.005676800037,3.3201632474504406e-05,3.729298941877772e-05,8.459360220584537e-06
5.0,1.271234248,0.001489955754,-0.005681141937,2.6400721618353683e-05,2.8783857210171097e-05,5.885975142142509e-06
5.0,1.291929293,0.001126279212,-0.005665475952,2.1007709524595023e-05,2.2093503498038957e-05,3.982068206819728e-06
5.0,1.312923873,0.000857797474,-0.00563133144,1.688468843137266e-05,1.7018426373497515e-05,2.646125124014382e-06
5.0,1.334222322,0.0006691807213,-0.005581572552,1.385179536141726e-05,1.3286727627843145e-05,1.7534293317750527e-06
5.0,1.35582904,0.0005422378443,-0.005519854285,1.1699273072741549e-05,1.0595311648762479e-05,1.1794522772145245e-06
5.0,1.377748487,0.0004590729037,-0.00544986435,1.0212044873491695e-05,8.65109614699282e-06,8.196965253073823e-07
5.0,1.39998519,0.0004047341815,-0.00537480494,9.196794637740949e-06,7.211010230914476e-06,5.979601681354281e-07
5.0,1.422543741,0.0003682922253,-0.005297090366,8.499707665479568e-06,6.097798117589743e-06,4.642510834849789e-07
5.0,1.445428798,0.0003425398622,-0.005218340889,8.010089074215698e-06,5.194115818088308e-06,3.8689842384081684e-07
5.0,1.468645087,0.0003230446303,-0.005139566201,7.653721581991917e-06,4.4280182227624466e-06,3.4598441550891577e-07
5.0,1.492197403,0.0003071874279,-0.005061365202,7.38287306290835e-06,3.7571282495067805e-06,3.2885723606165254e-07
5.0,1.516090608,0.0002934442934,-0.004984083158,7.1673103998020226e-06,3.1567383897519874e-06,3.2741312859466425e-07
5.0,1.540329637,0.0002809260415,-0.004907915356,6.987824705752823e-06,2.612112360385233e-06,3.3642428408781166e-07
5.0,1.564919496,0.0002691061339,-0.004832970194,6.832035664474437e-06,2.1140130654886794e-06,3.524898280364396e-07
5.0,1.589865261,0.0002576659174,-0.004759305924,6.691805070470779e-06,1.6562243286577504e-06,3.733737726762771e-07
5.0,1.615172084,0.0002464074413,-0.00468695165,6.561658323104825e-06,1.2342207620693827e-06,3.97592843892079e-07
5.0,1.640845191,0.0002352040109,-0.004615919376,6.437820465292221e-06,8.444740645787853e-07,4.241552939362186e-07
5.0,1.666889884,0.0002239718112,-0.00454621104,6.317629899006818e-06,4.840962696415936e-07,4.5238679950286115e-07
5.0,1.69331154,0.0002126535932,-0.004477822633,6.199185513633235e-06,1.506496282933884e-07,4.818089751233461e-07
5.0,1.720115616,0.0002012092911,-0.004410746567,6.0811195263723514e-06,-1.5797340066752557e-07,5.120635524963232e-07
5.0,1.747307647,0.0001896103802,-0.004344972951,5.9624368454811575e-06,-4.4361877680507496e-07,5.428705372884885e-07
5.0,1.774893249,0.0001778362859,-0.00428049038,5.842403372242707e-06,-7.078886089175076e-07,5.739990863167521e-07
5.0,1.802878116,0.0001658721204,-0.004217286465,5.720484334484492e-06,-9.52132817679852e-07,6.052359076221207e-07
5.0,1.831268029,0.0001537075332,-0.004155348166,5.596322284113561e-06,-1.1774446244534337e-06,6.363525351284283e-07
5.0,1.86006885,0.0001413362947,-0.004094661868,5.469718689750251e-06,-1.3846956912675237e-06,6.670905322814117e-07
5.0,1.889286525,0.0001287560729,-0.004035213199,5.340605867011283e-06,-1.5745631884477958e-06,6.971610557891758e-07
5.0,1.91892709,0.0001159681693,-0.003976986881,5.2090220509822895e-06,-1.7475107052369718e-06,7.262438701325812e-07
5.0,1.948996664,0.0001029773259,-0.003919966653,5.075115135690587e-06,-1.9037473221647051e-06,7.539724544237411e-07
5.0,1.979501456,8.979190444e-05,-0.003864135234,4.939170635156684e-06,-2.04320429860369e-06,7.79912719412916e-07
5.0,2.010447767,7.642429354e-05,-0.003809474153,4.801623744229557e-06,-2.165593388998796e-06,8.035635642492042e-07
5.0,2.041841986,6.289119271e-05,-0.003755963366,4.663047109095579e-06,-2.270470597637658e-06,8.243721216503068e-07
5.0,2.073690596,4.921363659e-05,-0.003703580962,4.524130809547079e-06,-2.3572417424107323e-06,8.417516140608528e-07
5.0,2.106000175,3.541688437e-05,-0.003652303044,4.385684661754799e-06,-2.4251488537580834e-06,8.550898671218416e-07
5.0,2.138777393,2.153049083e-05,-0.003602103729,4.248654698420667e-06,-2.4732975863376147e-06,8.637555480826886e-07
5.0,2.17202902,7.588436711e-06,-0.003552955108,4.114102068544104e-06,-2.5008221340836876e-06,8.671338372714329e-07
5.0,2.205761922,-6.370979792e-06,-0.003504827042,3.983141450552857e-06,-2.507073737367918e-06,8.646790562992015e-07
5.0,2.239983065,-2.030558831e-05,-0.003457687085,3.856862534261387e-06,-2.491730845735256e-06,8.559717157268022e-07
5.0,2.274699515,-3.417008263e-05,-0.003411500671,3.736265194055616e-06,-2.4548725956590007e-06,8.40767216646446e-07
5.0,2.309918441,-4.791680048e-05,-0.003366231504,3.6222072313226157e-06,-2.397071443084024e-06,8.190298383161334e-07
5.0,2.345647117,-6.149657596e-05,-0.003321841991,3.5153207348523494e-06,-2.319577503125099e-06,7.909713409755862e-07
5.0,2.381892919,-7.485986556e-05,-0.003278293565,3.4159206864495204e-06,-2.2244230541224405e-06,7.570738545677536e-07
5.0,2.418663334,-8.795812445e-05,-0.003235547176,3.3239503919868755e-06,-2.1143310807246455e-06,7.18079818853576e-07
5.0,2.455965953,-0.0001007453176,-0.003193564005,3.2389915416718483e-06,-1.9925087944878566e-06,6.749428085584659e-07
5.0,2.49380848,-0.0001131792512,-0.003152306244,3.1603406668194743e-06,-1.862400532091377e-06,6.287412760160351e-07
5.0,2.53219873,-0.0001252225297,-0.003111737725,3.087103254097335e-06,-1.727461854462091e-06,5.805859220611318e-07
5.0,2.571144629,-0.0001368431534,-0.00307182427,3.0183060891334762e-06,-1.5908847660522428e-06,5.315209005335642e-07
5.0,2.610654221,-0.0001480146349,-0.003032533968,2.952983614206484e-06,-1.455321227698462e-06,4.824741720455474e-07
5.0,2.650735663,-0.0001587155894,-0.002993837284,2.890310071641297e-06,-1.3227840859254632e-06,4.341767549481608e-07
5.0,2.691397234,-0.0001689289663,-0.002955706665,2.829657234688981e-06,-1.1946959130420438e-06,3.8715534834921447e-07
5.0,2.732647329,-0.0001786410578,-0.002918116149,2.770525314049328e-06,-1.0720263414795246e-06,3.4181687803351866e-07
5.0,2.774494467,-0.0001878408668,-0.002881041132,2.7124880634955116e-06,-9.554933768284686e-07,2.98477040532748e-07
5.0,2.816947288,-0.0001965202834,-0.002844458402,2.655105667534131e-06,-8.457048237324527e-07,2.5740393756023665e-07
5.0,2.86001456,-0.0002046747656,-0.002808346659,2.597900337534166e-06,-7.432086836307945e-07,2.1883732212027976e-07
5.0,2.903705176,-0.0002123039822,-0.002772687035,2.54041292275806e-06,-6.4846346492891e-07,1.8296446923614977e-07
5.0,2.948028158,-0.0002194119648,-0.002737463359,2.4822724755272676e-06,-5.617471161100875e-07,1.4989135120421552e-07
5.0,2.992992659,-0.0002260066725,-0.002702662019,2.4232473307966784e-06,-4.830850126873905e-07,1.1963800248021197e-07
5.0,3.038607963,-0.0002320991836,-0.002668271453,2.3632569705465076e-06,-4.122321653488655e-07,9.214602936453157e-08
5.0,3.084883491,-0.000237702622,-0.002634281573,2.3023633907320513e-06,-3.4872163111299965e-07,6.728620869733935e-08
5.0,3.131828798,-0.0002428308363,-0.002600683153,2.2407427925949528e-06,-2.919650831999379e-07,4.4883564910407926e-08
5.0,3.179453579,-0.0002474974308,-0.00256746721,2.178619851977245e-06,-2.4134023940251946e-07,2.4759033343827416e-08
5.0,3.227767668,-0.0002517154144,-0.002534624649,2.1162202933906025e-06,-1.9623383657961432e-07,6.7416768899448765e-09
5.0,3.276781041,-0.0002554969106,-0.002502146215,2.0537616241608162e-06,-1.5607855327235847e-07,-9.335097665055821e-09
5.0,3.326503821,-0.0002588529416,-0.002470022377,1.9914382297036144e-06,-1.2038368091697143e-07,-2.3621201696213905e-08
5.0,3.376946275,-0.0002617936026,-0.002438243206,1.9294094065344606e-06,-8.872300052330807e-08,-3.624293806806909e-08
5.0,3.428118819,-0.0002643283457,-0.002406798527,1.8678062659620057e-06,-6.071307139617276e-08,-4.731191927540467e-08
5.0,3.48003202,-0.0002664660962,-0.002375678098,1.8067378538315653e-06,-3.6017670346989687e-08,-5.693049884332836e-08
5.0,3.532696599,-0.0002682153429,-0.002344871595,1.746287796475447e-06,-1.4343625164687533e-08,-6.519213513582893e-08
5.0,3.58612343,-0.0002695842922,-0.002314368693,1.6865203918934553e-06,4.576995787295112e-09,-7.218641397441987e-08
5.0,3.640323547,-0.0002705809016,-0.002284159201,1.6274925473703646e-06,2.0985073484902062e-08,-7.799987637478259e-08
5.0,3.695308141,-0.0002712129167,-0.002254232996,1.5692495079478232e-06,3.509573780812892e-08,-8.271092115550516e-08
5.0,3.751088567,-0.0002714880642,-0.002224580085,1.5118236730723905e-06,4.7114955000362614e-08,-8.639402556202085e-08
5.0,3.807676344,-0.0002714140823,-0.002195190781,1.455245419923696e-06,5.723436038762089e-08,-8.912614163549284e-08
5.0,3.865083157,-0.0002709985666,-0.002166055595,1.399543920789212e-06,6.562115209858206e-08,-9.098297294492627e-08
5.0,3.92332086,-0.0002702490112,-0.002137165125,1.3447419305925009e-06,7.24331960949512e-08,-9.20339168386964e-08
5.0,3.98240148,-0.0002691730054,-0.002108510239,1.2908582734337007e-06,7.782586708137408e-08,-9.234443765669543e-08
5.0,4.042337217,-0.0002677782202,-0.002080082127,1.2379140593874031e-06,8.194062387143161e-08,-9.198079445428783e-08
5.0,4.103140447,-0.0002660722703,-0.002051872202,1.1859209616693077e-06,8.490803844738243e-08,-9.100906733819247e-08
5.0,4.164823726,-0.0002640629383,-0.002023872175,1.1348973861147105e-06,8.685213338335046e-08,-8.947756714067103e-08
5.0,4.227399792,-0.000261757984,-0.001996074035,1.0848517941754045e-06,8.788433965020778e-08,-8.746208507116608e-08
5.0,4.290881567,-0.0002591649048,-0.001968469955,1.035794004890304e-06,8.810824989309461e-08,-8.50279485323778e-08
5.0,4.35528216,-0.0002562914193,-0.001941052383,9.877390594955573e-07,8.762324765250967e-08,-8.221244687807047e-08
5.0,4.420614869,-0.0002531454038,-0.001913814062,9.406910749129453e-07,8.651994737956751e-08,-7.907486672122751e-08
5.0,4.486893186,-0.0002497345636,-0.001886747965,8.946627157398924e-07,8.488035924061012e-08,-7.566938479363954e-08
5.0,4.554130797,-0.0002460665278,-0.00185984729,8.496627010858145e-07,8.27810915117864e-08,-7.204396933004187e-08
5.0,4.622341587,-0.0002421489662,-0.001833105506,8.056994191847819e-07,8.029373272013007e-08,-6.824379470674996e-08
5.0,4.691539642,-0.0002379895138,-0.001806516358,7.627816703990444e-07,7.748345366470869e-08,-6.43128390967239e-08
5.0,4.76173925,-0.0002335957305,-0.001780073853,7.20916228799863e-07,7.440978690729607e-08,-6.029240371562696e-08
5.0,4.832954907,-0.000228975176,-0.001753772283,6.801092389638375e-07,7.112754792121453e-08,-5.6221157088310263e-08
5.0,4.905201321,-0.0002241353935,-0.001727606244,6.403681141545265e-07,6.768675641975134e-08,-5.213545782237866e-08
5.0,4.97849341,-0.0002190839068,-0.001701570646,6.016998483572059e-07,6.413270380671883e-08,-4.806862575534315e-08
5.0,5.052846308,-0.000213828268,-0.001675660728,5.641104849290239e-07,6.050612478599022e-08,-4.405175331985183e-08
5.0,5.128275369,-0.0002083760337,-0.001649872064,5.276067274468604e-07,5.684368738429827e-08,-4.0114168073358405e-08
5.0,5.20479617,-0.0002027347691,-0.001624200595,4.921959252931925e-07,5.317847233706879e-08,-3.62821688459961e-08
5.0,5.282424513,-0.000196912169,-0.001598642684,4.5788543308925947e-07,4.954079425609673e-08,-3.2578743814190036e-08
5.0,5.361176426,-0.0001909161709,-0.001573195231,4.246827527244462e-07,4.595906652755178e-08,-2.9024681351395338e-08
5.0,5.441068173,-0.0001847550037,-0.001547855839,3.925959473462981e-07,4.245868848371053e-08,-2.5639013937819917e-08
5.0,5.522116252,-0.0001784372697,-0.001522622895,3.616340209097861e-07,3.9062579933447055e-08,-2.243846981793535e-08
5.0,5.604337398,-0.0001719721453,-0.001497495818,3.318073456675212e-07,3.5790327552463317e-08,-1.9437208971348787e-08
5.0,5.68774859,-0.0001653696435,-0.001472475172,3.0312832524038054e-07,3.266246861446537e-08,-1.664705152075712e-08
5.0,5.772367054,-0.0001586408747,-0.001447563422,2.756120210184279e-07,2.969146936362966e-08,-1.4077549574137473e-08
5.0,5.858210261,-0.0001517984005,-0.001422764398,2.492764085146727e-07,2.6900776609492025e-08,-1.1736001964936478e-08
5.0,5.94529594,-0.0001448566705,-0.001398086225,2.241430423957001e-07,2.4283637915522457e-08,-9.627438394583987e-09
5.0,6.033642073,-0.0001378327035,-0.001373536448,2.0023747655602927e-07,2.1893253315377962e-08,-7.754217156732357e-09
5.0,6.123266903,-0.0001307467742,-0.001349136558,1.7759107973634606e-07,1.963158707608967e-08,-6.117227663615237e-09
5.0,6.214188939,-0.0001236236752,-0.001324888801,1.5624001101951584e-07,1.7715229917452335e-08,-4.710501109204728e-09
5.0,6.306426956,-0.0001164948673,-0.001300873094,1.3622783379680148e-07,1.593043143978893e-08,-3.5420050815890167e-09
5.0,6.4,-0.0001094045526,-0.001277082138,1.1784373137407504e-07,1.4315237691000365e-08,-2.569716691806923e-09
7.0,8.5725275379999995e-16,0.1739878029,3.017992027e-05,0.001616025678772831,0.0013931795210763637,5.091371755127546e-06
7.0,0.005204005258,0.1739799393,5.96429565e-05,0.0016160353059341294,0.0013920938978348677,1.0163315846916285e-05
7.0,0.01033966345,0.1739567663,0.0001164104833,0.0016160635714629619,0.0013927615235694133,2.0152415987462395e-05
7.0,0.01540787221,0.1739188976,0.0001721158348,0.001616109724677291,0.0013936260229328024,2.9985710824288345e-05
7.0,0.02040951739,0.1738669309,0.0002279409918,0.0016161728002495595,0.0013931837551434717,3.967971913990182e-05
7.0,0.0253454732,0.1738014514,0.0002828845081,0.001616251538827752,0.0013937230824604167,4.923162436317147e-05
7.0,0.03021660239,0.1737230303,0.0003370478182,0.0016163447485258442,0.0013941447982106724,5.864044588863904e-05
7.0,0.03502375636,0.1736322248,0.0003903566523,0.0016164511668193245,0.0013946807261292576,6.79051155248885e-05
7.0,0.03976777532,0.1735295785,0.0004428406012,0.0016165695031523776,0.0013952490151630476,7.702497725746573e-05
7.0,0.04444948847,0.1734156207,0.0004944880849,0.001616698440345777,0.0013958889895865137,8.599951886994996e-05
7.0,0.04906971409,0.1732908667,0.000545300001,0.001616836646738299,0.0013965835443504675,9.48284536109368e-05
7.0,0.05362925975,0.173155818,0.0005952744808,0.0016169827894180792,0.0013973327087416015,0.0001035116805019265
7.0,0.05812892238,0.173010962,0.0006444123992,0.0016171355379408113,0.0013981311957541082,0.00011204928223930072
7.0,0.06256948846,0.1728567724,0.0006927150159,0.001617293576138095,0.0013989761176083448,0.00012044150919936762
7.0,0.06695173415,0.1726937091,0.0007401846516,0.0016174556067494437,0.001399863819644554,0.00012868877010510903
7.0,0.07127642538,0.1725222182,0.0007868243933,0.0016176203581133473,0.0014007910243631339,0.00013679162112436907
7.0,0.07554431806,0.1723427327,0.0008326381098,0.0016177865894009638,0.0014017543653982996,0.00014475075562630217
7.0,0.07975615815,0.1721556721,0.0008776304339,0.0016179530946143317,0.0014027508134071816,0.00015256699491214077
7.0,0.08391268182,0.1719614426,0.0009218065308,0.0016181187069763427,0.001403776913056178,0.00016024127781202885
7.0,0.08801461558,0.1717604379,0.0009651724746,0.0016182823043487098,0.0014048310815112442,0.00016777465306922173
7.0,0.09206267639,0.1715530385,0.001007733819,0.0016184428086140393,0.001405906839277366,0.00017516825075227112
7.0,0.09605757177,0.1713396128,0.001049499485,0.0016185991881443218,0.001407006829481628,0.0001824555560763314
7.0,0.1,0.1711205164,0.001090477805,0.0016187504508994703,0.0014081246009486966,0.0001895838222560683
7.0,0.1037429218,0.1709047629,0.001129150176,0.0016188902516233706,0.0014092128710211699,0.00019622371772546875
7.0,0.1075400176,0.1706782249,0.001168142837,0.0016190272879853384,0.0014103476779116877,0.00020293948639599744
7.0,0.1113920715,0.1704405706,0.001207448158,0.0016191603276752553,0.0014115240275369275,0.00020976825319198904
7.0,0.115299879,0.1701914626,0.001247055399,0.0016192880089746571,0.0014127440242702831,0.00021664958739159827
7.0,0.119264247,0.1699305568,0.00128695265,0.0016194088370826726,0.0014140072811981356,0.0002235814851265782
7.0,0.1232859942,0.1696575034,0.001327127073,0.0016195211748200398,0.0014153133665934174,0.0002305617802508483
7.0,0.1273659511,0.1693719465,0.001367564936,0.001619623235091534,0.001416661748484283,0.0002375881519971176
7.0,0.1315049601,0.1690735245,0.001408251521,0.001619713071749753,0.0014180518009677377,0.0002446581203097946
7.0,0.135703876,0.1687618701,0.001449171098,0.001619788568777017,0.0014194827079682497,0.0002517690406090535
7.0,0.1399635659,0.1684366106,0.001490306892,0.0016198474333124603,0.0014209534739199985,0.00025891809829557406
7.0,0.1442849094,0.168097368,0.001531641043,0.0016198871835146893,0.0014224629093582842,0.0002661023037920409
7.0,0.1486687988,0.1677437596,0.00157315457,0.0016199051382565135,0.0014240096201511524,0.0002733184871682398
7.0,0.1531161394,0.1673753976,0.001614827336,0.0016198984089736278,0.001425591995814994,0.00028056329336835034
7.0,0.1576278496,0.1669918898,0.001656638009,0.0016198638883323825,0.001427208195556306,0.00028783317736158064
7.0,0.1622048611,0.1665928399,0.001698564023,0.0016197982380439443,0.0014288561315816935,0.0002951243991864141
7.0,0.166848119,0.1661778478,0.001740581542,0.0016196978808200799,0.0014305334584861287,0.00030243301978170265
7.0,0.1715585821,0.1657465099,0.001782665426,0.0016195589870475905,0.001432237557068065,0.00030975489595996673
7.0,0.1763372232,0.1652984192,0.001824789193,0.0016193774652942129,0.0014339655207541652,0.00031708567635424544
7.0,0.181185029,0.1648331665,0.001866924981,0.0016191489531316374,0.001435714142950069,0.0003244207980364727
7.0,0.1861030006,0.16435034,0.001909043514,0.001618868803554046,0.0014374798981150775,0.0003317554825560017
7.0,0.1910921536,0.1638495261,0.001951114073,0.0016185320759951572,0.001439258929021657,0.00033908473235618494
7.0,0.1961535182,0.16333031,0.001993104454,0.0016181335266950163,0.0014410470339788132,0.00034640332808726456
7.0,0.2012881397,0.1627922762,0.002034980945,0.0016176675991542825,0.0014428396492160952,0.0003537058256479229
7.0,0.2064970782,0.1622350087,0.002076708291,0.0016171284115533624,0.001444631840537705,0.0003609865553137415
7.0,0.2117814095,0.1616580924,0.00211824966,0.0016165097512256788,0.0014464182640609921,0.0003682396183256416
7.0,0.2171422247,0.1610611125,0.002159566641,0.001615805066591511,0.0014481932351841705,0.0003754588876910574
7.0,0.222580631,0.1604436565,0.002200619153,0.0016150074553864956,0.0014499505305559733,0.0003826380043501316
7.0,0.2280977512,0.1598053139,0.002241365493,0.0016141096610086912,0.001451683639449477,0.0003897703815307122
7.0,0.2336947247,0.1591456772,0.00228176238,0.0016131040666800653,0.0014533855529721138,0.00039684920555549223
7.0,0.2393727073,0.1584643428,0.002321764732,0.0016119826873799057,0.001455048721984166,0.00040386742828851227
7.0,0.2451328714,0.1577609117,0.00236132575,0.0016107371694826789,0.0014566653008412157,0.00041081778079310894
7.0,0.2509764065,0.1570349901,0.002400396997,0.0016093587840679937,0.0014582268419331352,0.00041769277222258714
7.0,0.2569045194,0.1562861906,0.002438928296,0.0016078384300070457,0.0014597244702303867,0.00042448469025448826
7.0,0.2629184342,0.1555141326,0.002476867738,0.001606166629758246,0.0014611488152155314,0.00043118561009136827
7.0,0.2690193927,0.1547184437,0.002514161685,0.001604333532607467,0.0014624900117220778,0.0004377873969730779
7.0,0.2752086549,0.1538987601,0.002550754774,0.0016023289188555397,0.001463737698643807,0.0004442817150187343
7.0,0.2814874987,0.153054728,0.002586589922,0.0016001422026716303,0.0014648810144291828,0.0004506600329866101
7.0,0.2878572208,0.1521860042,0.002621608338,0.001597762441967263,0.001465908601197121,0.00045691363387069506
7.0,0.2943191364,0.1512922572,0.002655749538,0.0015951783447423532,0.0014668086018278584,0.00046303362437238063
7.0,0.3008745801,0.1503731683,0.002688951365,0.0015923782821648887,0.0014675686750218046,0.00046901094584153683
7.0,0.3075249055,0.1494284326,0.002721150012,0.0015893503003418321,0.0014681759439617915,0.0004748363850905192
7.0,0.3142714859,0.1484577599,0.002752280112,0.0015860821542270313,0.0014686170656208759,0.00048050093666868036
7.0,0.3211157144,0.1474608757,0.002782274684,0.0015825614135566237,0.001468878350370519,0.0004859963268879769
7.0,0.3280590044,0.1464375226,0.002811065099,0.0015787747464399448,0.0014689456300771557,0.0004913070670353901
7.0,0.3351027897,0.1453874609,0.002838581249,0.0015747095107125936,0.0014688040851889065,0.0004964283542028089
7.0,0.3422485248,0.1443104706,0.00286475181,0.0015703527433519535,0.00146843847239188,0.0005013540016806144
7.0,0.3494976853,0.143206351,0.002889504092,0.0015656904081446396,0.0014678334258464228,0.0005060679010684786
7.0,0.3568517682,0.1420749232,0.002912763914,0.0015607090719313476,0.0014669731657291065,0.0005105623879550042
7.0,0.364312292,0.1409160304,0.002934455912,0.0015553949804768866,0.001465841404724404,0.0005148276082414058
7.0,0.3718807975,0.1397295392,0.002954503622,0.0015497342958655884,0.0014644215981881206,0.0005188537087790607
7.0,0.3795588474,0.1385153407,0.002972829529,0.0015437131352463846,0.001462696947693114,0.0005226308734235361
7.0,0.3873480273,0.1372733517,0.002989355158,0.0015373176147602755,0.0014606504093502572,0.0005261493463045428
7.0,0.3952499456,0.1360035155,0.003004001196,0.0015305338954355308,0.0014582647334777496,0.0005293994611833209
7.0,0.4032662342,0.1347058032,0.003016687597,0.0015233482334976655,0.001455522525469114,0.0005323716661765832
7.0,0.4113985483,0.1333802146,0.003027333705,0.0015157470289700566,0.001452406286670267,0.0005350565569140895
7.0,0.4196485673,0.1320267792,0.003035858382,0.001507716882053313,0.0014488984596221016,0.0005374449041042885
7.0,0.4280179948,0.1306455574,0.003042180152,0.0014992446491394666,0.0014449814909592601,0.0005395276871970597
7.0,0.4365085591,0.1292366414,0.003046217344,0.0014903175009981715,0.0014406378873763218,0.000541296126891073
7.0,0.4451220135,0.1278001561,0.003047888247,0.0014809229861328054,0.0014358502809336182,0.0005427417168593443
7.0,0.4538601367,0.1263362599,0.003047111272,0.0014710490888798279,0.0014306014721793391,0.0005438562600431892
7.0,0.4627247331,0.124845146,0.003043805142,0.00146068429980025,0.0014248745472228118,0.0005446319029902941
7.0,0.4717176332,0.1233270427,0.003037889017,0.0014498176760039518,0.0014186528476726585,0.0005450611658299854
7.0,0.4808406941,0.121782215,0.003029282824,0.0014384389129700392,0.0014119203035159622,0.0005451370019177315
7.0,0.4900957997,0.1202109644,0.003017907147,0.001426538410730995,0.0014046606228028068,0.0005448527695209281
7.0,0.4994848611,0.1186136306,0.003003684894,0.0014141073471588162,0.001396859620167246,0.0005442024452784702
7.0,0.5090098173,0.1169905915,0.002986539048,0.001401137727136393,0.0013885019143474915,0.000543180336213455
7.0,0.518672635,0.1153422642,0.002966390697,0.0013876224719278206,0.0013795730973839928,0.0005417812690586934
7.0,0.5284753098,0.1136691057,0.00294316716,0.0013735555065969329,0.0013700617050368608,0.0005400011047884155
7.0,0.5384198657,0.1119716132,0.002916799939,0.0013589317868023677,0.0013599541856292327,0.0005378359614047256
7.0,0.5485083564,0.1102503246,0.002887218793,0.0013437473739885118,0.0013492393550388379,0.0005352825739789337
7.0,0.5587428652,0.1085058189,0.002854355936,0.0013279995191344664,0.0013379074122247655,0.0005323386039268248
7.0,0.5691255055,0.1067387168,0.002818147248,0.0013116867181950187,0.0013259488564936923,0.0005290023293661112
7.0,0.5796584212,0.1049496807,0.002778531534,0.0012948087674928754,0.0013133557962352485,0.0005252728380276682
7.0,0.5903437875,0.1031394155,0.002735450954,0.0012773668263459594,0.0013001214979518117,0.0005211500009009451
7.0,0.6011838108,0.1013086679,0.002688851229,0.00125936347152463,0.0012862406002494464,0.0005166345234462907
7.0,0.6121807297,0.09945822716,0.002638681978,0.0012408027449447244,0.0012717091464380657,0.0005117279661188279
7.0,0.6233368149,0.09758892496,0.002584896996,0.001221690204242235,0.0012565246865572559,0.0005064327729376931
7.0,0.6346543703,0.09570163521,0.002527454555,0.0012020329609116196,0.0012406863332001838,0.0005007522923925885
7.0,0.6461357329,0.09379727399,0.002466317709,0.0011818397218273792,0.001224194832812578,0.0004946907982020135
7.0,0.6577832735,0.09187679933,0.002401454612,0.0011611208162786624,0.0012070526196659576,0.0004882535069923692
7.0,0.6695993975,0.08994121087,0.00233283884,0.0011398882228431824,0.0011892638818785408,0.00048144659400563896
7.0,0.6815865448,0.08799154946,0.002260449698,0.0011181555911443967,0.0011708346208004082,0.0004742772039842156
7.0,0.6937471908,0.08602889664,0.002184272535,0.0010959382484060176,0.0011517726887042624,0.0004667534601977264
7.0,0.7060838467,0.08405437411,0.002104299062,0.0010732532125546097,0.0011320878348855172,0.0004588844655463567
7.0,0.7185990599,0.082069143,0.002020527685,0.0010501191840197445,0.0011117917308794746,0.0004506803080691082
7.0,0.7312954149,0.08007440308,0.001932963826,0.0010265565379044173,0.0010908980071053377,0.00044215205434363177
7.0,0.7441755335,0.07807139193,0.001841620239,0.0010025873054646285,0.0010694222772022518,0.00043331174297682256
7.0,0.7572420753,0.07606138393,0.001746517317,0.0009782351495578657,0.0010473821470855834,0.0004241723743246018
7.0,0.7704977387,0.07404568919,0.0016476834,0.0009535253298428572,0.0010247972148629246,0.0004147478899408792
7.0,0.783945261,0.07202565237,0.0015451551,0.0009284846582647793,0.001001689060783851,0.00040505315657076563
7.0,0.797587419,0.07000265144,0.001438977612,0.0009031414481330715,0.00097808124225682,0.0003951039375137416
7.0,0.8114270298,0.06797809628,0.001329204999,0.0008775254526259482,0.0009539992751041062,0.0003849168647077073
7.0,0.8254669514,0.06595342721,0.001215900473,0.0008516677953638909,0.0009294705947871038,0.00037450940180813616
7.0,0.839710083,0.06393011348,0.001099136679,0.0008256008946047075,0.0009045245114899497,0.0003638998041386867
7.0,0.8541593657,0.06190965158,0.0009789959742,0.0007993583737066058,0.0008791921500806785,0.0003531070759388725
7.0,0.8688177834,0.05989356355,0.0008555707155,0.000772974966505041,0.0008535063963243243,0.00034215092065585835
7.0,0.883688363,0.05788339515,0.0007289634921,0.0007464864144206208,0.0008275018300999148,0.0003310516866020795
7.0,0.8987741753,0.05588071404,0.0005992873603,0.0007199293556831589,0.0008012146356565233,0.00031983030922437793
7.0,0.9140783356,0.0538871078,0.0004666660776,0.0006933412065372805,0.0007746825027569359,0.00030850824746786974
7.0,0.929604004,0.05190418203,0.0003312343437,0.0006667600378222612,0.0007479445197412977,0.00029710741980325386
7.0,0.9453543867,0.04993355835,0.0001931380451,0.0006402244411363518,0.000721041071931469,0.0002856501397081863
7.0,0.9613327362,0.04797687242,5.253443674e-05,0.0006137736884465755,0.0006940140105520195,0.00027415900642925817
7.0,0.9775423519,0.04603577241,-9.040760285e-05,0.0005874548608249033,0.0006669137814539596,0.0002626568698544723
7.0,0.9939865811,0.04411191765,-0.0002355073028,0.0005613203021558657,0.0006397969128573618,0.0002511667923842262
7.0,1.01066882,0.04220697625,-0.0003825718284,0.0005354152490945274,0.0006127136504728033,0.00023971189122957447
7.0,1.027592512,0.04032262233,-0.0005313961553,0.0005097798701167854,0.0005857100026951156,0.00022831525628165953
7.0,1.044761154,0.03846053367,-0.000681762983,0.0004844540229046305,0.000558832498726204,0.00021699988931518646
7.0,1.062178289,0.03662238967,-0.0008334425951,0.00045947709823350555,0.0005321280083853436,0.00020578860188392604
7.0,1.079847516,0.03480986945,-0.0009861927036,0.00043488786299084536,0.0005056435680552408,0.00019470393087918887
7.0,1.097772482,0.03302465008,-0.001139758262,0.0004107243007063477,0.0004794262001669244,0.0001837680500460723
7.0,1.115956889,0.03126840485,-0.001293871255,0.00038702345683374305,0.0004535227470931967,0.00017300268228474276
7.0,1.134404493,0.02954280191,-0.001448250536,0.00036382128795514065,0.00042797970143604303,0.00016242901240095322
7.0,1.153119101,0.02784950303,-0.00160260162,0.000341152517103114,0.0004028430239340477,0.0001520676030415684
7.0,1.17210458,0.02619016276,-0.001756616413,0.0003190504955469165,0.00037815796508496914,0.00014193831321792833
7.0,1.19136485,0.02456642797,-0.001909972855,0.0002975470704172278,0.00035396889440803046,0.00013206022108404095
7.0,1.210903887,0.02297993783,-0.002062334486,0.00027667246276439576,0.0003303191319271562,0.00012245155133028035
7.0,1.230725728,0.02143232442,-0.002213349868,0.0002564551568808831,0.00030725081664832016,0.00011312960744622358
7.0,1.250834464,0.01992521398,-0.002362652119,0.0002369218044291503,0.00028480478212802645,0.00010411070444146938
7.0,1.271234248,0.0184602291,-0.002509858192,0.0002180971399645238,0.0002630203661515595,9.541012461584164e-05
7.0,1.291929293,0.01703899182,-0.002654567542,0.0002000039108571587,0.00024193529853552313,8.704207088895844e-05
7.0,1.312923873,0.01566312807,-0.002796360914,0.00018266282796661583,0.00022158565976485795,7.901962347790115e-05
7.0,1.334222322,0.01433427352,-0.002934798924,0.00016609253195897975,0.00020200577576708181,7.135472318049746e-05
7.0,1.35582904,0.01305408117,-0.003069419954,0.0001503095820184554,0.0001832281588083487,6.405815439401404e-05
7.0,1.377748487,0.01182423111,-0.003199737758,0.00013532846692985228,0.0001652834721154367,5.713955322072702e-05
7.0,1.39998519,0.0106464426,-0.003325238301,0.00012116163545404251,0.00014820059909992096,5.060739900464771e-05
7.0,1.422543741,0.009522489287,-0.00344537709,0.00010781955118175214,0.00013200639227355332,4.446910115540008e-05
7.0,1.445428798,0.008454216578,-0.003559571037,9.531075554081339e-05,0.00011672638559135143,3.8730994559354764e-05
7.0,1.468645087,0.007443562851,-0.003667193545,8.364199033947093e-05,0.00010238408433180509,3.339839412073824e-05
7.0,1.492197403,0.006492584252,-0.003767575289,7.28182806373861e-05,8.900145324455182e-05,2.8475695851043322e-05
7.0,1.516090608,0.005603478013,-0.003859991196,6.284301816464189e-05,7.659928060021132e-05,2.396646614204657e-05
7.0,1.540329637,0.00477860337,-0.00394365187,5.37180375941272e-05,6.519658736290704e-05,1.9873487650519298e-05
7.0,1.564919496,0.004020490884,-0.004017703321,4.5443561755153e-05,5.481101835246917e-05,1.619873186106631e-05
7.0,1.589865261,0.003331820892,-0.004081227265,3.8017965449589095e-05,4.545814495249139e-05,1.2943269651161912e-05
7.0,1.615172084,0.002715339651,-0.004133256424,3.1437172907868976e-05,3.71504477928566e-05,1.0106866724648316e-05
7.0,1.640845191,0.002173657391,-0.004172815533,2.5693445394706766e-05,2.989511126326499e-05,7.687084819946129e-06
7.0,1.666889884,0.001708849025,-0.00419900801,2.077324770123052e-05,2.3689996315293033e-05,5.677505575009464e-06
7.0,1.69331154,0.001321776545,-0.00421116756,1.66539120938447e-05,1.8517202860842134e-05,4.064615738122179e-06
7.0,1.720115616,0.001011136447,-0.004209082912,1.3299209753374308e-05,1.4333604405815142e-05,2.823448105253013e-06
7.0,1.747307647,0.0007724647577,-0.004193223903,1.0654483601715974e-05,1.1063405563466312e-05,1.913890894066457e-06
7.0,1.774893249,0.0005976267522,-0.004164914095,8.643573253222684e-06,8.592363354121983e-06,1.2800146095723672e-06
7.0,1.802878116,0.0004753936817,-0.004126303494,7.170092915725017e-06,6.7758833408724015e-06,8.574602372629578e-07
7.0,1.831268029,0.0003931354037,-0.004079957757,6.125299746078396e-06,5.459289337704916e-06,5.851124597547557e-07
7.0,1.86006885,0.0003389271385,-0.004028358798,5.4011966439340095e-06,4.4985073298611005e-06,4.131997858306847e-07
7.0,1.889286525,0.0003030926022,-0.003973592927,4.903278754296231e-06,3.7774075595406904e-06,3.062822745048246e-07
7.0,1.91892709,0.000278685857,-0.003917200326,4.557820801386812e-06,3.2127671351634425e-06,2.411456537220081e-07
7.0,1.948996664,0.0002611631794,-0.00386020435,4.312309705910565e-06,2.7499972490516635e-06,2.0292789268775458e-07
7.0,1.979501456,0.0002477291209,-0.003803241979,4.131621639231427e-06,2.3556341942671653e-06,1.8216927386218942e-07
7.0,2.010447767,0.000236721828,-0.003746692522,3.993072997691855e-06,2.009793947141771e-06,1.7278292320367935e-07
7.0,2.041841986,0.0002271650026,-0.003690776318,3.882184025527133e-06,1.7006922153761278e-06,1.7083545588850047e-07
7.0,2.073690596,0.0002184828185,-0.003635618985,3.789667852937671e-06,1.4211294896061897e-06,1.7376875486425163e-07
7.0,2.106000175,0.0002103306336,-0.003581290734,3.7094791339967725e-06,1.166460034557024e-06,1.799127443850998e-07
7.0,2.138777393,0.0002024976969,-0.00352782943,3.6376031474635657e-06,9.334613494190538e-07,1.881715175170421e-07
7.0,2.17202902,0.0001948517046,-0.003475253989,3.571314912844757e-06,7.197263741603766e-07,1.9782330667723083e-07
7.0,2.205761922,0.0001873070731,-0.003423572128,3.5087244622774355e-06,5.233360457092888e-07,2.0839138891308043e-07
7.0,2.239983065,0.0001798065597,-0.003372784896,3.4484944501444743e-06,3.4268381549041e-07,2.1956045893924184e-07
7.0,2.274699515,0.0001723104675,-0.003322889349,3.3896609803459658e-06,1.7637939838737584e-07,2.3112196022976662e-07
7.0,2.309918441,0.0001647901891,-0.003273880167,3.33151718910774e-06,2.3196886691018772e-08,2.429380323781458e-07
7.0,2.345647117,0.0001572242917,-0.003225750641,3.2735376383394447e-06,-1.1795071927833548e-07,2.549163319926769e-07
7.0,2.381892919,0.0001495961267,-0.003178493269,3.2153283311827185e-06,-2.480300072870621e-07,2.6699229690960465e-07
7.0,2.418663334,0.0001418923614,-0.003132100118,3.156593570392795e-06,-3.6789923402714304e-07,2.791168541552395e-07
7.0,2.455965953,0.000134102088,-0.00308656303,3.0971124362303025e-06,-4.783188456160405e-07,2.912481910370289e-07
7.0,2.49380848,0.0001262162899,-0.003041873725,3.036721629488007e-06,-5.799564788489932e-07,3.033456633120381e-07
7.0,2.53219873,0.0001182275458,-0.002998023859,2.975305384969041e-06,-6.733812985489899e-07,3.1536349897197504e-07
7.0,2.571144629,0.0001101299013,-0.002955005024,2.9127897231727786e-06,-7.590681477411079e-07,3.272455479174079e-07
7.0,2.610654221,0.0001019188458,-0.002912808716,2.8491401972878616e-06,-8.374005721505222e-07,3.389217995794578e-07
7.0,2.650735663,9.359135862e-05,-0.00287142627,2.784359728691091e-06,-9.086777350403879e-07,3.5030660193689057e-07
7.0,2.691397234,8.514600993e-05,-0.002830848754,2.7184869993562716e-06,-9.731165890679333e-07,3.612964831974011e-07
7.0,2.732647329,7.658311327e-05,-0.002791066866,2.6515992181999604e-06,-1.0308361739281823e-06,3.7176539008027247e-07
7.0,2.774494467,6.790492107e-05,-0.002752070823,2.583816117642863e-06,-1.08186371291809e-06,3.815614092911422e-07
7.0,2.816947288,5.911583121e-05,-0.002713850213,2.515305219931966e-06,-1.126140392755739e-06,3.9050644639792225e-07
7.0,2.86001456,5.022258109e-05,-0.00267639386,2.446283613545209e-06,-1.1635363920405062e-06,3.9839913598740797e-07
7.0,2.903705176,4.123443842e-05,-0.002639689633,2.3770178179038566e-06,-1.1938639047349926e-06,4.050177150637919e-07
7.0,2.948028158,3.216339623e-05,-0.002603724293,2.307827194479687e-06,-1.2168639841368729e-06,4.1012001132996693e-07
7.0,2.992992659,2.30243507e-05,-0.002568483361,2.2390836028421412e-06,-1.2322353565976713e-06,4.134485612426805e-07
7.0,3.038607963,1.383521533e-05,-0.002533950974,2.1712077892346144e-06,-1.2396654584958057e-06,4.147420112700214e-07
7.0,3.084883491,4.616927957e-06,-0.002500109795,2.104655663638075e-06,-1.2388760435255206e-06,4.1375276502003686e-07
7.0,3.131828798,-4.606640428e-06,-0.002466940916,2.0398974445498995e-06,-1.2296712244353403e-06,4.102655371318676e-07
7.0,3.179453579,-1.380887001e-05,-0.002434423854,1.97739849418067e-06,-1.2119475390549788e-06,4.0411149302791577e-07
7.0,3.227767668,-2.296070474e-05,-0.002402536644,1.917590797164723e-06,-1.1857570544907103e-06,3.951876494237875e-07
7.0,3.276781041,-3.203113808e-05,-0.002371255975,1.8608407228280384e-06,-1.151358156592743e-06,3.834780821939027e-07
7.0,3.326503821,-4.098789901e-05,-0.002340557469,1.8074113417488879e-06,-1.1092567195243548e-06,3.690731351130566e-07
7.0,3.376946275,-4.97982935e-05,-0.002310415997,1.7574293789334061e-06,-1.0602305637134478e-06,3.521782378506977e-07
7.0,3.428118819,-5.84301341e-05,-0.002280806121,1.710872420381922e-06,-1.0052862895950047e-06,3.331044725999442e-07
7.0,3.48003202,-6.685269382e-05,-0.002251702587,1.6675674085889385e-06,-9.456322594217133e-07,3.1225004329145356e-07
7.0,3.532696599,-7.503760497e-05,-0.002223080801,1.6272103968476973e-06,-8.826139922988614e-07,2.900725053742522e-07
7.0,3.58612343,-8.295961103e-05,-0.00219491725,1.5894056394890775e-06,-8.176116949740624e-07,2.670497204943265e-07
7.0,3.640323547,-9.059699932e-05,-0.002167189813,1.553704562637111e-06,-7.51937920588988e-07,2.436528697918531e-07
7.0,3.695308141,-9.793163525e-05,-0.002139877859,1.5196818049041226e-06,-6.867412312907774e-07,2.202866179404466e-07
7.0,3.751088567,-0.0001049486496,-0.00211296207,1.486971965054097e-06,-6.229437016042162e-07,1.9727339126305358e-07
7.0,3.807676344,-0.000111635831,-0.002086424294,1.4552714122899355e-06,-5.612272185262816e-07,1.7486975215341983e-07
7.0,3.865083157,-0.0001179830575,-0.002060247337,1.4243433474351779e-06,-5.020889115371239e-07,1.5326483205332108e-07
7.0,3.92332086,-0.0001239820574,-0.002034414804,1.3939747248938183e-06,-4.459115882797929e-07,1.326114545704783e-07
7.0,3.98240148,-0.0001296265906,-0.002008911288,1.3639424388640754e-06,-3.930201378591474e-07,1.1304390281019472e-07
7.0,4.042337217,-0.0001349129358,-0.001983722709,1.334008530156414e-06,-3.437076691185632e-07,9.468180788649423e-08
7.0,4.103140447,-0.0001398403563,-0.001958836659,1.3039407294818023e-06,-2.9821028062174503e-07,7.761911998476954e-08
7.0,4.164823726,-0.0001444112804,-0.001934242583,1.2735496211524122e-06,-2.5665984917638313e-07,6.191109999459628e-08
7.0,4.227399792,-0.0001486309934,-0.0019099317,1.2427215721688174e-06,-2.1905299265498844e-07,4.756584875459357e-08
7.0,4.290881567,-0.0001525068882,-0.001885896644,1.2114280047024219e-06,-1.852551934647146e-07,3.454737418007774e-08
7.0,4.35528216,-0.0001560475693,-0.001862130962,1.1797121880881449e-06,-1.5503028698510732e-07,2.2788870213091164e-08
7.0,4.420614869,-0.0001592620626,-0.001838628678,1.147665671948115e-06,-1.280838589036734e-07,1.2206902306750523e-08
7.0,4.486893186,-0.000162159197,-0.001815383932,1.1154028187777488e-06,-1.0410697975107682e-07,2.713156677253574e-09
7.0,4.554130797,-0.0001647472466,-0.001792390723,1.0830403444198502e-06,-8.280238590075108e-08,-5.776533660048432e-09
7.0,4.622341587,-0.000167033813,-0.001769642828,1.0506859753524887e-06,-6.389787455482569e-08,-1.3338613620625833e-08
7.0,4.691539642,-0.0001690258085,-0.001747133771,1.0184329593672272e-06,-4.715374821122237e-08,-2.004141293988868e-08
7.0,4.76173925,-0.0001707295254,-0.001724856834,9.863582489553225e-07,-3.236051746004766e-08,-2.5945069771753834e-08
7.0,4.832954907,-0.000172150765,-0.001702805127,9.545243608049248e-07,-1.933411253472707e-08,-3.110310418114637e-08
7.0,4.905201321,-0.0001732949302,-0.001680971645,9.229814885164653e-07,-7.913694000308613e-09,-3.55642962007479e-08
7.0,4.97849341,-0.0001741671176,-0.001659349303,8.917692437933505e-07,2.043430436270393e-09,-3.937322366691719e-08
7.0,5.052846308,-0.0001747722216,-0.001637931004,8.609194057613408e-07,1.0666269007484907e-08,-4.257146982869354e-08
7.0,5.128275369,-0.0001751149817,-0.001616709683,8.304576805638789e-07,1.807098952112134e-08,-4.5198769034313367e-08
7.0,5.20479617,-0.0001752000245,-0.001595678314,8.004046058778689e-07,2.4363787309691724e-08,-4.7292895696826095e-08
7.0,5.282424513,-0.0001750319222,-0.001574829952,7.707771695461769e-07,2.9643328140635787e-08,-4.8890211294099243e-08
7.0,5.361176426,-0.0001746152006,-0.001554157761,7.415896285590253e-07,3.4000513693593427e-08,-5.002627421510638e-08
7.0,5.441068173,-0.0001739543477,-0.001533655001,7.128536416754046e-07,3.7519421320345424e-08,-5.073545419616992e-08
7.0,5.522116252,-0.0001730538435,-0.001513315051,6.845792351214604e-07,4.0280320195274695e-08,-5.105147101881265e-08
7.0,5.604337398,-0.0001719181375,-0.001493131453,6.567759822883685e-07,4.2354681262481473e-08,-5.1009124077545665e-08
7.0,5.68774859,-0.0001705516571,-0.001473097774,6.294509897476627e-07,4.38135700882674e-08,-5.063396367811259e-08
7.0,5.772367054,-0.0001689589678,-0.001453207882,6.026104856503397e-07,4.4718082810298e-08,-4.995715938879531e-08
7.0,5.858210261,-0.0001671444692,-0.001433455531,5.76259598604987e-07,4.5138619887920934e-08,-4.9018578763152e-08
7.0,5.94529594,-0.0001651123827,-0.001413835164,5.504051935675302e-07,4.510395718010616e-08,-4.7843282802228733e-08
7.0,6.033642073,-0.000162867093,-0.001394339921,5.250527700527265e-07,4.473161475560991e-08,-4.6453866732846656e-08
7.0,6.123266903,-0.0001604130092,-0.00137496664,5.002049160789568e-07,4.389570124379227e-08,-4.488149606408772e-08
7.0,6.214188939,-0.0001577543433,-0.001355702911,4.7586584605159363e-07,4.300593740632053e-08,-4.3140735507559904e-08
7.0,6.306426956,-0.0001548953997,-0.001336563983,4.520394397117865e-07,4.1720119545988214e-08,-4.130171249152623e-08
7.0,6.4,-0.000151833936,-0.001317532312,4.288398850299943e-07,4.0074626630322386e-08,-3.9329187368295455e-08
9.0,1.102182113e-15,0.1384193245,1.90987384e-05,0.0010202833059684484,0.0008796433467811999,2.5625541010931754e-06
9.0,0.005204005335,0.1384153558,3.774472793e-05,0.0010202872631403831,0.0008789492554782236,5.115508741479321e-06
9.0,0.0103396636,0.13840366,7.367338939e-05,0.0010202988924832934,0.0008793423718491855,1.0144051585697024e-05
9.0,0.01540787243,0.1383845451,0.0001089394922,0.0010203179173347476,0.0008798382183150293,1.5095596693397887e-05
9.0,0.02040951769,0.1383583104,0.000144297163,0.0010203439926170525,0.0008794904407706711,1.997910137329429e-05
9.0,0.02534547358,0.1383252478,0.0001791160327,0.0010203766706480108,0.0008797462447098157,2.4793722182060167e-05
9.0,0.03021660284,0.1382856416,0.0002134636584,0.0010204155426376275,0.0008799117260833813,2.9539486802920744e-05
9.0,0.03502375688,0.1382397687,0.0002472965297,0.001020460182409846,0.0008801339216681337,3.4216330685387885e-05
9.0,0.03976777591,0.1381878982,0.0002806364674,0.001020510159481435,0.0008803622820096146,3.882434839291893e-05
9.0,0.04444948913,0.1381302921,0.0003134789155,0.0010205650409487183,0.0008806226516704671,4.3363661702625606e-05
9.0,0.04906971482,0.1380672049,0.00034582688,0.0010206243903752752,0.0008809052427816046,4.7834462915157524e-05
9.0,0.05362926055,0.1379988838,0.0003776813395,0.0010206877755918745,0.0008812110462015399,5.22369973275165e-05
9.0,0.05812892325,0.1379255689,0.0004090447371,0.0010207547661563196,0.0008815376976947199,5.657156440619154e-05
9.0,0.0625694894,0.1378474934,0.0004399195053,0.0010208249373063587,0.0008818843281662328,6.083851177682457e-05
9.0,0.06695173514,0.1377648833,0.0004703085075,0.0010208978710819167,0.0008822495661414773,6.503823276197549e-05
9.0,0.07127642644,0.137677958,0.0005002148664,0.0010209731580258685,0.0008826322533861136,6.917116278540979e-05
9.0,0.07554431918,0.1375869301,0.0005296419894,0.001021050398235908,0.0008830311562707216,7.323777669591843e-05
9.0,0.07975615934,0.1374920057,0.0005585935661,0.0010211292023017714,0.0008834452130947726,7.723858571460992e-05
9.0,0.08391268308,0.1373933842,0.0005870734484,0.0010212091937521492,0.0008838730989104696,8.117413421316531e-05
9.0,0.0880146169,0.1372912589,0.0006150858714,0.0010212900063471713,0.00088431451783119,8.504499733539223e-05
9.0,0.09206267776,0.1371858169,0.0006426346448,0.0010213712887952885,0.0008847664151012798,8.885176792260859e-05
9.0,0.09605757321,0.1370772391,0.0006697253039,0.0010214527021310048,0.0008852308523509086,9.261179395698837e-05
9.0,0.1000000015,0.1369657003,0.0006963630241,0.0010215339187205008,0.0008857045260580527,9.629759528910653e-05
9.0,0.1037429233,0.1368557881,0.0007215576639,0.0010216115612726624,0.0008861675977726481,9.973841591131263e-05
9.0,0.1075400192,0.1367403013,0.0007470189981,0.0010216905905502361,0.0008866530624558875,0.00010322648955735676
9.0,0.1113920731,0.1366190588,0.0007727459289,0.0010217707485167898,0.0008871582954977337,0.00010678151230471306
9.0,0.1152998807,0.1364918751,0.000798735745,0.0010218517426615833,0.0008876850976056875,0.00011037283895408766
9.0,0.1192642488,0.1363585607,0.0008249854476,0.0010219332451262334,0.0008882334313255495,0.0001140000677963845
9.0,0.123285996,0.1362189215,0.0008514915986,0.001022014891210377,0.0008888035883735877,0.00011766273600672327
9.0,0.127365953,0.1360727589,0.0008782504093,0.0010220962729389918,0.0008893957434146706,0.00012136032818701836
9.0,0.1315049621,0.1359198701,0.0009052576692,0.0010221769405881515,0.0008900100999729669,0.00012509227431808153
9.0,0.1357038781,0.1357600479,0.0009325087421,0.0010222563966840934,0.0008906467998848638,0.00012885794761204
9.0,0.139963568,0.1355930806,0.0009599985435,0.0010223340945630782,0.0008913059483356579,0.00013265666203513509
9.0,0.1442849115,0.135418752,0.0009877215227,0.0010224094335768337,0.0008919876026318095,0.00013648766946022293
9.0,0.148668801,0.1352368417,0.001015671641,0.0010224817568485205,0.0008926917724142792,0.0001403501570791456
9.0,0.1531161417,0.1350471248,0.001043842353,0.0010225503456202103,0.0008934184117276889,0.00014424324501795228
9.0,0.157627852,0.134849372,0.001072226582,0.0010226144194738112,0.0008941674192544614,0.00014816598418558675
9.0,0.1622048635,0.1346433498,0.001100816701,0.0010226731266498193,0.0008949386274655026,0.0001521173533570961
9.0,0.1668481215,0.1344288203,0.001129604508,0.0010227255451619214,0.0008957318036024937,0.00015609625629155123
9.0,0.1715585846,0.1342055416,0.001158581205,0.0010227706759441614,0.0008965466417220071,0.00016010151882894563
9.0,0.1763372258,0.1339732674,0.001187737377,0.0010228074390774152,0.0008973827580224898,0.00016413188636521357
9.0,0.1811850317,0.1337317475,0.001217062961,0.0010228346692045494,0.0008982396851634828,0.0001681860218270114
9.0,0.1861030034,0.1334807277,0.001246547232,0.0010228511105404901,0.0008991168661869893,0.00017226250237905043
9.0,0.1910921564,0.1332199499,0.001276178772,0.001022855412150843,0.0009000136491185093,0.0001763598166658949
9.0,0.1961535212,0.1329491522,0.001305945447,0.0010228461231718813,0.0009009292809781509,0.00018047636179680245
9.0,0.2012881427,0.1326680691,0.001335834384,0.001022821689079202,0.0009018629021341921,0.00018461044089732043
9.0,0.2064970813,0.1323764318,0.001365831946,0.001022780444615318,0.0009028135386485534,0.00018876026113880912
9.0,0.2117814126,0.1320739678,0.001395923705,0.0010227206075230934,0.0009037800936819244,0.0001929239305532398
9.0,0.217142228,0.1317604018,0.00142609442,0.0010226402783997284,0.0009047613474844778,0.0001970994554456188
9.0,0.2225806343,0.1314354554,0.001456328011,0.0010225374287102498,0.0009057559404675378,0.00020128473749995076
9.0,0.2280977546,0.1310988473,0.001486607533,0.0010224099003926835,0.0009067623780551781,0.00020547757191019184
9.0,0.2336947282,0.1307502939,0.001516915151,0.0010222553985129632,0.0009077790036071597,0.0002096756451130805
9.0,0.2393727108,0.1303895092,0.001547232123,0.0010220714862786504,0.0009088040495287244,0.00021387653291176102
9.0,0.245132875,0.1300162052,0.001577538729,0.00102185557845466,0.0009098354699572023,0.00021807769748594737
9.0,0.2509764103,0.129630092,0.00160781435,0.0010216049383822414,0.0009108712274148637,0.00022227648554257195
9.0,0.2569045233,0.1292308784,0.00163803744,0.0010213166706863038,0.000911908961478161,0.0002264701267892224
9.0,0.2629184381,0.1288182721,0.001668185281,0.0010209877172403202,0.0009129461188605834,0.00023065573283333126
9.0,0.2690193968,0.1283919796,0.001698234174,0.0010206148513473446,0.0009139801100114828,0.00023483029536129543
9.0,0.275208659,0.1279517075,0.001728159445,0.0010201946755992147,0.0009150079605611377,0.00023899068465219457
9.0,0.2814875029,0.1274971617,0.001757935299,0.001019723612932615,0.0009160266034488904,0.00024313364823201698
9.0,0.2878572251,0.127028049,0.001787534863,0.0010191979077300297,0.0009170327144937529,0.0002472558108369653
9.0,0.2943191408,0.1265440764,0.001816930149,0.0010186136156958507,0.0009180227579488929,0.0002513536739442549
9.0,0.3008745846,0.1260449523,0.001846092045,0.0010179666074666776,0.0009189929691337181,0.00025542361583182977
9.0,0.3075249101,0.1255303867,0.0018749903,0.0010172525592769114,0.0009199393495723587,0.0002594618908454591
9.0,0.3142714906,0.1250000916,0.001903593505,0.001016466954016855,0.0009208576612239177,0.0002634646300961148
9.0,0.3211157192,0.1244537816,0.001931869086,0.0010156050781354729,0.0009217434210073588,0.0002674278422384838
9.0,0.3280590093,0.1238911743,0.001959783289,0.001014662020037829,0.0009225918957457551,0.00027134741563722507
9.0,0.3351027947,0.123311991,0.001987301174,0.001013632668142391,0.000923398096613836,0.00027521911944696615
9.0,0.3422485299,0.1227159572,0.002014386607,0.0010125117136873987,0.0009241567787292551,0.0002790386053198784
9.0,0.3494976905,0.1221028031,0.002041002258,0.0010112936480947997,0.0009248624346718952,0.00028280140947204644
9.0,0.3568517735,0.1214722642,0.002067109595,0.001009972766550063,0.000925509293672235,0.0002865029566158974
9.0,0.3643122975,0.1208240819,0.002092668889,0.0010085431680546626,0.0009260913184351913,0.0002901385634710338
9.0,0.371880803,0.1201580042,0.002117639215,0.0010069987629679927,0.0009266022078013303,0.00029370344274443354
9.0,0.379558853,0.1194737864,0.002141978458,0.001005333270684305,0.000927035393564074,0.000297192706826786
9.0,0.387348033,0.1187711915,0.002165643323,0.00100354023149348,0.0009273840426063674,0.00030060137351948217
9.0,0.3952499515,0.1180499912,0.00218858935,0.0010016130080164913,0.0009276410684971154,0.0003039243708115156
9.0,0.4032662402,0.1173099662,0.002210770917,0.0009995447970545194,0.0009277990792107061,0.00030715654607348905
9.0,0.4113985544,0.1165509075,0.00223214133,0.0009973286540020613,0.0009278505308184348,0.0003102935397090863
9.0,0.4196485735,0.1157726162,0.002252652629,0.0009949573916293898,0.00092778756486409,0.00031332804390526753
9.0,0.4280180012,0.1149749053,0.002272255939,0.0009924238165078148,0.0009276019947201301,0.00031625465981907186
9.0,0.4365085656,0.1141575994,0.002290901301,0.000989720600579862,0.0009272855885988034,0.000319070888056076
9.0,0.4451220201,0.1133205365,0.002308537646,0.0009868401780432255,0.0009268297580703076,0.0003217698393752332
9.0,0.4538601435,0.1124635675,0.002325113076,0.0009837749914990402,0.0009262257301016751,0.0003243451624052642
9.0,0.46272474,0.1115865583,0.002340574631,0.000980517377632212,0.0009254645925464604,0.0003267919320695406
9.0,0.4717176402,0.1106893893,0.002354868533,0.0009770596136643463,0.0009245371731532626,0.0003291046374235972
9.0,0.4808407013,0.1097719571,0.00236794016,0.0009733939366519115,0.0009234341809225609,0.00033127776954700635
9.0,0.490095807,0.1088341747,0.002379734122,0.0009695125635512095,0.0009221461640506535,0.00033330583595599637
9.0,0.4994848686,0.1078759726,0.002390194319,0.0009654077163571925,0.000920663548088103,0.00033518337565056314
9.0,0.5090098249,0.1068972993,0.002399264017,0.000961071642641663,0.0009189766461553848,0.000336904970213976
9.0,0.5186726428,0.1058981223,0.00240688592,0.0009564966466225632,0.0009170756977055572,0.0003384652599135018
9.0,0.5284753176,0.1048784285,0.002413002245,0.0009516751106867962,0.0009149508841039771,0.0003398589611506286
9.0,0.5384198737,0.1038382253,0.002417554812,0.0009465995279171359,0.0009125923545891847,0.00034108087949074884
9.0,0.5485083646,0.1027775411,0.002420485132,0.0009412625291683601,0.0009099902566991791,0.0003421259301332493
9.0,0.5587428735,0.1016964262,0.002421734513,0.0009356569152067625,0.0009071347683832435,0.0003429891521217401
9.0,0.5691255139,0.1005949532,0.002421244149,0.0009297756907919866,0.0009040161317290618,0.00034366572674558575
9.0,0.5796584298,0.09947321804,0.002418955241,0.0009236120930825008,0.0009006246768219022,0.00034415099709101575
9.0,0.5903437963,0.09833134048,0.002414809108,0.0009171596301180013,0.0008969508757531711,0.00034444048586291994
9.0,0.6011838198,0.09716946475,0.002408747292,0.000910412115442099,0.0008929853468095431,0.0003445299149902124
9.0,0.6121807388,0.09598776023,0.002400711744,0.0009033637012355669,0.000888718972019081,0.0003444152267855392
9.0,0.6233368242,0.09478642207,0.002390644869,0.0008960089179500122,0.0008841426180180589,0.0003440925925536712
9.0,0.6346543798,0.09356567175,0.002378490367,0.0008883427070785574,0.0008792481127610996,0.00034355849476622446
9.0,0.6461357425,0.09232575758,0.002364191773,0.0008803604604592647,0.0008740267298595845,0.00034280954934218363
9.0,0.6577832833,0.09106695533,0.002347691903,0.0008720580615076318,0.0008684703683238079,0.0003418427820125797
9.0,0.6695994075,0.08978956872,0.00232893742,0.000863431925982071,0.0008625722118172356,0.00034065565821619654
9.0,0.681586555,0.08849392981,0.002307877215,0.0008544790221017851,0.0008563245578874524,0.00033924574262803476
9.0,0.6937472012,0.08718039951,0.002284459328,0.0008451969137087912,0.0008497209315550555,0.0003376110501638491
9.0,0.7060838572,0.08584936786,0.002258633446,0.0008355838104428941,0.0008427554981253398,0.00033575001834302014
9.0,0.7185990706,0.08450125454,0.002230351553,0.0008256385876213927,0.0008354226616325825,0.0003336614332935176
9.0,0.7312954258,0.08313650904,0.002199567555,0.0008153608263394516,0.0008277176502580856,0.0003313445166717604
9.0,0.7441755445,0.081755611,0.002166237554,0.0008047508470495322,0.0008196363227926326,0.0003287989119086291
9.0,0.7572420866,0.08035907044,0.00213032,0.0007938097367814425,0.0008111752683893345,0.0003260247172659402
9.0,0.7704977502,0.07894742791,0.002091775915,0.0007825393843992933,0.0008023318344436077,0.0003230224940995653
9.0,0.7839452727,0.07752125459,0.002050569098,0.0007709425052273281,0.0007931041751218559,0.00031979328656727975
9.0,0.7975874309,0.07608115243,0.002006666338,0.0007590226651799457,0.0007834912881341842,0.0003163386339016544
9.0,0.8114270419,0.0746277541,0.00196003763,0.000746784308523168,0.0007734930592442112,0.00031266058343791623
9.0,0.8254669637,0.07316172302,0.001910656391,0.0007342327732098439,0.0007631102928449496,0.00030876170212371773
9.0,0.8397100955,0.07168375318,0.001858499688,0.0007213743122081205,0.0007523447501431232,0.00030464508693936064
9.0,0.8541593784,0.07019456907,0.001803548464,0.000708216106322662,0.0007411991799805982,0.00030031437382081245
9.0,0.8688177964,0.06869492542,0.001745787771,0.0006947662744705163,0.0007296773492562053,0.0002957737447138446
9.0,0.8836883762,0.0671856069,0.001685206994,0.0006810338831326917,0.000717784072081699,0.00029102793155860675
9.0,0.8987741887,0.06566742781,0.001621800085,0.0006670289487967074,0.0007055252312926139,0.0002860822200917883
9.0,0.9140783492,0.06414123165,0.001555565798,0.0006527624366911951,0.0006929077967978405,0.00028094245024143307
9.0,0.9296040179,0.06260789065,0.001486507922,0.0006382462586282261,0.0006799398443544923,0.0002756150162245673
9.0,0.9453544008,0.0610683052,0.001414635517,0.0006234932627645277,0.0006666305678481615,0.0002701068625279377
9.0,0.9613327505,0.05952340325,0.001339963146,0.0006085172201954545,0.0006529902877563531,0.00026442547826769464
9.0,0.9775423664,0.05797413958,0.0012625111,0.000593332807715469,0.0006390304544789473,0.00025857888884217475
9.0,0.9939865959,0.05642149509,0.001182305629,0.0005779555855676508,0.0006247636464787082,0.0002525756451457751
9.0,1.010668835,0.05486647595,0.001099379172,0.00056240196959447,0.0006102035636850546,0.0002464248108921123
9.0,1.027592528,0.05331011266,0.001013770576,0.0005466891994958318,0.000595365018135817,0.00024013594723988616
9.0,1.044761169,0.05175345915,0.0009255253162,0.0005308353015960268,0.0005802639179240991,0.00023371909383107671
9.0,1.062178305,0.05019759166,0.0008346957045,0.000514859047666227,0.0005649172449989808,0.00022718474752231863
9.0,1.079847532,0.04864360769,0.0007413410978,0.0004987799082784662,0.000549343026634071,0.00022054383878070266
9.0,1.097772499,0.04709262485,0.0006455281038,0.00048261800187544374,0.0005335603024765116,0.00021380770546276201
9.0,1.115956906,0.04554577958,0.0005473307792,0.0004663940386965728,0.0005175890872833671,0.000206988064897526
9.0,1.13440451,0.04400422593,0.0004468308175,0.0004501292605739533,0.0005014503273741316,0.00020009698186456177
9.0,1.153119119,0.04246913425,0.0003441177305,0.0004338453772682741,0.0004851658507922411,0.00019314683466125393
9.0,1.172104598,0.0409416898,0.0002392890282,0.00041756449813383056,0.0004687583103615452,0.000186150279137389
9.0,1.191364868,0.03942309145,0.0001324503976,0.0004013090598282752,0.0004522511250467666,0.00017912021430017464
9.0,1.210903906,0.03791455027,2.371587457e-05,0.0003851021888592087,0.0004356688439013061,0.00017206971879611286
9.0,1.230725746,0.03641728861,-8.67919443e-05,0.000368972174389552,0.00041904163043023134,0.00016501204575301308
9.0,1.250834482,0.03493253902,-0.000198941701,0.0003529492983183702,0.00040240211183064907,0.00015796058885745847
9.0,1.271234267,0.03346154247,-0.0003125931553,0.0003370591520880486,0.00038577869863538645,0.00015092878997909466
9.0,1.291929312,0.03200554642,-0.0004275970875,0.00032132528793798695,0.00036919823917116844,0.00014393010774676885
9.0,1.312923892,0.03056580323,-0.0005437951862,0.0003057711267431316,0.0003526879233368774,0.00013697797464665533
9.0,1.334222342,0.02914356872,-0.0006610199176,0.000290419869087972,0.00033627518821374816,0.00013008574381534935
9.0,1.35582906,0.02774010076,-0.0007790943971,0.0002752944062111748,0.0003199876232878056,0.00012326663918005244
9.0,1.377748507,0.02635665798,-0.0008978322513,0.00026041723123512023,0.00030385287226948425,0.00011653370584954752
9.0,1.399985211,0.02499449856,-0.001017037467,0.0002458103508243258,0.0002878985338541228,0.00010989976033378526
9.0,1.422543762,0.02365487915,-0.001136504226,0.0002314951981485717,0.0002721520630391411,0.00010337734208176291
9.0,1.44542882,0.02233905395,-0.001256016729,0.00021749254867283905,0.00025664067311776507,9.697866445179967e-05
9.0,1.468645109,0.02104827402,-0.001375348993,0.00020382243971434806,0.00024139123668454827,9.07155666529757e-05
9.0,1.492197425,0.01978378684,-0.001494264606,0.00019050409354535487,0.00022643018805807919,8.459946812325772e-05
9.0,1.516090631,0.0185468362,-0.001612516413,0.00017755584499357316,0.000211783417236022,7.864132749452262e-05
9.0,1.54032966,0.01733866244,-0.001729846066,0.0001649950745821224,0.00019747620764650668,7.285159935027407e-05
9.0,1.564919519,0.01616050322,-0.001845983805,0.00015283814834144726,0.00018353314488891122,6.724019805498433e-05
9.0,1.589865284,0.01501359478,-0.001960647745,0.00014110036509914928,0.0001699779991715881,6.181646778824565e-05
9.0,1.615172108,0.01389917394,-0.002073543039,0.00012979591273030316,0.000156833697896928,5.658914865658108e-05
9.0,1.640845215,0.01281848092,-0.002184361243,0.00011893783217664445,0.00014412226044152176,5.1566353851253854e-05
9.0,1.666889908,0.01177276314,-0.002292779107,0.00010853799204566581,0.00013186472999508842,4.675555525365461e-05
9.0,1.693311565,0.01076328019,-0.002398457257,9.860707440071156e-05,0.0001200811409201548,4.2163569621663974e-05
9.0,1.720115642,0.009791310182,-0.002501038489,8.915457191278672e-05,0.0001087905223314759,3.779655278276795e-05
9.0,1.747307673,0.008858157831,-0.002600146145,8.018880093303518e-05,9.801080575114494e-05,3.3660003492279524e-05
9.0,1.774893275,0.007965164414,-0.002695380859,7.171691690797022e-05,8.775895366464355e-05,2.97587915895582e-05
9.0,1.802878143,0.007113719509,-0.002786316138,6.374495676271959e-05,7.805094779773995e-05,2.60971567718013e-05
9.0,1.831268056,0.006305275905,-0.002872497336,5.627789104113973e-05,6.890168242011526e-05,2.267872723444733e-05
9.0,1.860068877,0.005541366075,-0.002953437787,4.93196637002257e-05,6.0325259387395354e-05,1.9506603727638397e-05
9.0,1.889286554,0.004823619616,-0.003028610838,4.287325719405358e-05,5.233490849499231e-05,1.6583380661370132e-05
9.0,1.918927118,0.004153781035,-0.003097445695,3.694074042734243e-05,4.4942998249787645e-05,1.3911172075143559e-05
9.0,1.948996693,0.003533722414,-0.00315932394,3.152327363022243e-05,3.8161117366850325e-05,1.1491651414954534e-05
9.0,1.979501486,0.002965442736,-0.003213577055,2.662104315807504e-05,3.1999868111351166e-05,9.326022693712481e-06
9.0,2.010447797,0.002451037262,-0.00325949087,2.2233045566653236e-05,2.6468500271274518e-05,7.414894807499466e-06
9.0,2.041842016,0.001992607641,-0.003296322656,1.835661098080863e-05,2.1574054062154456e-05,5.757954724378319e-06
9.0,2.073690627,0.001592065653,-0.00332334226,1.4986503416626841e-05,1.731970651562681e-05,4.353265246836589e-06
9.0,2.106000206,0.001250769623,-0.003339911523,1.2113417054653281e-05,1.370193386095132e-05,3.1959571743216496e-06
9.0,2.138777425,0.0009689468464,-0.00334561638,9.721755918537931e-06,1.0706007493758112e-05,2.2760736388520957e-06
9.0,2.172029053,0.0007449494636,-0.003340438559,7.786862774941425e-06,8.300552974027152e-06,1.5759505638810824e-06
9.0,2.205761955,0.0005745809848,-0.00332492488,6.272299719925426e-06,6.433154611128687e-06,1.0684246362699477e-06
9.0,2.239983098,0.0004509279504,-0.003300273339,5.128623827158013e-06,5.029050058738515e-06,7.177313910853926e-07
9.0,2.274699549,0.0003650483935,-0.003268227828,4.295183538955743e-06,3.998265355799517e-06,4.84994497816588e-07
9.0,2.309918476,0.0003073765408,-0.003230748878,3.705810523864353e-06,3.248252396972677e-06,3.349541482149378e-07
9.0,2.345647152,0.0002692331514,-0.003189661301,3.2968721832133525e-06,2.6959874607457002e-06,2.399051942233296e-07
9.0,2.381892955,0.000243779474,-0.003146449362,3.0142011333077813e-06,2.2764145700276912e-06,1.8053282836158315e-07
9.0,2.41866337,0.0002262022218,-0.003102183858,2.8163978438617914e-06,1.9437945539717577e-06,1.4422366265522088e-07
9.0,2.455965989,0.0002133859667,-0.003057567959,2.6743378895622207e-06,1.6684861196778344e-06,1.2285522621548314e-07
9.0,2.493808517,0.0002034201572,-0.003013037105,2.5686376310516013e-06,1.432372457495575e-06,1.1120737398266075e-07
9.0,2.532198767,0.0001951664303,-0.00296885064,2.486765414061842e-06,1.2246415624841338e-06,1.0589282662180373e-07
9.0,2.571144667,0.0001879521945,-0.002925159633,2.420682289494981e-06,1.0388083920079298e-06,1.047076555186125e-07
9.0,2.61065426,0.0001813777743,-0.002882050528,2.365195770368789e-06,8.708373904175657e-07,1.0621110681102499e-07
9.0,2.650735703,0.0001752020166,-0.002839571752,2.3168992301828187e-06,7.18062960060561e-07,1.094594420264301e-07
9.0,2.691397274,0.0001692762596,-0.002797749382,2.273512792798499e-06,5.785892065306935e-07,1.138327336001907e-07
9.0,2.73264737,0.0001635064543,-0.002756596294,2.2334779130171127e-06,4.509654542374295e-07,1.1892331179699282e-07
9.0,2.774494508,0.0001578313208,-0.002716117508,2.195706843832263e-06,3.340110284202451e-07,1.2446337836801354e-07
9.0,2.81694733,0.0001522095902,-0.002676313326,2.159425412757371e-06,2.2672102609108963e-07,1.3027815123238724e-07
9.0,2.860014603,0.0001466124271,-0.00263718121,2.124072481242584e-06,1.2821545076244636e-07,1.3625527260946282e-07
9.0,2.903705219,0.0001410188451,-0.002598716927,2.089234457965117e-06,3.771147288227225e-08,1.4232414531666816e-07
9.0,2.948028202,0.0001354129069,-0.002560915263,2.0546022008139416e-06,-4.5492962687451004e-08,1.484413916519589e-07
9.0,2.992992703,0.0001297820044,-0.002523770459,2.019942275856914e-06,-1.2202964339371353e-07,1.5458078896687683e-07
9.0,3.038608008,0.0001241157947,-0.002487276479,1.9850771349784917e-06,-1.9246706770180823e-07,1.6072648387713384e-07
9.0,3.084883537,0.000118405535,-0.002451427171,1.949871148559111e-06,-2.5731461906978857e-07,1.6686847123011844e-07
9.0,3.131828845,0.0001126436626,-0.002416216361,1.914220723230034e-06,-3.1702530630597307e-07,1.7299910888967152e-07
9.0,3.179453626,0.0001068235505,-0.00238163791,1.878047720467387e-06,-3.7199814611620174e-07,1.7911000120864827e-07
9.0,3.227767716,0.0001009393856,-0.002347685737,1.8412953410046873e-06,-4.22580227038501e-07,1.8518942910857345e-07
9.0,3.27678109,9.498613132e-05,-0.002314353806,1.803925423043739e-06,-4.690682362945996e-07,1.9122039157556892e-07
9.0,3.326503871,8.895954303e-05,-0.0022816361,1.7659167889029734e-06,-5.117084466057065e-07,1.971790957360058e-07
9.0,3.376946325,8.285621593e-05,-0.002249526575,1.7272644163006438e-06,-5.506966176043084e-07,2.0303351972792388e-07
9.0,3.42811887,7.667366779e-05,-0.002218019109,1.6879797072806779e-06,-5.861778674235688e-07,2.0874171278027795e-07
9.0,3.480032072,7.04104547e-05,-0.002187107433,1.648091877872635e-06,-6.182463559703304e-07,2.142500081548087e-07
9.0,3.532696651,6.406631402e-05,-0.002156785047,1.6076498907868015e-06,-6.469453530326135e-07,2.1949149067464953e-07
9.0,3.586123483,5.764232553e-05,-0.002127045125,1.566724809753598e-06,-6.722661104450305e-07,2.2438480399416409e-07
9.0,3.640323601,5.114107987e-05,-0.002097880408,1.525412018972716e-06,-6.941489228980945e-07,2.2883366725125756e-07
9.0,3.695308196,4.456684902e-05,-0.00206928309,1.4838334761870376e-06,-7.12485528714514e-07,2.3272685957996815e-07
9.0,3.751088623,3.792575817e-05,-0.0020412447,1.4421400546323134e-06,-7.271232413751682e-07,2.3593867866437773e-07
9.0,3.807676401,3.1225953e-05,-0.00201375598,1.400513078690507e-06,-7.378730779646145e-07,2.3833062326599487e-07
9.0,3.865083215,2.447774993e-05,-0.001986806765,1.3591644972972358e-06,-7.445192852925338e-07,2.397546643964474e-07
9.0,3.923320919,1.769374823e-05,-0.001960385869,1.3183339506322513e-06,-7.468362228524079e-07,2.400593299843086e-07
9.0,3.98240154,1.088887701e-05,-0.001934480994,1.278282459282735e-06,-7.446099274876889e-07,2.3909804109525987e-07
9.0,4.042337277,4.080367386e-06,-0.001909078667,1.2392830260604997e-06,-7.376635435760817e-07,2.3673880450662435e-07
9.0,4.103140508,-2.712360912e-06,-0.001884164226,1.201607283252178e-06,-7.25888785501344e-07,2.328755455971245e-07
9.0,4.164823788,-9.467915549e-06,-0.001859721844,1.1655088407646785e-06,-7.092754040159226e-07,2.2744026537874606e-07
9.0,4.227399855,-1.616327362e-05,-0.001835734635,1.1312029007614748e-06,-6.879423927674949e-07,2.2041594838300106e-07
9.0,4.290881631,-2.277427354e-05,-0.001812184816,1.0988447330436344e-06,-6.621617499973608e-07,2.1184707783162965e-07
9.0,4.355282225,-2.927623724e-05,-0.001789053968,1.0685117228329586e-06,-6.32368097264476e-07,2.0184429725697538e-07
9.0,4.420614935,-3.56446829e-05,-0.00176632335,1.040192312083067e-06,-5.991533113399036e-07,1.9058201766268683e-07
9.0,4.486893253,-4.185607262e-05,-0.001743974268,1.0137859415811883e-06,-5.632379142435659e-07,1.782878467932789e-07
9.0,4.554130865,-4.788853101e-05,-0.001721988433,9.89113689309897e-07,-5.254218855334793e-07,1.652267659903149e-07
9.0,4.622341656,-5.372242043e-05,-0.001700348323,9.659382554205433e-07,-4.865231142358141e-07,1.5168014159699454e-07
9.0,4.691539712,-5.934070673e-05,-0.001679037389,9.440037505879623e-07,-4.4731367197799237e-07,1.379123947061923e-07
9.0,4.761739321,-6.472903518e-05,-0.001658040115,9.23062501089216e-07,-4.084579493806846e-07,1.2415786638319364e-07
9.0,4.832954979,-6.987548856e-05,-0.001637342019,9.028961767435257e-07,-3.704780299054991e-07,1.1061156617244214e-07
9.0,4.905201394,-7.477018733e-05,-0.001616929474,8.833322870146291e-07,-3.3376082325175763e-07,9.742021432683185e-08
9.0,4.978493484,-7.940488113e-05,-0.001596789514,8.642305295216549e-07,-2.985884677569465e-07,8.469667793190746e-08
9.0,5.052846383,-8.37727807e-05,-0.001576909795,8.454609312556481e-07,-2.6517981965400597e-07,7.253372978940588e-08
9.0,5.128275446,-8.786875092e-05,-0.001557278757,8.268870092895015e-07,-2.337293805392407e-07,6.101391772617237e-08
9.0,5.204796248,-9.168965749e-05,-0.001537885864,8.083647073275702e-07,-2.0441957978071628e-07,5.0209835136426946e-08
9.0,5.282424591,-9.523469641e-05,-0.001518721847,7.897550425165095e-07,-1.773991645123979e-07,4.01783329580205e-08
9.0,5.361176506,-9.850551746e-05,-0.001499778837,7.709466207803932e-07,-1.5275146163738154e-07,3.0952491436212445e-08
9.0,5.441068255,-0.0001015059558,-0.001481050286,7.518741261170779e-07,-1.3047591258209188e-07,2.2536895302097568e-08
9.0,5.522116334,-0.0001042414594,-0.001462530676,7.32523266338517e-07,-1.1048928007589745e-07,1.4910269980961084e-08
9.0,5.604337482,-0.0001067184006,-0.001444215163,7.129228027456543e-07,-9.26473829639126e-08,8.032635851762529e-09
9.0,5.687748675,-0.0001089434334,-0.001426099201,6.93129633703586e-07,-7.676995996420664e-08,1.853993914459878e-09
9.0,5.77236714,-0.0001109230291,-0.001408178328,6.732132860692755e-07,-6.26743049026394e-08,-3.6779919436340852e-09
9.0,5.858210349,-0.0001126632141,-0.001390447828,6.53244178472857e-07,-5.01696768740593e-08,-8.613135742285987e-09
9.0,5.945296028,-0.0001141694638,-0.001372903121,6.332867401694181e-07,-3.911904426713833e-08,-1.2996963642407512e-08
9.0,6.033642163,-0.000115446697,-0.001355538559,6.133961961117778e-07,-2.931586388486708e-08,-1.6869218624083437e-08
9.0,6.123266995,-0.0001164993572,-0.001338350344,5.936180452160059e-07,-2.0827714440456737e-08,-2.0266376046996073e-08
9.0,6.214189032,-0.0001173314507,-0.001321328857,5.739887794566285e-07,-1.3111853677126226e-08,-2.321123529656091e-08
9.0,6.30642705,-0.0001179467269,-0.001304483258,5.545378479916483e-07,-6.56504368434545e-09,-2.567999307593667e-08
9.0,6.400000095,-0.0001183459033,-0.001287803292,5.353489438659798e-07,-1.0802017468220095e-09,-2.7748777718216317e-08
11.0,1.347111464e-15,0.1149273684,1.316674583e-05,0.0007022613140730304,0.0006054769765264877,1.4666625024407021e-06
11.0,0.005204005258,0.1149250928,2.602160375e-05,0.0007022632249290839,0.0006049960937846975,2.9278844468631864e-06
11.0,0.01033966345,0.1149183866,5.079245105e-05,0.0007022688437275578,0.0006052561721988245,5.806211670765543e-06
11.0,0.01540787221,0.1149074258,7.511011082e-05,0.0007022780443578699,0.0006055788291586006,8.640903314655563e-06
11.0,0.02040951739,0.1148923812,9.94967315e-05,0.0007022906733303786,0.0006053138980138652,1.1437286835849412e-05
11.0,0.0253454732,0.1148734193,0.0001235189869,0.0007023065320026045,0.0006054583337328861,1.419505767603542e-05
11.0,0.03021660239,0.1148507018,0.0001472247119,0.0007023254436057867,0.0006055345140749433,1.6914392770929544e-05
11.0,0.03502375636,0.1148243859,0.0001705852109,0.0007023472258897435,0.0006056438682582674,1.959540181458955e-05
11.0,0.03976777532,0.1147946247,0.0001936166853,0.0007023716968211744,0.0006057519801271622,2.2238271123906515e-05
11.0,0.04444948847,0.1147615664,0.0002163170345,0.0007023986741486448,0.0006058769732656307,2.4843189187724818e-05
11.0,0.04906971409,0.1147253554,0.0002386892507,0.0007024279763756695,0.0006060124423374464,2.7410371944639103e-05
11.0,0.05362925975,0.1146861317,0.0002607348285,0.0007024594238605377,0.0006061593841528119,2.994005356753016e-05
11.0,0.05812892238,0.114644031,0.0002824561745,0.0007024928389903182,0.0006063164872064774,3.243248772349488e-05
11.0,0.06256948846,0.1145991851,0.0003038555962,0.0007025280468268305,0.0006064834614189807,3.48879450365936e-05
11.0,0.06695173415,0.1145517218,0.0003249356118,0.0007025648757051337,0.0006066596649593371,3.7306712213691606e-05
11.0,0.07127642538,0.1145017651,0.0003456988371,0.0007026031577952739,0.0006068445944560644,3.9689090525368396e-05
11.0,0.07554431806,0.1144494349,0.0003661480083,0.0007026427289873165,0.0006070376889470163,4.203539487523874e-05
11.0,0.07975615815,0.1143948477,0.0003862859836,0.0007026834298324309,0.0006072384928539896,4.434595253640807e-05
11.0,0.08391268182,0.1143381161,0.0004061156695,0.0007027251052847528,0.0006074463714202199,4.662110201838669e-05
11.0,0.08801461558,0.1142793491,0.0004256401675,0.0007027676054134372,0.000607661345626573,4.8861192227387184e-05
11.0,0.09206267639,0.1142186524,0.0004448622515,0.000702810785176826,0.0006078816644273895,5.106657526261619e-05
11.0,0.09605757177,0.1141561281,0.0004637857337,0.0007028545047857968,0.0006081088587943448,5.324733978461931e-05
11.0,0.1,0.1140918751,0.0004824141844,0.0007028986286963464,0.0006083409084024813,5.5387471339619756e-05
11.0,0.1037429218,0.1140285356,0.0005000541102,0.0007029413291874634,0.0006085682006430151,5.738768335000488e-05
11.0,0.1075400176,0.1139619583,0.0005179022059,0.0007029853616398704,0.0006088073009715801,5.941781261604403e-05
11.0,0.1113920715,0.1138920352,0.0005359591796,0.0007030306687936689,0.0006090565012092006,6.148945503898553e-05
11.0,0.115299879,0.113818655,0.00055422477,0.0007030771825408396,0.000609317117437475,6.358500968585491e-05
11.0,0.119264247,0.113741704,0.0005726986994,0.0007031248235154805,0.0006095890870958416,6.570444798425917e-05
11.0,0.1232859942,0.1136610651,0.0005913804544,0.0007031734998881193,0.000609872701781699,6.784771445211534e-05
11.0,0.1273659511,0.1135766186,0.000610269374,0.0007032231066086743,0.0006101681465049426,7.001473335846929e-05
11.0,0.1315049601,0.1134882416,0.000629364596,0.0007032735242679786,0.0006104756497593686,7.22054077011251e-05
11.0,0.135703876,0.1133958081,0.0006486650611,0.0007033246180070735,0.0006107954116630154,7.441961817131965e-05
11.0,0.1399635659,0.1132991891,0.0006681694986,0.0007033762362172652,0.0006111276274264365,7.665722183395359e-05
11.0,0.1442849094,0.1131982525,0.0006878764172,0.0007034282094073401,0.0006114724787086865,7.891805111417902e-05
11.0,0.1486687988,0.1130928628,0.0007077840932,0.0007034803489480104,0.0006118301354151651,8.120191241718419e-05
11.0,0.1531161394,0.1129828816,0.0007278905594,0.0007035324454660904,0.0006122007526167276,8.350858523023481e-05
11.0,0.1576278496,0.1128681672,0.0007481935929,0.0007035842677166901,0.0006125844698306604,8.583782048258416e-05
11.0,0.1622048611,0.1127485745,0.0007686907028,0.0007036355605845736,0.0006129814087647095,8.818933950372298e-05
11.0,0.166848119,0.1126239553,0.0007893791178,0.0007036860439782858,0.0006133916719339827,9.056283254536813e-05
11.0,0.1715585821,0.112494158,0.000810255773,0.0007037354106953448,0.0006138153404871003,9.295795739857552e-05
11.0,0.1763372232,0.1123590278,0.0008313172961,0.0007037833250147856,0.0006142524725098396,9.537433810625964e-05
11.0,0.181185029,0.1122184066,0.0008525599944,0.0007038294205583287,0.0006147031006855774,9.781156334458514e-05
11.0,0.1861030006,0.1120721328,0.0008739798398,0.0007038732984802761,0.0006151672301363515,0.00010026918538786753
11.0,0.1910921536,0.1119200418,0.0008955724547,0.0007039145253827449,0.0006156448361745267,0.00010274671796844972
11.0,0.1961535182,0.1117619655,0.000917333097,0.0007039526313917929,0.0006161358620344641,0.00010524363519392968
11.0,0.2012881397,0.1115977326,0.0009392566447,0.0007039871075617397,0.0006166402157752984,0.00010775936995435095
11.0,0.2064970782,0.1114271684,0.0009613375805,0.0007040174039580821,0.0006171577682469486,0.00011029331220160216
11.0,0.2117814095,0.111250095,0.0009835699754,0.0007040429272850666,0.0006176883499583623,0.00011284480765349667
11.0,0.2171422247,0.1110663315,0.001005947473,0.000704063038071826,0.0006182317481949641,0.00011541315586731359
11.0,0.222580631,0.1108756934,0.001028463272,0.0007040770484878704,0.0006187877039546495,0.00011799760865645973
11.0,0.2280977512,0.1106779935,0.00105111011,0.0007040842195233094,0.0006193559091519149,0.00012059736864813852
11.0,0.2336947247,0.1104730412,0.001073880247,0.0007040837584686708,0.0006199360023084441,0.00012321158752742615
11.0,0.2393727073,0.1102606431,0.001096765446,0.0007040748159886417,0.0006205275675026313,0.00012583936461517091
11.0,0.2451328714,0.1100406027,0.001119756957,0.000704056483117435,0.0006211301240338953,0.00012847974466413765
11.0,0.2509764065,0.1098127207,0.001142845499,0.0007040277888288674,0.0006217431471242105,0.00013113171689007773
11.0,0.2569045194,0.109576795,0.001166021223,0.0007039876965647289,0.0006223660007303965,0.0001337942124634045
11.0,0.2629184342,0.1093326209,0.001189273731,0.0007039351013496042,0.0006229980324284846,0.00013646610445058673
11.0,0.2690193927,0.1090799909,0.001212592093,0.0007038688267652031,0.0006236384990904199,0.00013914620520852396
11.0,0.2752086549,0.1088186953,0.001235964703,0.0007037876219487729,0.0006242865281896505,0.0001418332631192462
11.0,0.2814874987,0.1085485219,0.001259379305,0.000703690158166734,0.0006249412428235656,0.00014452596445282753
11.0,0.2878572208,0.1082692564,0.001282823057,0.0007035750255464097,0.0006256016342142955,0.0001472229302761294
11.0,0.2943191364,0.1079806826,0.001306282453,0.0007034407304593862,0.0006262666019836039,0.0001499227142417996
11.0,0.3008745801,0.1076825821,0.001329743303,0.0007032856916492742,0.0006269349646401437,0.00015262380241978657
11.0,0.3075249055,0.107374735,0.001353190719,0.0007031082375855009,0.0006276054327701425,0.00015532461153902589
11.0,0.3142714859,0.1070569201,0.0013766091,0.0007029066029626681,0.0006282766144434301,0.0001580234873542773
11.0,0.3211157144,0.1067289147,0.001399982112,0.0007026789259110464,0.0006289470084581844,0.00016071870425227413
11.0,0.3280590044,0.1063904949,0.001423292673,0.0007024232447730161,0.0006296150006295482,0.00016340846378972747
11.0,0.3351027897,0.1060414362,0.001446522937,0.0007021374952261318,0.0006302788590231113,0.00016609089383260692
11.0,0.3422485248,0.1056815136,0.001469654273,0.0007018195075246919,0.0006309367297096355,0.00016876404776712287
11.0,0.3494976853,0.1053105014,0.001492667256,0.0007014670038452315,0.0006315866327511113,0.00017142590350394503
11.0,0.3568517682,0.1049281741,0.001515541645,0.0007010775955531162,0.00063222645762414,0.0001740743632703823
11.0,0.364312292,0.1045343065,0.001538256373,0.0007006487810072395,0.0006328539592738905,0.0001767072532987892
11.0,0.3718807975,0.1041286738,0.001560789533,0.0007001779435014643,0.0006334667542856172,0.0001793223231958968
11.0,0.3795588474,0.103711052,0.001583118363,0.0006996623491587607,0.0006340623169175876,0.00018191724630199545
11.0,0.3873480273,0.1032812186,0.001605219238,0.0006990991454288913,0.0006346379758322,0.0001844896192489557
11.0,0.3952499456,0.1028389522,0.001627067654,0.0006984853595297166,0.0006351909103576853,0.00018703696270601567
11.0,0.4032662342,0.1023840337,0.001648638226,0.0006978178977646138,0.0006357181477966384,0.00018955672212126604
11.0,0.4113985483,0.1019162462,0.001669904672,0.0006970935445206764,0.0006362165601861815,0.00019204626813443273
11.0,0.4196485673,0.1014353753,0.001690839812,0.0006963089621636583,0.0006366828621741776,0.00019450289776057504
11.0,0.4280179948,0.1009412099,0.001711415562,0.0006954606911001106,0.0006371136089593517,0.00019692383531792672
11.0,0.4365085591,0.1004335423,0.001731602927,0.0006945451504478285,0.0006375051943893358,0.00019930623455269541
11.0,0.4451220135,0.09991216883,0.001751372003,0.0006935586391830871,0.0006378538500007267,0.00020164718025135738
11.0,0.4538601367,0.09937689016,0.001770691975,0.0006924973375074783,0.0006381556436010891,0.00020394369035360764
11.0,0.4627247331,0.09882751186,0.00178953112,0.0006913573093852558,0.0006384064799441789,0.00020619271845658633
11.0,0.4717176332,0.09826384483,0.001807856811,0.0006901345050524033,0.0006386021005090626,0.00020839115636659206
11.0,0.4808406941,0.09768570581,0.001825635523,0.000688824764422496,0.0006387380873448745,0.00021053583743907441
11.0,0.4900957997,0.09709291787,0.001842832836,0.0006874238214502067,0.0006388098524726288,0.00021262354017869507
11.0,0.4994848611,0.0964853109,0.001859413474,0.0006859273086758608,0.000638812644843067,0.00021465111868296594
11.0,0.5090098173,0.09586272218,0.001875341288,0.0006843307963589773,0.0006387416025781272,0.0002166154650461396
11.0,0.518672635,0.09522499683,0.001890579224,0.0006826296219484469,0.0006385916816263784,0.0002185119311903387
11.0,0.5284753098,0.09457198846,0.001905089452,0.0006808192294799944,0.0006383576534996136,0.00022033786959869007
11.0,0.5384198657,0.09390355969,0.001918833351,0.0006788949830848645,0.0006380341847030672,0.0002220910912286471
11.0,0.5485083564,0.09321958265,0.001931771515,0.0006768519892024042,0.0006376158073193295,0.00022376693489307607
11.0,0.5587428652,0.09251993956,0.001943863776,0.0006746854544437668,0.0006370969403542722,0.00022536186711411625
11.0,0.5691255055,0.09180452329,0.001955069214,0.0006723904997063799,0.0006364718651006024,0.00022687261086647598
11.0,0.5796584212,0.09107323798,0.001965346252,0.0006699622111055512,0.0006357347388657414,0.0002282956691636794
11.0,0.5903437875,0.09032599956,0.001974652662,0.0006673956521468648,0.0006348796357060462,0.00022962754652925085
11.0,0.6011838108,0.08956273636,0.001982945611,0.0006646858765563807,0.0006339005357709283,0.00023086475642529252
11.0,0.6121807297,0.08878338968,0.001990181704,0.0006618279425161944,0.0006327913415547132,0.00023200382980785407
11.0,0.6233368149,0.08798791436,0.001996317044,0.0006588169270372884,0.0006315458882391612,0.0002330413235275778
11.0,0.6346543703,0.08717627937,0.002001307279,0.0006556479420978039,0.0006301579653888134,0.000233973829874047
11.0,0.6461357329,0.08634846836,0.002005107659,0.0006523161506317912,0.000628621326861513,0.00023479798619781384
11.0,0.6577832735,0.08550448027,0.002007673101,0.0006488167844632871,0.0006269297057902458,0.00023551048443557163
11.0,0.6695993975,0.08464432986,0.002008958258,0.0006451451620360447,0.0006250768351588123,0.00023610808135729076
11.0,0.6815865448,0.08376804828,0.002008917588,0.0006412967076261009,0.000623056466063873,0.00023658760951327193
11.0,0.6937471908,0.08287568363,0.002007505431,0.0006372669708259288,0.0006208623849108181,0.00023694598778943222
11.0,0.7060838467,0.08196730149,0.002004676087,0.0006330516468557027,0.0006184884386120111,0.00023718023356193493
11.0,0.7185990599,0.08104298545,0.002000383899,0.0006286465977060262,0.0006159285464966583,0.00023728747243569707
11.0,0.7312954149,0.08010283765,0.001994583358,0.000624047873537673,0.0006131767512142546,0.00023726495429957529
11.0,0.7441755335,0.07914697927,0.001987229161,0.0006192517344363147,0.0006102271360544406,0.00023711005536880802
11.0,0.7572420753,0.07817555102,0.001978276577,0.0006142546745801243,0.0006070740813430878,0.00023682031456039677
11.0,0.7704977387,0.07718871361,0.001967681309,0.0006090534391179934,0.0006037120958697162,0.00023639342203626441
11.0,0.783945261,0.0761866482,0.001955398511,0.0006036450536120334,0.0006001356324613753,0.0002358271631840132
11.0,0.797587419,0.07516955688,0.001941384278,0.0005980268501467175,0.0005963397654476448,0.00023511963610796656
11.0,0.8114270298,0.07413766307,0.001925597018,0.0005921964843043562,0.0005923196968720116,0.0002342691173573536
11.0,0.8254669514,0.07309121191,0.001907995624,0.0005861519550069671,0.0005880706577454741,0.00023327397809709622
11.0,0.839710083,0.07203047055,0.001888539087,0.00057989163202919,0.000583588472377135,0.0002321328960374636
11.0,0.8541593657,0.07095572861,0.001867187736,0.0005734142823890359,0.0005788692301084073,0.00023084477281358018
11.0,0.8688177834,0.06986729844,0.001843903392,0.0005667190873789817,0.0005739093129852007,0.00022940874509389049
11.0,0.883688363,0.06876551539,0.001818649298,0.0005598056664367907,0.0005687055465709667,0.00022782421107955318
11.0,0.8987741753,0.06765073813,0.001791390283,0.0005526740976665515,0.0005632551596939365,0.00022609083438188284
11.0,0.9140783356,0.06652334878,0.001762092902,0.0005453249381572351,0.0005575558283365297,0.00022420855967530704
11.0,0.929604004,0.06538375319,0.001730725596,0.0005377592432007807,0.0005516056980491914,0.00022217762085621577
11.0,0.9453543867,0.064232381,0.001697258852,0.0005299785847330076,0.0005454034138422173,0.0002199985522959105
11.0,0.9613327362,0.06306968584,0.001661665358,0.0005219850679574926,0.0005389481449036166,0.00021767219752551127
11.0,0.9775423519,0.06189614534,0.001623920178,0.0005137813470904432,0.0005322396098885915,0.00021519971871536192
11.0,0.9939865811,0.06071226119,0.001584000911,0.0005053706392884128,0.0005252781007346258,0.00021258260420713612
11.0,1.01066882,0.05951855911,0.001541887869,0.0004967567369436355,0.0005180645054199174,0.00020982267613669597
11.0,1.027592512,0.05831558884,0.001497564252,0.0004879440181972777,0.0005106003298707566,0.00020692209597562606
11.0,1.044761154,0.05710392397,0.001451016321,0.00047893745564139096,0.0005028877183925869,0.00020388337032499886
11.0,1.062178289,0.05588416186,0.001402233581,0.00046974262217779625,0.0004949294711911792,0.00020070935476600464
11.0,1.079847516,0.05465692338,0.001351208957,0.00046036569575297445,0.0004867290614686415,0.0001974032572869284
11.0,1.097772482,0.05342285272,0.001297938981,0.00045081346084735506,0.0004782906494329544,0.00019396863958165306
11.0,1.115956889,0.05218261705,0.00124242397,0.0004410933078964736,0.00046961909507947213,0.00019040941767735535
11.0,1.134404493,0.05093690618,0.001184668216,0.0004312132298587596,0.0004607199682062763,0.00018672986116208352
11.0,1.153119101,0.04968643217,0.001124680159,0.00042118181629400604,0.0004515995556033521,0.00018293459091094376
11.0,1.17210458,0.04843192883,0.001062472579,0.00041100824454841725,0.0004422648658282454,0.00017902857538186885
11.0,1.19136485,0.04717415126,0.0009980627727,0.0004007022680077562,0.0004327236308758537,0.00017501712520214517
11.0,1.210903887,0.04591387525,0.0009314727352,0.0003902742016046437,0.00042298430557680073,0.0001709058862776294
11.0,1.230725728,0.04465189665,0.0008627293378,0.00037973490421516553,0.0004130560636347207,0.0001667008314517046
11.0,1.250834464,0.04338903071,0.0007918645028,0.0003690957579328914,0.0004029487899021786,0.00016240825045880385
11.0,1.271234248,0.04212611136,0.000718915377,0.00035836864456674104,0.00039267306985061635,0.00015803473814214
11.0,1.291929293,0.04086399038,0.0006439245007,0.00034756591875328453,0.0003822401750795809,0.000153587180853095
11.0,1.312923873,0.03960353664,0.0005669399749,0.0003367003787278939,0.0003716620466104448,0.00014907274171705812
11.0,1.334222322,0.03834563516,0.0004880156215,0.0003257852330883928,0.0003609512732839826,0.00014449884362849823
11.0,1.35582904,0.03709118621,0.0004072111411,0.00031483406579339385,0.0003501210674190949,0.00013987315106498286
11.0,1.377748487,0.03584110438,0.0003245922662,0.0003038607974818803,0.0003391852363227249,0.00013520355034128171
11.0,1.39998519,0.03459631753,0.0002402309119,0.00029287964472595113,0.0003281581503633119,0.00013049812782357293
11.0,1.422543741,0.03335776582,0.000154205323,0.00028190507606068265,0.0003170547087987585,0.00012576514917463926
11.0,1.445428798,0.03212640069,6.660021282e-05,0.00027095176672727636,0.00030589029983107676,0.00012101302823940966
11.0,1.468645087,0.03090318392,-2.249307798e-05,0.00026003625613099814,0.0002946824575493928,0.00011625030042870778
11.0,1.492197403,0.02968908695,-0.000112976402,0.00024917793170253853,0.00028345185960863557,0.00011148562090141585
11.0,1.516090608,0.02848508983,-0.0002047446671,0.00023839523155937654,0.00027221854099175233,0.00010672772187655187
11.0,1.540329637,0.02729217971,-0.0002976857476,0.00022770407114311252,0.0002610003214215409,0.00010198536835858046
11.0,1.564919496,0.02611134956,-0.0003916803985,0.00021711985309124198,0.00024981481550479163,9.726734019175706e-05
11.0,1.589865261,0.02494359693,-0.0004866021485,0.00020665789624531677,0.00023867985757287366,9.258239850780582e-05
11.0,1.615172084,0.02378992289,-0.0005823171843,0.00019633337887414043,0.00022761344307704296,8.793925459376198e-05
11.0,1.640845191,0.02265133097,-0.0006786842357,0.0001861612812149573,0.00021663366777682454,8.334653805918146e-05
11.0,1.666889884,0.02152882616,-0.0007755544552,0.0001761563285349986,0.00020575866606293953,7.881276512609374e-05
11.0,1.69331154,0.02042341398,-0.0008727712924,0.00016633293473221277,0.0001950065479545143,7.434630650887492e-05
11.0,1.720115616,0.01933609972,-0.0009701703548,0.00015670514702870988,0.00018439533572481672,6.995535597703046e-05
11.0,1.747307647,0.01826788767,-0.001067579254,0.00014728659180316688,0.00017394290023516737,6.564789891010288e-05
11.0,1.774893249,0.0172197807,-0.001164817428,0.00013809042318010825,0.00016366689787100603,6.143168202084471e-05
11.0,1.802878116,0.01619277989,-0.001261695916,0.00012912927280940448,0.00015358470409185523,5.731418520375456e-05
11.0,1.831268029,0.01518788448,-0.001358017083,0.00012041520412899991,0.00014371336424138115,5.330259222810742e-05
11.0,1.86006885,0.01420609216,-0.001453574404,0.00011195966929260699,0.00013406953436989263,4.940376420123832e-05
11.0,1.889286525,0.01324839964,-0.001548152049,0.0001037734698073748,0.00012466940977579196,4.562421866941427e-05
11.0,1.91892709,0.0123158037,-0.001641524319,9.586672261011785e-05,0.00011552868918289601,4.197010556616127e-05
11.0,1.948996664,0.01140930288,-0.001733455183,8.824883110930699e-05,0.00010666253379688404,3.8447188141290666e-05
11.0,1.979501456,0.01052989964,-0.001823697544,8.092846199350792e-05,9.808551938745677e-05,3.506082909215611e-05
11.0,2.010447767,0.009678603443,-0.001911992365,7.391352865981915e-05,8.981160078889122e-05,3.181597791178284e-05
11.0,2.041841986,0.008856434715,-0.001998067533,6.721118076152188e-05,8.185410771894096e-05,2.871716299604119e-05
11.0,2.073690596,0.008064429919,-0.002081636813,6.0827803748881346e-05,7.422568158749975e-05,2.5768488023917113e-05
11.0,2.106000175,0.007303647927,-0.00216239788,5.4769021576374114e-05,6.69383260310248e-05,2.297364193384348e-05
11.0,2.138777393,0.006575177686,-0.002240029252,4.9039712236300864e-05,6.000341907484781e-05,2.033589648185209e-05
11.0,2.17202902,0.005880148036,-0.002314189393,4.3644034654897534e-05,5.343161808100085e-05,1.7858114187181108e-05
11.0,2.205761922,0.005219739148,-0.002384514472,3.8585450572791125e-05,4.723302430896999e-05,1.5542784878780104e-05
11.0,2.239983065,0.004595195186,-0.002450612894,3.3866761678652995e-05,4.14171632750094e-05,1.339204676448461e-05
11.0,2.274699515,0.004007838575,-0.002512061759,2.9490148240127812e-05,3.599298046993845e-05,1.1407705891847376e-05
11.0,2.309918441,0.003459083862,-0.002568403562,2.5457194964051634e-05,3.0968932801701e-05,9.591265979437394e-06
11.0,2.345647117,0.002950447926,-0.002619142293,2.176889803780877e-05,2.635294039323643e-05,7.943945701020571e-06
11.0,2.381892919,0.002483550062,-0.002663741858,1.842562210327699e-05,2.2152311647379653e-05,6.4666636310923395e-06
11.0,2.418663334,0.002060089364,-0.002701629081,1.5426963449188618e-05,1.8373496454518264e-05,5.159960267237536e-06
11.0,2.455965953,0.00168177714,-0.002732206559,1.2771447123674037e-05,1.5021542459165402e-05,4.0237930788216135e-06
11.0,2.49380848,0.001350188666,-0.002754883274,1.0455956188756531e-05,1.2099067704199779e-05,3.057095552066193e-06
11.0,2.53219873,0.001066487135,-0.002769135432,8.474774702951421e-06,9.60440791734541e-06,2.2569463643209653e-06
11.0,2.571144629,0.0008309816531,-0.002774605034,6.818166732242477e-06,7.528923846650244e-06,1.6171958488899931e-06
11.0,2.610654221,0.0006425469484,-0.002771242711,5.470578742628658e-06,5.852972461428404e-06,1.1267108797894058e-06
11.0,2.650735663,0.0004980742009,-0.002759425874,4.408833171479931e-06,4.5436555283459145e-06,7.680912853684005e-07
11.0,2.691397234,0.0003922749764,-0.002740043096,3.601165851752836e-06,3.552760251057311e-06,5.180516225809042e-07
11.0,2.732647329,0.0003181372146,-0.002714463469,3.008085857813175e-06,2.8212369006324535e-06,3.506651944830724e-07
11.0,2.774494467,0.0002679834496,-0.002684250992,2.5857658962930953e-06,2.2874166882107226e-06,2.418539655903065e-07
11.0,2.816947288,0.000234681416,-0.002650890927,2.291223689429739e-06,1.8944701134589408e-06,1.7237424591505517e-07
11.0,2.86001456,0.0002124789034,-0.002615630328,2.087119464634025e-06,1.5971594401943906e-06,1.2858784895272526e-07
11.0,2.903705176,0.0001972425214,-0.002579384368,1.9443589423142703e-06,1.3629282926977227e-06,1.01487530237883e-07
11.0,2.948028158,0.0001862511423,-0.002542765678,1.8421483312137888e-06,1.1703620568520671e-06,8.5237815324156e-08
11.0,2.992992659,0.0001778155207,-0.002506158201,1.7664877170613442e-06,1.006182099838094e-06,7.60618687434302e-08
11.0,3.038607963,0.0001709212579,-0.002469793043,1.7082621956204834e-06,8.624103500980835e-07,7.149804759844754e-08
11.0,3.084883491,0.0001649666958,-0.002433805761,1.661604710520487e-06,7.342485793576597e-07,6.993712494549855e-08
11.0,3.131828798,0.000159594004,-0.002398274485,1.6227228937536949e-06,6.187235227522526e-07,7.032477898775661e-08
11.0,3.179453579,0.0001545875949,-0.002363243357,1.5891310974650929e-06,5.138859768011473e-07,7.196926352810628e-08
11.0,3.227767668,0.0001498150182,-0.002328736493,1.5591692163017525e-06,4.183629400430262e-07,7.441601560299897e-08
11.0,3.276781041,0.0001451929111,-0.002294766143,1.5317052733257941e-06,3.3111271264027797e-07,7.73664292536631e-08
11.0,3.326503821,0.0001406673147,-0.002261337486,1.5059512369066907e-06,2.512930409544094e-07,8.062506846008934e-08
11.0,3.376946275,0.0001362021703,-0.002228451451,1.4813475695052596e-06,1.7818992649655605e-07,8.406523371158019e-08
11.0,3.428118819,0.0001317724931,-0.002196106405,1.4574896851674478e-06,1.1117896804552403e-07,8.760619199137598e-08
11.0,3.48003202,0.0001273602631,-0.002164299182,1.4340802265857237e-06,4.970389390817302e-08,9.119793106834215e-08
11.0,3.532696599,0.0001229519117,-0.00213302571,1.410897446685395e-06,-6.735676135077725e-09,9.481087604924839e-08
11.0,3.58612343,0.0001185367647,-0.002102281411,1.3877739148540048e-06,-5.8591665664289297e-08,9.842882532614228e-08
11.0,3.640323547,0.0001141060691,-0.002072061446,1.3645819194550235e-06,-1.0627256965667803e-07,1.0204407826185138e-07
11.0,3.695308141,0.0001096523811,-0.002042360869,1.3412233430423788e-06,-1.50146983075025e-07,1.0565394340272095e-07
11.0,3.751088567,0.0001051691872,-0.002013174719,1.3176225733928015e-06,-1.9054616481409658e-07,1.0925815494374178e-07
11.0,3.807676344,0.0001006506748,-0.001984498076,1.2937214848372059e-06,-2.2776582031316149e-07,1.1285696146045657e-07
11.0,3.865083157,9.609160237e-05,-0.001956326085,1.2694759286595526e-06,-2.620674418085721e-07,1.1644965249142779e-07
11.0,3.92332086,9.148723662e-05,-0.001928653972,1.2448533470168792e-06,-2.936795085203781e-07,1.200333760408157e-07
11.0,3.98240148,8.683333734e-05,-0.001901477026,1.2198312803128276e-06,-3.227982820334373e-07,1.2360204824812233e-07
11.0,4.042337217,8.212618044e-05,-0.001874790582,1.1943965879906778e-06,-3.495880953127249e-07,1.2714526266696315e-07
11.0,4.103140447,7.736261135e-05,-0.001848589987,1.1685452406627424e-06,-3.7418110803741856e-07,1.3064724884390686e-07
11.0,4.164823726,7.25401218e-05,-0.001822870558,1.1422825766259698e-06,-3.966767153018983e-07,1.3408590272472898e-07
11.0,4.227399792,6.765694471e-05,-0.001797627533,1.115624034611348e-06,-4.1714109533284953e-07,1.3743184838446914e-07
11.0,4.290881567,6.271216626e-05,-0.001772856007,1.0885963273920536e-06,-4.3560660901466283e-07,1.4064745700826486e-07
11.0,4.35528216,5.770585369e-05,-0.001748550858,1.0612389983152239e-06,-4.5207110132426663e-07,1.4368584207815053e-07
11.0,4.420614869,5.26391978e-05,-0.001724706668,1.0336062455723616e-06,-4.664973107270307e-07,1.4649001547876971e-07
11.0,4.486893186,4.751466402e-05,-0.001701317633,1.0057687485518086e-06,-4.788129573033198e-07,1.4899245794824648e-07
11.0,4.554130797,4.233614387e-05,-0.001678377474,9.778154206910262e-07,-4.889125161663551e-07,1.5111522902799e-07
11.0,4.622341587,3.710910267e-05,-0.001655879334,9.4985481482409e-07,-4.966607582044536e-07,1.5277072739135596e-07
11.0,4.691539642,3.184071444e-05,-0.001633815676,9.220157597897211e-07,-5.018986815855475e-07,1.5386332645104647e-07
11.0,4.76173925,2.653997617e-05,-0.001612178193,8.944467258472205e-07,-5.044523230040439e-07,1.5429222431064392e-07
11.0,4.832954907,2.121778563e-05,-0.00159095772,8.673131933009791e-07,-5.041452929964042e-07,1.539559072562623e-07
11.0,4.905201321,1.588696377e-05,-0.001570144174,8.407926127225431e-07,-5.008158443647426e-07,1.5275830789816136e-07
11.0,4.97849341,1.05622066e-05,-0.001549726519,8.15066659307162e-07,-4.943375725616375e-07,1.5061640123858282e-07
11.0,5.052846308,5.259949683e-06,-0.001529692765,7.903106516057866e-07,-4.846425629270712e-07,1.4746877113783608e-07
11.0,5.128275369,-1.866747229e-09,-0.001510030018,7.666806079985237e-07,-4.717444885511274e-07,1.432843386080574e-07
11.0,5.20479617,-5.204142258e-06,-0.001490724592,7.44298943422969e-07,-4.557586253911756e-07,1.3807023235471348e-07
11.0,5.282424513,-1.032707459e-05,-0.001471762178,7.232410853920123e-07,-4.3691533410068007e-07,1.3187716241633458e-07
11.0,5.361176426,-1.535071546e-05,-0.001453128073,7.03525793247139e-07,-4.15562012872918e-07,1.248003285199588e-07
11.0,5.441068173,-2.025559349e-05,-0.001434807455,6.851098117789674e-07,-3.9214949628983996e-07,1.1697716478448339e-07
11.0,5.522116252,-2.50233263e-05,-0.001416785694,6.678928582250651e-07,-3.6720424201027757e-07,1.0857578851902795e-07
11.0,5.604337398,-2.963716515e-05,-0.001399048614,6.517326747733617e-07,-3.412887552750103e-07,9.97776546565662e-08
11.0,5.68774859,-3.408237857e-05,-0.001381582696,6.364615808365681e-07,-3.1494734514164376e-07,9.076566632534569e-08
11.0,5.772367054,-3.83463943e-05,-0.001364375259,6.219095767431882e-07,-2.886698235991064e-07,8.170747005836924e-08
11.0,5.858210261,-4.241870329e-05,-0.001347414329,6.079249439885215e-07,-2.628399442960434e-07,7.274199112953881e-08
11.0,5.94529594,-4.629057958e-05,-0.001330688892,5.943828688355694e-07,-2.3778158927251464e-07,6.397840000363909e-08
11.0,6.033642073,-4.99547302e-05,-0.001314187837,5.811828616857304e-07,-2.1365084503347713e-07,5.5500771243464756e-08
11.0,6.123266903,-5.340511907e-05,-0.001297902041,5.682346071584161e-07,-1.9082375686737341e-07,4.737607363624349e-08
11.0,6.214188939,-5.66370428e-05,-0.00128181867,5.554458686672732e-07,-1.6894859573350975e-07,3.966765607206581e-08
11.0,6.306426956,-5.964744994e-05,-0.001265941496,5.427187898988508e-07,-1.487527162094872e-07,3.2577949764221325e-08
11.0,6.4,-6.243451431e-05,-0.001250260867,5.299872493631512e-07,-1.3030995128895845e-07,2.604387616311709e-08
13.0,1.592040789e-15,0.0982500733,9.624090993e-06,0.0005126884722428472,0.00044203661754975795,9.163673234103482e-07
13.0,0.005204005103,0.09824864968,1.902033237e-05,0.0005126895036862952,0.0004416839476049996,1.8293614166462449e-06
13.0,0.01033966345,0.09824445703,3.712719236e-05,0.0005126925546646684,0.00044186904786846766,3.6278492395618325e-06
13.0,0.01540787221,0.09823759946,5.490433898e-05,0.0005126975254607035,0.0004420966284295203,5.399236955855597e-06
13.0,0.02040951739,0.09822818647,7.273427725e-05,0.0005127043544076485,0.0004418920683909459,7.146926169501991e-06
13.0,0.0253454732,0.09821632178,9.030103748e-05,0.000512712939854302,0.00044198352012094497,8.87079445402058e-06
13.0,0.03021660239,0.09820210613,0.0001076401005,0.0005127231930714844,0.00044202251292530084,1.057101269382963e-05
13.0,0.03502375636,0.09818563741,0.0001247310572,0.0005127350230502762,0.00044208312333252775,1.224770446931423e-05
13.0,0.03976777532,0.09816701067,0.0001415862516,0.0005127483396727076,0.00044214037900191643,1.3901036030309278e-05
13.0,0.04444948847,0.09814631817,0.0001582046086,0.0005127630532568829,0.00044220764076315626,1.55311699476232e-05
13.0,0.04906971409,0.09812364949,0.0001745887221,0.0005127790751639212,0.00044228036947049524,1.7138281254902585e-05
13.0,0.05362925975,0.09809909151,0.0001907400485,0.0005127963177335437,0.00044235941915370385,1.872255193454183e-05
13.0,0.05812892238,0.09807272852,0.0002066606687,0.0005128146948066999,0.00044244395914546026,2.0284171993242064e-05
13.0,0.06256948846,0.09804464227,0.0002223525516,0.0005128341217289455,0.0004425339010809532,2.1823338117721017e-05
13.0,0.06695173415,0.09801491199,0.0002378177832,0.000512854515543055,0.00044262889736464703,2.3340253284382258e-05
13.0,0.07127642538,0.09798361449,0.0002530584856,0.0005128757952908147,0.000442728697875116,2.4835126150231424e-05
13.0,0.07554431806,0.09795082418,0.0002680768363,0.0005128978818854412,0.0004428330084054403,2.6308170548323927e-05
13.0,0.07975615815,0.09791661317,0.0002828750707,0.0005129206985376857,0.0004429416058568179,2.7759604998015908e-05
13.0,0.08391268182,0.09788105127,0.0002974554324,0.0005129441706428351,0.00044305413857213073,2.9189652225365558e-05
13.0,0.08801461558,0.09784420609,0.0003118202769,0.0005129682258241246,0.0004431707097640998,3.0598538752589484e-05
13.0,0.09206267639,0.09780614305,0.0003259717064,0.0005129927941506867,0.0004432901870945751,3.198649050281469e-05
13.0,0.09605757177,0.09776692548,0.0003399125145,0.0005130178081453044,0.00044341372758837353,3.335987239105039e-05
13.0,0.1,0.09772661461,0.0003536453224,0.0005130432022747253,0.00044353995711910235,3.470857197160473e-05
13.0,0.1037429218,0.09768686794,0.000366658436,0.0005130679268459462,0.0004436637129458428,3.5969968931797996e-05
13.0,0.1075400176,0.09764508005,0.0003798345026,0.000513093585358741,0.00044379425035112065,3.7251151497554186e-05
13.0,0.1113920715,0.09760118152,0.000393174702,0.000513120169324163,0.00044393033819669844,3.85594875570826e-05
13.0,0.115299879,0.09755510108,0.0004066795713,0.00051314766610392,0.00044407294363035013,3.988395919439722e-05
13.0,0.119264247,0.09750676546,0.0004203497187,0.0005131760591067831,0.0004442219743270121,4.1224627292011206e-05
13.0,0.1232859942,0.0974560994,0.0004341856128,0.0005132053270939099,0.00044437765128301166,4.2581539320924526e-05
13.0,0.1273659511,0.09740302559,0.0004481876592,0.0005132354440875745,0.0004445401031229766,4.395473412719561e-05
13.0,0.1315049601,0.09734746463,0.0004623561595,0.0005132663784661889,0.00044470949844010424,4.5344241517824686e-05
13.0,0.135703876,0.09728933499,0.0004766913179,0.0005132980930842745,0.0004448859887977222,4.67500814775518e-05
13.0,0.1399635659,0.09722855301,0.0004911932316,0.0005133305441876643,0.0004450697282083995,4.8172263880110036e-05
13.0,0.1442849094,0.0971650328,0.0005058618861,0.0005133636814033557,0.00044526086667548057,4.961078781462361e-05
13.0,0.1486687988,0.09709868625,0.0005206971481,0.0005133974469654333,0.0004454595519693983,5.106564091189278e-05
13.0,0.1531161394,0.09702942298,0.0005356987595,0.0005134317751049914,0.000445665928131645,5.253679883228808e-05
13.0,0.1576278496,0.0969571503,0.00055086633,0.0005134665914869427,0.0004458801350375273,5.402422448972784e-05
13.0,0.1622048611,0.09688177318,0.0005661993301,0.0005135018125305639,0.0004461023078018179,5.552786748011208e-05
13.0,0.166848119,0.09680319423,0.0005816970841,0.0005135373446878246,0.00044633257599554013,5.704766344701672e-05
13.0,0.1715585821,0.09672131364,0.0005973587617,0.0005135730839858479,0.00044657106309061047,5.858353330088234e-05
13.0,0.1763372232,0.09663602918,0.0006131833705,0.0005136089147315554,0.0004468178852561071,6.0135382450371834e-05
13.0,0.181185029,0.09654723614,0.0006291697479,0.0005136447092757156,0.0004470731510283723,6.170310006197486e-05
13.0,0.1861030006,0.09645482734,0.0006453165521,0.0005136803266244188,0.0004473369598934195,6.328655826102855e-05
13.0,0.1910921536,0.09635869306,0.0006616222537,0.0005137156119260576,0.0004476094016760252,6.48856114536349e-05
13.0,0.1961535182,0.09625872107,0.0006780851266,0.0005137503954975365,0.00044789055542168076,6.650009548132736e-05
13.0,0.2012881397,0.09615479655,0.0006947032382,0.0005137844914711941,0.0004481804881759896,6.812982655593673e-05
13.0,0.2064970782,0.09604680213,0.0007114744405,0.0005138176972175332,0.0004484792541061014,6.9774600583197e-05
13.0,0.2117814095,0.09593461782,0.0007283963592,0.0005138497918211372,0.0004487868929394272,7.1434192265549e-05
13.0,0.2171422247,0.09581812104,0.0007454663843,0.0005138805353185184,0.0004491034290885349,7.310835412207711e-05
13.0,0.222580631,0.09569718658,0.0007626816588,0.0005139096672768805,0.0004494288699757147,7.479681562446115e-05
13.0,0.2280977512,0.09557168662,0.0007800390686,0.0005139369055682665,0.00044976320483444644,7.649928218219669e-05
13.0,0.2336947247,0.09544149069,0.0007975352306,0.0005139619450718183,0.00045010640301889086,7.8215434175817e-05
13.0,0.2393727073,0.0953064657,0.0008151664819,0.0005139844562916113,0.00045045841295997746,7.994492589147329e-05
13.0,0.2451328714,0.09516647596,0.0008329288674,0.0005140040840760165,0.00045081915889659877,8.16873847264883e-05
13.0,0.2509764065,0.09502138312,0.0008508181294,0.000514020445914193,0.000451188543280703,8.344241000360285e-05
13.0,0.2569045194,0.09487104626,0.0008688296912,0.0005140331306201384,0.0004515664337858468,8.520957190818752e-05
13.0,0.2629184342,0.09471532188,0.0008869586539,0.0005140416965812519,0.0004519526989421676,8.698841045590741e-05
13.0,0.2690193927,0.0945540639,0.0009051997457,0.0005140456702879996,0.00045234710292566145,8.877843442068083e-05
13.0,0.2752086549,0.09438712371,0.0009235473867,0.0005140445444985079,0.0004527494922968245,9.05791203672967e-05
13.0,0.2814874987,0.09421435021,0.0009419956682,0.0005140377766931067,0.00045315958830729596,9.238991170859023e-05
13.0,0.2878572208,0.09403558984,0.000960538188,0.0005140247869153888,0.0004535770677222851,9.421021684611914e-05
13.0,0.2943191364,0.09385068664,0.00097916818,0.000514004956415963,0.0004540016719286827,9.603940892269277e-05
13.0,0.3008745801,0.09365948225,0.0009978785202,0.0005139776254485065,0.0004544329818381102,9.787682448412008e-05
13.0,0.3075249055,0.09346181607,0.00101666163,0.0005139420912720283,0.0004548706078067236,9.972176230357679e-05
13.0,0.3142714859,0.09325752523,0.001035509501,0.0005138976065199263,0.000455314086889986,0.00010157348234001806
13.0,0.3211157144,0.09304644471,0.001054413669,0.0005138433768746229,0.000455762915239542,0.00010343120461199052
13.0,0.3280590044,0.09282840742,0.001073365207,0.0005137785593957074,0.0004562165354052011,0.00010529410821138214
13.0,0.3351027897,0.09260324429,0.001092354705,0.0005137022598951969,0.0004566743369946128,0.00010716133012597111
13.0,0.3422485248,0.09237078437,0.00111137226,0.0005136135315322069,0.00045713565295490787,0.00010903196452362523
13.0,0.3494976853,0.09213085492,0.001130407461,0.0005135113722461799,0.0004575997569045694,0.00011090506156700915
13.0,0.3568517682,0.09188328155,0.00114944937,0.0005133947228678243,0.00045806586046696484,0.00011277962636958044
13.0,0.364312292,0.09162788835,0.001168486513,0.0005132624650834439,0.00045853311047939674,0.00011465461814268037
13.0,0.3718807975,0.091364498,0.001187506863,0.000513113419098822,0.0004590005858139386,0.00011652894942914268
13.0,0.3795588474,0.09109293194,0.001206497827,0.0005129463419051399,0.00045946729475304784,0.0001184014850872076
13.0,0.3873480273,0.09081301051,0.001225446229,0.0005127599251395791,0.0004599321719531212,0.00012027104177397144
13.0,0.3952499456,0.09052455313,0.001244338301,0.0005125527929781871,0.00046039407557973825,0.000122136387009735
13.0,0.4032662342,0.09022737847,0.001263159666,0.0005123235005862477,0.00046085178475110716,0.00012399623850172783
13.0,0.4113985483,0.08992130465,0.001281895327,0.0005120705317540627,0.00046130399606711896,0.00012584926369925087
13.0,0.4196485673,0.08960614941,0.001300529652,0.0005117922977168973,0.0004617493213330191,0.00012769407930937696
13.0,0.4280179948,0.08928173037,0.001319046364,0.0005114871348721742,0.00046218628422491255,0.00012952925089724742
13.0,0.4365085591,0.0889478652,0.001337428528,0.0005111533039254959,0.000462613318334112,0.00013135329259848853
13.0,0.4451220135,0.08860437189,0.00135565854,0.0005107889879322861,0.0004630287641360535,0.00013316466662657533
13.0,0.4538601367,0.08825106897,0.001373718118,0.0005103922913263888,0.0004634308665317903,0.0001349617835493636
13.0,0.4627247331,0.0878877758,0.001391588291,0.000509961238590668,0.00046381777228612865,0.00013674300229707699
13.0,0.4717176332,0.0875143128,0.00140924939,0.0005094937737671996,0.0004641875281979986,0.00013850663025653223
13.0,0.4808406941,0.08713050176,0.001426681039,0.0005089877593895526,0.00046453807881894314,0.00014025092352802965
13.0,0.4900957997,0.08673616612,0.001443862151,0.0005084409760647488,0.0004648672645922704,0.00014197408737679556
13.0,0.4994848611,0.08633113127,0.001460770919,0.0005078511224894718,0.00046517282032758616,0.00014367427696034934
13.0,0.5090098173,0.08591522488,0.001477384815,0.000507215815255342,0.0004654523734750673,0.00014534959796343514
13.0,0.518672635,0.08548827721,0.001493680579,0.0005065325894659554,0.0004657034431155842,0.00014699810791807692
13.0,0.5284753098,0.08505012146,0.001509634226,0.0005057988990390036,0.00046592343906184464,0.00014861781693724718
13.0,0.5384198657,0.08460059412,0.001525221037,0.0005050121181114713,0.0004661096614729597,0.00015020668916363353
13.0,0.5485083564,0.08413953532,0.001540415565,0.0005041695421415028,0.0004662593002789802,0.0001517626443590373
13.0,0.5587428652,0.0836667892,0.001555191633,0.0005032683897187226,0.0004663694355613182,0.00015328355967600632
13.0,0.5691255055,0.08318220432,0.001569522341,0.0005023058048696384,0.00046643703912090486,0.00015476727183229077
13.0,0.5796584212,0.08268563398,0.001583380067,0.0005012788594489571,0.0004664589713241432,0.00015621157879695718
13.0,0.5903437875,0.08217693673,0.001596736488,0.0005001845563344052,0.00046643197126201765,0.00015761424209652242
13.0,0.6011838108,0.08165597665,0.001609562599,0.0004990198685413683,0.0004663527027393517,0.00015897335727580217
13.0,0.6121807297,0.08112262385,0.001621828647,0.0004977815915842548,0.0004662177382695257,0.00016028581742763958
13.0,0.6233368149,0.08057675487,0.001633504196,0.0004964665463985511,0.00046602350966115115,0.0001615491723324903
13.0,0.6346543703,0.08001825319,0.001644558186,0.0004950715997954513,0.00046576634321872796,0.00016276235075098611
13.0,0.6461357329,0.07944700956,0.001654958941,0.0004935934193287784,0.000465442486017956,0.0001639224510594706
13.0,0.6577832735,0.07886292245,0.001664674156,0.0004920286667180275,0.0004650481287790971,0.0001650266194880468
13.0,0.6695993975,0.07826589855,0.00167367088,0.0004903740008263747,0.00046457936326656246,0.00016607273124372523
13.0,0.6815865448,0.07765585324,0.001681915611,0.0004886260415184812,0.0004640321841550146,0.000167058380396012
13.0,0.6937471908,0.07703271096,0.001689374305,0.00048678139008238245,0.000463402528020909,0.00016798115800272748
13.0,0.7060838467,0.07639640577,0.001696012403,0.0004848366377224661,0.0004626862657480145,0.00016883865820852413
13.0,0.7185990599,0.07574688176,0.00170179487,0.0004827883747595441,0.0004618792152827302,0.0001696284832943385
13.0,0.7312954149,0.07508409353,0.001706686221,0.00048063319984001596,0.0004609771440158491,0.00017034824960620058
13.0,0.7441755335,0.07440800665,0.001710650575,0.0004783677306335516,0.0004599757781137773,0.00017099559404560073
13.0,0.7572420753,0.07371859814,0.001713651698,0.00047598861413390475,0.00045887081792866274,0.00017156817940562621
13.0,0.7704977387,0.07301585691,0.001715653041,0.00047349253828799236,0.00045765794600725326,0.00017206370152090717
13.0,0.783945261,0.07229978426,0.001716617796,0.0004708762439291549,0.0004563328368417521,0.0001724798956823961
13.0,0.797587419,0.07157039429,0.001716508952,0.0004681365370201969,0.00045489116937127023,0.00017281454392232176
13.0,0.8114270298,0.07082771438,0.001715289347,0.0004652703016913766,0.00045332864135040016,0.00017306548234432434
13.0,0.8254669514,0.07007178565,0.001712921735,0.0004622745137075039,0.0004516409774347909,0.00017323060831440863
13.0,0.839710083,0.06930266339,0.001709368852,0.000459146254184875,0.0004498239599917896,0.00017330788814909194
13.0,0.8541593657,0.06852041747,0.001704593455,0.00045588272397269924,0.00044787340192287893,0.00017329536560182918
13.0,0.8688177834,0.06772513281,0.001698558493,0.0004524812581011479,0.0004457852733367247,0.0001731911688597604
13.0,0.883688363,0.06691690976,0.001691226951,0.00044893934206721573,0.0004435553468267499,0.00017299351856624613
13.0,0.8987741753,0.06609586455,0.001682562886,0.00044525462405663223,0.000441180231980265,0.00017270075463161847
13.0,0.9140783356,0.06526212957,0.001672529501,0.00044142493375112535,0.0004386555490140228,0.0001723112729540246
13.0,0.929604004,0.06441585384,0.001661089416,0.0004374482962050094,0.0004359779009633791,0.00017182364063517472
13.0,0.9453543867,0.06355720345,0.001648208778,0.0004333229474847463,0.00043314420222376003,0.00017123657400840923
13.0,0.9613327362,0.06268636177,0.001633853688,0.0004290473508990342,0.00043015049839028176,0.00017054885033776604
13.0,0.9775423519,0.0618035298,0.001617989484,0.00042462021213250797,0.00042699416014425597,0.00016975943446243615
13.0,0.9939865811,0.06090892649,0.001600583095,0.0004200404972032301,0.00042367213185416755,0.00016886744384066334
13.0,1.01066882,0.06000278906,0.001581602337,0.0004153074451338965,0.00042018180128617516,0.000167872149765022
13.0,1.027592512,0.05908537325,0.001561016141,0.0004104205840359546,0.000416520759523149,0.00016677299671110222
13.0,1.044761154,0.05815695356,0.001538794587,0.00040537974602603325,0.00041268688887831053,0.00016556960527723934
13.0,1.062178289,0.05721782348,0.001514909047,0.00040018508117810466,0.00040867835228033386,0.00016426178204892968
13.0,1.079847516,0.05626829568,0.001489332303,0.00039483707188550123,0.0004044936254488522,0.00016284952664409662
13.0,1.097772482,0.05530870216,0.001462038672,0.00038933654548555365,0.0004001315106959098,0.00016133303900334574
13.0,1.115956889,0.05433939443,0.001433004135,0.000383684686924314,0.00039559115651891023,0.00015971272654993898
13.0,1.134404493,0.05336074356,0.001402206468,0.00037788305010761253,0.00039087207460303854,0.0001579892106058415
13.0,1.153119101,0.05237314033,0.001369625379,0.00037193356877399027,0.0003859741578176384,0.00015616333267037344
13.0,1.17210458,0.05137699519,0.001335242644,0.00036583856585287807,0.0003808976964309089,0.00015423615930253276
13.0,1.19136485,0.05037273835,0.001299042244,0.00035960076217202917,0.0003756433938630792,0.00015220898785743648
13.0,1.210903887,0.0493608197,0.001261010512,0.0003532232833738713,0.0003702123809460888,0.00015008335013812408
13.0,1.230725728,0.04834170877,0.001221136276,0.00034670966605382185,0.00036460623013427726,0.00014786101670658566
13.0,1.250834464,0.04731589462,0.001179411005,0.000340063862215038,0.0003588269684356463,0.0001455439995462908
13.0,1.271234248,0.04628388572,0.001135828957,0.0003332902420249597,0.0003528770887859332,0.0001431345540939185
13.0,1.291929293,0.04524620973,0.001090387325,0.00032639359548369145,0.0003467595600895679,0.0001406351805573565
13.0,1.312923873,0.04420341333,0.001043086391,0.00031937913181338877,0.00034047783549432786,0.00013804862479532688
13.0,1.334222322,0.04315606192,0.0009939296751,0.00031225247752945934,0.00033403585950455834,0.00013537787741176068
13.0,1.35582904,0.04210473932,0.0009429240845,0.00030501967266127576,0.0003274380738623761,0.00013262617272041273
13.0,1.377748487,0.04105004741,0.0008900800658,0.0002976871646412108,0.00032068942076395274,0.00012979698603763338
13.0,1.39998519,0.03999260578,0.0008354117522,0.00029026180077883603,0.00031379534448433967,0.0001268940302649949
13.0,1.422543741,0.03893305122,0.0007789371134,0.00028275081850358155,0.00030676179085541584,0.00012392125153022876
13.0,1.445428798,0.0378720373,0.0007206781034,0.00027516183330313093,0.0002995952044404788,0.00012088282341892042
13.0,1.468645087,0.0368102338,0.0006606608062,0.0002675028254338272,0.0002923025248259768,0.00011778314044388125
13.0,1.492197403,0.03574832616,0.0005989155782,0.00025978212344034645,0.00028489117908476775,0.00011462680991297246
13.0,1.516090608,0.03468701488,0.0005354771891,0.00025200838645747736,0.0002773690726648346,0.00011141864302433145
13.0,1.540329637,0.03362701481,0.0004703849602,0.0002441905842178766,0.00026974457764385184,0.00010816364479701275
13.0,1.564919496,0.03256905453,0.0004036829006,0.0002363379747960363,0.0002620265185866913,0.00010486700270556658
13.0,1.589865261,0.03151387558,0.0003354198397,0.00022846008075586252,0.000254224156502096,0.000101534074420845
13.0,1.615172084,0.03046223169,0.000265649556,0.00022056666305150685,0.0002463471699551548,9.81703742031509e-05
13.0,1.640845191,0.02941488805,0.0001944309024,0.00021266769319437697,0.0002384056333757138,9.47815583919974e-05
13.0,1.666889884,0.02837262043,0.0001218279312,0.00020477332360775317,0.0002304099940918483,9.137341144744058e-05
13.0,1.69331154,0.02733621443,4.791001434e-05,0.00019689385695944846,0.00022237104466843962,8.795182297025837e-05
13.0,1.720115616,0.02630646474,-2.724801929e-05,0.00018904114297894643,0.00021430132095089574,8.452277318940753e-05
13.0,1.747307647,0.0252841746,-0.0001035657337,0.0001812289333768309,0.00020621546760247385,8.109233067941747e-05
13.0,1.774893249,0.02427015491,-0.0001809569747,0.00017346995608508156,0.00019812731891080644,7.766661964311014e-05
13.0,1.802878116,0.02326522301,-0.0002593297931,0.00016577528391594802,0.00019004926759805886,7.425179205126301e-05
13.0,1.831268029,0.02227020163,-0.0003385863651,0.0001581557687223399,0.0001819936998687571,7.085401606557668e-05
13.0,1.86006885,0.02128591796,-0.0004186228966,0.00015062221307096584,0.00017397316474088715,6.747945176088504e-05
13.0,1.889286525,0.02031320276,-0.0004993295245,0.00014318533073474433,0.00016600033370312638,6.41342301804751e-05
13.0,1.91892709,0.01935288948,-0.0005805902173,0.00013585570728791578,0.00015808795922687407,6.082443134892367e-05
13.0,1.948996664,0.01840581349,-0.0006622826714,0.00012864376055897778,0.00015024883198821052,5.755606211146869e-05
13.0,1.979501456,0.01747281128,-0.0007442782013,0.00012155970159420634,0.00014249573770531315,5.433503413160585e-05
13.0,2.010447767,0.01655471985,-0.0008264416207,0.0001146134961881306,0.00013484141344035147,5.1167141718170524e-05
13.0,2.041841986,0.0156523761,-0.0009086311122,0.00010781482709883215,0.00012729850400357382,4.805804020451112e-05
13.0,2.073690596,0.01476661638,-0.0009906980788,0.00010117305774840358,0.00011987951599000717,4.501322484720654e-05
13.0,2.106000175,0.01389827628,-0.001072486943,9.469719727626084e-05,0.00011259677486694691,4.203801075093237e-05
13.0,2.138777393,0.01304819049,-0.001153834952,8.839586810181362e-05,0.00010546239158729823,3.913751158160921e-05
13.0,2.17202902,0.012217193,-0.001234571995,8.227727493581528e-05,9.8488212806141e-05,3.631662286397557e-05
13.0,2.205761922,0.01140611752,-0.001314520201,7.634917698716021e-05,9.168577712249148e-05,3.358000521958227e-05
13.0,2.239983065,0.01061579834,-0.001393493559,7.061886359604803e-05,8.50662938202818e-05,3.0932067127463915e-05
13.0,2.274699515,0.009847071498,-0.001471297535,6.509313258578723e-05,7.864060492815282e-05,2.837695242855573e-05
13.0,2.309918441,0.009100776591,-0.001547728453,5.977827326561021e-05,7.241915381204804e-05,2.5918528760623653e-05
13.0,2.345647117,0.008377759092,-0.001622572821,5.468005312704658e-05,6.641196131900182e-05,2.3560379148459812e-05
13.0,2.381892919,0.007678873461,-0.001695606437,4.980371004982457e-05,6.0628620926646725e-05,2.1305792791734828e-05
13.0,2.418663334,0.007004987155,-0.001766593611,4.5153949159944935e-05,5.507823779845475e-05,1.9157768778405054e-05
13.0,2.455965953,0.006356985531,-0.001835285111,4.07349431392515e-05,4.976951978323667e-05,1.7119012862579054e-05
13.0,2.49380848,0.005735778003,-0.001901416421,3.655034435783764e-05,4.471067829244833e-05,1.519193719339644e-05
13.0,2.53219873,0.005142305873,-0.001964707453,3.260329739633809e-05,3.990946205323476e-05,1.3378670991528146e-05
13.0,2.571144629,0.00457755116,-0.002024859212,2.889645505481872e-05,3.5373243962399756e-05,1.1681079794690023e-05
13.0,2.610654221,0.004042546941,-0.002081550206,2.5432005209951475e-05,3.110894638526228e-05,1.0100778320952515e-05
13.0,2.650735663,0.003538389053,-0.002134434131,2.2211695135594043e-05,2.7123128077829888e-05,8.639143756254035e-06
13.0,2.691397234,0.003066247784,-0.002183136423,1.923685328255225e-05,2.342198755284879e-05,7.2973406881090265e-06
13.0,2.732647329,0.002627377641,-0.002227251041,1.6508399582276096e-05,2.0011365978592296e-05,6.076332410920294e-06
13.0,2.774494467,0.002223120673,-0.002266338446,1.4026827771155624e-05,1.6896706793888372e-05,4.9768785919541925e-06
13.0,2.816947288,0.001854894765,-0.002299926641,1.1792132543985295e-05,1.4082922033394439e-05,3.999495226886178e-06
13.0,2.86001456,0.001524151286,-0.002327518768,9.80363706531878e-06,1.1574084025262437e-05,3.144341502532697e-06
13.0,2.903705176,0.001232276093,-0.002348613229,8.059654177443996e-06,9.37281498713666e-06,2.4109659869054193e-06
13.0,2.948028158,0.0009803969392,-0.002362745264,6.556899034331753e-06,7.479181749226748e-06,1.7978158466883499e-06
13.0,2.992992659,0.0007690593687,-0.002369559245,5.289576803202636e-06,5.8889426361718585e-06,1.3013880212183414e-06
13.0,3.038607963,0.0005977690361,-0.002368915838,4.248165251657e-06,4.590998899944581e-06,9.15028661151119e-07
13.0,3.084883491,0.0004644991216,-0.002361007494,3.418054051159037e-06,3.5650846547864332e-06,6.278476174238444e-07
13.0,3.131828798,0.0003653964093,-0.002346443899,2.7785768028441262e-06,2.780290055935372e-06,4.243929553708028e-07
13.0,3.179453579,0.0002949727514,-0.002326254317,2.303126327182849e-06,2.1963446171287465e-06,2.863781829473398e-07
13.0,3.227767668,0.0002468505081,-0.002301728401,1.9609809152914613e-06,1.7689545489913568e-06,1.9584323247633944e-07
13.0,3.276781041,0.0002147885348,-0.002274160386,1.7207183936876144e-06,1.4557240772858076e-06,1.376895518095662e-07
13.0,3.326503821,0.0001935259044,-0.002244672892,1.5539199211811755e-06,1.221088979370498e-06,1.0081730174029287e-07
13.0,3.376946275,0.000179143667,-0.002214129822,1.43764878492206e-06,1.0387551146826767e-06,7.777750109116866e-08
13.0,3.428118819,0.0001689917917,-0.002183123892,1.3550562993270078e-06,8.908634480288427e-07,6.372520273121578e-08
13.0,3.48003202,0.0001613957097,-0.002152034748,1.2945851950659562e-06,7.661659128541419e-07,5.552989834588451e-08
13.0,3.532696599,0.0001553401677,-0.002121093462,1.248633759399637e-06,6.578358976207603e-07,5.115396199909357e-08
13.0,3.58612343,0.0001502212046,-0.00209043677,1.2122926738451966e-06,5.61781392941765e-07,4.9265800268186104e-08
13.0,3.640323547,0.0001456803043,-0.002060143935,1.182393350857518e-06,4.7549441901646073e-07,4.899269303037159e-08
13.0,3.695308141,0.0001415026142,-0.002030260102,1.1568681280508793e-06,3.9736353280739303e-07,4.976196515501159e-08
13.0,3.751088567,0.0001375571551,-0.002000810272,1.1343441696530297e-06,3.2627951215836293e-07,5.1197311770640755e-08
13.0,3.807676344,0.0001337622806,-0.001971807547,1.1138914341660834e-06,2.614195269896225e-07,5.305150077005046e-08
13.0,3.865083157,0.0001300657375,-0.00194325794,1.0948666676273382e-06,2.0212986374033576e-07,5.5162595587957116e-08
13.0,3.92332086,0.0001264330548,-0.001915163221,1.0768159509734554e-06,1.4786301792211637e-07,5.742541903503894e-08
13.0,3.98240148,0.000122840689,-0.001887522599,1.0594129187838219e-06,9.814362893070226e-08,5.977276525105252e-08
13.0,4.042337217,0.0001192719159,-0.001860333752,1.0424188776928447e-06,5.2549728353839434e-08,6.21629045477682e-08
13.0,4.103140447,0.0001157143298,-0.001833593449,1.025656555298442e-06,1.0702057155743214e-08,6.457116340687688e-08
13.0,4.164823726,0.0001121582996,-0.001807297944,1.0089924965704107e-06,-2.774234642839628e-08,6.698415303342385e-08
13.0,4.227399792,0.0001085960083,-0.001781443214,9.923250407471883e-07,-6.309418750557921e-08,6.93957967840541e-08
13.0,4.290881567,0.0001050208475,-0.001756025118,9.755760047524416e-07,-9.563462593564266e-08,7.180456693557203e-08
13.0,4.35528216,0.0001014270383,-0.001731039492,9.586848741495144e-07,-1.2561735305282655e-07,7.42115125088847e-08
13.0,4.420614869,9.780939659e-05,-0.001706482207,9.416046575578275e-07,-1.5327023149925433e-07,7.661881573749262e-08
13.0,4.486893186,9.416319345e-05,-0.001682349201,9.24298958018667e-07,-1.787965725565855e-07,7.902861697126717e-08
13.0,4.554130797,9.048408309e-05,-0.001658636492,9.067399170225719e-07,-2.0237601986646738e-07,8.144209157023373e-08
13.0,4.622341587,8.676807376e-05,-0.001635340176,8.889068744897874e-07,-2.241650138924205e-07,8.385870330418096e-08
13.0,4.691539642,8.301153198e-05,-0.00161245642,8.707856040244452e-07,-2.442971515827726e-07,8.627551982623393e-08
13.0,4.76173925,7.921121196e-05,-0.001589981439,8.523678923403091e-07,-2.6288327655789196e-07,8.868655998086252e-08
13.0,4.832954907,7.536430624e-05,-0.001567911469,8.336515009811042e-07,-2.800112841756106e-07,9.108199984477238e-08
13.0,4.905201321,7.146851857e-05,-0.001546242729,8.14640470029134e-07,-2.957455627974077e-07,9.344739298198277e-08
13.0,4.97849341,6.75221499e-05,-0.001524971369,7.953457984741329e-07,-3.101260550427238e-07,9.576294267171584e-08
13.0,5.052846308,6.352419897e-05,-0.00150409343,7.757864949270452e-07,-3.2316744450471675e-07,9.800277333688257e-08
13.0,5.128275369,5.947447451e-05,-0.001483604771,7.559907250383569e-07,-3.348583691510705e-07,1.0013426543371405e-07
13.0,5.20479617,5.537371732e-05,-0.00146350101,7.359971711520869e-07,-3.451608209444272e-07,1.0211731034543896e-07
13.0,5.282424513,5.122373437e-05,-0.001443777436,7.158564762085064e-07,-3.5401002761497744e-07,1.0390381175302287e-07
13.0,5.361176426,4.702753242e-05,-0.001424428937,6.956326964710797e-07,-3.6131503474570647e-07,1.054376440667417e-07
13.0,5.441068173,4.278944796e-05,-0.001405449913,6.754045619449999e-07,-3.6696117093818513e-07,1.0665516543125498e-07
13.0,5.522116252,3.851526394e-05,-0.001386834192,6.552659390692889e-07,-3.7081406932533414e-07,1.0748653396015076e-07
13.0,5.604337398,3.421230277e-05,-0.00136857495,6.35325353278716e-07,-3.7272747861656353e-07,1.0785779087660756e-07
13.0,5.68774859,2.988948923e-05,-0.001350664624,6.157040814780827e-07,-3.725508412634893e-07,1.0769415408066786e-07
13.0,5.772367054,2.555736069e-05,-0.0013330949,5.96532489979739e-07,-3.701488000898931e-07,1.0692464501469496e-07
13.0,5.858210261,2.122801232e-05,-0.001315856575,5.779443379251097e-07,-3.6539892264827543e-07,1.0548806177073461e-07
13.0,5.94529594,1.691495615e-05,-0.001298939869,5.600687737080004e-07,-3.582574371722015e-07,1.0333959493770738e-07
13.0,6.033642073,1.263288508e-05,-0.001282333654,5.430206778203151e-07,-3.486664965810707e-07,1.0045807643477116e-07
13.0,6.123266903,8.397318014e-06,-0.00126602741,5.268905056882491e-07,-3.369062977095564e-07,9.685100779266257e-08
13.0,6.214188939,4.224150891e-06,-0.001250006477,5.117342105334217e-07,-3.225847040282139e-07,9.256426114221851e-08
13.0,6.306426956,1.290463596e-07,-0.001234271241,4.975683012522744e-07,-3.0664105693308304e-07,8.782110582795349e-08
13.0,6.4,-3.872918631e-06,-0.001218808711,4.843826151300085e-07,-2.8937123288779754e-07,8.256475827255785e-08
