x-coordinate,y-coordinate,axial-velocity,radial-velocity,uu,vv,uv
5.0,6.123234047e-16,0.1750012331,4.237947596e-05,0.002675158839531214,0.002246529821475563,7.330118699159937e-06
5.0,0.005204005374,0.1749930054,8.375156187e-05,0.0026751230377980014,0.0022443896412223953,1.4629606863231545e-05
5.0,0.01033966345,0.1749687583,0.0001634634293,0.0026750173144379783,0.002245513513476874,2.9003493044077682e-05
5.0,0.01540787221,0.1749291441,0.00024168396,0.002674844766692805,0.0022469124625181746,4.315253540261096e-05
5.0,0.02040951739,0.1748747849,0.0003200707281,0.00267460785799101,0.0022457071381948943,5.710211165048853e-05
5.0,0.0253454732,0.1748062947,0.0003972139928,0.00267430850824399,0.002246299177049816,7.084624061247667e-05
5.0,0.03021660239,0.1747242732,0.0004732567952,0.0026739487456998922,0.0022465753373915277,8.438360827502484e-05
5.0,0.03502375636,0.1746293061,0.0005480941132,0.0026735304143177562,0.0022469881389330006,9.771236721476409e-05
5.0,0.03976777532,0.1745219648,0.0006217669727,0.0026730552481167157,0.0022473840995799613,0.00011083150867224317
5.0,0.04444948847,0.174402806,0.0006942584844,0.002672524860789809,0.002247843129006976,0.00012374015573038007
5.0,0.04906971409,0.1742723721,0.0007655694489,0.002671940770886776,0.0022483362744907948,0.00013643780127692222
5.0,0.05362925975,0.1741311909,0.0008356968228,0.002671304406290695,0.0022488676298636273,0.00014892421051975927
5.0,0.05812892238,0.1739797756,0.0009046414856,0.0026706171213831667,0.002249430931846566,0.00016119942393754842
5.0,0.06256948846,0.173818625,0.0009724049096,0.0026698802024485383,0.0022500244502109967,0.00017326373074354233
5.0,0.06695173415,0.1736482233,0.001038990116,0.002669094876418409,0.0022506448676552658,0.00018511766412337136
5.0,0.07127642538,0.1734690408,0.001104401256,0.0026682623202423377,0.002251289497995743,0.0001967619873921073
5.0,0.07554431806,0.1732815331,0.00116864363,0.0026673836660160697,0.002251955380827999,0.00020819767212131956
5.0,0.07975615815,0.1730861421,0.001231723654,0.002666460010017358,0.0022526401132221424,0.0002194258735450948
5.0,0.08391268182,0.1728832958,0.001293648528,0.0026654924193471293,0.002253340349767499,0.00023044791776121262
5.0,0.08801461558,0.1726734084,0.001354426777,0.0026644819320502332,0.0022540562590994038,0.00024126530356038007
5.0,0.09206267639,0.1724568807,0.001414066218,0.002663429566272775,0.002254778340121202,0.00025187962113736674
5.0,0.09605757177,0.1722341003,0.001472579496,0.002662336320040222,0.002255514830783957,0.0002623389044291986
5.0,0.1,0.1720054411,0.001529978373,0.002661203163917399,0.00225625620134784,0.0002725677867620988
5.0,0.1037429218,0.1717803108,0.001584136392,0.002660076570956466,0.0022569692926975886,0.0002820938929466487
5.0,0.1075400176,0.1715439701,0.001638731764,0.0026588822516935133,0.0022577105811726964,0.0002917264218392673
5.0,0.1113920715,0.1712960787,0.00169375312,0.002657616803883471,0.0022584694582715756,0.000301518334767233
5.0,0.115299879,0.1710362907,0.001749184702,0.002656276626795442,0.002259248961515551,0.00031138284802066445
5.0,0.119264247,0.1707642546,0.001805009037,0.0026548579291269248,0.0022600475716324864,0.00032131698270382216
5.0,0.1232859942,0.1704796126,0.00186120733,0.0026533567218648196,0.0022608636688843512,0.0003313174368047856
5.0,0.1273659511,0.1701820018,0.001917759506,0.00265176881038566,0.0022616955333372344,0.00034138069000272213
5.0,0.1315049601,0.1698710534,0.001974644098,0.002650089778204192,0.0022625413437754975,0.00035150300556506124
5.0,0.135703876,0.1695463937,0.0020318382,0.0026483149863304107,0.002263399035857712,0.00036168040860997877
5.0,0.1399635659,0.1692076437,0.002089317416,0.002646439558265445,0.0022642663120286542,0.0003719086569697072
5.0,0.1442849094,0.1688544196,0.002147055811,0.0026444583763893257,0.0022651406165889207,0.0003821832375665865
5.0,0.1486687988,0.168486333,0.002205025863,0.0026423660647458052,0.002266019112050531,0.00039249938363011247
5.0,0.1531161394,0.1681029916,0.002263198417,0.0026401569826628546,0.0022668986793048305,0.00040285207849988735
5.0,0.1576278496,0.1677039985,0.002321542632,0.00263782521487822,0.002267775918561728,0.00041323603289437113
5.0,0.1622048611,0.1672889537,0.002380025925,0.0026353645628910054,0.00226864712536605,0.0004236456533231537
5.0,0.166848119,0.1668574535,0.002438613915,0.0026327685369410083,0.0022695082587562043,0.00043407504000751924
5.0,0.1715585821,0.1664090917,0.002497270384,0.0026300303427336715,0.0022703549137642414,0.0004445180078570549
5.0,0.1763372232,0.1659434592,0.002555957236,0.0026271428732851146,0.0022711823224769155,0.0004549680928220888
5.0,0.181185029,0.1654601451,0.002614634439,0.002624098699346347,0.002271985355446844,0.00046541852897648126
5.0,0.1861030006,0.1649587369,0.002673259976,0.002620890063288269,0.002272758495621367,0.00047586221800860224
5.0,0.1910921536,0.1644388209,0.002731789794,0.0026175088743655072,0.0022734958088898335,0.0004862917272079287
5.0,0.1961535182,0.1638999828,0.00279017777,0.0026139466939861544,0.002274190902398441,0.0004966993164619045
5.0,0.2012881397,0.1633418084,0.002848375683,0.002610194730564639,0.002274836956082788,0.0005070769466704476
5.0,0.2064970782,0.162763884,0.002906333148,0.0026062438326765473,0.0022754266455355322,0.0005174162605234429
5.0,0.2117814095,0.162165797,0.00296399762,0.0026020844890777247,0.002275952360209508,0.0005277085500996125
5.0,0.2171422247,0.1615471367,0.00302131422,0.0025977068224164487,0.0022764055953451955,0.0005379447648469737
5.0,0.222580631,0.1609074949,0.003078225906,0.002593100583727327,0.0022767778466763074,0.0005481155340247606
5.0,0.2280977512,0.1602464666,0.003134673508,0.002588255147062238,0.0022770597242423134,0.0005582111887633487
5.0,0.2336947247,0.1595636505,0.003190595254,0.0025831595101160794,0.002277241217416217,0.0005682217408361304
5.0,0.2393727073,0.1588586501,0.003245927092,0.0025778023023050453,0.0022773122822022426,0.0005781368565808094
5.0,0.2451328714,0.1581310745,0.003300602752,0.0025721717807253228,0.00227726176067279,0.000587945867822802
5.0,0.2509764065,0.1573805389,0.003354553519,0.0025662558327748204,0.0022770782289717644,0.0005976378051634877
5.0,0.2569045194,0.1566066655,0.00340770833,0.002560041979660353,0.002276749559806575,0.0006072014181955763
5.0,0.2629184342,0.1558090849,0.003459993747,0.0025535173850414123,0.0022762630966268425,0.0006166251635394852
5.0,0.2690193927,0.154987436,0.003511333948,0.002546668868812913,0.0022756055913238146,0.0006258971877624626
5.0,0.2752086549,0.1541413679,0.003561650736,0.002539482916469749,0.00227476319430403,0.0006350053411215811
5.0,0.2814874987,0.1532705403,0.003610863565,0.0025319456899593955,0.0022737214350681163,0.0006439372198429032
5.0,0.2878572208,0.1523746247,0.003658889566,0.0025240430409132417,0.0022724652542175346,0.0006526801890569394
5.0,0.2943191364,0.1514533051,0.003705643563,0.002515760533955102,0.002270979014541871,0.0006612213836424417
5.0,0.3008745801,0.1505062792,0.003751038105,0.0025070834681433737,0.002269246535312448,0.000669547695492344
5.0,0.3075249055,0.1495332595,0.003794983483,0.002497996901509627,0.002267250865074824,0.0006776457995131351
5.0,0.3142714859,0.1485339742,0.003837387941,0.0024884857923914224,0.002264974819868182,0.0006855039385325449
5.0,0.3211157144,0.1475081682,0.003878157294,0.0024785345455614585,0.002262400490991941,0.0006931051482405078
5.0,0.3280590044,0.1464556043,0.003917195588,0.0024681276529842627,0.002259509203149153,0.000700433600874592
5.0,0.3351027897,0.1453760642,0.003954404764,0.0024572497837745647,0.0022562822879331414,0.0007074824565342039
5.0,0.3422485248,0.1442693498,0.003989684748,0.0024458851097842096,0.0022527000579337384,0.0007142362517675381
5.0,0.3494976853,0.1431352838,0.004022933974,0.002434017862955441,0.002248742591372937,0.0007206772154723176
5.0,0.3568517682,0.141973711,0.004054048858,0.002421632331546583,0.002244389731084477,0.0007267931231316406
5.0,0.364312292,0.1407844999,0.00408292436,0.0024087128444995826,0.0022396206231957115,0.0007325699618723158
5.0,0.3718807975,0.1395675427,0.004109453923,0.0023952438424945516,0.0022344142518815695,0.0007379937445742959
5.0,0.3795588474,0.1383227574,0.004133529648,0.002381209931381503,0.002228749235816806,0.0007430505552279064
5.0,0.3873480273,0.1370500884,0.00415504243,0.0023665959391717165,0.0022226039429044876,0.0007477266086019599
5.0,0.3952499456,0.1357495077,0.004173882129,0.0023513869731881286,0.0022159565322434605,0.0007520082974986105
5.0,0.4032662342,0.1344210157,0.004189937726,0.0023355684904471366,0.0022087850260800357,0.0007558822250296322
5.0,0.4113985483,0.1330646426,0.0042030975,0.002319126363442847,0.0022010673815156395,0.000759335229590596
5.0,0.4196485673,0.1316804491,0.004213249197,0.002302046951346595,0.0021927815397394658,0.0007623544358837605
5.0,0.4280179948,0.1302685276,0.004220280248,0.002284317171848358,0.0021839054735842797,0.0007649273141070092
5.0,0.4365085591,0.1288290032,0.004224077993,0.0022659245698176365,0.002174417280732794,0.0007670417357317832
5.0,0.4451220135,0.1273620343,0.004224529901,0.002246857401227196,0.0021642952956419073,0.0007686860120788509
5.0,0.4538601367,0.1258678138,0.004221523779,0.0022271047085948626,0.0021535181169395606,0.0007698489374622526
5.0,0.4627247331,0.1243465702,0.004214948062,0.002206656406378519,0.002142064799053911,0.0007705198337512886
5.0,0.4717176332,0.1227985678,0.004204691972,0.002185503357346411,0.0021299146656598923,0.0007706886268520673
5.0,0.4808406941,0.1212241081,0.004190646081,0.0021636374489550914,0.0021170481565766265,0.0007703458908926571
5.0,0.4900957997,0.1196235304,0.004172701935,0.0021410516981326933,0.0021034444296724694,0.0007694828713170325
5.0,0.4994848611,0.1179972123,0.004150755216,0.0021177402795170878,0.002089088227605768,0.0007680918093846095
5.0,0.5090098173,0.1163455705,0.004124700239,0.0020936986999507525,0.002073958210143047,0.0007661649434526541
5.0,0.518672635,0.1146690613,0.004094429769,0.002068923829243084,0.002058038404658369,0.0007636962063551722
5.0,0.5284753098,0.1129681816,0.004059848177,0.002043413958120716,0.0020413162460546728,0.0007606807428852088
5.0,0.5384198657,0.1112434691,0.004020862346,0.0020171688885843074,0.0020237730290889847,0.0007571134763633657
5.0,0.5485083564,0.1094955027,0.003977377244,0.0019901900015459667,0.0020053980146627253,0.0007529910532189272
5.0,0.5587428652,0.1077249028,0.003929303249,0.0019624804091935336,0.0019861788512108244,0.0007483111690499197
5.0,0.5691255055,0.1059323317,0.003876555188,0.001934044936398305,0.0019661052020920906,0.0007430724839083573
5.0,0.5796584212,0.1041184942,0.00381905248,0.0019048902244606797,0.0019451683992387002,0.0007372748717095358
5.0,0.5903437875,0.1022841372,0.003756719412,0.00187502478287193,0.0019233615182401556,0.0007309193658815614
5.0,0.6011838108,0.1004300502,0.003689485568,0.0018444590472581769,0.0019006794356299932,0.0007240082451288861
5.0,0.6121807297,0.09855706513,0.003617286247,0.0018132054477000053,0.0018771189775856373,0.0007165450557184034
5.0,0.6233368149,0.09666605633,0.003540062873,0.0017812784449666597,0.001852679009657323,0.0007085346425928862
5.0,0.6346543703,0.09475794053,0.003457763423,0.001748694560703685,0.0018273605228332998,0.0006999831710065704
5.0,0.6461357329,0.0928336765,0.003370342858,0.0017154724170274558,0.0018011667325774441,0.0006908981638437087
5.0,0.6577832735,0.09089426479,0.00327776356,0.0016816327555040811,0.0017741031666314352,0.0006812885288464687
5.0,0.6695993975,0.08894074726,0.003179995771,0.001647198457714418,0.0017461777537149772,0.0006711645693752483
5.0,0.6815865448,0.08697420664,0.003077018031,0.0016121945512265637,0.0017174008951148015,0.0006605379894621116
5.0,0.6937471908,0.08499576592,0.002968817615,0.0015766482124915664,0.001687785530468525,0.0006494218939982618
5.0,0.7060838467,0.08300658767,0.002855390991,0.0015405887488431722,0.001657347192125755,0.0006378307996681976
5.0,0.7185990599,0.08100787331,0.002736744259,0.0015040475737995833,0.0016261040628225078,0.0006257806397653298
5.0,0.7312954149,0.07900086209,0.002612893598,0.0014670581753547854,0.00159407702290533,0.0006132887493119182
5.0,0.7441755335,0.07698683019,0.002483865691,0.0014296560785673784,0.001561289683080224,0.0006003738326199334
5.0,0.7572420753,0.07496708961,0.002349698151,0.0013918787942044986,0.0015277683968153,0.0005870559362427073
5.0,0.7704977387,0.07294298702,0.002210439968,0.0013537657472505451,0.0014935422647073973,0.0005733564269143488
5.0,0.783945261,0.07091590247,0.002066151926,0.0013153581943966706,0.0014586431387973039,0.0005592979690944882
5.0,0.797587419,0.06888724792,0.001916907013,0.0012766991418622377,0.0014231056187385149,0.0005449044719654005
5.0,0.8114270298,0.06685846576,0.001762790807,0.0012378332489481328,0.0013869670202313893,0.0005302010229842095
5.0,0.8254669514,0.06483102722,0.001603901856,0.0011988067226609948,0.0013502673243706372,0.0005152138262577369
5.0,0.839710083,0.06280643077,0.001440352067,0.0011596671882526945,0.0013130491163360733,0.0004999701455603234
5.0,0.8541593657,0.06078620025,0.001272267072,0.0011204635552711426,0.001275357528694884,0.0004844982458426752
5.0,0.8688177834,0.05877188295,0.001099786563,0.001081245873847619,0.0012372401620836999,0.0004688273081756362
5.0,0.883688363,0.05676504765,0.0009230645963,0.001042065190581387,0.0011987469868088962,0.0004529873242001123
5.0,0.8987741753,0.05476728259,0.0007422698899,0.0010029733916377273,0.001159930220522836,0.00043700900365701987
5.0,0.9140783356,0.05278019338,0.0005575861282,0.0009640230238610579,0.0011208441944612062,0.0004209236842468505
5.0,0.929604004,0.05080540077,0.00036921223,0.0009252671123543815,0.001081545223871117,0.0004047632389041448
5.0,0.9453543867,0.04884453834,0.0001773625799,0.0008867589777241541,0.0010420914603325746,0.00038855995558186507
5.0,0.9613327362,0.04689925018,-1.773277129e-05,0.0008485520597008185,0.001002542714247689,0.0003723463936840848
5.0,0.9775423519,0.0449711887,-0.0002158278987,0.0008106997124609505,0.0009629602700239864,0.00035615528600678546
5.0,0.9939865811,0.04306201211,-0.0004166608354,0.0007732549867449665,0.0009234067009049528,0.00034001945184347854
5.0,1.01066882,0.04117338187,-0.0006199534315,0.0007362704379780753,0.0008839456567673126,0.0003239716436988765
5.0,1.027592512,0.03930696036,-0.0008254112098,0.00069979792842058,0.0008446416523154156,0.000308044395575466
5.0,1.044761154,0.03746440856,-0.001032723268,0.0006638884207241587,0.0008055598461323807,0.0002922698998716251
5.0,1.062178289,0.03564738373,-0.001241562177,0.0006285917749817569,0.000766765795842671,0.0002766798777234077
5.0,1.079847516,0.03385753722,-0.001451583863,0.0005939565457048077,0.0007283252195079131,0.0002613054507793703
5.0,1.097772482,0.03209651234,-0.001662427505,0.0005600297840363518,0.0006903037599544694,0.0002461770177719918
5.0,1.115956889,0.03036594229,-0.001873715443,0.0005268568473693958,0.0006527667394144401,0.0002313241220653188
5.0,1.134404493,0.02866744842,-0.002085053073,0.0004944812221354875,0.0006157789113328092,0.00021677532083330927
5.0,1.153119101,0.02700263868,-0.002296028693,0.00046294435237082514,0.0005794042084281845,0.00020255806362821512
5.0,1.17210458,0.02537310641,-0.002506213299,0.0004322854787836593,0.0005437055004546155,0.00018869857961892252
5.0,1.19136485,0.02378042946,-0.002715160315,0.00040254149127808366,0.00050874436922467,0.00017522176974032458
5.0,1.210903887,0.02222616981,-0.002922405253,0.00037374679986165705,0.00047458085404978673,0.00016215110751697875
5.0,1.230725728,0.02071187364,-0.003127465096,0.0003459332199704529,0.00044127326084305576,0.0001495085485165868
5.0,1.250834464,0.01923907229,-0.00332983781,0.0003191298878633886,0.00040887802822645253,0.0001373144262717292
5.0,1.271234248,0.01780928389,-0.003529001678,0.0002933631850932496,0.00037744944640710065,0.0001255874097052895
5.0,1.291929293,0.01642401608,-0.003724413725,0.0002686566968851625,0.0003470394989834976,0.00011434444213719476
5.0,1.312923873,0.01508477002,-0.003915508312,0.0002450312041722205,0.0003176978558986222,0.00010360068252681291
5.0,1.334222322,0.01379304569,-0.004101695483,0.00022250469208518175,0.0002894717217359549,9.336949112765522e-05
5.0,1.35582904,0.01255034923,-0.004282358274,0.00020109240471184769,0.0002624058249785445,8.366244397845509e-05
5.0,1.377748487,0.01135820215,-0.004456850071,0.00018080695229476913,0.0002365423611377116,7.448926014656497e-05
5.0,1.39998519,0.01021815377,-0.004624490657,0.00016165842517811978,0.00021192098126723063,6.58580078572442e-05
5.0,1.422543741,0.00913179528,-0.004784557557,0.00014365457137488442,0.00018857953074239312,5.77750317739629e-05
5.0,1.445428798,0.008100778871,-0.004936282762,0.00012680112533997568,0.0001665531569191575,5.02449417902031e-05
5.0,1.468645087,0.007126841155,-0.005078849805,0.0001111020111480646,0.00014587544328516637,4.327093145456154e-05
5.0,1.492197403,0.006211827118,-0.00521137781,9.655970631209792e-05,0.00012657881438626412,3.685485316080275e-05
5.0,1.516090608,0.005357718601,-0.00533291106,8.317570935889332e-05,0.00010869423603983511,3.0997315888447576e-05
5.0,1.540329637,0.004566661328,-0.005442411834,7.095089942170757e-05,9.225231332130195e-05,2.56978334354836e-05
5.0,1.564919496,0.003840980753,-0.005538750692,5.9885868345349645e-05,7.728313861674192e-05,2.095496763436623e-05
5.0,1.589865261,0.003183168683,-0.005620706749,4.998093697223907e-05,6.38161410963493e-05,1.6766282167162443e-05
5.0,1.615172084,0.002595802898,-0.005686987539,4.123547089839766e-05,5.187856758704602e-05,1.3128006136197663e-05
5.0,1.640845191,0.002081332499,-0.005736289854,3.364572416117206e-05,4.14916278165913e-05,1.0034036392939315e-05
5.0,1.666889884,0.001641628047,-0.005767435104,2.7200193086403193e-05,3.266193241707506e-05,7.473639361650476e-06
5.0,1.69331154,0.001277198896,-0.005779606039,2.187160681586264e-05,2.5367551043823516e-05,5.427042765620401e-06
5.0,1.720115616,0.0009861112756,-0.005772711302,1.7606292722115174e-05,1.9537554018195797e-05,3.858633582144092e-06
5.0,1.747307647,0.0007629805796,-0.005747725809,1.4314379403868944e-05,1.5035887329542597e-05,2.712295550533382e-06
5.0,1.774893249,0.0005987308736,-0.005706823454,1.1867186722249843e-05,1.165929301336633e-05,1.911907177470062e-06
5.0,1.802878116,0.0004816421763,-0.005653184455,1.010649333420995e-05,9.164409174654202e-06,1.374402050849433e-06
5.0,1.831268029,0.0003993772082,-0.005590345185,8.865560802497182e-06,7.31160977471564e-06,1.0256754799889585e-06
5.0,1.86006885,0.0003410042721,-0.005521505611,7.992937748719623e-06,5.897975697586403e-06,8.06800714592167e-07
5.0,1.889286525,0.0002981105709,-0.005449204453,7.367843482851761e-06,4.7742331108273e-06,6.755451420657314e-07
5.0,1.91892709,0.0002648654456,-0.005375250096,6.903613935147601e-06,3.8411550235402314e-06,6.032752918940445e-07
5.0,1.948996664,0.0002375067258,-0.0053008276,6.5422386890408396e-06,3.0363998631742367e-06,5.706431801960454e-07
5.0,1.979501456,0.0002136999743,-0.005226681945,6.246306124749049e-06,2.3224164959951326e-06,5.647987125163564e-07
5.0,2.010447767,0.0001920193998,-0.005153270004,5.9919653541621525e-06,1.6767000124404809e-06,5.771410480906964e-07
5.0,2.041841986,0.000171593671,-0.005080869795,5.763938805202214e-06,1.0857425365705281e-06,6.018599793618055e-07
5.0,2.073690596,0.0001518858651,-0.005009649564,5.552339600571687e-06,5.4134645239778e-07,6.349020719848268e-07
5.0,2.106000175,0.0001325621057,-0.00493971009,5.350726925912218e-06,3.85630735719244e-08,6.733064690299805e-07
5.0,2.138777393,0.0001134144093,-0.004871109766,5.154937271092994e-06,-4.254831328356935e-07,7.147676697005045e-07
5.0,2.17202902,9.431533141e-05,-0.004803879471,4.962382832841597e-06,-8.522629727786785e-07,7.57358199112389e-07
5.0,2.205761922,7.519103363e-05,-0.004738031329,4.771630818892006e-06,-1.2422422798436688e-06,7.99355016419495e-07
5.0,2.239983065,5.600497306e-05,-0.004673563892,4.58214782590711e-06,-1.5951360962675869e-06,8.391380265878473e-07
5.0,2.274699515,3.674782385e-05,-0.004610465213,4.39413654696103e-06,-1.9100914127357874e-06,8.751346690305491e-07
5.0,2.309918441,1.743118662e-05,-0.004548714682,4.208417075525118e-06,-2.1858529331052243e-06,9.057998082443903e-07
5.0,2.345647117,-1.916439463e-06,-0.004488284144,4.026321447322998e-06,-2.4209628271571976e-06,9.296340911945232e-07
5.0,2.381892919,-2.125246598e-05,-0.004429138575,3.849584335711382e-06,-2.61398996002876e-06,9.452396036396775e-07
5.0,2.418663334,-4.052249832e-05,-0.00437123658,3.6802096630653663e-06,-2.7637864526523044e-06,9.514052308683572e-07
5.0,2.455965953,-5.96624124e-05,-0.004314530862,3.5203008820356377e-06,-2.869762103127748e-06,9.472039173413667e-07
5.0,2.49380848,-7.860031467e-05,-0.00425896882,3.371854761885255e-06,-2.9321645370463175e-06,9.320896958075789e-07
5.0,2.53219873,-9.725857343e-05,-0.004204493333,3.2365330914685864e-06,-2.9523525365980752e-06,9.05990148605586e-07
5.0,2.571144629,-0.0001155561528,-0.004151043752,3.115447517559867e-06,-2.93297769822784e-06,8.693729205199753e-07
5.0,2.610654221,-0.0001334113723,-0.004098557176,3.0089882710142003e-06,-2.8780135070130564e-06,8.232597836965579e-07
5.0,2.650735663,-0.0001507449553,-0.004046969996,2.91673525208142e-06,-2.7926093989347684e-06,7.691663577591486e-07
5.0,2.691397234,-0.0001674830353,-0.003996219615,2.8374845526491603e-06,-2.6827658651324447e-06,7.089676122321917e-07
5.0,2.732647329,-0.0001835598556,-0.003946246155,2.7693989994099957e-06,-2.554886213630138e-06,6.447176716342114e-07
5.0,2.774494467,-0.0001989199245,-0.003896993813,2.7102784614234553e-06,-2.415206359029826e-06,5.784482227834805e-07
5.0,2.816947288,-0.0002135190877,-0.003848411968,2.657825931312368e-06,-2.2692479633068943e-06,5.120037138566161e-07
5.0,2.86001456,-0.00022732437,-0.003800455436,2.610007973141842e-06,-2.1215011697380514e-06,4.4684283857124423e-07
5.0,2.903705176,-0.0002403128051,-0.003753083752,2.565186152664989e-06,-1.9752870617961846e-06,3.8404071297485184e-07
5.0,2.948028158,-0.0002524694566,-0.003706260627,2.5220690309723723e-06,-1.8328849498522636e-06,3.243731005816859e-07
5.0,2.992992659,-0.0002637858529,-0.00365995335,2.4796635746602803e-06,-1.6959043571469523e-06,2.683508467412446e-07
5.0,3.038607963,-0.0002742596035,-0.003614132605,2.4370823859110274e-06,-1.565600749082199e-06,2.1634170423708956e-07
5.0,3.084883491,-0.0002838948639,-0.0035687731,2.3934815399800583e-06,-1.4430197163932888e-06,1.6860492573319223e-07
5.0,3.131828798,-0.000292702948,-0.003523854245,2.3481174637251804e-06,-1.3289647998562895e-06,1.252839710968217e-07
5.0,3.179453579,-0.0003007022602,-0.00347936033,2.300458528702434e-06,-1.223865742285159e-06,8.638844511915267e-08
5.0,3.227767668,-0.0003079171329,-0.00343527992,2.2502704982974075e-06,-1.127701737710369e-06,5.1787950545961496e-08
5.0,3.276781041,-0.000314375655,-0.003391604661,2.1976186869053903e-06,-1.0400515424259858e-06,2.1236163745556942e-08
5.0,3.326503821,-0.0003201073227,-0.003348327882,2.142784983151561e-06,-9.60235792604742e-07,-5.576109103240851e-09
5.0,3.376946275,-0.0003251412534,-0.003305443403,2.0861618288992856e-06,-8.874712423999898e-07,-2.8973385872120956e-08
5.0,3.428118819,-0.0003295050425,-0.003262944756,2.028169417779502e-06,-8.209831496440436e-07,-4.926761575023041e-08
5.0,3.48003202,-0.0003332242433,-0.00322082482,1.969198851370813e-06,-7.600686579456257e-07,-6.674111514506086e-08
5.0,3.532696599,-0.0003363223828,-0.003179075729,1.909584038099363e-06,-7.041205156550378e-07,-8.164205260426141e-08
5.0,3.58612343,-0.0003388211919,-0.003137688936,1.8496009652417109e-06,-6.526220959288463e-07,-9.419100765137961e-08
5.0,3.640323547,-0.0003407408667,-0.003096655403,1.7894749960806548e-06,-6.051352510424304e-07,-1.045854891189905e-07
5.0,3.695308141,-0.0003421003889,-0.003055965756,1.7293858871786626e-06,-5.612871214567653e-07,-1.1300251586848695e-07
5.0,3.751088567,-0.0003429178393,-0.003015610446,1.6694779883461096e-06,-5.207534114668475e-07,-1.196051236406958e-07
5.0,3.807676344,-0.0003432105864,-0.002975579922,1.6098717252542726e-06,-4.832488463253666e-07,-1.2454670802673544e-07
5.0,3.865083157,-0.0003429954266,-0.002935864709,1.5506680152873152e-06,-4.485220136380995e-07,-1.2797118649572957e-07
5.0,3.92332086,-0.0003422887423,-0.002896455474,1.4919519205136217e-06,-4.163459119255666e-07,-1.3001453987430816e-07
5.0,3.98240148,-0.0003411066107,-0.002857343121,1.4337981515056877e-06,-3.865116323362114e-07,-1.3080648833806957e-07
5.0,4.042337217,-0.0003394648648,-0.002818518862,1.3762767786341938e-06,-3.588312216536127e-07,-1.304737245307661e-07
5.0,4.103140447,-0.0003373791214,-0.002779974172,1.3194438583112254e-06,-3.3313065171351467e-07,-1.2912810417058491e-07
5.0,4.164823726,-0.0003348650971,-0.002741700934,1.2633581459158721e-06,-3.0924720000211467e-07,-1.2687096536216948e-07
5.0,4.227399792,-0.0003319382411,-0.002703691408,1.208066036468413e-06,-2.870351518430884e-07,-1.238368456802797e-07
5.0,4.290881567,-0.0003286135898,-0.002665938204,1.1536175654802365e-06,-2.663572689998145e-07,-1.2012911382227877e-07
5.0,4.35528216,-0.0003249064648,-0.002628434428,1.1000627501063736e-06,-2.4708591264588345e-07,-1.1582347785329774e-07
5.0,4.420614869,-0.0003208322967,-0.002591173625,1.0474357559410872e-06,-2.291053424465625e-07,-1.1102070911562703e-07
5.0,4.486893186,-0.0003164064034,-0.002554149843,9.957800340370279e-07,-2.123080886952103e-07,-1.0581185958470539e-07
5.0,4.554130797,-0.0003116441086,-0.002517357655,9.45134060440096e-07,-1.9659624537331006e-07,-1.0028035180350301e-07
5.0,4.622341587,-0.0003065607894,-0.002480792178,8.955348760200258e-07,-1.818803403623437e-07,-9.450456965824688e-08
5.0,4.691539642,-0.0003011719,-0.002444449126,8.470189853539265e-07,-1.6807845063177646e-07,-8.855841871975688e-08
5.0,4.76173925,-0.0002954929852,-0.002408324845,7.99621843815376e-07,-1.551175421758305e-07,-8.251090207048062e-08
5.0,4.832954907,-0.0002895397161,-0.002372416304,7.533779121766598e-07,-1.4293237489077665e-07,-7.642573087746695e-08
5.0,4.905201321,-0.0002833279247,-0.002336721164,7.083214295879785e-07,-1.3146278953746701e-07,-7.036224219788966e-08
5.0,4.97849341,-0.000276873608,-0.002301237895,6.64486218155743e-07,-1.206552837289691e-07,-6.437540695067624e-08
5.0,5.052846308,-0.0002701929781,-0.002265965785,6.219047559208119e-07,-1.104631039347641e-07,-5.8514475856586274e-08
5.0,5.128275369,-0.000263302615,-0.002230905058,5.806087335429891e-07,-1.0084329161068256e-07,-5.2823342938940356e-08
5.0,5.20479617,-0.0002562195556,-0.002196057068,5.40630140750739e-07,-9.175751296348478e-08,-4.7341842383531685e-08
5.0,5.282424513,-0.0002489613279,-0.002161424402,5.020002605092625e-07,-8.31734259670967e-08,-4.21050136351419e-08
5.0,5.361176426,-0.0002415460963,-0.002127011009,4.647495372967432e-07,-7.506273954542566e-08,-3.714263239719156e-08
5.0,5.441068173,-0.0002339928282,-0.002092822451,4.2890825029687536e-07,-6.740107734283222e-08,-3.248000745942353e-08
5.0,5.522116252,-0.000226321415,-0.002058866096,3.945068708421158e-07,-6.016780003968228e-08,-2.813815401822849e-08
5.0,5.604337398,-0.0002185527267,-0.002025151394,3.615772333083756e-07,-5.334838980357758e-08,-2.4133488166404746e-08
5.0,5.68774859,-0.0002107086449,-0.001991689894,3.301518200709963e-07,-4.692879272599503e-08,-2.0477759324888423e-08
5.0,5.772367054,-0.0002028121511,-0.001958495979,3.002624119737452e-07,-4.0905584637961375e-08,-1.7177875590874553e-08
5.0,5.858210261,-0.0001948874556,-0.001925586027,2.7193970315944243e-07,-3.5260441352380103e-08,-1.4236072068183599e-08
5.0,5.94529594,-0.0001869600076,-0.001892981612,2.4521321595447947e-07,-3.001633836532447e-08,-1.1649407453534112e-08
5.0,6.033642073,-0.0001790566332,-0.001860702603,2.2011018195725597e-07,-2.5110717462432315e-08,-9.410213999004376e-09
5.0,6.123266903,-0.0001712051735,-0.001828784771,1.9665487435343776e-07,-2.0707924508924888e-08,-7.506540365789988e-09
5.0,6.214188939,-0.0001634348394,-0.001797233337,1.7485794611330466e-07,-1.6464661048526673e-08,-5.917786230796116e-09
5.0,6.306426956,-0.0001557770971,-0.001766159487,1.546617910611918e-07,-1.2734154409178842e-08,-4.630050864788024e-09
5.0,6.4,-0.0001482756014,-0.001735534275,1.3622182573120414e-07,-9.560084116580904e-09,-3.5766557463328493e-09
7.0,8.5725275379999995e-16,0.1288279265,2.293000377e-05,0.0014333847322095723,0.0012035195546589077,2.917802578043191e-06
7.0,0.005204005258,0.1288246218,4.531588747e-05,0.0014333747347262974,0.0012023679839085317,5.823808515478134e-06
7.0,0.01033966345,0.1288148834,8.845094437e-05,0.0014333452362214674,0.001202954253364556,1.1547113041033517e-05
7.0,0.01540787221,0.1287989684,0.0001307934682,0.0014332970949797498,0.0012036681691107878,1.71830774126514e-05
7.0,0.02040951739,0.1287771252,0.0001732502269,0.001433231053897837,0.001202969982482691,2.274266067388199e-05
7.0,0.0253454732,0.1287495966,0.0002150639588,0.001433147692125469,0.0012032261003333778,2.8224361577296234e-05
7.0,0.03021660239,0.1287166192,0.0002563170145,0.0014330476327584743,0.0012033018940539447,3.3628417040940976e-05
7.0,0.03502375636,0.1286784229,0.0002969579565,0.0014329314523604023,0.0012034399570426976,3.895478844223577e-05
7.0,0.03976777532,0.1286352316,0.0003370137482,0.001432799704639122,0.0012035591215936163,4.42036982066983e-05
7.0,0.04444948847,0.1285872629,0.0003764795323,0.001432652912874651,0.0012037031652326832,4.937535611868931e-05
7.0,0.04906971409,0.1285347283,0.0004153594908,0.0014324915777761827,0.0012038574797041011,5.447005454152514e-05
7.0,0.05362925975,0.1284778333,0.0004536553029,0.0014323161763282286,0.0012040250946713958,5.948813425773595e-05
7.0,0.05812892238,0.1284167773,0.0004913703501,0.0014321271643475786,0.0012042035125123674,6.442999100793313e-05
7.0,0.06256948846,0.128351754,0.0005285079439,0.0014319249799070936,0.0012043926519605692,6.929606729679721e-05
7.0,0.06695173415,0.1282829512,0.0005650718611,0.0014317100424814412,0.0012045915738107308,7.408685253178125e-05
7.0,0.07127642538,0.128210551,0.0006010661403,0.0014314827548241738,0.0012047996516194154,7.880287881873668e-05
7.0,0.07554431806,0.12813473,0.0006364951158,0.001431243508013064,0.0012050161037181473,8.344471591717738e-05
7.0,0.07975615815,0.1280556593,0.000671363416,0.0014309926757940263,0.0012052403849653777,8.801296797421086e-05
7.0,0.08391268182,0.1279735046,0.0007056758262,0.0014307306226559418,0.0012054714936784218,9.250827062522488e-05
7.0,0.08801461558,0.1278884263,0.0007394375495,0.0014304576995812948,0.0012057100350072022,9.69312924797635e-05
7.0,0.09206267639,0.1278005798,0.0007726532591,0.0014301742484417721,0.0012059521739478285,0.00010128270409925333
7.0,0.09605757177,0.1277101152,0.0008053296073,0.0014298806019998743,0.001206202237865615,0.000105582350973774
7.0,0.1,0.1276171778,0.0008374728077,0.0014295770803125153,0.0012064558543268095,0.00010979886952080639
7.0,0.1037429218,0.1275255899,0.0008678874299,0.001429276135590644,0.001206702150052998,0.0001137368685062459
7.0,0.1075400176,0.1274293505,0.0008986372577,0.0014289579541425753,0.0012069615709793464,0.00011773057819327936
7.0,0.1113920715,0.1273283078,0.0009297218804,0.0014286217440328188,0.0012072294388668632,0.00012180250452686069
7.0,0.115299879,0.1272223063,0.0009611390459,0.001428266669037998,0.0012075082738441639,0.000125917752604016
7.0,0.119264247,0.1271111867,0.0009928862714,0.0014278918524499072,0.0012077975174602145,0.00013007603017611803
7.0,0.1232859942,0.1269947862,0.00102496059,0.0014274963731523485,0.0012080972626342446,0.00013427695049746563
7.0,0.1273659511,0.1268729381,0.001057358672,0.0014270792642516912,0.0012084074007346203,0.00013852007743215552
7.0,0.1315049601,0.1267454718,0.001090076741,0.0014266395087837985,0.0012087278988989316,0.00014280492216958915
7.0,0.135703876,0.126612213,0.001123110567,0.0014261760418093456,0.001209058650546835,0.0001471309354628703
7.0,0.1399635659,0.1264729835,0.001156455448,0.0014256877413863615,0.0012093995138355495,0.00015149750454305892
7.0,0.1442849094,0.1263276013,0.001190106187,0.0014251734315038134,0.0012097503061162022,0.00015590395081937393
7.0,0.1486687988,0.1261758805,0.001224057069,0.001424631875434685,0.0012101108039057288,0.00016034953386135002
7.0,0.1531161394,0.1260176313,0.001258301835,0.001424061777355666,0.0012104807391134721,0.00016483344788971552
7.0,0.1576278496,0.1258526602,0.001292833663,0.0014234617741527593,0.0012108597884120257,0.00016935481297063624
7.0,0.1622048611,0.1256807697,0.00132764514,0.0014228304361363635,0.0012112475703014265,0.00017391267147421146
7.0,0.166848119,0.1255017587,0.001362728241,0.0014221662626479044,0.001211643646550978,0.0001785059857880396
7.0,0.1715585821,0.1253154221,0.001398074302,0.0014214676775148915,0.001212047518268931,0.00018313364230840556
7.0,0.1763372232,0.1251215512,0.001433673991,0.0014207330291425284,0.001212458622523863,0.00018779444795842784
7.0,0.181185029,0.1249199335,0.001469517283,0.0014199605846258265,0.0012128763215083747,0.00019248712049308223
7.0,0.1861030006,0.124710353,0.001505593436,0.0014191485253018715,0.0012132998946876353,0.0001972102848721376
7.0,0.1910921536,0.1244925899,0.001541890962,0.0014182949444694394,0.0012137285421299966,0.00020196247086137097
7.0,0.1961535182,0.124266421,0.001578397599,0.0014173978451830851,0.001214161383643863,0.00020674211720395815
7.0,0.2012881397,0.1240316197,0.00161510028,0.0014164551329505898,0.0012145974457577482,0.000211547567656512
7.0,0.2064970782,0.1237879561,0.001651985107,0.0014154646170001653,0.0012150356584053556,0.00021637706185091913
7.0,0.2117814095,0.1235351969,0.001689037321,0.0014144240010558393,0.0012154748398556848,0.0002212287307613595
7.0,0.2171422247,0.1232731058,0.001726241276,0.0014133308815922928,0.0012159137031055602,0.00022610059488927772
7.0,0.222580631,0.1230014434,0.001763580409,0.0014121827445163861,0.0012163508487780625,0.00023099056822399518
7.0,0.2280977512,0.1227199676,0.001801037205,0.0014109769619956097,0.001216784766877286,0.00023589645495371433
7.0,0.2336947247,0.1224284334,0.001838593167,0.0014097107858144944,0.0012172137924374962,0.00024081593977601131
7.0,0.2393727073,0.1221265934,0.0018762288,0.0014083813467282835,0.0012176362050300249,0.0002457465839995539
7.0,0.2451328714,0.1218141978,0.001913923514,0.001406985645321769,0.0012180499288985717,0.0002506858245090458
7.0,0.2509764065,0.1214909945,0.001951655751,0.0014055205550838337,0.0012184530887000278,0.0002556309770236625
7.0,0.2569045194,0.1211567297,0.001989402923,0.001403982813072415,0.001218843378946616,0.0002605792332284925
7.0,0.2629184342,0.1208111475,0.002027141086,0.001402369020360221,0.0012192183225720335,0.0002655276531048341
7.0,0.2690193927,0.1204539908,0.002064845215,0.0014006756332341102,0.0012195755610503742,0.0002704731604148137
7.0,0.2752086549,0.1200850011,0.00210248921,0.0013988989661589258,0.0012199122132515174,0.0002754125421413921
7.0,0.2814874987,0.1197039188,0.002140045693,0.0013970351827293202,0.0012202254455796202,0.00028034245334240983
7.0,0.2878572208,0.1193104837,0.002177486062,0.0013950802966036472,0.00122051215175332,0.00028525941488695986
7.0,0.2943191364,0.1189044353,0.002214780442,0.0013930301672379854,0.0012207690524295703,0.00029015980575815265
7.0,0.3008745801,0.1184855129,0.002251897678,0.0013908804984797572,0.00122099265139528,0.00029503986112651025
7.0,0.3075249055,0.1180534559,0.002288805308,0.0013886268333001203,0.0012211792495349105,0.00029989567245568277
7.0,0.3142714859,0.1176080045,0.002325469535,0.0013862645553047986,0.001221324940917408,0.0003047231927029751
7.0,0.3211157144,0.1171488998,0.002361855207,0.0013837888846874504,0.0012214255988372321,0.000309518236202217
7.0,0.3280590044,0.1166758841,0.002397925792,0.00138119488164408,0.001221476869644188,0.00031427647240927207
7.0,0.3351027897,0.1161887017,0.002433643369,0.0013784774405065465,0.0012214741574670825,0.0003189934257794722
7.0,0.3422485248,0.1156870988,0.002468968616,0.0013756312922370486,0.0012214126327868289,0.0003236644775885543
7.0,0.3494976853,0.1151708243,0.002503860786,0.0013726510040458946,0.0012212872308379561,0.00032828487250741937
7.0,0.3568517682,0.1146396302,0.002538277695,0.0013695309834355729,0.0012210926434014012,0.00033284972025829726
7.0,0.364312292,0.114093272,0.002572175713,0.0013662654759174723,0.0012208233059166854,0.0003373539923115196
7.0,0.3718807975,0.1135315092,0.002605509758,0.0013628485721354868,0.0012204733946068085,0.00034179252384378643
7.0,0.3795588474,0.1129541057,0.002638233302,0.0013592742062883004,0.0012200368302037988,0.0003461600182921915
7.0,0.3873480273,0.1123608305,0.002670298359,0.0013555361635008533,0.0012195072836245564,0.000350451055149011
7.0,0.3952499456,0.1117514583,0.002701655482,0.001351628083980575,0.001218878166934126,0.0003546600948843314
7.0,0.4032662342,0.1111257696,0.002732253773,0.001347543471107934,0.0012181426302620851,0.0003587814786371542
7.0,0.4113985483,0.1104835519,0.002762040894,0.0013432756946532374,0.001217293555111547,0.00036280943347665644
7.0,0.4196485673,0.1098245996,0.002790963081,0.0013388180006652392,0.0012163235764610714,0.0003667380799356667
7.0,0.4280179948,0.1091487153,0.002818965152,0.001334163520287349,0.001215225059511402,0.0003705614405448663
7.0,0.4365085591,0.1084557098,0.002845990559,0.0013293052816064437,0.0012139900755707583,0.0003742735254018986
7.0,0.4451220135,0.1077454028,0.002871981413,0.001324236383313402,0.0012126105723892276,0.0003778689720677815
7.0,0.4538601367,0.1070176241,0.002896878359,0.0013189492974414736,0.0012110782581749987,0.00038133931161530996
7.0,0.4627247331,0.1062722133,0.002920620762,0.0013134369130151904,0.0012093844832861014,0.00038467858423534983
7.0,0.4717176332,0.1055090215,0.002943146759,0.0013076923055617047,0.0012075203726441758,0.00038788342140929553
7.0,0.4808406941,0.104727911,0.002964393318,0.0013017078931589175,0.0012054768493691117,0.00039094570313421596
7.0,0.4900957997,0.1039287565,0.002984296227,0.0012954764123702812,0.0012032447527067585,0.00039385825235899375
7.0,0.4994848611,0.1031114455,0.00300279006,0.0012889905460168496,0.0012008146729262697,0.00039661522621308094
7.0,0.5090098173,0.1022758792,0.003019808392,0.0012822429978133509,0.0011981769637838574,0.00039921019196978165
7.0,0.518672635,0.101421973,0.003035283794,0.0012752265153806199,0.001195321883230968,0.0004016367279824953
7.0,0.5284753098,0.1005496572,0.00304914791,0.001267933912812073,0.0011922395347070066,0.00040388844052717944
7.0,0.5384198657,0.09965887761,0.003061331534,0.0012603580944303546,0.0011889199036605276,0.0004059589779969311
7.0,0.5485083564,0.09874959649,0.003071764703,0.0012524920811280947,0.0011853528695558826,0.00040784204720639326
7.0,0.5587428652,0.09782179285,0.003080376792,0.0012443290388867096,0.0011815282372001118,0.0004095314315088433
7.0,0.5691255055,0.09687546334,0.003087096608,0.0012358623022894252,0.001177435770028864,0.00041102101086869073
7.0,0.5796584212,0.09591062283,0.003091852487,0.0012270854093132902,0.0011730652165952368,0.0004123047807176832
7.0,0.5903437875,0.09492730507,0.003094572407,0.0012179921299735395,0.0011684063249499234,0.00041337687004702343
7.0,0.6011838108,0.09392556335,0.003095184114,0.0012085764971143185,0.0011634488757913109,0.0004142315622993878
7.0,0.6121807297,0.09290547109,0.003093615256,0.0011988328404527286,0.0011581827274871669,0.00041486331596621306
7.0,0.6233368149,0.09186712248,0.003089793503,0.0011887558198735604,0.0011525978398901715,0.00041526678767186525
7.0,0.6346543703,0.09081063307,0.003083646701,0.0011783404581793696,0.0011466843387389915,0.00041543685167979167
7.0,0.6461357329,0.08973614036,0.003075102977,0.001167582181300249,0.0011404324777061733,0.00041536862813440766
7.0,0.6577832735,0.08864380436,0.003064091017,0.0011564768462893412,0.001133832876132736,0.00041505749703861863
7.0,0.6695993975,0.08753380815,0.003050540022,0.0011450207879444454,0.0011268758124114385,0.0004144991254076656
7.0,0.6815865448,0.08640635849,0.003034381064,0.001133210834618489,0.00111955349246364,0.0004136895750591809
7.0,0.6937471908,0.08526168605,0.003015544463,0.0011210443739378183,0.001111856042986723,0.0004126249151655645
7.0,0.7060838467,0.08410004605,0.00299395991,0.0011085193838208907,0.001103775519928691,0.00041130194308175737
7.0,0.7185990599,0.08292171892,0.002969562822,0.0010956344537541246,0.001095305330369145,0.0004097179438150309
7.0,0.7312954149,0.0817270105,0.002942290159,0.0010823888150763151,0.0010864366824362194,0.00040787011274596253
7.0,0.7441755335,0.08051625236,0.002912077917,0.0010687823834490896,0.0010771636352695391,0.00040575637481912995
7.0,0.7572420753,0.07928980226,0.002878864755,0.001054815821817333,0.001067479938565211,0.0004033751060167288
7.0,0.7704977387,0.07804804449,0.002842591857,0.0010404905407124785,0.0010573799885026044,0.00040072509383020516
7.0,0.783945261,0.07679139011,0.002803202874,0.0010258087410601972,0.0010468589556499742,0.0003978056495917585
7.0,0.797587419,0.07552027722,0.002760644151,0.0010107734450718123,0.001035912722072594,0.0003946165858211714
7.0,0.8114270298,0.07423517115,0.002714864961,0.0009953885266275229,0.0010245379432785434,0.00039115825498680853
7.0,0.8254669514,0.07293656463,0.002665817774,0.0009796587349137924,0.0010127320931249157,0.00038743155872462856
7.0,0.839710083,0.07162497788,0.002613458502,0.0009635897264693044,0.001000493523519806,0.00038343797189979576
7.0,0.8541593657,0.07030095873,0.002557746765,0.0009471880847350279,0.000987821509647721,0.0003791795575629731
7.0,0.8688177834,0.06896508259,0.002498646153,0.0009304613347179914,0.0009747162847490101,0.00037465898033406104
7.0,0.883688363,0.06761795246,0.002436124499,0.0009134179664308649,0.0009611790863964895,0.00036987952019897356
7.0,0.8987741753,0.06626019881,0.002370154165,0.0008960674467289838,0.0009472121999099508,0.0003648450828320355
7.0,0.9140783356,0.06489247948,0.002300712317,0.0008784202273505068,0.0009328189994533072,0.00035956021105841123
7.0,0.929604004,0.06351547946,0.002227781203,0.0008604877552294992,0.0009180039909911047,0.0003540300924761301
7.0,0.9453543867,0.06212991064,0.002151348429,0.0008422824749954803,0.0009027728366643555,0.00034826056515638954
7.0,0.9613327362,0.06073651152,0.002071407256,0.0008238178263069025,0.0008871323798819622,0.0003422581182374572
7.0,0.9775423519,0.05933604682,0.0019879569,0.0008051082408924119,0.0008710906813282558,0.0003360298928067932
7.0,0.9939865811,0.0579293071,0.001901002815,0.0007861691310234205,0.0008546570458932279,0.00032958368123147834
7.0,1.01066882,0.05651710818,0.00181055697,0.0007670168731698073,0.0008378420433890994,0.0003229279228758371
7.0,1.027592512,0.05510029065,0.001716638125,0.0007476687941578394,0.0008206575174901469,0.0003160716966495142
7.0,1.044761154,0.05367971923,0.001619272137,0.0007281431434050729,0.0008031165870743825,0.00030902470877240364
7.0,1.062178289,0.05225628207,0.001518492245,0.0007084590664845718,0.0007852336615568603,0.00030179727903998065
7.0,1.079847516,0.05083089002,0.00141433935,0.0006886365678873583,0.0007670244436306078,0.00029440032535174885
7.0,1.097772482,0.04940447581,0.001306862269,0.0006686964747649529,0.0007485059299354693,0.00028684534495818147
7.0,1.115956889,0.04797799313,0.001196117995,0.0006486603919151378,0.0007296963859830734,0.00027914439165288514
7.0,1.134404493,0.04655241573,0.001082171975,0.0006285506547242485,0.0007106153253187721,0.00027131004831760933
7.0,1.153119101,0.04512873638,0.0009650983769,0.0006083902734339931,0.000691283492647867,0.0002633553968922031
7.0,1.17210458,0.04370796578,0.0008449803291,0.0005882028737644985,0.0006717228402086301,0.0002552939874717639
7.0,1.19136485,0.04229113148,0.0007219101396,0.0005680126338804823,0.0006519564951973608,0.00024713980267919504
7.0,1.210903887,0.04087927662,0.0005959895063,0.0005478442168895732,0.000632008705032937,0.00023890722029226193
7.0,1.230725728,0.0394734587,0.0004673297573,0.0005277226989753394,0.0006119047832957789,0.00023061096997828556
7.0,1.250834464,0.03807474829,0.0003360520628,0.0005076734919563176,0.0005916710609720933,0.0002222660881832853
7.0,1.271234248,0.03668422768,0.000202287625,0.0004877222623203547,0.0005713348303988702,0.00021388787223706595
7.0,1.291929293,0.03530298945,6.617783579e-05,0.0004678948490776224,0.0005509242779527842,0.0002054918245753991
7.0,1.312923873,0.03393213513,-7.212556548e-05,0.00044821718022930625,0.0005304683973724209,0.0001970936005065746
7.0,1.334222322,0.0325727737,-0.0002124603123,0.0004287151750374543,0.0005099969108467215,0.00018870897197186418
7.0,1.35582904,0.03122602001,-0.0003546534824,0.0004094146523543513,0.0004895401886847931,0.00018035377008869156
7.0,1.377748487,0.02989299323,-0.0004985213701,0.0003903412450799453,0.00046912915463380027,0.00017204380759326665
7.0,1.39998519,0.02857481547,-0.0006438693778,0.00037152030346846257,0.0004487951925910839,0.00016379482167901366
7.0,1.422543741,0.02727261025,-0.0007904919247,0.0003529767997871261,0.0004285700383573857,0.0001556224224400268
7.0,1.445428798,0.02598750103,-0.00093817232,0.0003347352341108636,0.000408485669709715,0.00014754203007337645
7.0,1.468645087,0.02472060981,-0.001086682658,0.0003168195407963896,0.00038857420369911144,0.0001395688129325362
7.0,1.492197403,0.02347305572,-0.001235783723,0.00029925299558115697,0.0003688677873209572,0.00013171762703871907
7.0,1.516090608,0.02224595379,-0.001385224901,0.0002820581266647545,0.0003493984853750843,0.00012400295538402993
7.0,1.540329637,0.02104041377,-0.001534744078,0.0002652566278437857,0.00033019816080295605,0.00011643885036876126
7.0,1.564919496,0.01985753911,-0.001684067488,0.00024886927647934336,0.00031129835919369047,0.00010903887553636247
7.0,1.589865261,0.01869842609,-0.001832909555,0.0002329158555464105,0.0002927302002928883,0.00010181605004658064
7.0,1.615172084,0.01756416325,-0.001980972691,0.00021741508165440437,0.000274524262378615,9.478279498290766e-05
7.0,1.640845191,0.01645583105,-0.002127947004,0.00020238453908189003,0.0002567104685551806,8.795088793754177e-05
7.0,1.666889884,0.01537450185,-0.002273509947,0.0001878406240424429,0.00023931802260638858,8.133140854168408e-05
7.0,1.69331154,0.01432124038,-0.002417326104,0.00017379849512345167,0.0002223752829719455,7.493470192278046e-05
7.0,1.720115616,0.01329710464,-0.002559046386,0.00016027203361236608,0.00020590964096230843,6.877035123672455e-05
7.0,1.747307647,0.01230314743,-0.00269830724,0.00014727381775794465,0.00018994750565519102,6.284713423520902e-05
7.0,1.774893249,0.01134041866,-0.002834729926,0.0001348151069004022,0.00017451423424025696,5.717300062503927e-05
7.0,1.802878116,0.01040996855,-0.002967919261,0.00012290584119503258,0.00015963403917832158,5.1755063556177114e-05
7.0,1.831268029,0.009512851866,-0.003097461995,0.00011155465674719657,0.00014533005821284402,4.659956995642301e-05
7.0,1.86006885,0.00865013368,-0.003222925719,0.00010076892036004034,0.00013162408615894852,4.1711946338619976e-05
7.0,1.889286525,0.007822896048,-0.003343854433,9.055476495354377e-05,0.00011853710438180293,3.709676708616177e-05
7.0,1.91892709,0.007032246984,-0.003459765323,8.091719897123732e-05,0.00010608875730087955,3.2757771247307174e-05
7.0,1.948996664,0.006279332448,-0.003570149267,7.186018868141964e-05,9.429764766528824e-05,2.869790684236422e-05
7.0,1.979501456,0.005565349045,-0.00367446302,6.338676231045293e-05,8.318174554998736e-05,2.491939582563343e-05
7.0,2.010447767,0.004891559563,-0.003772122183,5.549919394598863e-05,7.275803030182481e-05,2.142378241963422e-05
7.0,2.041841986,0.004259311067,-0.003862497091,4.819916832295379e-05,6.304304194342603e-05,1.8211965079159202e-05
7.0,2.073690596,0.003670052727,-0.003944905192,4.148797049515634e-05,5.4052908358538165e-05,1.528430145742786e-05
7.0,2.106000175,0.003125350558,-0.00401860472,3.5366659918153e-05,4.5803539885822987e-05,1.2640650242882919e-05
7.0,2.138777393,0.00262689048,-0.004082791309,2.9836162880925128e-05,3.83106261004837e-05,1.028039908270476e-05
7.0,2.17202902,0.002176453245,-0.004136602698,2.4897150178538404e-05,3.15892820624925e-05,8.202389627028305e-06
7.0,2.205761922,0.001775830288,-0.004179141209,2.054945029173105e-05,2.565290075361379e-05,6.4046417424607525e-06
7.0,2.239983065,0.001426629187,-0.004209529854,1.679059428935522e-05,2.0510561296240774e-05,4.883640981499139e-06
7.0,2.274699515,0.001129902387,-0.004227025257,1.3613008222197022e-05,1.6161876551770448e-05,3.6328798366143667e-06
7.0,2.309918441,0.000885556289,-0.004231200175,1.0999617132525581e-05,1.2589375873751024e-05,2.640241592994191e-06
7.0,2.345647117,0.0006916203271,-0.004222198312,8.918657483859413e-06,9.74796671090066e-06,1.8848479863080711e-06
7.0,2.381892919,0.0005436909475,-0.00420091,7.319693681473874e-06,7.560389088803796e-06,1.3354198757414917e-06
7.0,2.418663334,0.0004349972363,-0.004169013843,6.133773827119155e-06,5.917536505522005e-06,9.521308462817088e-07
7.0,2.455965953,0.0003572946271,-0.004128799419,5.279528502349072e-06,4.696615627222427e-06,6.939952363400542e-07
7.0,2.49380848,0.0003022714674,-0.004082647776,4.674198713724685e-06,3.781776691398204e-06,5.254183447509748e-07
7.0,2.53219873,0.0002627786881,-0.004032646434,4.244687794285218e-06,3.0763474976389817e-06,4.1846420867826356e-07
7.0,2.571144629,0.0002334018358,-0.00398044049,3.933792890195719e-06,2.5114108548844663e-06,3.532747937509994e-07
7.0,2.610654221,0.0002104123375,-0.003927181026,3.700821105355286e-06,2.0406678534557892e-06,3.1618502953078705e-07
7.0,2.650735663,0.0001913981863,-0.00387362545,3.5185232383524937e-06,1.6351268216931084e-06,2.9792186602348966e-07
7.0,2.691397234,0.0001748502826,-0.003820251477,3.3692171903586814e-06,1.2769291573061332e-06,2.922801116668793e-07
7.0,2.732647329,0.0001598353815,-0.003767355231,3.2415137801068327e-06,9.5509866908102e-07,2.9511010000623564e-07
7.0,2.774494467,0.0001457743015,-0.003715118875,3.128022957931132e-06,6.627195966467935e-07,3.0362735288547183e-07
7.0,2.816947288,0.0001323032636,-0.003663654347,3.023879384948658e-06,3.95291871001806e-07,3.1593128412719867e-07
7.0,2.86001456,0.000119190266,-0.003613030144,2.925830285153981e-06,1.49773752945129e-07,3.306899369126788e-07
7.0,2.903705176,0.0001062852872,-0.003563287557,2.8316771257869252e-06,-7.595579933606462e-08,3.4693311766305885e-07
7.0,2.948028158,9.349056637e-05,-0.003514450405,2.7399336752919414e-06,-2.834029720046721e-07,3.639180818096813e-07
7.0,2.992992659,8.074271853e-05,-0.003466530929,2.6496158086368512e-06,-4.736326095256551e-07,3.81040728213747e-07
7.0,3.038607963,6.800185318e-05,-0.003419533328,2.5601113701727056e-06,-6.473719872281878e-07,3.97776469935856e-07
7.0,3.084883491,5.524489498e-05,-0.003373455878,2.471099088352177e-06,-8.050713388191272e-07,4.1364065482899123e-07
7.0,3.131828798,4.24614576e-05,-0.003328292222,2.382497964242138e-06,-9.469447494951304e-07,4.281631710202133e-07
7.0,3.179453579,2.965126419e-05,-0.003284032098,2.2944352770687574e-06,-1.0730026988603157e-06,4.4087413345014683e-07
7.0,3.227767668,1.682252121e-05,-0.003240661769,2.2072247033353168e-06,-1.1830857530913195e-06,4.51298908471216e-07
7.0,3.276781041,3.990865519e-06,-0.003198164197,2.1213467770189135e-06,-1.2769106285213327e-06,4.589619277513205e-07
7.0,3.326503821,-8.821347145e-06,-0.003156519095,2.037425240063066e-06,-1.3541231988965344e-06,4.633993572790637e-07
7.0,3.376946275,-2.158558173e-05,-0.003115702966,1.9561951824656353e-06,-1.4143682266941614e-06,4.641806809506921e-07
7.0,3.428118819,-3.426764822e-05,-0.003075689125,1.8784598288550728e-06,-1.457375472152594e-06,4.609384998692049e-07
7.0,3.48003202,-4.682830066e-05,-0.003036447818,1.8050338270712237e-06,-1.4830596636147483e-06,4.5340445582033493e-07
7.0,3.532696599,-5.922399881e-05,-0.002997946396,1.7366727182182638e-06,-1.4916326518165188e-06,4.414477065879035e-07
7.0,3.58612343,-7.140788407e-05,-0.002960149611,1.6739921619951657e-06,-1.4837008051265935e-06,4.251103012958648e-07
7.0,3.640323547,-8.333100101e-05,-0.002923020128,1.6173879882318596e-06,-1.4603372839650726e-06,4.0463161696533193e-07
7.0,3.695308141,-9.494379888e-05,-0.002886519199,1.5669717409716238e-06,-1.4231083218876977e-06,3.804539520730756e-07
7.0,3.751088567,-0.0001061978442,-0.002850607557,1.5225370602334965e-06,-1.3740339035170765e-06,3.532029485617741e-07
7.0,3.807676344,-0.0001170476215,-0.002815246396,1.4835702470786428e-06,-1.3154858208512806e-06,3.2364283676940854e-07
7.0,3.865083157,-0.0001274522594,-0.002780398312,1.4493123651963726e-06,-1.2500043337161683e-06,2.9260870251555807e-07
7.0,3.92332086,-0.00013737682,-0.002746028269,1.4188424303075622e-06,-1.180074712117681e-06,2.6093927940337444e-07
7.0,3.98240148,-0.0001467928982,-0.00271210418,1.391237028922966e-06,-1.1079375065935383e-06,2.2936789158562645e-07
7.0,4.042337217,-0.0001556786183,-0.002678596894,1.3656662459877643e-06,-1.035426063398186e-06,1.9849026795618983e-07
7.0,4.103140447,-0.0001640178906,-0.00264548009,1.3414281908711363e-06,-9.638993118828806e-07,1.6877212077640756e-07
7.0,4.164823726,-0.0001717994017,-0.002612729935,1.3179799284162014e-06,-8.943245653954531e-07,1.4053729525685572e-07
7.0,4.227399792,-0.0001790159802,-0.002580324724,1.2948723565845372e-06,-8.274186056956846e-07,1.140178009741032e-07
7.0,4.290881567,-0.0001856644852,-0.002548245002,1.271686435661701e-06,-7.637727576138219e-07,8.938831259505712e-08
7.0,4.35528216,-0.0001917463393,-0.002516474028,1.2480113600408957e-06,-7.039023821506098e-07,6.67804552398252e-08
7.0,4.420614869,-0.0001972681245,-0.00248499832,1.2234832810304557e-06,-6.482076851964839e-07,4.62715047237789e-08
7.0,4.486893186,-0.0002022414867,-0.002453807755,1.1978472556247584e-06,-5.969034280307921e-07,2.7869771591641202e-08
7.0,4.554130797,-0.0002066822156,-0.002422895121,1.1709969280942563e-06,-5.499783394849777e-07,1.1514981125822724e-08
7.0,4.622341587,-0.0002106087571,-0.002392255281,1.142971798311788e-06,-5.072225926755583e-07,-2.9081574312406948e-09
7.0,4.691539642,-0.0002140405473,-0.002361884181,1.1139160591181524e-06,-4.6830062035288976e-07,-1.554684993164534e-08
7.0,4.76173925,-0.0002169967249,-0.00233177804,1.084025760052269e-06,-4.3282473319775164e-07,-2.6555651519765232e-08
7.0,4.832954907,-0.0002194953925,-0.002301932851,1.0535079827886636e-06,-4.004129566109602e-07,-3.608209307730627e-08
7.0,4.905201321,-0.0002215532621,-0.002272344105,1.0225542310504042e-06,-3.707213525883337e-07,-4.426014513509194e-08
7.0,4.97849341,-0.0002231856526,-0.00224300674,9.913280431976345e-07,-3.434512924174156e-07,-5.120743244607546e-08
7.0,5.052846308,-0.0002244066885,-0.002213915227,9.599646721731563e-07,-3.183492041527397e-07,-5.7027586651801614e-08
7.0,5.128275369,-0.0002252294896,-0.002185063668,9.28573440156356e-07,-2.9520160940928035e-07,-6.181333003327637e-08
7.0,5.20479617,-0.0002256663955,-0.002156445916,8.972415540044448e-07,-2.7382512980344635e-07,-6.564801219474772e-08
7.0,5.282424513,-0.0002257291913,-0.002128055724,8.660400428957333e-07,-2.5406110789211064e-07,-6.860820069607362e-08
7.0,5.361176426,-0.0002254292394,-0.002099886815,8.350271979728067e-07,-2.3577122617809773e-07,-7.076564067737519e-08
7.0,5.441068173,-0.0002247776031,-0.002071932966,8.042511755462192e-07,-2.1883145059918092e-07,-7.218778769362844e-08
7.0,5.522116252,-0.0002237851582,-0.002044188095,7.737539339387089e-07,-2.0312906800361048e-07,-7.293950563702175e-08
7.0,5.604337398,-0.0002224626308,-0.002016646309,7.435707265472011e-07,-1.8856566231252386e-07,-7.308365831272528e-08
7.0,5.68774859,-0.000220820726,-0.001989301837,7.13734052514636e-07,-1.7504426858187466e-07,-7.266948081623568e-08
7.0,5.772367054,-0.0002188702738,-0.00196214936,6.842736897799809e-07,-1.624869783071436e-07,-7.175677697450538e-08
7.0,5.858210261,-0.000216621817,-0.001935183441,6.552129736854211e-07,-1.5079800517046704e-07,-7.041306315116065e-08
7.0,5.94529594,-0.0002140858338,-0.001908399803,6.265780076705122e-07,-1.3994811652552505e-07,-6.868291866833517e-08
7.0,6.033642073,-0.0002112730834,-0.001881792354,5.983931152490929e-07,-1.297671799139627e-07,-6.660931523720303e-08
7.0,6.123266903,-0.0002081943632,-0.001855360497,5.706781690066841e-07,-1.2048194159355472e-07,-6.424629380009576e-08
7.0,6.214188939,-0.000204860313,-0.00182909012,5.434521943595643e-07,-1.1141866460049961e-07,-6.162374920888053e-08
7.0,6.306426956,-0.0002012816093,-0.001803009039,5.166889527333632e-07,-1.0319330958813415e-07,-5.885461845997009e-08
7.0,6.4,-0.0001974603445,-0.001777093301,4.904624211531951e-07,-9.582761790217079e-08,-5.5894944496664426e-08
9.0,1.102182113e-15,0.1019463614,1.43609502e-05,0.0008926378521692513,0.0007493294859709529,1.4458409500845115e-06
9.0,0.005204005335,0.1019447162,2.838156566e-05,0.0008926340286205118,0.0007486105114013485,2.8859527205860333e-06
9.0,0.0103396636,0.101939868,5.539848185e-05,0.0008926227480300922,0.0007489713402273015,5.722441523296567e-06
9.0,0.01540787243,0.1019319442,8.192297628e-05,0.0008926043451947003,0.0007494054942909664,8.51615075507529e-06
9.0,0.02040951769,0.1019210679,0.0001085260081,0.0008925791108366034,0.0007489546935875818,1.12726790001422e-05
9.0,0.02534547358,0.1019073591,0.0001347345874,0.0008925472757603105,0.00074909617733122,1.3991484109373342e-05
9.0,0.03021660284,0.1018909345,0.0001606017374,0.0008925090877208817,0.0007491217653040913,1.6672852947337647e-05
9.0,0.03502375688,0.1018719074,0.0001860967583,0.0008924647798739464,0.0007491827676241842,1.9316922656128263e-05
9.0,0.03976777591,0.1018503881,0.0002112378941,0.0008924145766080779,0.0007492288533622406,2.1923944099000586e-05
9.0,0.04444948913,0.1018264834,0.0002360233173,0.0008923586921696729,0.0007492875478318923,2.4494148122084883e-05
9.0,0.04906971482,0.1018002973,0.0002604567202,0.0008922973327777108,0.0007493499559186972,2.7027792653044273e-05
9.0,0.05362926055,0.1017719305,0.0002845401136,0.000892230695738371,0.0007494181590515349,2.9525146644798155e-05
9.0,0.05812892325,0.1017414808,0.0003082764604,0.0008921589712710126,0.0007494908020695375,3.1986494179440325e-05
9.0,0.0625694894,0.1017090431,0.0003316685739,0.0008920823417469397,0.000749568029418189,3.441213157469786e-05
9.0,0.06695173514,0.1016747092,0.0003547194582,0.0008920009836033816,0.0007496494489050795,3.68023680583444e-05
9.0,0.07127642644,0.1016385684,0.0003774321876,0.0008919150651197105,0.0007497348552220847,3.9157523872235e-05
9.0,0.07554431918,0.1016007071,0.000399809934,0.0008918247506894554,0.0007498239459681542,4.1477927881936483e-05
9.0,0.07975615934,0.1015612089,0.0004218559694,0.0008917301992710859,0.0007499165563459594,4.376391715149935e-05
9.0,0.08391268308,0.1015201549,0.0004435735901,0.0008916315626157109,0.0007500122464456734,4.601583654938556e-05
9.0,0.0880146169,0.1014776235,0.0004649662736,0.0008915289892505829,0.0007501115045272013,4.82340401933998e-05
9.0,0.09206267776,0.1014336908,0.0004860371254,0.0008914226217108768,0.0007502122568016998,5.041887653956126e-05
9.0,0.09605757321,0.1013884302,0.0005067903167,0.000891312599146581,0.0007503171427268773,5.25803493836087e-05
9.0,0.1000000015,0.1013419127,0.0005272297519,0.0008911990563248011,0.0007504236294688928,5.470262652473467e-05
9.0,0.1037429233,0.1012960511,0.0005465940405,0.0008910866537221774,0.0007505273341036037,5.668723033247833e-05
9.0,0.1075400192,0.1012478396,0.0005661966944,0.0008909679990674559,0.0007506374340365542,5.870250859314668e-05
9.0,0.1113920731,0.1011971988,0.000586039182,0.0008908428221813443,0.000750751198016586,6.075991463292009e-05
9.0,0.1152998807,0.1011440475,0.000606121983,0.0008907108411968094,0.0007508703378298993,6.284208930487856e-05
9.0,0.1192642488,0.1010883023,0.0006264456508,0.0008905717607275514,0.0007509944484846515,6.494910593445411e-05
9.0,0.123285996,0.1010298773,0.0006470105145,0.000890425271187106,0.0007511237328946978,6.708099937056757e-05
9.0,0.127365953,0.1009686848,0.00066781679,0.000890271049164118,0.0007512582098341866,6.923779163830409e-05
9.0,0.1315049621,0.1009046345,0.0006888645197,0.0008901087538788632,0.0007513979718584485,7.141948984050047e-05
9.0,0.1357038781,0.1008376339,0.000710153581,0.0008899380314198735,0.0007515430761475947,7.362608082457906e-05
9.0,0.139963568,0.1007675879,0.0007316836712,0.0008897585086964324,0.0007516935797602857,7.585753117877499e-05
9.0,0.1442849115,0.1006943992,0.0007534543001,0.0008895697970843043,0.0007518495301797269,7.811378761914477e-05
9.0,0.148668801,0.1006179681,0.0007754647783,0.0008893714883814963,0.000752010966687711,8.039477977293882e-05
9.0,0.1531161417,0.1005381923,0.0007977142078,0.0008891631529312006,0.0007521779152960757,8.270041777364537e-05
9.0,0.157627852,0.100454967,0.0008202014706,0.0008889443437523999,0.0007523503943564573,8.503058595455475e-05
9.0,0.1622048635,0.100368185,0.0008429252171,0.0008887145908341922,0.0007525284086936528,8.738514313790792e-05
9.0,0.1668481215,0.1002777363,0.0008658838548,0.0008884734022134637,0.0007527119510022499,8.976392289189992e-05
9.0,0.1715585846,0.1001835086,0.0008890755355,0.0008882202612078825,0.0007529009987532375,9.21667363836794e-05
9.0,0.1763372258,0.1000853868,0.0009124981431,0.0008879546276819016,0.0007530955144508777,9.459336953547394e-05
9.0,0.1811850317,0.09998325326,0.0009361492811,0.000887675933461752,0.0007532954418155683,9.70435766242416e-05
9.0,0.1861030034,0.09987698757,0.0009600262585,0.0008873835866001854,0.0007535007094531213,9.951707996749113e-05
9.0,0.1910921564,0.09976646677,0.0009841260763,0.0008870769631517507,0.0007537112233533941,0.00010201357039490267
9.0,0.1961535212,0.09965156518,0.001008445413,0.0008867554111657025,0.0007539268705576503,0.00010453271010582616
9.0,0.2012881427,0.09953215443,0.001032980611,0.0008864182457827851,0.0007541475125832332,0.00010707412952853567
9.0,0.2064970813,0.09940810343,0.001057727659,0.0008860647513022772,0.0007543729882994557,0.00010963742038296023
9.0,0.2117814126,0.09927927842,0.001082682182,0.0008856941779466911,0.000754603110084531,0.00011222213552520148
9.0,0.217142228,0.09914554291,0.001107839417,0.000885305737871396,0.0007548376602437359,0.00011482778930773494
9.0,0.2225806343,0.09900675774,0.001133194206,0.0008848986079875394,0.0007550763934491106,0.00011745386009320036
9.0,0.2280977546,0.09886278102,0.001158740972,0.0008844719242913088,0.0007553190290198921,0.00012009978728994967
9.0,0.2336947282,0.09871346821,0.001184473705,0.0008840247828880202,0.0007555652533683362,0.00012276496376386478
9.0,0.2393727108,0.0985586721,0.001210385947,0.000883556239495172,0.0007558147157523979,0.0001254487358112297
9.0,0.245132875,0.09839824284,0.00123647077,0.0008830653014819357,0.0007560670278111383,0.00012815040355013024
9.0,0.2509764103,0.09823202798,0.001262720756,0.0008825509335201095,0.0007563217500209558,0.00013086922351099312
9.0,0.2569045233,0.09805987247,0.001289127989,0.0008820120499836438,0.0007565784470358925,0.0001336044044491474
9.0,0.2629184381,0.09788161873,0.001315683989,0.0008814475156833419,0.0007568364945769099,0.00013635510137266173
9.0,0.2690193968,0.0976971067,0.001342379802,0.0008808561452412192,0.0007570954525974415,0.00013912041435010092
9.0,0.275208659,0.09750617387,0.001369205959,0.0008802366980835204,0.0007573546353967762,0.00014189938811254632
9.0,0.2814875029,0.09730865535,0.001396152245,0.0008795878767605227,0.0007576132973268398,0.00014469101663063831
9.0,0.2878572251,0.09710438394,0.001423207897,0.0008789083263926693,0.0007578708347461612,0.00014749423786584317
9.0,0.2943191408,0.09689319018,0.001450361602,0.000878196633424495,0.0007581263438227507,0.00015030792672980089
9.0,0.3008745846,0.09667490246,0.001477601354,0.0008774513200084304,0.0007583790055907366,0.0001531308955162295
9.0,0.3075249101,0.09644934711,0.001504914498,0.000876670846293236,0.0007586278770717469,0.0001559618940324642
9.0,0.3142714906,0.09621634848,0.001532287689,0.000875853603761182,0.0007588719591813067,0.00015879961207091432
9.0,0.3211157192,0.09597572905,0.001559706879,0.0008749979161549893,0.0007591101723637497,0.00016164267542978917
9.0,0.3280590093,0.09572730954,0.001587157299,0.000874102037164537,0.0007593413621428715,0.0001644896391718648
9.0,0.3351027947,0.09547090904,0.001614623431,0.0008731641496638962,0.0007595642929594585,0.00016733898830168022
9.0,0.3422485299,0.09520634519,0.001642088995,0.0008721823589153915,0.000759777641744277,0.00017018913827415664
9.0,0.3494976905,0.09493343423,0.001669536923,0.0008711546947329511,0.0007599799981578545,0.00017303843679224317
9.0,0.3568517735,0.09465199123,0.001696949344,0.0008700791087078921,0.000760169858982086,0.00017588516058702848
9.0,0.3643122975,0.09436183022,0.001724307561,0.0008689534728466281,0.0007603456257377465,0.00017872750925053822
9.0,0.371880803,0.09406276439,0.001751592031,0.0008677755770464151,0.0007605055995304721,0.00018156360624796238
9.0,0.379558853,0.09375460625,0.001778782349,0.0008665431285410195,0.000760647979320125,0.00018439149991782624
9.0,0.387348033,0.09343716783,0.001805857226,0.000865253746905768,0.000760770855103584,0.00018720916540691186
9.0,0.3952499515,0.09311026091,0.001832794477,0.0008639049677822457,0.0007608722080011811,0.0001900145016380347
9.0,0.4032662402,0.09277369721,0.001859570995,0.0008624942396427634,0.0007609499057439022,0.00019280532666042402
9.0,0.4113985544,0.09242728865,0.001886162742,0.0008610189215282172,0.0007610016971912441,0.0001955793787832298
9.0,0.4196485735,0.09207084758,0.001912544729,0.0008594762835010155,0.0007610252109927891,0.00019833431874563429
9.0,0.4280180012,0.09170418701,0.001938691004,0.0008578635053414399,0.0007610179519528315,0.0002010677314664689
9.0,0.4365085656,0.09132712093,0.001964574638,0.0008561776764067529,0.0007609772972326231,0.0002037771241140004
9.0,0.4451220201,0.09093946454,0.001990167708,0.0008544157981199206,0.0007609004967307367,0.00020645992266411474
9.0,0.4538601435,0.09054103454,0.002015441293,0.0008525747800341329,0.0007607846653959414,0.0002091134743455805
9.0,0.46272474,0.09013164948,0.002040365458,0.0008506514431236128,0.000760626784303021,0.0002117350502062005
9.0,0.4717176402,0.08971113003,0.002064909247,0.000848642518205455,0.0007604236962422487,0.00021432184778940556
9.0,0.4808407013,0.0892792993,0.00208904068,0.0008465446493743651,0.0007601721052974909,0.0002168709903746581
9.0,0.490095807,0.08883598323,0.002112726742,0.0008443543967647496,0.000759868577033695,0.00021937952507609
9.0,0.4994848686,0.08838101087,0.002135933382,0.000842068236127404,0.0007595095338107535,0.00022184442681030453
9.0,0.5090098249,0.08791421478,0.002158625512,0.0008396825618655334,0.0007590912549853368,0.0002242626019854422
9.0,0.5186726428,0.08743543141,0.002180767009,0.0008371936890412923,0.0007586098756122585,0.00022663089213094308
9.0,0.5284753176,0.08694450143,0.002202320715,0.0008345978588405067,0.0007580613890160881,0.00022894607446597763
9.0,0.5384198737,0.08644127019,0.002223248444,0.0008318912430482308,0.0007574416474602012,0.00023120486268091907
9.0,0.5485083646,0.08592558806,0.002243510988,0.0008290699463451354,0.0007567463630516237,0.00023340391165081666
9.0,0.5587428735,0.08539731088,0.002263068129,0.0008261300124587955,0.0007559710842331217,0.00023553982368771514
9.0,0.5691255139,0.08485630037,0.002281878682,0.00082306744894554,0.0007551112413779766,0.0002376093597994983
9.0,0.5796584298,0.08430242453,0.002299900444,0.0008198782090544079,0.0007541621758532035,0.00023960917035026062
9.0,0.5903437963,0.0837355581,0.002317090211,0.0008165580041355692,0.0007531190708881827,0.0002415338887590343
9.0,0.6011838198,0.08315558308,0.002333403851,0.0008131028931595808,0.0007519769033119955,0.0002433817929431669
9.0,0.6121807388,0.08256238911,0.002348796413,0.0008095088084585282,0.0007507305339049505,0.0002451502280980476
9.0,0.6233368242,0.08195587385,0.002363222058,0.0008057713540926727,0.0007493748212289265,0.00024683352061336434
9.0,0.6346543798,0.08133594358,0.002376634002,0.0008018864221323575,0.0007479044865242623,0.0002484287760037758
9.0,0.6461357425,0.08070251358,0.002388984675,0.0007978498289723443,0.0007463140819765711,0.0002499323494979467
9.0,0.6577832833,0.08005550866,0.002400225745,0.0007936574064647333,0.0007445980926395602,0.00025134058960004626
9.0,0.6695994075,0.07939486359,0.002410308152,0.0007893050112933877,0.0007427509224684172,0.00025264985240652294
9.0,0.681586555,0.07872052361,0.002419182152,0.0007847885394853671,0.0007407668969437953,0.000253856508428859
9.0,0.6937472012,0.07803244489,0.002426797378,0.0007801039398466004,0.0007386402792241328,0.00025495695098108845
9.0,0.7060838572,0.07733059503,0.002433102891,0.0007752472263950471,0.0007363652766466612,0.00025594760380118973
9.0,0.7185990706,0.07661495351,0.002438047247,0.0007702144969605988,0.0007339360560971797,0.00025682493245184973
9.0,0.7312954258,0.07588551221,0.002441578561,0.0007650019426877726,0.0007313467589388229,0.0002575854545263755
9.0,0.7441755445,0.07514227585,0.002443644581,0.0007596058698221554,0.0007285915154904912,0.0002582257499693403
9.0,0.7572420866,0.07438526247,0.002444192765,0.0007540227123599103,0.0007256644567961485,0.0002587424711502803
9.0,0.7704977502,0.07361450391,0.002443170362,0.0007482490527798859,0.0007225597390040588,0.00025913235380937717
9.0,0.7839452727,0.07283004627,0.002440524497,0.000742281637899981,0.0007192715565282217,0.0002593922288460307
9.0,0.7975874309,0.07203195036,0.002436202268,0.000736117398230989,0.0007157941573751891,0.00025951903498891584
9.0,0.8114270419,0.07122029215,0.002430150844,0.0007297534654352944,0.0007121218761796493,0.00025950982833339433
9.0,0.8254669637,0.07039516318,0.00242231755,0.0007231871938944222,0.0007082491299179984,0.00025936180180550497
9.0,0.8397100955,0.06955667105,0.002412650042,0.0007164161785255443,0.0007041704808299037,0.0002590722798212004
9.0,0.8541593784,0.0687049398,0.002401096399,0.0007094382809201399,0.0006998804339572155,0.00025863877505045914
9.0,0.8688177964,0.06784011028,0.002387605858,0.0007022516348861065,0.0006953744905580143,0.00025805894555961805
9.0,0.8836883762,0.06696234051,0.002372126323,0.0006948546819458015,0.0006906466223700401,0.00025733053797101675
9.0,0.8987741887,0.06607180615,0.002354606367,0.0006872461874114504,0.0006856928384341397,0.00025645171085206123
9.0,0.9140783492,0.06516870091,0.002334999113,0.0006794252556549186,0.0006805088961980524,0.0002554207315840184
9.0,0.9296040179,0.06425323676,0.002313256842,0.0006713913562657732,0.0006750895462290668,0.00025423596859846024
9.0,0.9453544008,0.06332564417,0.002289331624,0.000663144339307843,0.0006694317570397777,0.00025289617878460866
9.0,0.9613327505,0.06238617255,0.002263178042,0.0006546844631480811,0.0006635314628605067,0.00025140030624626466
9.0,0.9775423664,0.06143509049,0.002234751953,0.0006460124035360211,0.0006573855051225886,0.0002497475659446614
9.0,0.9939865959,0.060472686,0.002204010989,0.0006371292778761163,0.0006509909367456628,0.0002479374468143739
9.0,1.010668835,0.0594992667,0.00217091457,0.000628036661271711,0.0006443452661025902,0.00024596972078805773
9.0,1.027592528,0.05851516005,0.00213542414,0.0006187366047221548,0.0006374464030582165,0.0002438444553990756
9.0,1.044761169,0.05752071351,0.002097503329,0.0006092316490507953,0.0006302927187625978,0.00024156202388166874
9.0,1.062178305,0.05651629466,0.002057118141,0.0005995248447421158,0.0006228830690825865,0.00023912312026671601
9.0,1.079847532,0.05550229131,0.002014237137,0.0005896197625095773,0.0006152168212555502,0.0002365287679717346
9.0,1.097772499,0.05447911157,0.001968831621,0.0005795205029478855,0.0006072938738930615,0.00023378032521499418
9.0,1.115956906,0.05344718387,0.001920875844,0.0005692317115362938,0.0005991146840399477,0.0002308794934177592
9.0,1.13440451,0.05240695701,0.001870347203,0.0005587585868330357,0.0005906802919782538,0.00022782832543034233
9.0,1.153119119,0.05135890006,0.001817226441,0.0005481068870389661,0.0005819923470352466,0.0002246292354772213
9.0,1.172104598,0.05030350232,0.001761497849,0.0005372829351463961,0.0005730531289184033,0.00022128500367768608
9.0,1.191364868,0.04924127318,0.001703149473,0.0005262936235297488,0.0005638655672540887,0.00021779877697593173
9.0,1.210903906,0.04817274198,0.001642173322,0.0005151464165688575,0.0005544332582620312,0.0002141740700895544
9.0,1.230725746,0.0470984578,0.001578565588,0.000503849348917146,0.0005447604832121987,0.00021041476988859054
9.0,1.250834482,0.04601898924,0.001512326852,0.0004924110212497192,0.0005348522260472592,0.0002065251392094993
9.0,1.271234267,0.04493492409,0.001443462297,0.0004808405943039607,0.0005247141863775572,0.00020250981514710083
9.0,1.291929312,0.04384686903,0.001371981915,0.0004691477815582328,0.0005143527893207486,0.00019837380230110636
9.0,1.312923892,0.04275544921,0.001297900721,0.000457342839946792,0.0005037751916364935,0.00019412246592398532
9.0,1.334222342,0.04166130789,0.001221238972,0.0004454365554284237,0.0004929892886471138,0.00018976152971271262
9.0,1.35582906,0.04056510593,0.001142022371,0.0004334402251468232,0.0004820037191201204,0.00018529707226613146
9.0,1.377748507,0.03946752125,0.001060282273,0.0004213656378831589,0.00047082786510286694,0.00018073551679466377
9.0,1.399985211,0.03836924827,0.0009760558833,0.0004092250537875026,0.00045947184891298844,0.00017608361576818042
9.0,1.422543762,0.03727099729,0.000889386461,0.0003970311805400192,0.00044794652377361883,0.0001713484351609563
9.0,1.44542882,0.03617349388,0.0008003235185,0.00038479714519440645,0.00043626346557162194,0.00016653734404516827
9.0,1.468645109,0.0350774781,0.0007089230101,0.0003725364621843235,0.0004244349612369917,0.00016165800247680009
9.0,1.492197425,0.03398370377,0.0006152475162,0.00036026299957983386,0.0004124739919650107,0.00015671834213936168
9.0,1.516090631,0.03289293765,0.0005193664175,0.00034799094518869067,0.00040039421345025925,0.0001517265413621508
9.0,1.54032966,0.03180595859,0.0004213560663,0.000335734768963891,0.00038820992916841125,0.0001466910014139754
9.0,1.564919519,0.0307235567,0.0003212999565,0.0003235091818111451,0.0003759360638929464,0.000141620326820965
9.0,1.589865284,0.02964653237,0.0002192888787,0.0003113290903430503,0.0003635881329363749,0.000136523304840284
9.0,1.615172108,0.02857569532,0.0001154210691,0.0002992095516298332,0.0003511822080161495,0.00013140887679270088
9.0,1.640845215,0.02751186358,9.80234476e-06,0.000287165728540075,0.0003387348772048405,0.0001262861009975358
9.0,1.666889908,0.02645586257,-9.745375977e-05,0.00027521284130821764,0.00032626320244345537,0.00012116412622525019
9.0,1.693311565,0.02540852395,-0.000206225872,0.000263366111224414,0.00031378467743852157,0.00011605217471602559
9.0,1.720115642,0.02437068456,-0.0003163846811,0.00025164071056553146,0.000301317176517471,0.00011095950537031911
9.0,1.747307673,0.02334318529,-0.0004277928226,0.0002400517122668621,0.00028887890070371686,0.00010589537269192835
9.0,1.774893275,0.02232687005,-0.000540304782,0.00022861403547399075,0.00027648832527569074,0.00010086899379657595
9.0,1.802878143,0.02132258469,-0.000653766806,0.0002173423925163643,0.00026416414109394187,9.588951435668636e-05
9.0,1.831268056,0.020331176,-0.0007680168091,0.00020625123409631141,0.00025192519433520717,9.096597618237894e-05
9.0,1.860068877,0.01935349062,-0.0008828842881,0.0001953546946487937,0.00023979042488449524,8.610728521549232e-05
9.0,1.889286554,0.01839037409,-0.0009981902321,0.00018466653965483495,0.0002277788034249768,8.132217571405373e-05
9.0,1.918927118,0.01744266987,-0.001113747035,0.00017420011462351435,0.00021590926763009294,7.661917348282148e-05
9.0,1.948996693,0.01651121853,-0.001229358398,0.0001639682960399068,0.0002042006565124113,7.200656042995947e-05
9.0,1.979501486,0.01559685704,-0.001344819221,0.00015398344292444496,0.00019267164478287762,6.749234341776873e-05
9.0,2.010447797,0.01470041813,-0.001459915462,0.00014425735119295242,0.0001813406783230606,6.308422329629822e-05
9.0,2.041842016,0.01382272984,-0.001574423965,0.00013480121118392504,0.00017022590299256842,5.878956554931226e-05
9.0,2.073690627,0.01296461524,-0.001688112204,0.00012562557011880138,0.0001593451162024926,5.4615368653129926e-05
9.0,2.106000206,0.01212689249,-0.001800738121,0.00011674029847732838,0.00014871571447298498,5.056823366325879e-05
9.0,2.138777425,0.01131037507,-0.001912049806,0.00010815455959392249,0.00013835461029540266,4.6654347186406595e-05
9.0,2.172029053,0.01051587252,-0.002021784908,9.987678621708063e-05,0.00012827819144731415,4.287945700933662e-05
9.0,2.205761955,0.009744191483,-0.002129670174,9.191466416881532e-05,0.00011850229577811188,3.924884984263027e-05
9.0,2.239983098,0.008996137357,-0.002235420799,8.42751208228854e-05,0.00010904215466732457,3.576734257139737e-05
9.0,2.274699549,0.008272516573,-0.002338739488,7.69643223302642e-05,9.991238510548156e-05,3.2439264663794026e-05
9.0,2.309918476,0.007574139692,-0.002439315637,6.99876828037781e-05,9.112690491015951e-05,2.926846066857977e-05
9.0,2.345647152,0.006901825318,-0.002536823292,6.334987254315998e-05,8.269905049469577e-05,2.6258289353668536e-05
9.0,2.381892955,0.006256405048,-0.002630918874,5.705485751133058e-05,7.464148474840276e-05,2.3411610869433206e-05
9.0,2.41866337,0.005638730395,-0.002721240698,5.1105940394605915e-05,6.69661816925472e-05,2.0730797750262113e-05
9.0,2.455965989,0.00504968051,-0.002807405917,4.550579660555416e-05,5.968463000244794e-05,1.8217784442519193e-05
9.0,2.493808517,0.004490171478,-0.002889005704,4.025655719238665e-05,5.280775606488899e-05,1.5874071028263692e-05
9.0,2.532198767,0.003961167968,-0.002965601955,3.535989503470431e-05,4.634604082327562e-05,1.3700737820995143e-05
9.0,2.571144667,0.003463696041,-0.003036722903,3.081711872702239e-05,4.030964876983555e-05,1.1698500592536608e-05
9.0,2.61065426,0.002998856532,-0.003101857767,2.662928106129585e-05,3.470850657785033e-05,9.86774615619394e-06
9.0,2.650735703,0.002567836539,-0.003160451903,2.2797280286343223e-05,2.9552408795253993e-05,8.208569977918269e-06
9.0,2.691397274,0.002171914041,-0.003211903614,1.932192689163501e-05,2.4851036949294013e-05,6.720790299317546e-06
9.0,2.73264737,0.001812445368,-0.003255565803,1.6203906428791597e-05,2.061381000678086e-05,5.403917636913414e-06
9.0,2.774494508,0.001490815844,-0.003290758663,1.3443514059564616e-05,1.684935037673243e-05,4.257025804647807e-06
9.0,2.81694733,0.001208320199,-0.003316803863,1.1039951672012381e-05,1.3564216755514642e-05,3.2784091564548635e-06
9.0,2.860014603,0.0009659261676,-0.00333309576,8.989922375601516e-06,1.0760332483676782e-05,2.464852129457491e-06
9.0,2.903705219,0.0007638806429,-0.003339222598,7.285319318711453e-06,8.430813143597609e-06,1.8102821513984024e-06
9.0,2.948028202,0.0006011832099,-0.003335141047,5.910244631065576e-06,6.554359643343936e-06,1.3039092357680444e-06
9.0,2.992992703,0.0004751006951,-0.003321337836,4.838262199294289e-06,5.090818643023556e-06,9.289338272491215e-07
9.0,3.038608008,0.0003810404366,-0.003298906168,4.031540336184845e-06,3.9803695498420494e-06,6.62761638857388e-07
9.0,3.084883537,0.0003130176136,-0.003269460549,3.4432526104627125e-06,3.151081028928999e-06,4.805169482200763e-07
9.0,3.131828845,0.0002646190782,-0.003234820476,3.023279818770259e-06,2.5309067091833473e-06,3.59512936326543e-07
9.0,3.179453626,0.0002300212794,-0.003196675969,2.725101006750144e-06,2.0573115408683237e-06,2.813640755573827e-07
9.0,3.227767716,0.0002046087311,-0.003156407869,2.5106989343577817e-06,1.683011841254306e-06,2.3249675200559028e-07
9.0,3.27678109,0.000185087988,-0.003115025317,2.3520655949662963e-06,1.3755896992256583e-06,2.03432230610092e-07
9.0,3.326503871,0.0001692758979,-0.003073207282,2.230020438222042e-06,1.1141144696547202e-06,1.8765699645100813e-07
9.0,3.376946325,0.0001557868282,-0.003031389489,2.1319564237610583e-06,8.855767246925925e-07,1.8076912284301953e-07
9.0,3.42811887,0.000143758087,-0.002989844145,2.0497195493221344e-06,6.819136323377509e-07,1.798170149406635e-07
9.0,3.480032072,0.0001326534964,-0.002948739406,1.9780202118988185e-06,4.980423098489394e-07,1.8282488133230383e-07
9.0,3.532696651,0.0001221366733,-0.00290817877,1.9133832565298763e-06,3.306457095478111e-07,1.8846060953225443e-07
9.0,3.586123483,0.0001119933401,-0.002868225793,1.853486062612538e-06,1.7746577496955196e-07,1.9581168462902374e-07
9.0,3.640323601,0.0001020846598,-0.002828919196,1.7967505396417161e-06,3.689812240646801e-08,2.0423765770717177e-07
9.0,3.695308196,9.231930217e-05,-0.002790281996,1.7420914743014368e-06,-9.223909075310956e-08,2.1327348657739435e-07
9.0,3.751088623,8.263661976e-05,-0.002752327053,1.6887608160029496e-06,-2.1083656018585514e-07,2.225656967844582e-07
9.0,3.807676401,7.29964082e-05,-0.002715060425,1.6362502659902383e-06,-3.1956845004702895e-07,2.318298240602443e-07
9.0,3.865083215,6.337259757e-05,-0.00267848344,1.5842299561235294e-06,-4.189357655330579e-07,2.4082162662272865e-07
9.0,3.923320919,5.374934741e-05,-0.002642593948,1.5325102276379796e-06,-5.092923509881894e-07,2.4931681240323913e-07
9.0,3.98240154,4.411863731e-05,-0.002607387063,1.4810177713242784e-06,-5.908627120629898e-07,2.5709731902129754e-07
9.0,4.042337277,3.447878311e-05,-0.002572855601,1.429781013622876e-06,-6.637549428769384e-07,2.639425246978855e-07
9.0,4.103140508,2.483352259e-05,-0.002538990287,1.3789206480600127e-06,-7.27972426825437e-07,2.6962497287291355e-07
9.0,4.164823788,1.519144788e-05,-0.002505779842,1.3286420833063315e-06,-7.834291287451404e-07,2.7391030090152133e-07
9.0,4.227399855,5.565659518e-06,-0.002473210988,1.2792280841403813e-06,-8.299702479680509e-07,2.765604589892398e-07
9.0,4.290881631,-4.026447363e-06,-0.002441268401,1.231028344453146e-06,-8.674021759442489e-07,2.7734150641812233e-07
9.0,4.355282225,-1.356336393e-05,-0.002409934677,1.1844441023769006e-06,-8.95530313814622e-07,2.7603589478675073e-07
9.0,4.420614935,-2.301969569e-05,-0.002379190291,1.1399059709165177e-06,-9.142061402630149e-07,2.724591276471713e-07
9.0,4.486893253,-3.236648972e-05,-0.002349013625,1.0978432788713802e-06,-9.233842082156891e-07,2.664802890622333e-07
9.0,4.554130865,-4.157170878e-05,-0.002319381064,1.0586464725830809e-06,-9.231816206803351e-07,2.5804373280000217e-07
9.0,4.622341656,-5.060089757e-05,-0.002290267195,1.0226244672056487e-06,-9.139353326887273e-07,2.4718942133605317e-07
9.0,4.691539712,-5.941807493e-05,-0.002261645162,9.899630852069686e-07,-8.962433084651233e-07,2.340665696478224e-07
9.0,4.761739321,-6.79868473e-05,-0.002233487154,9.606923985121408e-07,-8.709800103981753e-07,2.1893603708954623e-07
9.0,4.832954979,-7.627166784e-05,-0.00220576501,9.34670485144642e-07,-8.392769909898386e-07,2.0215887074713206e-07
9.0,4.905201394,-8.423914707e-05,-0.002178450922,9.115921039293062e-07,-8.024607991317017e-07,1.8416947151955243e-07
9.0,4.978493484,-9.185929996e-05,-0.002151518117,8.910229439088561e-07,-7.619477317622758e-07,1.6544124407490285e-07
9.0,5.052846383,-9.910643834e-05,-0.002124941535,8.724532789649422e-07,-7.191204870354419e-07,1.4644111091745086e-07
9.0,5.128275446,-0.0001059595672,-0.002098698151,8.553860860639092e-07,-6.752205884374686e-07,1.27571684900528e-07
9.0,5.204796248,-0.0001124022831,-0.002072766933,8.393778123995829e-07,-6.312534678131741e-07,1.0916233001192388e-07
9.0,5.282424591,-0.0001184221826,-0.002047128812,8.240562826400709e-07,-5.87962208886689e-07,9.146800613184226e-08
9.0,5.361176506,-0.0001240102244,-0.00202176641,8.091303756806829e-07,-5.458893600399064e-07,7.466995619068548e-08
9.0,5.441068255,-0.0001291604561,-0.001996663846,7.943455059040755e-07,-5.054558795989743e-07,5.890667368472518e-08
9.0,5.522116334,-0.0001338702075,-0.001971806964,7.794544621890407e-07,-4.6702364073503055e-07,4.428737435337747e-08
9.0,5.604337482,-0.0001381406102,-0.001947183781,7.642159071334166e-07,-4.309137643945214e-07,3.0894673561260056e-08
9.0,5.687748675,-0.000141977028,-0.001922784828,7.484229630594296e-07,-3.9736196928498784e-07,1.8776202480370454e-08
9.0,5.77236714,-0.000145388898,-0.001898603285,7.319422521545468e-07,-3.664876060728992e-07,7.934568861674414e-09
9.0,5.858210349,-0.0001483888048,-0.001874634268,7.147336964196468e-07,-3.3824407510804255e-07,-1.6715015703543969e-09
9.0,5.945296028,-0.0001509911973,-0.001850874793,6.96839938019459e-07,-3.1252451137335894e-07,-1.0115598846849e-08
9.0,6.033642163,-0.0001532111279,-0.001827321344,6.783592305287418e-07,-2.8901306741078935e-07,-1.748736940391108e-08
9.0,6.123266995,-0.000155063294,-0.001803973405,6.59415082353912e-07,-2.6777836550446146e-07,-2.3882162069115232e-08
9.0,6.214189032,-0.0001565614494,-0.001780822039,6.401309613822287e-07,-2.47878266207152e-07,-2.937336601253188e-08
9.0,6.30642705,-0.0001577183519,-0.001757885404,6.205954373558645e-07,-2.2995110844787705e-07,-3.395336329581066e-08
9.0,6.400000095,-0.0001585413712,-0.001735150017,6.009344728882517e-07,-2.138040868608062e-07,-3.777943095052532e-08
11.0,1.347111464e-15,0.08434235018,9.833760382e-06,0.0006091373895250245,0.0005112753910782035,8.192144905797375e-07
11.0,0.005204005258,0.08434141539,1.943486029e-05,0.0006091356218112746,0.0005107838586784055,1.6352531733651331e-06
11.0,0.01033966345,0.08433866056,3.793577985e-05,0.0006091304077696703,0.0005110283722944218,3.2426506763567844e-06
11.0,0.01540787221,0.08433415785,5.610095033e-05,0.0006091219033898565,0.0005113206196593792,4.825987942586374e-06
11.0,0.02040951739,0.084327977,7.432256441e-05,0.000609110245065843,0.0005110068523787855,6.388458993214573e-06
11.0,0.0253454732,0.08432018596,9.22770478e-05,0.0006090955410170759,0.0005110966778152179,7.92982609436111e-06
11.0,0.03021660239,0.0843108507,0.0001100012617,0.0006090779088919065,0.0005111059632773904,9.450302785362812e-06
11.0,0.03502375636,0.08430003527,0.0001274747474,0.0006090574594714549,0.0005111381199116948,1.095001486707011e-05
11.0,0.03976777532,0.08428780189,0.0001447104949,0.0006090343000565686,0.0005111588768336451,1.2429147671967554e-05
11.0,0.04444948847,0.0842742109,0.0001617077005,0.0006090085332310357,0.0005111871063505176,1.3887871349759362e-05
11.0,0.04906971409,0.08425932087,0.0001784692883,0.0006089802581430955,0.0005112168055503398,1.5326366960253503e-05
11.0,0.05362925975,0.0842431886,0.0001949969901,0.0006089495701314609,0.00051124945990678,1.674481804714199e-05
11.0,0.05812892238,0.08422586918,0.0002112931488,0.000608916561044046,0.0005112842107023757,1.814341305330642e-05
11.0,0.06256948846,0.08420741603,0.0002273599662,0.0006088813193456276,0.0005113212203004479,1.952234508304117e-05
11.0,0.06695173415,0.08418788092,0.0002431997396,0.0006088439305453573,0.0005113602824652542,2.08818114496468e-05
11.0,0.07127642538,0.08416731402,0.000258814781,0.0006088044770789106,0.0005114013182899087,2.2222011532891583e-05
11.0,0.07554431806,0.08414576394,0.0002742074376,0.0006087630387756637,0.0005114441822692581,2.3543146340841495e-05
11.0,0.07975615815,0.08412327776,0.0002893800944,0.0006087196924691201,0.000511488817872048,2.484541873389502e-05
11.0,0.08391268182,0.08409990108,0.0003043351268,0.0006086745126905572,0.0005115349860929564,2.6129035543389355e-05
11.0,0.08801461558,0.08407567805,0.0003190750056,0.0006086275714158713,0.000511583053064776,2.7394206974961146e-05
11.0,0.09206267639,0.0840506514,0.0003336019326,0.0006085789384902187,0.0005116317111096215,2.864113621324975e-05
11.0,0.09605757177,0.08402486249,0.0003479187773,0.0006085286815784325,0.0005116827358097498,2.9875542166252988e-05
11.0,0.1,0.08399835128,0.0003620282272,0.0006084768657481835,0.0005117344698571819,3.108838014851422e-05
11.0,0.1037429218,0.08397220777,0.0003754042492,0.0006084256186019589,0.0005117848771367386,3.22233459188808e-05
11.0,0.1075400176,0.08394471806,0.0003889540101,0.0006083715723066868,0.0005118387632420647,3.3376644626126994e-05
11.0,0.1113920715,0.08391583599,0.0004026791668,0.0006083146117209874,0.0005118943169781642,3.455482065409874e-05
11.0,0.115299879,0.08388551421,0.0004165807601,0.0006082546163972434,0.000511952736812645,3.574801537946577e-05
11.0,0.119264247,0.083853704,0.0004306599665,0.0006081914607839406,0.0005120136991126001,3.695634013556448e-05
11.0,0.1232859942,0.08382035528,0.0004449178394,0.0006081250137362795,0.0005120773707101774,3.817988937175644e-05
11.0,0.1273659511,0.08378541655,0.000459355401,0.0006080551383114203,0.0005121437650876858,3.941875503176142e-05
11.0,0.1315049601,0.0837488349,0.0004739735984,0.0006079816917822016,0.0005122129580333345,4.0673020594492733e-05
11.0,0.135703876,0.08371055592,0.0004887733127,0.0006079045249356479,0.0005122850018116296,4.194276031997908e-05
11.0,0.1399635659,0.08367052372,0.0005037553488,0.0006078234818231246,0.0005123599561066701,4.322804033166728e-05
11.0,0.1442849094,0.08362868089,0.0005189204328,0.0006077383993886031,0.0005124378742872258,4.452892413331131e-05
11.0,0.1486687988,0.08358496847,0.0005342692071,0.0006076491075274439,0.0005125188069249527,4.5845471490833266e-05
11.0,0.1531161394,0.0835393259,0.0005498022258,0.0006075554284988744,0.00051260280291509,4.7177731524657736e-05
11.0,0.1576278496,0.083491691,0.0005655199484,0.0006074571763497921,0.0005126899103393572,4.852574156948728e-05
11.0,0.1622048611,0.08344199996,0.0005814227331,0.0006073541566606055,0.0005127801762494043,4.988952836340038e-05
11.0,0.166848119,0.08339018729,0.0005975108308,0.0006072461659372844,0.0005128736421001391,5.126911442043703e-05
11.0,0.1715585821,0.08333618581,0.0006137843808,0.0006071329917744237,0.000512970343667735,5.26645164281648e-05
11.0,0.1763372232,0.08327992659,0.0006302434038,0.0006070144118371489,0.0005130703133985706,5.407573791548058e-05
11.0,0.181185029,0.08322133894,0.0006468877954,0.0006068901937293946,0.0005131735814256211,5.550276770282334e-05
11.0,0.1861030006,0.08316035039,0.0006637173173,0.0006067600940722721,0.0005132801748299723,5.694558118126095e-05
11.0,0.1910921536,0.08309688668,0.0006807315905,0.0006066238580897674,0.0005133901127673347,5.84041469395797e-05
11.0,0.1961535182,0.08303087167,0.0006979300894,0.0006064812194617815,0.0005135034058421531,5.987842555234598e-05
11.0,0.2012881397,0.08296222737,0.0007153121342,0.0006063318996689798,0.0005136200592920496,6.136836104458037e-05
11.0,0.2064970782,0.08289087391,0.0007328768823,0.0006061756070820088,0.0005137400732080094,6.287387951496095e-05
11.0,0.2117814095,0.08281672949,0.0007506233187,0.0006060120363218315,0.0005138634421537603,6.439489050299707e-05
11.0,0.2171422247,0.08273971039,0.0007685502468,0.0006058408677996549,0.0005139901496805919,6.593129345219455e-05
11.0,0.222580631,0.08265973093,0.0007866562823,0.0006056617670802735,0.0005141201670657131,6.748297676252807e-05
11.0,0.2280977512,0.08257670345,0.0008049398437,0.000605474384358449,0.00051425345710573,6.9049808685186e-05
11.0,0.2336947247,0.0824905383,0.0008233991425,0.0006052783534932325,0.0005143899741117933,7.063163588848084e-05
11.0,0.2393727073,0.0824011438,0.0008420321712,0.0006050732909625332,0.0005145296632999727,7.22282845948615e-05
11.0,0.2451328714,0.08230842629,0.0008608366933,0.000604858795253247,0.0005146724542916692,7.383956727707572e-05
11.0,0.2509764065,0.08221229003,0.0008798102359,0.0006046344465046166,0.0005148182606741475,7.54652816688646e-05
11.0,0.2569045194,0.08211263725,0.0008989500781,0.0006043998053961877,0.000514966980935046,7.710520120374732e-05
11.0,0.2629184342,0.08200936811,0.0009182532408,0.0006041544121287628,0.0005151185090891502,7.875907365091362e-05
11.0,0.2690193927,0.08190238072,0.0009377164635,0.0006038977853917917,0.000515272715744843,8.042662184079144e-05
11.0,0.2752086549,0.08179157112,0.0009573361972,0.000603629421527755,0.0005154294272444902,8.210755112425812e-05
11.0,0.2814874987,0.08167683329,0.0009771086508,0.0006033487938341093,0.0005155885337263671,8.380154777932072e-05
11.0,0.2878572208,0.08155805913,0.0009970297085,0.0006030553515123141,0.0005157498016524317,8.550826782072699e-05
11.0,0.2943191364,0.08143513848,0.001017094866,0.0006027485185019912,0.0005159130149306332,8.722733862129077e-05
11.0,0.3008745801,0.08130795914,0.001037299331,0.0006024276922800336,0.0005160779951846094,8.895835806638404e-05
11.0,0.3075249055,0.08117640687,0.001057637986,0.0006020922425358764,0.0005162444464557477,9.070090050383763e-05
11.0,0.3142714859,0.08104036541,0.001078105337,0.0006017415109411234,0.000516412104834888,9.245451665094978e-05
11.0,0.3211157144,0.08089971648,0.001098695522,0.0006013748096070978,0.0005165806573624123,9.421872380847976e-05
11.0,0.3280590044,0.08075433982,0.00111940229,0.0006009914195936914,0.0005167497711969538,9.599300384490488e-05
11.0,0.3351027897,0.08060411324,0.001140218991,0.0006005905900311082,0.0005169190844295547,9.777680454087304e-05
11.0,0.3422485248,0.08044891261,0.001161138555,0.0006001715363300159,0.0005170882004566168,9.956954557107223e-05
11.0,0.3494976853,0.08028861193,0.001182153487,0.0005997334399050854,0.0005172566848458723,0.000101370617453896
11.0,0.3568517682,0.08012308336,0.001203255846,0.0005992754465749924,0.0005174240698891194,0.0001031793721486673
11.0,0.364312292,0.07995219724,0.001224437236,0.0005987966652198323,0.0005175898530745439,0.00010499512159662342
11.0,0.3718807975,0.07977582221,0.001245688782,0.0005982961661069378,0.000517753495767401,0.00010681713835702884
11.0,0.3795588474,0.07959382522,0.001267001116,0.0005977729800133683,0.00051791441463504,0.00010864466164808459
11.0,0.3873480273,0.07940607159,0.001288364367,0.0005972260969066291,0.0005180719787583831,0.00011047689628590112
11.0,0.3952499456,0.0792124251,0.001309768148,0.0005966544651795023,0.0005182255145813643,0.00011231300363631188
11.0,0.4032662342,0.07901274806,0.001331201532,0.0005960569896335796,0.0005183743035599432,0.00011415210034153607
11.0,0.4113985483,0.0788069014,0.00135265304,0.0005954325302838872,0.0005185175810515951,0.00011599325897313506
11.0,0.4196485673,0.07859474477,0.001374110623,0.0005947799012183049,0.0005186545269971952,0.00011783551348027991
11.0,0.4280179948,0.0783761366,0.001395561649,0.0005940978695260449,0.0005187842631406304,0.00011967785874509274
11.0,0.4365085591,0.07815093424,0.001416992893,0.0005933851543805385,0.0005189058578096124,0.00012151924189615202
11.0,0.4451220135,0.07791899406,0.001438390513,0.0005926404255211461,0.0005190183236780567,0.00012335856116329222
11.0,0.4538601367,0.07768017156,0.001459740039,0.0005918623018475909,0.0005191206161137008,0.0001251946666837909
11.0,0.4627247331,0.07743432152,0.001481026352,0.000591049350759067,0.0005192116239466233,0.00012702636595510056
11.0,0.4717176332,0.07718129814,0.001502233677,0.0005902000871307587,0.0005192901666501204,0.0001288524232709017
11.0,0.4808406941,0.07692095513,0.001523345569,0.0005893129726815487,0.0005193549991872025,0.0001306715521689706
11.0,0.4900957997,0.07665314591,0.001544344899,0.0005883864149768645,0.0005194048098834055,0.00013248241420903408
11.0,0.4994848611,0.07637772378,0.001565213832,0.0005874187661830387,0.000519438218554715,0.000134283620721146
11.0,0.5090098173,0.07609454206,0.001585933819,0.000586408322881523,0.0005194537675049953,0.00013607373744040354
11.0,0.518672635,0.07580345428,0.001606485586,0.0005853533255309035,0.0005194499190353952,0.00013785128455869828
11.0,0.5284753098,0.07550431434,0.001626849127,0.0005842519584641099,0.0005194250606016218,0.00013961473032986934
11.0,0.5384198657,0.07519697677,0.001647003687,0.0005831023493783893,0.0005193775027619041,0.00014136249039958343
11.0,0.5485083564,0.07488129686,0.001666927751,0.000581902568974151,0.0005193054777418894,0.00014309292984711285
11.0,0.5587428652,0.07455713092,0.00168659903,0.000580650630989214,0.0005192071305377531,0.00014480436773277569
11.0,0.5691255055,0.07422433652,0.001705994466,0.0005793444929749328,0.0005190805176807043,0.00014649507784073767
11.0,0.5796584212,0.07388277263,0.001725090218,0.0005779820571138222,0.0005189236126903472,0.00014816328353054308
11.0,0.5903437875,0.07353229998,0.001743861657,0.0005765611703114809,0.0005187343042926081,0.00014980715798231948
11.0,0.6011838108,0.07317278122,0.001762283354,0.0005750796249557027,0.0005185103956455398,0.00015142482651691824
11.0,0.6121807297,0.07280408123,0.001780329082,0.0005735351605375655,0.0005182495970926952,0.00015301437163969125
11.0,0.6233368149,0.07242606737,0.001797971813,0.0005719254649897118,0.0005179495254134878,0.00015457383412913214
11.0,0.6346543703,0.07203860973,0.001815183723,0.00057024817668229,0.0005176077098870631,0.00015610120997308345
11.0,0.6461357329,0.07164158146,0.001831936189,0.0005685008865299114,0.000517221592684766,0.00015759445109729073
11.0,0.6577832735,0.07123485903,0.001848199782,0.0005666811397539791,0.0005167885276001213,0.00015905146900067877
11.0,0.6695993975,0.07081832255,0.00186394428,0.0005647864387801395,0.000516305779347074,0.00016047013927560511
11.0,0.6815865448,0.07039185607,0.001879138672,0.000562814246377063,0.000515770506847019,0.0001618483047198268
11.0,0.6937471908,0.0699553479,0.001893751192,0.0005607619893256207,0.0005151797907807111,0.0001631839100592352
11.0,0.7060838467,0.0695086909,0.001907749284,0.000558627089612299,0.0005145306589856395,0.0001644746590948962
11.0,0.7185990599,0.06905178285,0.001921099605,0.0005564068241987798,0.0005138200224651433,0.0001657177044102371
11.0,0.7312954149,0.0685845268,0.001933768107,0.000554098602584653,0.0005130446955584053,0.000166911283651337
11.0,0.7441755335,0.0681068314,0.001945720021,0.0005516998067316043,0.0005122014261181193,0.00016805365702560272
11.0,0.7572420753,0.06761861119,0.001956919892,0.0005492076490164525,0.0005112868937436059,0.0001691419219583593
11.0,0.7704977387,0.06711978703,0.001967331561,0.0005466194665722235,0.0005102977269133797,0.0001701736606793623
11.0,0.783945261,0.0666102864,0.001976918191,0.000543932560371312,0.0005092304639215116,0.00017114667808122868
11.0,0.797587419,0.06609004383,0.001985642341,0.0005411442371322609,0.0005080815712521196,0.000172058633372657
11.0,0.8114270298,0.06555900117,0.001993465969,0.000538251816243883,0.0005068474688665998,0.0001729071871805821
11.0,0.8254669514,0.06501710806,0.002000350476,0.0005352526374964846,0.0005055245233487919,0.00017369000450298807
11.0,0.839710083,0.06446432222,0.002006256739,0.0005321440689046398,0.0005041090582773175,0.00017440475927938003
11.0,0.8541593657,0.06390060987,0.002011145147,0.0005289235153315695,0.0005025973607978239,0.00017504914113314777
11.0,0.8688177834,0.06332594608,0.002014975648,0.0005255884272717695,0.0005009856825428154,0.0001756208621321104
11.0,0.883688363,0.06274031517,0.002017707809,0.0005221363103709456,0.0004992702507024276,0.00017611766321434493
11.0,0.8987741753,0.06214371103,0.002019300854,0.0005185647353696309,0.0004974472847078753,0.00017653731897811827
11.0,0.9140783356,0.06153613757,0.002019713726,0.0005148713485357356,0.0004955129992105816,0.00017687764373462619
11.0,0.929604004,0.060917609,0.002018905139,0.0005110538817629609,0.0004934636141041027,0.00017713649910692175
11.0,0.9453543867,0.06028815026,0.002016833646,0.0005071101639053211,0.0004912953651122379,0.00017731180181265987
11.0,0.9613327362,0.05964779739,0.00201345771,0.00050303813206462,0.0004890045136236774,0.00017740153125890752
11.0,0.9775423519,0.05899659782,0.002008735773,0.0004988358433521832,0.0004865873673099632,0.0001774037349527812
11.0,0.9939865811,0.05833461079,0.002002626322,0.0004945014873275285,0.00048404028078010883,0.00017731653879556335
11.0,1.01066882,0.05766190765,0.001995087997,0.0004900333971777603,0.0004813596827082608,0.00017713814973721584
11.0,1.027592512,0.05697857225,0.001986079683,0.0004854300649546579,0.00047854199592948853,0.00017686687509035133
11.0,1.044761154,0.05628470122,0.001975560923,0.000480690147801839,0.0004755840707928983,0.000176501135889565
11.0,1.062178289,0.05558040427,0.001963490712,0.0004758124858136869,0.0004724822490891626,0.00017603937721883873
11.0,1.079847516,0.05486580456,0.00194982808,0.00047079611868837347,0.00046923351267119423,0.00017548026672059558
11.0,1.097772482,0.05414103906,0.001934534615,0.00046564029441162726,0.0004658350639064901,0.00017482261967825225
11.0,1.115956889,0.05340625868,0.001917572333,0.0004603444783833274,0.0004622836213464594,0.0001740652572059186
11.0,1.134404493,0.05266162863,0.001898902902,0.00045490836764251904,0.00045857671722819283,0.00017320721754983075
11.0,1.153119101,0.05190732862,0.001878489253,0.00044933191069202236,0.00045471179374118503,0.00017224769399085753
11.0,1.17210458,0.05114355318,0.001856295473,0.0004436153129908102,0.0004506865212700529,0.0001711860229946623
11.0,1.19136485,0.05037051185,0.001832286818,0.0004377590516994562,0.0004464988139100566,0.0001700217140008415
11.0,1.210903887,0.04958842938,0.001806429837,0.00043176388684961186,0.0004421468223282657,0.00016875444768988746
11.0,1.230725728,0.04879754592,0.001778692497,0.00042563087325339064,0.00043762895445707644,0.00016738408849158352
11.0,1.250834464,0.04799811718,0.00174904432,0.0004193613701232645,0.00043294389299611605,0.00016591069031469765
11.0,1.271234248,0.04719041459,0.001717456522,0.00041295705204016773,0.00042809061316830536,0.00016433450363206376
11.0,1.291929293,0.0463747254,0.001683902151,0.0004064199213136047,0.00042306840070835286,0.00016265598271014253
11.0,1.312923873,0.04555135282,0.001648356244,0.0003997523145032551,0.00041787686818597604,0.00016087579151605053
11.0,1.334222322,0.04472061604,0.001610795967,0.00039295690911966537,0.00041251597123820506,0.00015899480911381127
11.0,1.35582904,0.04388285033,0.001571200767,0.0003860367320898829,0.0004069860254900211,0.0001570141364706472
11.0,1.377748487,0.043038407,0.00152955253,0.00037899516609788845,0.0004012877216916357,0.00015493510055766775
11.0,1.39998519,0.04218765346,0.001485835737,0.0003718359541840295,0.00039542213881689324,0.00015275925803214638
11.0,1.422543741,0.0413309731,0.001440037634,0.0003645632041830271,0.00038939076132631437,0.00015048839918561796
11.0,1.445428798,0.04046876532,0.00139214838,0.00035718139076462306,0.000383195492654397,0.00014812455075219634
11.0,1.468645087,0.03960144533,0.00134216122,0.0003496953568487676,0.000376838666237177,0.00014566997866080492
11.0,1.492197403,0.03872944409,0.001290072644,0.00034211031334121757,0.0003703230565164045,0.00014312718913233306
11.0,1.516090608,0.0378532081,0.001235882562,0.0003344318377958346,0.0003636518877905896,0.00014049892779194136
11.0,1.540329637,0.03697319923,0.001179594472,0.00032666587113523135,0.0003568288459880194,0.00013778818054544076
11.0,1.564919496,0.03608989445,0.001121215621,0.0003188187131561437,0.0003498580867416443,0.00013499817155557898
11.0,1.589865261,0.0352037856,0.001060757173,0.0003108970155898262,0.00034274423850956363,0.0001321323617038768
11.0,1.615172084,0.03431537904,0.0009982343795,0.00030290777381085555,0.00033549240698423126,0.00012919444473696962
11.0,1.640845191,0.03342519534,0.0009336667446,0.00029485831786320825,0.0003281081769060911,0.00012618834175961383
11.0,1.666889884,0.03253376889,0.0008670781974,0.0002867563001919002,0.0003205976156104111,0.00012311819664069778
11.0,1.69331154,0.03164164744,0.0007984972416,0.00027860968269937335,0.0003129672721014913,0.00011998836934271471
11.0,1.720115616,0.03074939172,0.0007279571186,0.0002704267210538345,0.00030522417075350583,0.00011680342845767827
11.0,1.747307647,0.02985757487,0.0006554959667,0.000262215947338262,0.0002973758063434692,0.00011356814194320869
11.0,1.774893249,0.02896678195,0.0005811569773,0.00025398615205698397,0.00028943013595071263,0.00011028746598284562
11.0,1.802878116,0.02807760937,0.0005049885486,0.00024574636320852784,0.00028139557225187944,0.00010696653485946293
11.0,1.831268029,0.02719066428,0.0004270444168,0.00023750582426753408,0.0002732809712641111,0.00010361064850175786
11.0,1.86006885,0.02630656393,0.0003473838004,0.00022927396970850918,0.00026509561471984645,0.00010022525950737759
11.0,1.889286525,0.02542593498,0.0002660715382,0.0002210603992124543,0.0002568491942073012,9.681595793039537e-05
11.0,1.91892709,0.02454941285,0.0001831782207,0.00021287485123612415,0.0002485517915166598,9.338845467291533e-05
11.0,1.948996664,0.02367764091,9.878031639e-05,0.00020472717428781167,0.00024021386036254702,8.994856587316546e-05
11.0,1.979501456,0.02281126982,1.296027388e-05,0.00019662729814081892,0.0002318462009400503,8.650219233922816e-05
11.0,2.010447767,0.0219509567,-7.419335738e-05,0.00018858520170685072,0.00022345993145316028,8.305530400024742e-05
11.0,2.041841986,0.02109736432,-0.0001625858244,0.00018061087796913765,0.000215066462988146,7.961392610080036e-05
11.0,2.073690596,0.02025116022,-0.0002521160802,0.0001727143037144652,0.00020667746751712706,7.618411367915851e-05
11.0,2.106000175,0.01941301594,-0.0003426766861,0.00016490540707184045,0.00019830484609833577,7.277192724966465e-05
11.0,2.138777393,0.01858360613,-0.000434153739,0.00015719403216427047,0.00018996069471323275,6.938341380814874e-05
11.0,2.17202902,0.01776360777,-0.0005264267846,0.00014958990390189297,0.0001816572651082618,6.602458612366463e-05
11.0,2.205761922,0.01695369934,-0.000619368734,0.00014210259322723927,0.00017340692858308158,6.270139990263966e-05
11.0,2.239983065,0.01615455997,-0.0007128457885,0.00013474148301285342,0.00016522213659747378,5.941973049678505e-05
11.0,2.274699515,0.01536686869,-0.0008067173622,0.00012751573327136016,0.000157115382114912,5.61853516256416e-05
11.0,2.309918441,0.0145913037,-0.0009008360196,0.00012043424799680584,0.00014909915775488815,5.3003913220278885e-05
11.0,2.345647117,0.01382854167,-0.0009950473833,0.00011350564172925507,0.0001411859113510449,4.988091909064088e-05
11.0,2.381892919,0.0130792571,-0.001089190036,0.00010673820811503837,0.0001333880056002904,4.682170501180472e-05
11.0,2.418663334,0.01234412187,-0.001183095414,0.00010013989030163006,0.00012571767691486738,4.3831416602783515e-05
11.0,2.455965953,0.01162380478,-0.001276587678,9.371825219030137e-05,0.00011818698923796239,4.0914991007644546e-05
11.0,2.49380848,0.01091897128,-0.001369483516,8.748045245180569e-05,0.00011080780035508205,3.807713702834944e-05
11.0,2.53219873,0.01023028346,-0.001461592023,8.143322150948604e-05,0.00010359172774282025,3.53223149745758e-05
11.0,2.571144629,0.009558400092,-0.001552714453,7.558283983737232e-05,9.655009279530875e-05,3.265472333231727e-05
11.0,2.610654221,0.008903977054,-0.001642643777,6.993512124402132e-05,8.96938937262343e-05,3.0078282852067698e-05
11.0,2.650735663,0.008267668046,-0.001731164355,6.449539958238678e-05,8.303378750591312e-05,2.7596620501214173e-05
11.0,2.691397234,0.007650125672,-0.001818051464,5.9268518607902305e-05,7.658005448670477e-05,2.5213062354494598e-05
11.0,2.732647329,0.007052002981,-0.001903070668,5.425882855062295e-05,7.034257311090598e-05,2.2930620126485517e-05
11.0,2.774494467,0.006473955626,-0.001985977091,4.9470185367838916e-05,6.433078911751561e-05,2.0751995512575866e-05
11.0,2.816947288,0.005916644497,-0.002066513829,4.4905955151632975e-05,5.855377148268588e-05,1.8679571285030606e-05
11.0,2.86001456,0.005380739321,-0.002144410842,4.056903585778955e-05,5.3020121497894764e-05,1.6715402096496123e-05
11.0,2.903705176,0.004866923454,-0.002219384373,3.6461873180625395e-05,4.773802229523333e-05,1.4861228187779097e-05
11.0,2.948028158,0.00437589927,-0.002291134182,3.258648499728198e-05,4.2715304324054875e-05,1.3118491705621178e-05
11.0,2.992992659,0.003908394964,-0.002359340643,2.894450672976629e-05,3.79593994539236e-05,1.1488341478958976e-05
11.0,3.038607963,0.003465172855,-0.002423662365,2.553723735257049e-05,3.3477436255972846e-05,9.9716453925494e-06
11.0,3.084883491,0.003047038771,-0.00248373269,2.236569656038959e-05,2.9276282363427614e-05,8.569018425569915e-06
11.0,3.131828798,0.002654852332,-0.0025391557,1.943069011489689e-05,2.536261014451381e-05,7.280843271231329e-06
11.0,3.179453579,0.002289536838,-0.002589502216,1.673287675509353e-05,2.174296372366765e-05,6.107294940715908e-06
11.0,3.227767668,0.001952086059,-0.00263430643,1.4272823186862712e-05,1.8423796868333773e-05,5.048358562911859e-06
11.0,3.276781041,0.001643562179,-0.002673064898,1.2051017939406488e-05,1.5411440259163187e-05,4.103827160797108e-06
11.0,3.326503821,0.001365073941,-0.002705241351,1.0067788803737452e-05,1.2711896275002418e-05,3.2732503121143078e-06
11.0,3.376946275,0.00111771533,-0.002730283447,8.32301874879848e-06,1.0330303702464315e-05,2.5557919487345167e-06
11.0,3.428118819,0.0009024334185,-0.002747662101,6.81550572216975e-06,8.26975893774301e-06,1.949899482303599e-06
11.0,3.48003202,0.0007197880563,-0.002756944873,5.54179724471784e-06,6.529197821355403e-06,1.4526628940896895e-06
11.0,3.532696599,0.0005695864782,-0.002757913418,4.494466942582606e-06,5.100139292245803e-06,1.05873629806382e-06
11.0,3.58612343,0.0004504575231,-0.002750706474,3.6601696776974123e-06,3.963251041987414e-06,7.59208076442958e-07
11.0,3.640323547,0.0003595568019,-0.002735925201,3.018257902050468e-06,3.0859999241777193e-06,5.410764324547817e-07
11.0,3.695308141,0.0002926525898,-0.002714650441,2.540987529711642e-06,2.4245489632187315e-06,3.883220507966108e-07
11.0,3.751088567,0.0002446880961,-0.002688289185,2.195989320213136e-06,1.930359573837431e-06,2.8480932088348886e-07
11.0,3.807676344,0.0002106084695,-0.00265829619,1.9505278918043965e-06,1.5576043798795275e-06,2.1665286251381625e-07
11.0,3.865083157,0.0001860713134,-0.002625952735,1.7756853600219856e-06,1.2687507135187961e-06,1.73027109393501e-07
11.0,3.92332086,0.0001677795985,-0.002592257842,1.648761223955005e-06,1.0365597179929545e-06,1.4615483888157807e-07
11.0,3.98240148,0.0001534518676,-0.002557916288,1.553527508302392e-06,8.427954696643939e-07,1.3062098992687822e-07
11.0,4.042337217,0.000141605166,-0.002523391894,1.4790652379045028e-06,6.758637337040838e-07,1.2269438816525134e-07
11.0,4.103140447,0.0001313083404,-0.002488978025,1.418258864736244e-06,5.285726542395727e-07,1.198485351638397e-07
11.0,4.164823726,0.0001219845157,-0.002454856101,1.3665084840875638e-06,3.964359934807282e-07,1.2038190261222132e-07
11.0,4.227399792,0.0001132755999,-0.002421137266,1.3208195885664478e-06,2.765877504751597e-07,1.23152623347569e-07
11.0,4.290881567,0.0001049568742,-0.002387889213,1.2792132654735373e-06,1.6712259217712249e-07,1.2738728019058843e-07
11.0,4.35528216,9.688514587e-05,-0.002355152858,1.2403587108826165e-06,6.671719730211966e-08,1.3255361547852802e-07
11.0,4.420614869,8.896774074e-05,-0.00232295246,1.2033467375897378e-06,-2.5587237791229347e-08,1.382757511191101e-07
11.0,4.486893186,8.114392841e-05,-0.002291301751,1.1675495088622502e-06,-1.1050755708227891e-07,1.44279243769665e-07
11.0,4.554130797,7.337368432e-05,-0.002260207658,1.132533228513615e-06,-1.8858950601351402e-07,1.5035449893140484e-07
11.0,4.622341587,6.563084281e-05,-0.002229672543,1.0980033415270917e-06,-2.6024885749413737e-07,1.5633170135145573e-07
11.0,4.691539642,5.789889076e-05,-0.002199695576,1.0637699802498684e-06,-3.257936662579851e-07,1.6206328461474182e-07
11.0,4.76173925,5.016837967e-05,-0.002170273579,1.0297264282727027e-06,-3.854377169629964e-07,1.674118190993956e-07
11.0,4.832954907,4.243533012e-05,-0.002141401532,9.958355992342926e-07,-4.393090578824549e-07,1.7224214638514576e-07
11.0,4.905201321,3.470023814e-05,-0.002113072855,9.62121808698022e-07,-4.87457300178821e-07,1.7641644336318113e-07
11.0,4.97849341,2.696748413e-05,-0.002085279522,9.28665411303135e-07,-5.298620643639063e-07,1.797914244536535e-07
11.0,5.052846308,1.924499983e-05,-0.002058012101,8.955988243361035e-07,-5.664415221290406e-07,1.822176125144058e-07
11.0,5.128275369,1.154409452e-05,-0.002031259738,8.631022398555988e-07,-5.970664037044879e-07,1.8354161659461896e-07
11.0,5.20479617,3.879349896e-06,-0.002005010116,8.313973064134715e-07,-6.215794105794887e-07,1.836117256769821e-07
11.0,5.282424513,-3.731490907e-06,-0.001979249412,8.007376063244969e-07,-6.398218766717479e-07,1.8228666161190376e-07
11.0,5.361176426,-1.12676719e-05,-0.001953962237,7.713941022765509e-07,-6.516684005893649e-07,1.7944723996560244e-07
11.0,5.441068173,-1.870565409e-05,-0.001929131651,7.436361326731888e-07,-6.570652421686912e-07,1.7500943180206127e-07
11.0,5.522116252,-2.60194538e-05,-0.001904739208,7.177077219041672e-07,-6.560728782039825e-07,1.6893884835202457e-07
11.0,5.604337398,-3.318115318e-05,-0.001880765137,6.938002817505925e-07,-6.489072999761372e-07,1.6126469784114662e-07
11.0,5.68774859,-4.016162235e-05,-0.001857188565,6.720261201498362e-07,-6.359655252049711e-07,1.5208978404801712e-07
11.0,5.772367054,-4.693142989e-05,-0.001833987947,6.523967427617028e-07,-6.178500667405766e-07,1.415935101210605e-07
11.0,5.858210261,-5.346190556e-05,-0.001811141355,6.348137491140546e-07,-5.953198508755719e-07,1.3002348515475044e-07
11.0,5.94529594,-5.972621546e-05,-0.001788627521,6.190778492619466e-07,-5.693271139451757e-07,1.1767523793883589e-07
11.0,6.033642073,-6.570032529e-05,-0.001766425051,6.049102104918317e-07,-5.407514635855957e-07,1.0486780541419092e-07
11.0,6.123266903,-7.136369863e-05,-0.001744516042,5.919893273529194e-07,-5.108648889334472e-07,9.191546247845734e-08
11.0,6.214188939,-7.669959539e-05,-0.001722877864,5.80005930179106e-07,-4.797363454366823e-07,7.90953523685445e-08
11.0,6.306426956,-8.169504713e-05,-0.001701511882,5.686748935238294e-07,-4.490251606761729e-07,6.689214933005858e-08
11.0,6.4,-8.633874053e-05,-0.001680397433,5.577891419936047e-07,-4.1913940471206295e-07,5.525602683274176e-08
13.0,1.592040789e-15,0.07191774771,7.152027244e-06,0.000442082321108981,0.00037103880519198657,5.082628992083989e-07
13.0,0.005204005103,0.07191716665,1.413492592e-05,0.0004420813933632259,0.00037068168727948645,1.0146146471433585e-06
13.0,0.01033966345,0.07191545631,2.75908901e-05,0.00044207867157426245,0.00037085818072565564,2.012069314830342e-06
13.0,0.01540787221,0.0719126571,4.080339854e-05,0.0004420742079117383,0.00037106839346313166,2.9946860398869987e-06
13.0,0.02040951739,0.07190881445,5.405807923e-05,0.00044206808954558454,0.00037083807052539744,3.9644330393349505e-06
13.0,0.0253454732,0.0719039705,6.711975099e-05,0.0004420603741581016,0.00037090030381998346,4.921195967450217e-06
13.0,0.03021660239,0.07189816613,8.00154608e-05,0.00044205112429021554,0.00037090344109160997,5.865126529445678e-06
13.0,0.03502375636,0.07189144102,9.273058447e-05,0.00044204039919095497,0.0003709225898412021,6.79632084621897e-06
13.0,0.03976777532,0.07188383368,0.0001052747813,0.0004420282561740926,0.0003709329265535503,7.714910226418687e-06
13.0,0.04444948847,0.07187538147,0.000117647662,0.0004420147505869265,0.00037094817524490535,8.621014595732867e-06
13.0,0.04906971409,0.0718661206,0.0001298515252,0.0004419999355607629,0.00037096400953022095,9.514759817825627e-06
13.0,0.05362925975,0.07185608622,0.0001418877853,0.00044198386264194427,0.00037098153271215026,1.0396272454723538e-05
13.0,0.05812892238,0.07184531238,0.0001537582837,0.00044196658129002373,0.0003710001470069555,1.1265680575157052e-05
13.0,0.06256948846,0.0718338321,0.0001654647438,0.0004419481394124204,0.0003710199972157285,1.212311263725178e-05
13.0,0.06695173415,0.07182167737,0.0001770089415,0.0004419285832098341,0.0003710409611217276,1.296869756851667e-05
13.0,0.07127642538,0.0718088792,0.0001883926485,0.0004419079573845948,0.00037106300616623894,1.3802566242465532e-05
13.0,0.07554431806,0.07179546762,0.0001996176495,0.0004418863051188688,0.0003710860489985394,1.4624851190154955e-05
13.0,0.07975615815,0.07178147172,0.0002106857443,0.00044186366824280486,0.00037111006895470644,1.5435684703237773e-05
13.0,0.08391268182,0.07176691966,0.0002215987153,0.0004418400869458839,0.0003711349182410011,1.6235198299843637e-05
13.0,0.08801461558,0.07175183871,0.0002323584003,0.0004418156003333084,0.0003711608784955954,1.7023522960463443e-05
13.0,0.09206267639,0.07173625527,0.000242966435,0.0004417902462947609,0.0003711870475637688,1.780078750954275e-05
13.0,0.09605757177,0.07172019488,0.0002534249129,0.00044176406153484843,0.0003712146981728592,1.8570561956145178e-05
13.0,0.1,0.07170368224,0.0002637357987,0.00044173708131071493,0.00037124265011431685,1.93272225740999e-05
13.0,0.1037429218,0.07168739618,0.0002735144931,0.00044171041371036154,0.0003712698669946085,2.0035640481040044e-05
13.0,0.1075400176,0.07167026888,0.0002834241262,0.00044168230691126945,0.00037129917334631014,2.0755795112872394e-05
13.0,0.1113920715,0.07165227123,0.0002934661885,0.0004416527037804003,0.00037132926747426886,2.1491735940892033e-05
13.0,0.115299879,0.07163337336,0.0003036417515,0.0004416215447597742,0.0003713610248575321,2.2237339795623355e-05
13.0,0.119264247,0.07161354452,0.0003139520228,0.0004415887676013798,0.0003713941815446714,2.299270820294631e-05
13.0,0.1232859942,0.07159275305,0.0003243981364,0.0004415543074995648,0.0003714288651509521,2.3757926351085934e-05
13.0,0.1273659511,0.07157096637,0.0003349812219,0.00044151809699157667,0.00037146508419397544,2.4533075532736712e-05
13.0,0.1315049601,0.07154815098,0.0003457023733,0.0004414800660588063,0.0003715028915942708,2.531823837035405e-05
13.0,0.135703876,0.07152427239,0.0003565626585,0.0004414401415227616,0.0003715423188413292,2.6113498402739444e-05
13.0,0.1399635659,0.07149929514,0.0003675631142,0.00044139824707423213,0.0003715834043157895,2.6918934470822244e-05
13.0,0.1442849094,0.07147318275,0.0003787047434,0.000441354303127404,0.00037162618870795986,2.7734619663508317e-05
13.0,0.1486687988,0.07144589772,0.0003899885103,0.00044130822669667414,0.00037167071505546845,2.856062199929728e-05
13.0,0.1531161394,0.07141740148,0.000401415338,0.0004412599314275702,0.000371717021815553,2.939701042331728e-05
13.0,0.1576278496,0.0713876544,0.0004129861079,0.00044120932737977473,0.0003717651431244844,3.0243854562784073e-05
13.0,0.1622048611,0.07135661573,0.0004247016575,0.00044115632031986346,0.00037181511376093557,3.110121817554434e-05
13.0,0.166848119,0.0713242436,0.0004365627752,0.0004411008119620234,0.00037186697316573565,3.196915782028685e-05
13.0,0.1715585821,0.071290495,0.000448570195,0.00044104269973593954,0.0003719207620915048,3.284772355013957e-05
13.0,0.1763372232,0.07125532573,0.0004607245931,0.0004409818769578846,0.00037197651572630914,3.373696561079981e-05
13.0,0.181185029,0.07121869042,0.0004730265875,0.0004409182321482895,0.000372034263263452,3.463693424676447e-05
13.0,0.1861030006,0.07118054245,0.000485476735,0.00044085164871814054,0.0003720940343319285,3.5547672454487686e-05
13.0,0.1910921536,0.07114083397,0.000498075525,0.00044078200468049094,0.0003721558627993684,3.646921447533045e-05
13.0,0.1961535182,0.07109951585,0.0005108233727,0.00044070917293479394,0.0003722197836352731,3.7401586391061837e-05
13.0,0.2012881397,0.07105653769,0.0005237206153,0.00044063302079785243,0.0003722858243528989,3.834481331670473e-05
13.0,0.2064970782,0.07101184777,0.0005367675113,0.0004405534098181776,0.0003723540049539516,3.92989193167945e-05
13.0,0.2117814095,0.070965393,0.0005499642363,0.00044047019499936696,0.0003724243449743961,4.026391963489997e-05
13.0,0.2171422247,0.07091711896,0.0005633108767,0.0004403832246708337,0.00037249686783177757,4.1239818953554103e-05
13.0,0.222580631,0.07086696984,0.00057680742,0.00044029234043706017,0.0003725715969672256,4.222661189501738e-05
13.0,0.2280977512,0.0708148884,0.0005904537512,0.00044019737710482705,0.0003726485466142791,4.322429055625616e-05
13.0,0.2336947247,0.07076081601,0.0006042496514,0.00044009816207185543,0.0003727277213331292,4.423284452521719e-05
13.0,0.2393727073,0.07070469255,0.0006181947934,0.00043999451444698314,0.000372809123875787,4.52522527014646e-05
13.0,0.2451328714,0.07064645644,0.0006322887326,0.0004398862451125131,0.00037289276004779005,4.6282481389707713e-05
13.0,0.2509764065,0.0705860446,0.0006465308975,0.00043977315633727295,0.00037297863442704556,4.732348467993238e-05
13.0,0.2569045194,0.07052339247,0.0006609205835,0.00043965504176583797,0.0003730667396123825,4.837521196046965e-05
13.0,0.2629184342,0.07045843391,0.0006754569523,0.0004395316858166988,0.0003731570557392217,4.943760855289215e-05
13.0,0.2690193927,0.07039110127,0.0006901390259,0.00043940286261750865,0.000373249561034915,5.051060668286532e-05
13.0,0.2752086549,0.07032132529,0.0007049656738,0.0004392683357374196,0.0003733442390551108,5.159412371715119e-05
13.0,0.2814874987,0.07024903517,0.0007199355939,0.0004391278580955253,0.0003734410398737939,5.2688062278313055e-05
13.0,0.2878572208,0.07017415847,0.0007350473516,0.00043898117177797413,0.0003735399692330707,5.379231803897337e-05
13.0,0.2943191364,0.07009662118,0.0007502993433,0.000438828007247336,0.00037364093939572625,5.490677990563585e-05
13.0,0.3008745801,0.07001634762,0.0007656897281,0.0004386680821619768,0.00037374387865104553,5.603132167360326e-05
13.0,0.3075249055,0.0699332605,0.0007812165065,0.0004385011009287428,0.00037384876798849585,5.7165799506655215e-05
13.0,0.3142714859,0.06984728087,0.0007968775001,0.00043832675501055267,0.00037395550361720277,5.831005191393867e-05
13.0,0.3211157144,0.06975832814,0.0008126703031,0.00043814472202474404,0.00037406401576573633,5.9463907629130866e-05
13.0,0.3280590044,0.06966632005,0.0008285923015,0.0004379546650823495,0.0003741741952717023,6.0627185998170114e-05
13.0,0.3351027897,0.06957117267,0.0008446406608,0.00043775623184015447,0.00037428592952295863,6.179968850742213e-05
13.0,0.3422485248,0.06947280041,0.0008608123147,0.0004375490533862222,0.0003743990998043605,6.29811960407969e-05
13.0,0.3494976853,0.06937111599,0.0008771039477,0.00043733274472253843,0.0003745135794373753,6.417146873805696e-05
13.0,0.3568517682,0.06926603052,0.0008935119869,0.00043710690394607596,0.0003746292183878102,6.537025374115553e-05
13.0,0.364312292,0.0691574534,0.0009100326005,0.00043687111117680943,0.00037474584268930213,6.657728583147564e-05
13.0,0.3718807975,0.06904529239,0.000926661689,0.00043662492763395965,0.00037486326520936274,6.77922787453142e-05
13.0,0.3795588474,0.06892945361,0.0009433948698,0.0004363678945320553,0.00037498129103570235,6.901492257233726e-05
13.0,0.3873480273,0.06880984154,0.0009602274589,0.0004360995331686467,0.0003750997116740891,7.024488336138565e-05
13.0,0.3952499456,0.06868635909,0.0009771544614,0.00043581934436348407,0.0003752182905311146,7.148181053170283e-05
13.0,0.4032662342,0.06855890753,0.0009941705699,0.0004355268073375903,0.0003753367614068329,7.27253377461754e-05
13.0,0.4113985483,0.06842738658,0.001011270155,0.00043522137817548546,0.0003754548397255074,7.397507450068327e-05
13.0,0.4196485673,0.06829169441,0.001028447249,0.0004349024890570312,0.0003755722281699727,7.523060335639051e-05
13.0,0.4280179948,0.06815172767,0.001045695524,0.00043456954838741175,0.00037568861081476395,7.649147937238262e-05
13.0,0.4365085591,0.06800738156,0.001063008283,0.00043422193981465865,0.0003758036371431408,7.775723711627843e-05
13.0,0.4451220135,0.06785854983,0.001080378458,0.00043385902123911884,0.0003759169206135906,7.902739198844176e-05
13.0,0.4538601367,0.06770512482,0.001097798602,0.0004334801233577119,0.0003760280504017655,8.03014320213861e-05
13.0,0.4627247331,0.06754699752,0.001115260867,0.00043308454862330627,0.00037613659702896105,8.157881502441528e-05
13.0,0.4717176332,0.06738405763,0.001132756984,0.00043267157137768153,0.0003762421060809044,8.285896778564684e-05
13.0,0.4808406941,0.06721619363,0.001150278254,0.0004322404369885863,0.0003763440815652839,8.414129292327694e-05
13.0,0.4900957997,0.06704329281,0.001167815546,0.0004317903607901532,0.0003764419842717359,8.542517058833028e-05
13.0,0.4994848611,0.06686524134,0.001185359284,0.0004313205266660293,0.00037653524393920434,8.67099503127593e-05
13.0,0.5090098173,0.06668192436,0.001202899436,0.0004308300858799004,0.00037662326468944693,8.799494860908626e-05
13.0,0.518672635,0.06649322604,0.00122042548,0.00043031815754544274,0.0003767054189754892,8.927944778112127e-05
13.0,0.5284753098,0.0662990297,0.001237926405,0.00042978382766382066,0.0003767810299353331,9.056270264058874e-05
13.0,0.5384198657,0.06609921788,0.001255390702,0.00042922614818847224,0.00037684936993040164,9.184394229096137e-05
13.0,0.5485083564,0.0658936724,0.001272806362,0.00042864413564005317,0.0003769096727436968,9.312236307794355e-05
13.0,0.5587428652,0.0656822745,0.001290160852,0.00042803677035570167,0.0003769611395415962,9.439712566926912e-05
13.0,0.5691255055,0.06546490497,0.001307441095,0.00042740299664634196,0.00037700293213531217,9.566735444956433e-05
13.0,0.5796584212,0.06524144422,0.001324633458,0.00042674172269939015,0.0003770341557433813,9.693214337622687e-05
13.0,0.5903437875,0.06501177243,0.001341723756,0.0004260518192001855,0.00037705385681405023,9.819055865131254e-05
13.0,0.6011838108,0.06477576967,0.001358697247,0.00042533211866295034,0.00037706103601580616,9.944163203000078e-05
13.0,0.6121807297,0.06453331601,0.00137553861,0.0004245814147848129,0.00037705465416262466,0.00010068435859576143
13.0,0.6233368149,0.06428429172,0.001392231924,0.00042379846304363775,0.00037703362569456016,0.00010191769579321175
13.0,0.6346543703,0.06402857736,0.001408760661,0.00042298198083602493,0.00037699680130013485,0.00010314056936736796
13.0,0.6461357329,0.06376605401,0.001425107691,0.0004221306467245811,0.0003769429662125022,0.00010435187624779176
13.0,0.6577832735,0.06349660333,0.001441255281,0.00042124309993669837,0.0003768708531851721,0.0001055504790060502
13.0,0.6695993975,0.06322010782,0.001457185076,0.000420317940607356,0.0003767791490346058,0.00010673520396380314
13.0,0.6815865448,0.06293645097,0.001472878079,0.0004193537304267098,0.0003766664880585551,0.00010790484044970177
13.0,0.6937471908,0.06264551743,0.001488314647,0.00041834899380512004,0.0003765314356382182,0.00010905814651578953
13.0,0.7060838467,0.06234719324,0.001503474505,0.0004173022176457786,0.0003763724868274664,0.00011019385248695755
13.0,0.7185990599,0.06204136598,0.001518336743,0.0004162118514115305,0.00037618807950851523,0.00011131065642354622
13.0,0.7312954149,0.06172792501,0.001532879804,0.00041507630808541304,0.0003759766013017916,0.0001124072229832659
13.0,0.7441755335,0.06140676168,0.001547081471,0.0004138939660079387,0.0003757363843589355,0.00011348218276973307
13.0,0.7572420753,0.06107776956,0.001560918864,0.0004126631703447234,0.00037546568905822683,0.00011453413836378297
13.0,0.7704977387,0.06074084465,0.001574368461,0.0004113822340122089,0.00037516270439336277,0.00011556166812089879
13.0,0.783945261,0.06039588563,0.001587406103,0.000410049438942594,0.0003748255603468467,0.00011656332331962329
13.0,0.797587419,0.06004279407,0.001600006989,0.000408663037637013,0.0003744523398942931,0.0001175376273723419
13.0,0.8114270298,0.05968147472,0.00161214566,0.0004072212562304954,0.00037404105797830817,0.00011848307612455425
13.0,0.8254669514,0.05931183575,0.001623796033,0.0004057222968483151,0.00037358967720033597,0.00011939830408385124
13.0,0.839710083,0.05893378902,0.001634931369,0.00040416434866504306,0.0003730961019532488,0.00012028149816816512
13.0,0.8541593657,0.05854725029,0.001645524332,0.00040254552557268507,0.00037255814589222006,0.00012113083831444575
13.0,0.8688177834,0.05815213957,0.001655547014,0.00040086403436345925,0.0003719735890517389,0.00012194532157615557
13.0,0.883688363,0.05774838137,0.001664970896,0.0003991180273362477,0.0003713401677823084,0.00012272340485260276
13.0,0.8987741753,0.05733590494,0.001673766891,0.00039730555767768764,0.00037065556882681156,0.00012346311720726725
13.0,0.9140783356,0.05691464462,0.001681905322,0.0003954247770755444,0.00036991742768158984,0.00012416288768010583
13.0,0.929604004,0.05648454007,0.00168935599,0.0003934738054278103,0.00036912331150462365,0.00012482115205926007
13.0,0.9453543867,0.05604553659,0.001696088201,0.0003914507664389797,0.000368270759449231,0.00012543628548265215
13.0,0.9613327362,0.05559758544,0.001702070755,0.0003893537933660636,0.0003673572829447509,0.00012600666038373615
13.0,0.9775423519,0.0551406441,0.001707271979,0.00038718103420941124,0.0003663803484894821,0.00012653065251868033
13.0,0.9939865811,0.05467467658,0.001711659773,0.00038493065700823483,0.0003653373828745468,0.0001270066476371514
13.0,1.01066882,0.05419965377,0.001715201655,0.00038260085517599797,0.0003642257834108719,0.0001274330428775186
13.0,1.027592512,0.05371555365,0.001717864789,0.00038018985341968856,0.00036304294721870896,0.0001278082488684025
13.0,1.044761154,0.05322236167,0.001719615974,0.00037769591522143764,0.00036178626247140454,0.00012813069301208626
13.0,1.062178289,0.05272007104,0.001720421725,0.00037511734943466437,0.00036045308003159935,0.00012839882534681677
13.0,1.079847516,0.05220868305,0.001720248343,0.0003724525166095865,0.0003590407531336145,0.00012861112592732138
13.0,1.097772482,0.05168820732,0.001719061929,0.00036969983655164114,0.00035754664875920384,0.00012876610830165355
13.0,1.115956889,0.05115866215,0.001716828446,0.0003668577954144492,0.0003559681422061417,0.0001288623219517445
13.0,1.134404493,0.05062007477,0.001713513759,0.0003639249540593383,0.00035430263730269756,0.00012889835719071118
13.0,1.153119101,0.05007248171,0.001709083686,0.000360899956571883,0.00035254755206734083,0.00012887284958563032
13.0,1.17210458,0.04951592903,0.001703504096,0.00035778153755621194,0.0003507003568253438,0.00012878449244396452
13.0,1.19136485,0.04895047262,0.001696740924,0.00035456853065090867,0.00034875848645191424,0.00012863202989960143
13.0,1.210903887,0.04837617851,0.001688760511,0.0003512598779962617,0.0003467196064042853,0.00012841428853358313
13.0,1.230725728,0.04779312307,0.001679529276,0.00034785463418855717,0.00034458130509062545,0.00012813014402415996
13.0,1.250834464,0.04720139335,0.001669013076,0.00034435198155007425,0.00034234114538037557,0.0001277784988315542
13.0,1.271234248,0.04660108736,0.001657178804,0.000340751241238545,0.00033999710520744636,0.00012735844722283794
13.0,1.291929293,0.04599231429,0.001643994749,0.0003370518752159874,0.00033754697564454864,0.0001268691279896651
13.0,1.312923873,0.04537519471,0.001629429077,0.0003332534934755165,0.0003349886653973892,0.00012630970217575538
13.0,1.334222322,0.0447498608,0.00161345019,0.0003293558673952784,0.00033232036294632067,0.00012567949666231193
13.0,1.35582904,0.04411645664,0.001596027414,0.00032535894083422014,0.00032954027024939325,0.00012497792377816767
13.0,1.377748487,0.04347513838,0.001577130964,0.00032126283444573983,0.0003266467452179963,0.00012420450430412729
13.0,1.39998519,0.04282607444,0.001556731982,0.0003170678560196245,0.00032363830765470234,0.00012335887505352376
13.0,1.422543741,0.04216944568,0.001534802638,0.00031277450789357294,0.00032051364280172507,0.00012244079123549404
13.0,1.445428798,0.04150544557,0.001511316223,0.0003083834957790564,0.0003172716137787917,0.00012145013299083835
13.0,1.468645087,0.04083428034,0.001486247264,0.00030389573577031044,0.0003139112693652582,0.00012038691048976946
13.0,1.492197403,0.04015616913,0.001459571643,0.00029931236150148227,0.00031043185645530366,0.00011925126973352417
13.0,1.516090608,0.03947134407,0.001431266712,0.0002946347320214985,0.0003068328363451244,0.00011804349715962527
13.0,1.540329637,0.03878005039,0.001401311411,0.0002898644382086339,0.0003031138973049822,0.00011676402367963941
13.0,1.564919496,0.03808254652,0.001369686382,0.00028500330679668965,0.0002992749637276256,0.00011541342836023699
13.0,1.589865261,0.03737910411,0.001336374097,0.00028005340651787096,0.0002953162058131232,0.00011399244303835252
13.0,1.615172084,0.03667000809,0.001301358987,0.00027501705307833975,0.00029123805141367516,0.00011250195596707224
13.0,1.640845191,0.03595555664,0.001264627571,0.00026989681221266235,0.0002870411979388944,0.00011094301493233849
13.0,1.666889884,0.03523606125,0.001226168587,0.00026469550311313575,0.0002827266225884294,0.00010931682917217808
13.0,1.69331154,0.03451184659,0.001185973123,0.0002594162004876861,0.000278295591310555,0.00010762477191148674
13.0,1.720115616,0.03378325052,0.001144034749,0.00025406223566251863,0.0002737496668675236,0.00010586838236041984
13.0,1.747307647,0.03305062399,0.001100349662,0.00024863719737339845,0.0002690907178263736,0.00010404936696798015
13.0,1.774893249,0.03231433088,0.001054916814,0.00024314493076221179,0.0002643209263998912,0.00010216959960313822
13.0,1.802878116,0.03157474791,0.001007738056,0.0002375895359327092,0.00025944279429837244,0.00010023112120521927
13.0,1.831268029,0.03083226444,0.0009588182736,0.00023197536448655732,0.00025445914765279864,9.823613960217227e-05
13.0,1.86006885,0.03008728227,0.0009081655303,0.0002263070162492205,0.00024937314294449223,9.61870285179779e-05
13.0,1.889286525,0.02934021542,0.0008557912014,0.00022058933423631515,0.0002441882707200128,9.408632523495907e-05
13.0,1.91892709,0.02859148988,0.0008017101112,0.0002148273982984444,0.0002389083576571752,9.193672761863433e-05
13.0,1.948996664,0.02784154328,0.0007459406695,0.00020902651741684324,0.00023353756603735452,8.974109014223403e-05
13.0,1.979501456,0.02709082462,0.0006885050134,0.00020319222106913746,0.00022808039386458892,8.75024205291732e-05
13.0,2.010447767,0.02633979388,0.0006294291416,0.00019733024906981751,0.00022254167484451426,8.522387495807998e-05
13.0,2.041841986,0.02558892166,0.0005687430411,0.00019144654118535663,0.0002169265762133001,8.290875199553259e-05
13.0,2.073690596,0.02483868874,0.0005064808128,0.00018554722408523484,0.00021124059272020708,8.056048533300999e-05
13.0,2.106000175,0.02408958568,0.0004426807992,0.000179638597910171,0.00020548953933152757,7.818263639004136e-05
13.0,2.138777393,0.02334211231,0.0003773857162,0.0001737271208336079,0.00019967954344718452,7.577888659327982e-05
13.0,2.17202902,0.02259677723,0.0003106427724,0.00016781939327455568,0.00019381703850342407,7.335302931005445e-05
13.0,2.205761922,0.02185409731,0.0002425037762,0.00016192214130658172,0.00018790875352341386,7.090895922540584e-05
13.0,2.239983065,0.02111459709,0.0001730252427,0.00015604219801942384,0.00018196169896570093,6.845066144218584e-05
13.0,2.274699515,0.02037880822,0.0001022685021,0.00015018648398772204,0.00017598315122296243,6.598220024692295e-05
13.0,2.309918441,0.01964726885,3.029981051e-05,0.00014436198697702327,0.00016998063633606714,6.350770595376901e-05
13.0,2.345647117,0.01892052305,-4.2809549e-05,0.00013857574137588564,0.00016396191566634774,6.1031363620470044e-05
13.0,2.381892919,0.0181991201,-0.000116983187,0.00013283480495485868,0.0001579349685332014,5.85574035372696e-05
13.0,2.418663334,0.01748361382,-0.0001921395333,0.00012714623622545043,0.00015190796996787136,5.6090085882768216e-05
13.0,2.455965953,0.01677456188,-0.0002681917527,0.00012151707236000504,0.0001458892656180436,5.363368215324092e-05
13.0,2.49380848,0.01607252517,-0.0003450476542,0.00011595430467945199,0.000139887348967946,5.119246195767095e-05
13.0,2.53219873,0.01537806706,-0.0004226096172,0.00011046485451756313,0.00013391083967196086,4.8770679923633735e-05
13.0,2.571144629,0.01469175275,-0.0005007745342,0.00010505554950171288,0.00012796845758250537,4.637255947770236e-05
13.0,2.610654221,0.01401414859,-0.000579433748,9.973309909901216e-05,0.00012206899476306104,4.400227686246759e-05
13.0,2.650735663,0.0133458214,-0.0006584729851,9.450406996191217e-05,0.00011622128599409234,4.1663944964315575e-05
13.0,2.691397234,0.01268733786,-0.0007377722759,8.937486157901915e-05,0.00011043417981030564,3.9361598332995554e-05
13.0,2.732647329,0.01203926393,-0.0008172058803,8.435168321172793e-05,0.00010471651171407666,3.7099178373466325e-05
13.0,2.774494467,0.01140216425,-0.000896642222,7.94405317865272e-05,9.907707493146957e-05,3.488051734556897e-05
13.0,2.816947288,0.01077660169,-0.000975943806,7.46471694624453e-05,9.352458966949831e-05,3.270932285548773e-05
13.0,2.86001456,0.01016313693,-0.001054967121,6.997710253362791e-05,8.806767326098106e-05,3.0589162609372685e-05
13.0,2.903705176,0.009562328192,-0.001133562507,6.543556149128164e-05,8.271480598564419e-05,2.852345182758399e-05
13.0,2.948028158,0.008974731034,-0.00121157396,6.1027483399791025e-05,7.747431013393543e-05,2.6515439964377555e-05
13.0,2.992992659,0.008400898318,-0.001288839024,5.675749640548976e-05,7.235432682898367e-05,2.4568196213604896e-05
13.0,3.038607963,0.007841380384,-0.001365188567,5.262990475716001e-05,6.736277614163367e-05,2.2684601102964548e-05
13.0,3.084883491,0.007296725425,-0.001440446392,4.864867687812465e-05,6.250733766114232e-05,2.086733420709149e-05
13.0,3.131828798,0.006767480185,-0.001514428928,4.4817436221627086e-05,5.779544025278089e-05,1.9118865386791773e-05
13.0,3.179453579,0.006254190932,-0.001586944836,4.1139455478279225e-05,5.323423023966502e-05,1.744144561252641e-05
13.0,3.227767668,0.005757404888,-0.001657794403,3.7617653048455e-05,4.883054935751563e-05,1.583711019205102e-05
13.0,3.276781041,0.005277672006,-0.001726768374,3.4254592743235674e-05,4.459097176466539e-05,1.4307667520063454e-05
13.0,3.326503821,0.004815547501,-0.001793647359,3.105249447101644e-05,4.052173081243647e-05,1.2854691587876632e-05
13.0,3.376946275,0.004371595207,-0.001858201325,2.8013239797388144e-05,3.6628753241915424e-05,1.1479533045379624e-05
13.0,3.428118819,0.00394639136,-0.001920187432,2.51383857978697e-05,3.291769039839107e-05,1.0183324267979385e-05
13.0,3.48003202,0.003540529527,-0.001979348082,2.2429191148905377e-05,2.939388552398131e-05,8.96698148720467e-06
13.0,3.532696599,0.003154626714,-0.002035409192,1.9886642754651755e-05,2.6062435260838763e-05,7.831211530697086e-06
13.0,3.58612343,0.002789330482,-0.002088077521,1.751149171059613e-05,2.2928210307812684e-05,6.776529243309981e-06
13.0,3.640323547,0.002445327081,-0.002137037712,1.5304296275348738e-05,1.9995899923496583e-05,5.803271083034407e-06
13.0,3.695308141,0.002123350118,-0.002181948968,1.3265470015695788e-05,1.7270057002699333e-05,4.911612510836845e-06
13.0,3.751088567,0.001824188494,-0.002222441733,1.1395330866665886e-05,1.475514359506164e-05,4.1015834440678155e-06
13.0,3.807676344,0.001548690881,-0.002258115277,9.694140862300952e-06,1.2455554691931191e-05,3.373077368630218e-06
13.0,3.865083157,0.001297761057,-0.002288537929,8.162111890896685e-06,1.0375578883713796e-05,2.7258435582239856e-06
13.0,3.92332086,0.001072333165,-0.002313253428,6.7993320356092265e-06,8.519215798098838e-06,2.159440502846515e-06
13.0,3.98240148,0.0008733078897,-0.002331799405,5.605526740781893e-06,6.889713094124797e-06,1.6731116191371954e-06
13.0,4.042337217,0.0007014203221,-0.002343747505,4.579533374303739e-06,5.488574596722408e-06,1.2655099383706534e-06
13.0,4.103140447,0.0005570076945,-0.002348775107,3.7183684082532853e-06,4.313891091361802e-06,9.341731545300256e-07
13.0,4.164823726,0.0004396723493,-0.002346776696,3.015921798845546e-06,3.3578373440508756e-06,6.746967649283046e-07
13.0,4.227399792,0.0003479255776,-0.002337983892,2.4615618059762933e-06,2.6042099135457237e-06,4.800020091063322e-07
13.0,4.290881567,0.0002790010232,-0.0023230349,2.0393122184171834e-06,2.027452635502911e-06,3.40083930910863e-07
13.0,4.35528216,0.0002290419763,-0.002302957407,1.7283624888191545e-06,1.5947117169167805e-06,2.433010792023611e-07
13.0,4.420614869,0.0001936754943,-0.002278998245,1.505252045750298e-06,1.2712928728939988e-06,1.785074735467103e-07
13.0,4.486893186,0.0001687344053,-0.002252368397,1.3470649580625052e-06,1.0257876644563033e-06,1.3633315415224823e-07
13.0,4.554130797,0.0001507901463,-0.002224088109,1.2342182708394835e-06,8.333368616877221e-07,1.0970879457420644e-07
13.0,4.622341587,0.0001373309805,-0.002194925994,1.1517909877858276e-06,6.765396766375054e-07,9.365662212090066e-08
13.0,4.691539642,0.0001266688581,-0.002165404378,1.0893407159386517e-06,5.439251904305095e-07,8.47163404761032e-08
13.0,4.76173925,0.0001177299253,-0.002135859138,1.0399361587362902e-06,4.2835038537353434e-07,8.05304027030524e-08
13.0,4.832954907,0.0001098507275,-0.002106497975,9.990890386600082e-07,3.2540672366511147e-07,7.950574284081938e-08
13.0,4.905201321,0.0001026251125,-0.002077447034,9.639015240845168e-07,2.3235939291897142e-07,8.057478012608656e-08
13.0,4.97849341,9.580346667e-05,-0.002048782032,9.324842682234689e-07,1.4745902633251103e-07,8.301999959405742e-08
13.0,5.052846308,8.923062633e-05,-0.002020548011,9.03585984143132e-07,6.954338917467724e-08,8.635420387710254e-08
13.0,5.128275369,8.280876203e-05,-0.001992771277,8.763640575710834e-07,-2.194904784943523e-09,9.024022359028419e-08
13.0,5.20479617,7.647537794e-05,-0.001965466563,8.502433777759284e-07,-6.833827669358592e-08,9.443774787292916e-08
13.0,5.282424513,7.019026041e-05,-0.001938641298,8.248290450062772e-07,-1.293171502954897e-07,9.876818442553225e-08
13.0,5.361176426,6.392763717e-05,-0.001912298187,7.998522486986003e-07,-1.8544961023717444e-07,1.0309159654508612e-07
13.0,5.441068173,5.767142653e-05,-0.001886436766,7.751368095738239e-07,-2.3696454873161143e-07,1.0729110735704195e-07
13.0,5.522116252,5.141233793e-05,-0.001861054329,7.50577525418183e-07,-2.8401457854497877e-07,1.1126232039721491e-07
13.0,5.604337398,4.514609741e-05,-0.001836146496,7.261266665156638e-07,-3.266844452053703e-07,1.1490528583053741e-07
13.0,5.68774859,3.887239675e-05,-0.001811707488,7.017856694682318e-07,-3.6499348702512817e-07,1.1811918426234198e-07
13.0,5.772367054,3.259424282e-05,-0.001787730348,6.776004123808101e-07,-3.9890600990829957e-07,1.2079975876081745e-07
13.0,5.858210261,2.631756585e-05,-0.001764206858,6.536584200023609e-07,-4.283171170330843e-07,1.2283901234800073e-07
13.0,5.94529594,2.005097695e-05,-0.001741127965,6.300848492204972e-07,-4.5311929396683903e-07,1.2412682367257908e-07
13.0,6.033642073,1.38056098e-05,-0.001718482556,6.070377548908329e-07,-4.7308847164449124e-07,1.2455396195948833e-07
13.0,6.123266903,7.594994489e-06,-0.00169626008,5.847016365453784e-07,-4.882793030461657e-07,1.2401711920109433e-07
13.0,6.214188939,1.434907439e-06,-0.001674444364,5.632783095747177e-07,-4.977175705225854e-07,1.2243604690489272e-07
13.0,6.306426956,-4.656809592e-06,-0.001653040452,5.429629814819336e-07,-5.024458927500819e-07,1.1988220682843403e-07
13.0,6.4,-1.065816797e-05,-0.001632026711,5.239477174716087e-07,-5.024278253359926e-07,1.1610621262433808e-07
