x-coordinate,y-coordinate,axial-velocity,radial-velocity,uv
0.0,0.0,1.222713955,0.000585969972,-0.00031460551401031253
0.004239977228,5.19247454e-19,1.220881372,0.0005734083291,-0.00032159200596796266
0.008526594205,1.04420663e-18,1.219140254,0.0005513029153,-0.00032994430651270116
0.01286036397,1.574940357e-18,1.217410428,0.0005198422944,-0.000339540915170539
0.0172418052,2.111512155e-18,1.215776309,0.0004794282596,-0.0003484886097962453
0.02167144228,2.653986243e-18,1.214272872,0.0004310593832,-0.0003562530237405309
0.02614980538,3.202427545e-18,1.212922733,0.0003768164747,-0.00036420714340799757
0.03067743046,3.756901702e-18,1.21174654,0.0003185235957,-0.0003699001991015453
0.03525485943,4.317475075e-18,1.210762716,0.0002573133337,-0.00036928655911054516
0.03988264011,4.884214755e-18,1.209980634,0.0001958856949,-0.00036357784570245475
0.04456132638,5.457188571e-18,1.209404274,0.0001374523006,-0.0003540160707292677
0.04929147819,6.0364651e-18,1.209025446,8.500660539e-05,-0.0003262108073728462
0.05407366168,6.6221136699999996e-18,1.208821767,3.617824659e-05,-0.00025519283491041815
0.05890844919,7.214204374e-18,1.20878295,-9.948516249e-06,-0.00021582410240596385
0.06379641936,7.812808076e-18,1.208884521,-4.579759021e-05,-0.00024303131991154354
0.0687381572,8.417996419e-18,1.209083522,-6.854107707e-05,-0.00026749224933661156
0.07373425415,9.029841834e-18,1.209349588,-8.157324663e-05,-0.00027485839523427223
0.07878530818,9.648417548e-18,1.20965835,-8.691073115e-05,-0.0002723150985175386
0.08389192379,1.027379759e-17,1.209982579,-8.482271383e-05,-0.00026379058067318414
0.08905471218,1.0906056819999999e-17,1.210294381,-7.537091959e-05,-0.00024809266693289183
0.09427429125,1.15452709e-17,1.210568982,-5.876731739e-05,-0.00021911629430297226
0.09955128568,1.219151634e-17,1.210784722,-3.625880475e-05,-0.00017377633930317976
0.104886327,1.2844870469999999e-17,1.210925742,-1.325321289e-05,-0.00010996122414457539
0.1102800539,1.3505411499999999e-17,1.210972893,3.900585808e-06,-7.609060572995964e-05
0.1157331117,1.417321848e-17,1.21091303,2.058091862e-05,-0.00011899435994032805
0.1212461531,1.4848371339999998e-17,1.210745431,4.56737556e-05,-0.0001944314692503166
0.1268198381,1.553095087e-17,1.210461556,7.804534535e-05,-0.0002599933579137202
0.1324548335,1.622103879e-17,1.210047891,0.0001133707918,-0.00030893645146680464
0.1381518139,1.691871767e-17,1.209492757,0.0001488353758,-0.0003405317903152189
0.1439114611,1.762407102e-17,1.208788225,0.0001832480306,-0.0003620696540524958
0.1497344644,1.833718325e-17,1.20793005,0.0002170770094,-0.00038164764610907167
0.1556215207,1.9058139719999998e-17,1.206914526,0.0002511446946,-0.0004030754241796065
0.1615733347,1.978702671e-17,1.205736493,0.0002856968638,-0.0004266496343896344
0.1675906186,2.052393146e-17,1.20439022,0.0003206948592,-0.00045221126168531
0.1736740926,2.126894216e-17,1.202870292,0.0003560960824,-0.0004792344940903348
0.1798244849,2.2022147979999998e-17,1.201170983,0.0003920804078,-0.0005078320503947565
0.1860425314,2.278363906e-17,1.199287697,0.0004282419934,-0.0005354973848903889
0.1923289765,2.3553506539999997e-17,1.197217339,0.0004641013501,-0.0005617264712746788
0.1986845725,2.4331842569999998e-17,1.194955238,0.0004999312919,-0.0005895160328434877
0.20511008,2.511874029e-17,1.192496099,0.0005358165746,-0.0006190070581515256
0.2116062681,2.5914293889999997e-17,1.189835736,0.0005716154015,-0.000649741805513878
0.2181739143,2.671859858e-17,1.186970855,0.000607183353,-0.0006813007945351299
0.2248138046,2.753175062e-17,1.183898717,0.0006424120399,-0.0007133846413531644
0.2315267336,2.835384733e-17,1.180617032,0.000677219277,-0.0007457760386251927
0.2383135049,2.91849871e-17,1.177123895,0.000711525315,-0.0007782824459633545
0.2451749307,3.002526941e-17,1.173417774,0.0007452536909,-0.0008107140757059716
0.2521118322,3.0874794829999997e-17,1.169497577,0.0007783426361,-0.0008428532197625856
0.2591250396,3.173366503e-17,1.165362589,0.0008107614158,-0.0008746242781592904
0.2662153922,3.2601982799999996e-17,1.161012529,0.0008423935213,-0.0009058170614477689
0.2733837388,3.347985206e-17,1.156447751,0.000873034156,-0.0009360641513393801
0.2806309371,3.4367377889999996e-17,1.151669156,0.0009025609921,-0.0009652153130075365
0.2879578547,3.5264666499999996e-17,1.146678098,0.0009309287629,-0.0009931525939275575
0.2953653683,3.617182529e-17,1.141476457,0.0009581166139,-0.0010197473549713577
0.3028543646,3.708896282e-17,1.136066722,0.000984096476,-0.0010448692732888756
0.3104257398,3.801618886e-17,1.130452045,0.001008821324,-0.0010683927940216037
0.3180804002,3.895361439e-17,1.124636252,0.001032226902,-0.0010901770693037438
0.3258192618,3.990135161e-17,1.118623803,0.001054249551,-0.001110114429695347
0.3336432509,4.0859513929999996e-17,1.112419827,0.001074819843,-0.0011281524886684346
0.3415533039,4.1828216039999995e-17,1.106029902,0.001093852057,-0.0011442134014977663
0.3495503675,4.280757387e-17,1.099460423,0.001111191938,-0.0011581199751133989
0.3576353987,4.379770463e-17,1.092718981,0.001126860675,-0.001169749089371904
0.3658093653,4.4798726839999995e-17,1.085813056,0.001140977271,-0.0011792737219452952
0.3740732456,4.5810760289999996e-17,1.078749909,0.001153481339,-0.0011868354699866772
0.3824280285,4.68339261e-17,1.071537447,0.001164300125,-0.0011923640848307796
0.3908747141,4.786834674e-17,1.064184083,0.001173397648,-0.001195814159130572
0.3994143131,4.891414601e-17,1.05669858,0.001180772797,-0.001197193734518376
0.4080478478,4.9971449069999996e-17,1.049089913,0.001186450603,-0.001196550621305887
0.4167763514,5.104038247e-17,1.041367146,0.001190469648,-0.001193965154069537
0.4256008685,5.212107413e-17,1.033539396,0.001192866137,-0.001189510753647358
0.4345224552,5.32136534e-17,1.025615805,0.001193693897,-0.0011832566667475876
0.4435421795,5.4318251039999996e-17,1.017605416,0.001193030405,-0.0011753065223993522
0.4526611207,5.543499925e-17,1.009517073,0.001190956624,-0.0011657845270949016
0.4618803702,5.65640317e-17,1.001359395,0.00118755135,-0.001154798715549401
0.4712010315,5.77054835e-17,0.9931407446,0.001182904774,-0.0011424592501806288
0.4806242201,5.885949128e-17,0.9848691788,0.001177086993,-0.0011289251393690463
0.4901510638,6.002619312999999e-17,0.9765527016,0.001170121458,-0.0011142922285539748
0.4997827027,6.120572871e-17,0.9681991747,0.001162102642,-0.001098613150594766
0.5095202896,6.239823917999999e-17,0.9598158439,0.001153166619,-0.001082029269714078
0.5193649901,6.360386726999999e-17,0.9514094366,0.00114339403,-0.0010646862948333737
0.5293179822,6.482275726e-17,0.9429864144,0.00113284649,-0.0010466761963816597
0.5393804572,6.605505503999999e-17,0.9345529936,0.001121581489,-0.0010280781959224026
0.5495536195,6.73009081e-17,0.9261151583,0.001109654324,-0.0010089709021483578
0.5598386865,6.856046555e-17,0.9176786412,0.001097126472,-0.0009894281088408895
0.5702368893,6.983387812e-17,0.9092488301,0.001084068301,-0.0009695319640785001
0.5807494723,7.112129823999999e-17,0.9008307583,0.001070545434,-0.0009493622991662159
0.5913776937,7.242287997e-17,0.8924290851,0.00105662055,-0.0009290028958936251
0.6021228256,7.37387791e-17,0.8840481925,0.00104233096,-0.0009085173631034894
0.6129861539,7.506915313e-17,0.8756923177,0.001027725547,-0.0008879460390697047
0.6239689788,7.641416127e-17,0.8673653131,0.001012876601,-0.0008673580233727143
0.6350726148,7.777396449e-17,0.8590705989,0.0009978345589,-0.000846822581109419
0.6462983908,7.914872555999999e-17,0.8508113232,0.0009826351191,-0.0008263849732705977
0.6576476503,8.053860899e-17,0.8425904497,0.0009673039426,-0.000806074494760126
0.6691217517,8.194378115e-17,0.8344107889,0.0009518711819,-0.0007859175085155811
0.6807220682,8.336441018999999e-17,0.8262749488,0.0009363709578,-0.0007659444569183015
0.6924499882,8.480066616e-17,0.8181853018,0.0009208354366,-0.0007461920970236654
0.7043069153,8.625272094e-17,0.8101440374,0.0009052845406,-0.0007266883957691962
0.7162942686,8.772074831999999e-17,0.80215321,0.0008897434961,-0.0007074474149897106
0.7284134827,8.920492401e-17,0.7942146258,0.0008742476726,-0.0006884923210182875
0.7406660083,9.070542563e-17,0.7863298483,0.0008588216506,-0.0006698486858981906
0.7530533116,9.222243275999999e-17,0.7785002836,0.0008434813703,-0.0006515329896009792
0.7655768753,9.375612698e-17,0.7707272315,0.0008282375702,-0.0006335512919648444
0.7782381981,9.530669182999999e-17,0.7630118803,0.0008131055621,-0.0006159110890548551
0.7910387955,9.687431289e-17,0.7553552904,0.000798095506,-0.0005986222991835698
0.8039801995,9.845917779e-17,0.7477584584,0.0007832168746,-0.000581686423462924
0.8170639589,1.0006147619999999e-16,0.7402222516,0.0007684878231,-0.0005651087461410199
0.8302916397,1.0168139989999999e-16,0.7327473606,0.000753922053,-0.0005488984680809069
0.843664825,1.0331914269999999e-16,0.725334361,0.000739527499,-0.0005330589128436637
0.8571851153,1.0497490079999999e-16,0.7179837497,0.0007253091693,-0.000517589007694072
0.8708541288,1.0664887209999999e-16,0.710695964,0.0007112707312,-0.0005024876790416443
0.8846735014,1.0834125719999999e-16,0.7034713971,0.0006974153819,-0.0004877517181914491
0.8986448871,1.1005225849999999e-16,0.6963103743,0.0006837504249,-0.0004733778279692369
0.9127699581,1.117820808e-16,0.689213113,0.0006702828446,-0.000459365924005806
0.9270504049,1.135309311e-16,0.682179752,0.0006570158826,-0.00044571408877838796
0.9414879366,1.152990188e-16,0.6752103747,0.0006439514634,-0.0004324180670380697
0.9560842811,1.1708655549999998e-16,0.6683050256,0.0006310893253,-0.0004194729788527234
0.9708411854,1.1889375499999998e-16,0.661463725,0.0006184307199,-0.00040687211760208786
0.9857604157,1.207208338e-16,0.6546864281,0.0006059790257,-0.00039461014428329364
1.000843758,1.2256801039999998e-16,0.647973035,0.0005937350652,-0.0003826824666202695
1.016093016,1.24435506e-16,0.6413234055,0.0005816992518,-0.0003710842465045359
1.031510016,1.2632354399999998e-16,0.6347373658,0.0005698697465,-0.0003598090332717085
1.047096604,1.282323504e-16,0.6282147227,0.0005582461906,-0.00034884983620879365
1.062854644,1.3016215369999998e-16,0.6217552449,0.0005468285554,-0.0003382002037179257
1.078786022,1.3211318489999998e-16,0.6153586675,0.0005356161657,-0.00032785392154253826
1.094892646,1.340856774e-16,0.6090247012,0.0005246072321,-0.000317804423553357
1.111176442,1.3607986729999998e-16,0.6027530419,0.0005137999273,-0.00030804469287250665
1.12763936,1.380959933e-16,0.5965433611,0.000503193043,-0.0002985679280024825
1.14428337,1.401342967e-16,0.5903953042,0.0004927849232,-0.00028936769953894935
1.161110464,1.4219502139999999e-16,0.5843084966,0.0004825736079,-0.000280437748897652
1.178122657,1.442784141e-16,0.5782825505,0.0004725566752,-0.0002717712494329348
1.195321983,1.463847241e-16,0.5723170624,0.000462732383,-0.00026336169460015164
1.212710502,1.485142035e-16,0.5664116111,0.0004530982493,-0.00025520249907571424
1.230290295,1.506671072e-16,0.5605657651,0.000443651978,-0.0002472872902695416
1.248063465,1.528436928e-16,0.5547790806,0.0004343910167,-0.00023960966266616725
1.266032141,1.550442209e-16,0.5490511017,0.0004253128837,-0.00023216334384058891
1.284198472,1.5726895479999998e-16,0.5433813646,0.0004164147853,-0.00022494215756927209
1.302564632,1.5951816069999998e-16,0.5377693993,0.0004076941813,-0.00021793984522716547
1.32113282,1.6179210799999999e-16,0.5322147244,0.0003991485334,-0.000211150345249743
1.339905258,1.640910686e-16,0.5267168533,0.0003907749343,-0.00020456785235333622
1.358884194,1.6641531779999999e-16,0.521275298,0.0003825705033,-0.0001981866031479724
1.378071897,1.687651338e-16,0.5158895657,0.0003745323866,-0.0001920009525655439
1.397470665,1.711407977e-16,0.5105591617,0.0003666578052,-0.00018600517307465603
1.41708282,1.7354259389999999e-16,0.5052835869,0.0003589441183,-0.0001801936363413181
1.436910708,1.7597080989999998e-16,0.5000623406,0.0003513884421,-0.00017456107845078666
1.456956703,1.7842573629999998e-16,0.4948949217,0.0003439880424,-0.0001691023999532058
1.477223204,1.8090766679999998e-16,0.4897808254,0.0003367401082,-0.00016381246696792353
1.497712636,1.834168986e-16,0.4847195485,0.0003296418395,-0.00015868633994570313
1.518427452,1.8595373189999998e-16,0.4797105866,0.0003226906,-0.0001537191244451977
1.539370132,1.885184704e-16,0.4747534338,0.0003158837154,-0.0001489061140309451
1.56054318,1.9111142109999998e-16,0.4698475842,0.0003092186063,-0.00014424275864275202
1.581949133,1.9373289419999998e-16,0.4649925294,0.000302692608,-0.00013972464013387175
1.60359055,1.9638320339999998e-16,0.4601877645,0.0002963030451,-0.00013534751313777312
1.625470023,1.9906266609999998e-16,0.4554327843,0.0002900472926,-0.00013110699850419168
1.647590171,2.017716029e-16,0.4507270868,0.0002839226705,-0.00012699896344847992
1.66995364,2.04510338e-16,0.4460701754,0.0002779265935,-0.00012301921139469372
1.692563107,2.072791992e-16,0.4414615503,0.0002720566672,-0.00011916393424876754
1.715421279,2.1007851779999998e-16,0.4369007162,0.0002663103005,-0.00011542949341299946
1.73853089,2.1290862899999997e-16,0.4323871819,0.000260685086,-0.0001118120247114757
1.761894707,2.1576987129999998e-16,0.4279204534,0.0002551786041,-0.00010830775380296489
1.785515526,2.186625874e-16,0.4235000424,0.0002497885231,-0.0001049131985421201
1.809396174,2.2158712329999998e-16,0.4191254631,0.0002445126204,-0.00010162518571747824
1.833539509,2.245438291e-16,0.41479623,0.0002393485828,-9.844073949801554e-05
1.857948421,2.275330587e-16,0.4105118632,0.0002342938533,-9.535673905133067e-05
1.882625831,2.3055516979999997e-16,0.406271892,0.0002293459452,-9.236952009470898e-05
1.907574692,2.336105241e-16,0.4020758495,0.0002245030024,-8.947580237650044e-05
1.932797991,2.3669948729999997e-16,0.3979232683,0.0002197627417,-8.667283181659051e-05
1.958298746,2.3982242909999996e-16,0.3938136909,0.0002151230783,-8.395805684917635e-05
1.98408001,2.4297972329999997e-16,0.3897466598,0.0002105820807,-8.132862024376614e-05
2.010144867,2.461717477e-16,0.3857217176,0.0002061374617,-7.878175392992243e-05
2.036496438,2.4939888439999996e-16,0.3817384191,0.000201787038,-7.631509563293858e-05
2.063137876,2.5266151959999996e-16,0.3777963257,0.0001975288316,-7.392600240604496e-05
2.09007237,2.559600438e-16,0.3738949966,0.0001933612527,-7.161200976926189e-05
2.117303143,2.5929485169999997e-16,0.3700339896,0.0001892823475,-6.937084474800577e-05
2.144833455,2.6266634249999995e-16,0.3662128746,0.0001852900365,-6.720021607150327e-05
2.1726666,2.660749197e-16,0.362431231,0.0001813825973,-6.509773731310658e-05
2.20080591,2.695209913e-16,0.3586886319,0.0001775585312,-6.306128460122e-05
2.229254752,2.730049697e-16,0.3549846546,0.0001738160569,-6.108890367413221e-05
2.258016532,2.7652727179999996e-16,0.3513188809,0.000170153297,-5.917847784835509e-05
2.287094691,2.8008831919999997e-16,0.3476908968,0.0001665685501,-5.732817811242482e-05
2.316492709,2.8368853819999996e-16,0.3441002919,0.0001630599809,-5.553609843530434e-05
2.346214107,2.8732835959999997e-16,0.3405466603,0.0001596259221,-5.3800395658763165e-05
2.376262439,2.9100821899999998e-16,0.3370296094,0.0001562648118,-5.211931682040022e-05
2.406641303,2.9472855679999996e-16,0.3335487492,0.0001529751656,-5.049106682414496e-05
2.437354335,2.984898184e-16,0.3301036907,0.0001497555798,-4.891393227763986e-05
2.468405209,3.0229245389999996e-16,0.3266940499,0.0001466045925,-4.73862485482048e-05
2.499797644,3.0613691829999996e-16,0.3233194428,0.0001435206375,-4.590651150710094e-05
2.531535395,3.1002367189999997e-16,0.31997949,0.000140502133,-4.447324115998927e-05
2.563622262,3.1395317969999997e-16,0.3166738217,0.0001375476744,-4.3084989182398985e-05
2.596062084,3.1792591219999996e-16,0.3134020725,0.0001346559473,-4.1740292877553905e-05
2.628858744,3.219423446e-16,0.3101638783,0.0001318256362,-4.043773574331563e-05
2.662016168,3.260029579e-16,0.3069588802,0.0001290554617,-3.917599470855451e-05
2.695538323,3.301082379e-16,0.3037867231,0.0001263440649,-3.795379876377597e-05
2.729429221,3.342586759e-16,0.300647057,0.0001236901033,-3.676992285661471e-05
2.76369292,3.3845476879999996e-16,0.297539537,0.0001210923807,-3.562314718907931e-05
2.798333519,3.4269701869999995e-16,0.2944638213,0.00011854974,-3.451225154119671e-05
2.833355165,3.4698593339999996e-16,0.2914195709,0.0001160610745,-3.343614304327058e-05
2.868762049,3.5132202609999996e-16,0.2884064502,0.000113625137,-3.239372485533304e-05
2.904558409,3.5570581589999995e-16,0.285424128,0.0001112408343,-3.138395685138509e-05
2.940748529,3.6013782729999996e-16,0.2824722774,0.0001089070048,-3.04057681598194e-05
2.97733674,3.6461859089999997e-16,0.2795505746,0.0001066225774,-2.945815161341394e-05
3.014327421,3.6914864279999995e-16,0.2766586987,0.0001043864741,-2.8540194699147976e-05
3.051725,3.737285253e-16,0.2737963359,0.0001021976194,-2.7650966808169792e-05
3.089533952,3.7835878659999995e-16,0.2709631774,0.0001000550139,-2.6789504181981735e-05
3.127758803,3.830399807e-16,0.2681589143,9.79577074e-05,-2.5954931985997927e-05
3.166404127,3.8777266789999996e-16,0.2653832433,9.590473463e-05,-2.5146427992140456e-05
3.20547455,3.925574147e-16,0.2626358608,9.389516484e-05,-2.4363140980296156e-05
3.244974747,3.973947937e-16,0.2599164654,9.192803794e-05,-2.360434529034164e-05
3.284909446,4.0228538389999995e-16,0.2572247653,9.000235183e-05,-2.2869264002338878e-05
3.325283428,4.0722977059999997e-16,0.2545604701,8.811721976e-05,-2.2157085791815605e-05
3.366101523,4.1222854549999997e-16,0.2519232978,8.627186326e-05,-2.1467108315558718e-05
3.407368617,4.1728230699999997e-16,0.2493129631,8.446543261e-05,-2.079860108429692e-05
3.449089649,4.2239165979999994e-16,0.2467291804,8.269709153e-05,-2.0150970858039197e-05
3.491269612,4.2755721549999996e-16,0.2441716756,8.096594358e-05,-1.9523572874703322e-05
3.533913555,4.3277959229999997e-16,0.241640175,7.927117929e-05,-1.891569443379032e-05
3.577026581,4.380594153e-16,0.2391344126,7.761210291e-05,-1.832675728793149e-05
3.620613851,4.433973163e-16,0.2366541223,7.598791679e-05,-1.775612702821648e-05
3.66468058,4.487939343e-16,0.2341990333,7.439794769e-05,-1.720329656848498e-05
3.709232044,4.54249915e-16,0.2317688862,7.284136535e-05,-1.6667703171960964e-05
3.754273574,4.597659115e-16,0.2293634239,7.131752545e-05,-1.6148750282877627e-05
3.79981056,4.65342584e-16,0.2269823866,6.982573883e-05,-1.5645968873061834e-05
3.845848454,4.709805999e-16,0.2246255254,6.836515575e-05,-1.5158840303044328e-05
3.892392764,4.766806339e-16,0.2222925969,6.693526537e-05,-1.4686853636700248e-05
3.939449061,4.824433684e-16,0.2199833504,6.553538659e-05,-1.4229545386492744e-05
3.987022978,4.882694928999999e-16,0.217697541,6.416478713e-05,-1.3786499788125934e-05
4.035120208,4.941597046999999e-16,0.215434934,6.282289737e-05,-1.3357242590560827e-05
4.083746508,5.001147088999999e-16,0.2131952888,6.150916229e-05,-1.2941294528074442e-05
4.132907697,5.061352181999999e-16,0.2109783656,6.022301325e-05,-1.2538292137256361e-05
4.182609659,5.122219530999999e-16,0.2087839338,5.896381418e-05,-1.214784049841622e-05
4.232858342,5.18375642e-16,0.2066117619,5.773096993e-05,-1.1769520481424102e-05
4.283659761,5.245970214999999e-16,0.2044616245,5.652392845e-05,-1.1402969534911219e-05
4.335019996,5.308868361999999e-16,0.2023333004,5.534211433e-05,-1.1047799151507642e-05
4.386945193,5.372458387999999e-16,0.2002265676,5.41850221e-05,-1.0703646476978787e-05
4.439441567,5.436747904999999e-16,0.1981412042,5.305216093e-05,-1.0370209874414582e-05
4.492515402,5.501744607e-16,0.1960769923,5.194292156e-05,-1.0047125135539555e-05
4.546173048,5.567456272e-16,0.194033719,5.085689607e-05,-9.734096938501551e-06
4.600420929,5.633890766e-16,0.1920111717,4.979353506e-05,-9.430792907962473e-06
4.655265537,5.701056038e-16,0.1900091404,4.875241661e-05,-9.136926119931414e-06
4.710713435,5.768960128999999e-16,0.1880274182,4.773302502e-05,-8.852187398110592e-06
4.76677126,5.837611164999999e-16,0.1860658004,4.673492953e-05,-8.576286211030483e-06
4.823445721,5.907017363e-16,0.1841240854,4.57576679e-05,-8.308964269023062e-06
4.880743601,5.977187028e-16,0.1822020722,4.480076353e-05,-8.04993168232252e-06
4.938671758,6.04812856e-16,0.1802995622,4.386385703e-05,-7.798951461463436e-06
4.997237124,6.119850449e-16,0.1784163606,4.294646361e-05,-7.55576595803236e-06
4.999999929,0.01033966345,0.178294649,0.0001654893637,-2.985282563111433e-05
4.999999929,0.01540787221,0.1782522792,0.0002446760574,-4.441547782127336e-05
4.999999929,0.02040951739,0.1781941407,0.0003240255786,-5.877180695207212e-05
4.999999929,0.0253454732,0.178120892,0.0004021105746,-7.291563006131692e-05
4.999999929,0.03021660239,0.1780331764,0.0004790746113,-8.68453635588797e-05
4.999999929,0.03502375636,0.1779316228,0.0005548102869,-0.00010055894957173256
4.999999929,0.03976777532,0.1778168446,0.0006293581694,-0.00011405518404314028
4.999999929,0.04444948847,0.17768944,0.0007027003424,-0.0001273330244516253
4.999999929,0.04906971409,0.1775499917,0.0007748368931,-0.00014039181915185766
4.999999929,0.05362925975,0.1773990672,0.0008457641091,-0.0001532312150687318
4.999999929,0.05812892238,0.1772372181,0.0009154823375,-0.00016585116376540419
4.999999929,0.06256948846,0.1770649809,0.0009839926095,-0.00017825189128688074
4.999999929,0.06695173415,0.1768828764,0.001051297601,-0.00019043388346485338
4.999999929,0.07127642538,0.1766914102,0.001117401204,-0.0002023978680658751
4.999999929,0.07554431806,0.1764910725,0.001182308539,-0.00021414479889443706
4.999999929,0.07975615815,0.1762823387,0.001246025925,-0.00022567583964545036
4.999999929,0.08391268182,0.1760656689,0.001308560534,-0.0002369923470855038
4.999999929,0.08801461558,0.1758415088,0.001369920934,-0.0002480958583129594
4.999999929,0.09206267639,0.1756102893,0.00143011501,-0.0002589879963443848
4.999999929,0.09605757177,0.1753724271,0.001489155654,-0.00026971801028672396
4.999999929,0.1,0.1751283244,0.00154705485,-0.00028020870239918515
4.999999929,0.1037429218,0.1748880246,0.001601668566,-0.00028997575852719845
4.999999929,0.1075400176,0.1746357973,0.001656706389,-0.0002998489956177206
4.999999929,0.1113920715,0.1743712847,0.001712155776,-0.00030988267359479007
4.999999929,0.115299879,0.1740941235,0.001767999669,-0.0003199875697500025
4.999999929,0.119264247,0.1738039449,0.001824219157,-0.00033016041548826616
4.999999929,0.1232859942,0.1735003741,0.001880793965,-0.000340397611788356
4.999999929,0.1273659511,0.1731830312,0.001937702476,-0.0003506953196716902
4.999999929,0.1315049601,0.1728515309,0.001994921618,-0.0003610494534101225
4.999999929,0.135703876,0.1725054829,0.002052426821,-0.00037145567363920293
4.999999929,0.1399635659,0.1721444922,0.002110191969,-0.0003819093788736999
4.999999929,0.1442849094,0.1717681594,0.002168189355,-0.00039240569813842274
4.999999929,0.1486687988,0.1713760808,0.002226389625,-0.00040293948403042945
4.999999929,0.1531161394,0.1709678491,0.002284761731,-0.00041350530687192283
4.999999929,0.1576278496,0.1705430535,0.002343272881,-0.0004240974482663718
4.999999929,0.1622048611,0.17010128,0.002401888491,-0.0004347098939262226
4.999999929,0.166848119,0.1696421122,0.002460572135,-0.00044533632729167765
4.999999929,0.1715585821,0.1691651312,0.002519285497,-0.00045597012457074336
4.999999929,0.1763372232,0.1686699167,0.002577988326,-0.000466604349818994
4.999999929,0.181185029,0.1681560469,0.002636638389,-0.0004772317519949687
4.999999929,0.1861030006,0.1676230995,0.002695191431,-0.0004878447583655147
4.999999929,0.1910921536,0.167070652,0.002753601129,-0.0004984354710107786
4.999999929,0.1961535182,0.1664982823,0.002811819054,-0.0005089956653948075
4.999999929,0.2012881397,0.1659055693,0.002869794636,-0.0005195167871762762
4.999999929,0.2064970782,0.165292094,0.002927475116,-0.0005299899541286543
4.999999929,0.2117814095,0.1646574393,0.002984805557,-0.000540405948677337
4.999999929,0.2171422247,0.1640011915,0.003041728688,-0.0005507552281293448
4.999999929,0.222580631,0.1633229406,0.003098185048,-0.0005610279179101471
4.999999929,0.2280977512,0.1626222815,0.003154113024,-0.0005712138091687053
4.999999929,0.2336947247,0.1618988141,0.003209448431,-0.0005813023815198162
4.999999929,0.2393727073,0.1611521447,0.003264124815,-0.0005912827907855329
4.999999929,0.2451328714,0.1603818869,0.003318073515,-0.0006011438782309919
4.999999929,0.2509764065,0.1595876619,0.003371223452,-0.0006108741795847306
4.999999929,0.2569045194,0.1587690999,0.003423501226,-0.0006204619320645009
4.999999929,0.2629184342,0.157925841,0.003474831093,-0.0006298950877577092
4.999999929,0.2690193927,0.1570575358,0.003525134994,-0.0006391613214916573
4.999999929,0.2752086549,0.1561638468,0.00357433256,-0.000648248041965351
4.999999929,0.2814874987,0.1552444491,0.003622341141,-0.0006571424095295729
4.999999929,0.2878572208,0.1542990313,0.003669075833,-0.0006658313525097654
4.999999929,0.2943191364,0.1533272971,0.003714449507,-0.0006743015771290191
4.999999929,0.3008745801,0.1523289656,0.003758372928,-0.0006825395999338583
4.999999929,0.3075249055,0.1513037729,0.003800754771,-0.0006905352825686133
4.999999929,0.3142714859,0.1502514728,0.003841501415,-0.0006982645177118681
4.999999929,0.3211157144,0.1491718382,0.003880517225,-0.0007057197526239214
4.999999929,0.3280590044,0.148064662,0.00391770502,-0.0007128944040730756
4.999999929,0.3351027897,0.146929758,0.003952965778,-0.0007197639611991208
4.999999929,0.3422485248,0.1457669624,0.003986198501,-0.0007263174836199
4.999999929,0.3494976853,0.1445761346,0.00401730059,-0.000732540915058877
4.999999929,0.3568517682,0.143357158,0.004046167997,-0.0007384201086554004
4.999999929,0.364312292,0.1421099419,0.004072695286,-0.0007439409818479575
4.999999929,0.3718807975,0.1408344216,0.004096775763,-0.0007490895465161811
4.999999929,0.3795588474,0.1395305602,0.004118301631,-0.0007538519528661639
4.999999929,0.3873480273,0.1381983492,0.004137164135,-0.0007582145248417329
4.999999929,0.3952499456,0.1368378096,0.004153253736,-0.0007621638080033804
4.999999929,0.4032662342,0.135448993,0.004166460299,-0.0007656866127125364
4.999999929,0.4113985483,0.1340319827,0.00417667326,-0.0007687700584737044
4.999999929,0.4196485673,0.1325868943,0.004183781836,-0.0007714016223293574
4.999999929,0.4280179948,0.1311138767,0.004187675238,-0.0007735691827611324
4.999999929,0.4365085591,0.1296131133,0.004188242891,-0.000775261074445666
4.999999929,0.4451220135,0.1280848226,0.004185374665,-0.0007764661355979821
4.999999929,0.4538601367,0.126529259,0.004178961145,-0.0007771737598615146
4.999999929,0.4627247331,0.1249467137,0.004168893801,-0.0007773739519150354
4.999999929,0.4717176332,0.1233375153,0.004155065486,-0.0007770573762434725
4.999999929,0.4808406941,0.1217020307,0.004137370188,-0.000776215373426273
4.999999929,0.4900957997,0.1200406657,0.004115705754,-0.0007748403091926231
4.999999929,0.4994848611,0.1183538654,0.004089969466,-0.0007729245723515105
4.999999929,0.5090098173,0.1166421144,0.004060056989,-0.0007704621802250466
4.999999929,0.518672635,0.1149059384,0.004025874271,-0.0007674484835412871
4.999999929,0.5284753098,0.1131459039,0.003987331179,-0.0007638785940133413
4.999999929,0.5384198657,0.1113626184,0.003944335815,-0.0007597492804552879
4.999999929,0.5485083564,0.1095567309,0.00389680096,-0.0007550584472534136
4.999999929,0.5587428652,0.1077289321,0.003844644213,-0.0007498049394507502
4.999999929,0.5691255055,0.1058799549,0.003787787654,-0.0007439888300361935
4.999999929,0.5796584212,0.1040105738,0.003726158246,-0.0007376113499158442
4.999999929,0.5903437875,0.1021216055,0.003659688201,-0.0007306749790080846
4.999999929,0.6011838108,0.1002139085,0.003588315388,-0.0007231834596236968
4.999999929,0.6121807297,0.09828838327,0.003511983735,-0.0007151418353837411
4.999999929,0.6233368149,0.09634597157,0.00343064363,-0.0007065564745411688
4.999999929,0.6346543703,0.09438765648,0.00334425233,-0.0006974350939993868
4.999999929,0.6461357329,0.0924144619,0.003252774382,-0.0006877867824220885
4.999999929,0.6577832735,0.090427452,0.003156182043,-0.0006776220142734942
4.999999929,0.6695993975,0.08842773067,0.003054455695,-0.0006669526586452236
4.999999929,0.6815865448,0.08641644085,0.002947584265,-0.0006557919818340574
4.999999929,0.6937471908,0.08439476374,0.002835565646,-0.0006441546459593321
4.999999929,0.7060838467,0.08236391793,0.002718407115,-0.0006320567056861384
4.999999929,0.7185990599,0.08032515844,0.002596125753,-0.0006195155950102316
4.999999929,0.7312954149,0.07827977565,0.002468748857,-0.0006065501080304733
4.999999929,0.7441755335,0.07622909413,0.002336314338,-0.0005931803687905192
4.999999929,0.7572420753,0.07417447138,0.002198871127,-0.0005794278017505665
4.999999929,0.7704977387,0.07211729651,0.002056479563,-0.0005653150943431619
4.999999929,0.783945261,0.07005898875,0.001909211784,-0.000550866152869692
4.999999929,0.797587419,0.0680009959,0.001757152093,-0.0005361060473886859
4.999999929,0.8114270298,0.06594479273,0.001600397314,-0.0005210609515212871
4.999999929,0.8254669514,0.0638918792,0.001439057141,-0.0005057580747588312
4.999999929,0.839710083,0.06184377874,0.001273254469,-0.000490225594513178
4.999999929,0.8541593657,0.05980203628,0.001103125723,-0.00047449257731042513
4.999999929,0.8688177834,0.05776821635,0.0009288211479,-0.00045858889015186873
4.999999929,0.883688363,0.05574390104,0.0007505050963,-0.0004425451096437645
4.999999929,0.8987741753,0.05373068791,0.0005683562944,-0.00042639242090637556
4.999999929,0.9140783356,0.05173018798,0.0003825681041,-0.0004101625216545828
4.999999929,0.929604004,0.04974402354,0.0001933487643,-0.000393887517218281
4.999999929,0.9453543867,0.04777382604,9.216170549e-07,-0.0003775997687405455
4.999999929,0.9613327362,0.04582123421,-0.0001944746361,-0.0003613318337762738
4.999999929,0.9775423519,0.04388789192,-0.0003925857351,-0.00034511636556937986
4.999999929,0.9939865811,0.0419754457,-0.0005931417332,-0.00032898592332718257
4.999999929,1.01066882,0.04008554228,-0.0007958568751,-0.00031297286397753173
4.999999929,1.027592512,0.03821982634,-0.001000429478,-0.00029710922177949314
4.999999929,1.044761154,0.03637993842,-0.001206541802,-0.00028142657444163113
4.999999929,1.062178289,0.03456751288,-0.001413859924,-0.00026595591733409433
4.999999929,1.079847516,0.03278417603,-0.001622033589,-0.00025072754103576677
4.999999929,1.097772482,0.03103154435,-0.001830696072,-0.0002357709083456933
4.999999929,1.115956889,0.02931122293,-0.002039464013,-0.00022111452972647494
4.999999929,1.134404493,0.0276248041,-0.002247937233,-0.00020678584228958773
4.999999929,1.153119101,0.02597386652,-0.002455698481,-0.000192811096601445
4.999999929,1.17210458,0.02435997445,-0.002662313113,-0.00017921525493802093
4.999999929,1.19136485,0.02278467754,-0.002867328699,-0.00016602189076582287
4.999999929,1.210903887,0.0212495111,-0.003070274447,-0.0001532531065478339
4.999999929,1.230725728,0.01975599691,-0.003270660495,-0.00014092942673287224
4.999999929,1.250834464,0.01830564505,-0.003467977462,-0.00012906973596889032
4.999999929,1.271234248,0.01689995629,-0.003661694931,-0.00011769124564542733
4.999999929,1.291929293,0.01554042565,-0.00385125993,-0.00010680941987066783
4.999999929,1.312923873,0.01422854713,-0.004036095588,-9.643794404045991e-05
4.999999929,1.334222322,0.01296581993,-0.004215598879,-8.658872806387536e-05
4.999999929,1.35582904,0.01175375619,-0.004389137685,-7.727184855991018e-05
4.999999929,1.377748487,0.01059389106,-0.004556049153,-6.849568713095844e-05
4.999999929,1.39998519,0.009487793545,-0.004715631715,-6.0266862889155e-05
4.999999929,1.422543741,0.008437080106,-0.004867139784,-5.259027513732124e-05
4.999999929,1.445428798,0.007443432267,-0.005009786865,-4.5469187381262126e-05
4.999999929,1.468645087,0.006508611979,-0.005142733024,-3.890536865151699e-05
4.999999929,1.492197403,0.005634477363,-0.005265075201,-3.2899156913364414e-05
4.999999929,1.516090608,0.004822995593,-0.00537584617,-2.744942302540123e-05
4.999999929,1.540329637,0.004076242799,-0.005474010451,-2.2553670850960783e-05
4.999999929,1.564919496,0.003396379697,-0.005558468567,-1.820788071687797e-05
4.999999929,1.589865261,0.00278557872,-0.005628075476,-1.440617227142707e-05
4.999999929,1.615172084,0.002245864773,-0.005681685224,-1.1140045572807868e-05
4.999999929,1.640845191,0.001778815054,-0.005718241358,-8.396879064277461e-06
4.999999929,1.666889884,0.001385061308,-0.005736928656,-6.157447557593325e-06
4.999999929,1.69331154,0.001063577702,-0.005737412068,-4.391994540330968e-06
4.999999929,1.720115616,0.0008108798985,-0.005720080302,-3.056944634642506e-06
4.999999929,1.747307647,0.0006204421375,-0.00568625685,-2.092445900795023e-06
4.999999929,1.774893249,0.0004828543632,-0.005638318085,-1.425933176731261e-06
4.999999929,1.802878116,0.0003869032996,-0.005579340603,-9.84037424278214e-07
4.999999929,1.831268029,0.0003212591392,-0.005512519429,-7.020706646595856e-07
4.999999929,1.86006885,0.000276065291,-0.005440747215,-5.293002490837067e-07
4.999999929,1.889286525,0.0002437680847,-0.005366313915,-4.3025861200742455e-07
4.999999929,1.91892709,0.0002191484545,-0.005290836441,-3.8114998617264506e-07
4.999999929,1.948996664,0.00019886503,-0.005215370054,-3.6629868134862624e-07
4.999999929,1.979501456,0.0001808860798,-0.005140565855,-3.752910246452937e-07
4.999999929,2.010447767,0.0001640146533,-0.0050668106,-4.0108558455735416e-07
4.999999929,2.041841986,0.0001475586656,-0.004994327482,-4.388008683347766e-07
4.999999929,2.073690596,0.0001311240349,-0.00492324117,-4.849097265456304e-07
4.999999929,2.106000175,0.0001144920605,-0.004853617241,-5.366950918345833e-07
4.999999929,2.138777393,9.754880021e-05,-0.004785485191,-5.918894556207066e-07
4.999999929,2.17202902,8.024480062e-05,-0.004718851639,-6.484460702043901e-07
4.999999929,2.205761922,6.25720609e-05,-0.004653707825,-7.044083082700531e-07
4.999999929,2.239983065,4.455064529e-05,-0.004590033877,-7.578446180911107e-07
4.999999929,2.274699515,2.622074123e-05,-0.004527801213,-8.068207196243284e-07
4.999999929,2.309918441,7.637850088e-06,-0.004466973892,-8.494154844733721e-07
4.999999929,2.345647117,-1.1130319e-05,-0.004407509446,-8.8378064849565e-07
4.999999929,2.381892919,-3.000616691e-05,-0.004349359448,-9.082491010948926e-07
4.999999929,2.418663334,-4.890428601e-05,-0.004292470099,-9.214622900360523e-07
4.999999929,2.455965953,-6.773350917e-05,-0.004236782897,-9.224807664195934e-07
4.999999929,2.49380848,-8.639897478e-05,-0.004182235394,-9.108891582110392e-07
4.999999929,2.53219873,-0.0001048043616,-0.004128762209,-8.868768978222823e-07
4.999999929,2.571144629,-0.0001228544151,-0.004076296284,-8.512771853456596e-07
4.999999929,2.610654221,-0.0001404577309,-0.004024770363,-8.055271055556472e-07
4.999999929,2.650735663,-0.000157529596,-0.003974118581,-7.515352899580487e-07
4.999999929,2.691397234,-0.0001739945952,-0.003924278035,-6.914972470818361e-07
4.999999929,2.732647329,-0.0001897886851,-0.003875190237,-6.27681032405364e-07
4.999999929,2.774494467,-0.0002048604623,-0.00382680208,-5.622134329713357e-07
4.999999929,2.816947288,-0.0002191711765,-0.00377906641,-4.969365393408346e-07
4.999999929,2.86001456,-0.000232693536,-0.003731941707,-4.3323480868358105e-07
4.999999929,2.903705176,-0.0002454098157,-0.003685390922,-3.7207937815630024e-07
4.999999929,2.948028158,-0.0002573095765,-0.003639380771,-3.1414974322346234e-07
4.999999929,2.992992659,-0.0002683880154,-0.003593881181,-2.598682033789438e-07
4.999999929,3.038607963,-0.0002786454875,-0.003548865091,-2.0952329373117239e-07
4.999999929,3.084883491,-0.0002880878968,-0.003504308987,-1.6331378450261324e-07
4.999999929,3.131828798,-0.0002967273571,-0.003460193489,-1.2134401798986273e-07
4.999999929,3.179453579,-0.0003045821694,-0.003416503541,-8.360129702965758e-08
4.999999929,3.227767668,-0.0003116758055,-0.003373227925,-4.9954488004558005e-08
4.999999929,3.276781041,-0.0003180351719,-0.003330358259,-2.0176766764290803e-08
4.999999929,3.326503821,-0.0003236886464,-0.003287887831,6.017242278648898e-09
4.999999929,3.376946275,-0.0003286644062,-0.003245810557,2.893045518507896e-08
4.999999929,3.428118819,-0.0003329893969,-0.003204120266,4.88538880050678e-08
4.999999929,3.48003202,-0.0003366888636,-0.003162810337,6.605487909991208e-08
4.999999929,3.532696599,-0.0003397862223,-0.003121873566,8.077338931465252e-08
4.999999929,3.58612343,-0.0003423031987,-0.003081302199,9.322207064155395e-08
4.999999929,3.640323547,-0.0003442600989,-0.003041088051,1.0359111432537866e-07
4.999999929,3.695308141,-0.0003456760637,-0.003001222663,1.1205339747380669e-07
4.999999929,3.751088567,-0.0003465693004,-0.002961697449,1.1876736514845353e-07
4.999999929,3.807676344,-0.0003469573025,-0.002922503816,1.238804097895862e-07
4.999999929,3.865083157,-0.0003468569999,-0.002883633285,1.275317002225074e-07
4.999999929,3.92332086,-0.0003462848603,-0.002845077554,1.2985232935456783e-07
4.999999929,3.98240148,-0.0003452570067,-0.002806828542,1.309660435026482e-07
4.999999929,4.042337217,-0.0003437892986,-0.002768878485,1.3099254015867986e-07
4.999999929,4.103140447,-0.0003418973333,-0.002731219958,1.300464687308155e-07
4.999999929,4.164823726,-0.0003395965917,-0.002693845905,1.2822406607182627e-07
4.999999929,4.227399792,-0.0003369025526,-0.002656749652,1.2563148470803974e-07
4.999999929,4.290881567,-0.0003338302752,-0.002619924933,1.2238375899010644e-07
4.999999929,4.35528216,-0.000330394625,-0.002583365931,1.185641114837949e-07
4.999999929,4.420614869,-0.0003266106743,-0.002547067303,1.1425117612798778e-07
4.999999929,4.486893186,-0.0003224934028,-0.002511024207,1.0953245780346985e-07
4.999999929,4.554130797,-0.0003180576543,-0.002475232287,1.0448769861710812e-07
4.999999929,4.622341587,-0.0003133182104,-0.002439687719,9.918992229462772e-08
4.999999929,4.691539642,-0.0003082898246,-0.002404387224,9.370750350408071e-08
4.999999929,4.76173925,-0.0003029872369,-0.002369328099,8.810401200334335e-08
4.999999929,4.832954907,-0.0002974252001,-0.002334508231,8.243809972819924e-08
4.999999929,4.905201321,-0.00029161852,-0.002299926146,7.676381544384605e-08
4.999999929,4.97849341,-0.0002855820626,-0.002265581057,7.113081451745902e-08
4.999999929,5.052846308,-0.0002793307764,-0.002231472888,6.558390241020677e-08
4.999999929,5.128275369,-0.0002728797687,-0.002197602329,6.016300882070637e-08
4.999999929,5.20479617,-0.000266244373,-0.002163970914,5.4903624599033267e-08
4.999999929,5.282424513,-0.0002594402072,-0.002130581105,4.983689095044607e-08
4.999999929,5.361176426,-0.0002524832527,-0.002097436378,4.498970421289564e-08
4.999999929,5.441068173,-0.0002453899197,-0.002064541333,4.038486948437426e-08
4.999999929,5.522116252,-0.0002381771219,-0.002031901756,3.6040984777065365e-08
4.999999929,5.604337398,-0.0002308623799,-0.001999524817,3.19724941135314e-08
4.999999929,5.68774859,-0.0002234639167,-0.001967418979,2.818991672240157e-08
4.999999929,5.772367054,-0.0002160007431,-0.00193559462,2.4700019946650145e-08
4.999999929,5.858210261,-0.0002084927494,-0.001904062946,2.1505787198817763e-08
4.999999929,5.94529594,-0.0002009607667,-0.001872839021,1.8606786796597813e-08
4.999999929,6.033642073,-0.0001934266589,-0.001841934849,1.599850529569506e-08
4.999999929,6.123266903,-0.000185913298,-0.001811376094,1.367511893736672e-08
4.999999929,6.214188939,-0.0001784446947,-0.001781160208,1.1622042009987251e-08
4.999999929,6.306426956,-0.0001710470509,-0.001751372138,9.844943787754764e-09
4.999999929,6.4,-0.000163753385,-0.001721984329,8.285939282442168e-09
5.000000042,6.123234047e-16,0.1783293835,4.290455048e-05,-7.5447667717843e-06
5.000000042,0.005204005374,0.1783205831,8.47895406e-05,-1.5058046544896625e-05
5.05644671,6.192361277999999e-16,0.1765522726,4.20482043e-05,-7.320134525407514e-06
5.116307601,6.265669726999999e-16,0.1747071062,4.116866686e-05,-7.091826268195336e-06
5.176826962,6.339784567999999e-16,0.1728806731,4.030745041e-05,-6.870609443912658e-06
5.238012036,6.414714673e-16,0.1710727865,3.946418544e-05,-6.656265565666042e-06
5.299870145,6.490469008999999e-16,0.1692832608,3.863848606e-05,-6.44857994356267e-06
5.362408694,6.567056642999999e-16,0.1675119132,3.782999567e-05,-6.247345158749913e-06
5.425635167,6.644486739999999e-16,0.1657585622,3.703835748e-05,-6.052365691645213e-06
5.489557131,6.722768568999999e-16,0.164023028,3.626320083e-05,-5.863444987392066e-06
5.554182237,6.801911497999999e-16,0.1623051329,3.55041969e-05,-5.680393232290019e-06
5.619518218,6.881924998999999e-16,0.1606047016,3.476099944e-05,-5.503028530892647e-06
5.685572896,6.962818647999999e-16,0.1589215603,3.403326202e-05,-5.331173220773739e-06
5.752354175,7.044602127999999e-16,0.1572555373,3.332067428e-05,-5.164658774055145e-06
5.819870048,7.127285226e-16,0.1556064629,3.262292134e-05,-5.003318809432715e-06
5.888128596,7.210877837999999e-16,0.1539741687,3.193969901e-05,-4.846993125244573e-06
5.957137988,7.295389968999999e-16,0.1523584882,3.127069535e-05,-4.695526402260829e-06
6.026906483,7.380831732999999e-16,0.1507592569,3.061561331e-05,-4.548768520043435e-06
6.097442431,7.467213357e-16,0.1491763118,2.997416158e-05,-4.406573118534715e-06
6.168754275,7.554545177999999e-16,0.1476094921,2.934605106e-05,-4.268797881295541e-06
6.24085055,7.64283765e-16,0.1460586384,2.873101597e-05,-4.135306138231951e-06
6.313739883,7.732101337999999e-16,0.1445235925,2.812879581e-05,-4.005965778475943e-06
6.387430999,7.822346927999999e-16,0.1430041973,2.753910772e-05,-3.880647741496123e-06
6.461932717,7.913585217999999e-16,0.1415002986,2.696167345e-05,-3.7592273058564314e-06
6.537253954,8.0058271299999995e-16,0.1400117443,2.639625051e-05,-3.6415828889954155e-06
6.613403725,8.099083702999999e-16,0.1385383825,2.584260766e-05,-3.52759722120665e-06
6.690391143,8.193366098999999e-16,0.1370800623,2.530049217e-05,-3.417158835962711e-06
6.768225423,8.2886856e-16,0.1356366358,2.476964498e-05,-3.3101567672754624e-06
6.84691588,8.385053616e-16,0.1342079569,2.424984082e-05,-3.206483837409428e-06
6.926471932,8.482481680999999e-16,0.1327938797,2.374086018e-05,-3.106037465046744e-06
6.999999954,8.5725275379999995e-16,0.131514385,2.328525129e-05,-3.0170688096968347e-06
6.999999954,0.005204005258,0.1315108283,4.601804814e-05,-6.021936146819023e-06
6.999999954,0.01033966345,0.1315003474,8.982163094e-05,-1.1939910496007325e-05
6.999999954,0.01540787221,0.1314832192,0.0001328193054,-1.776735426663152e-05
6.999999954,0.02040951739,0.1314597116,0.0001759310603,-2.3515533125829213e-05
6.999999954,0.0253454732,0.1314300863,0.0002183879976,-2.918291372654836e-05
6.999999954,0.03021660239,0.1313945982,0.0002602733159,-3.476967939221301e-05
6.999999954,0.03502375636,0.1313534955,0.0003015344231,-4.0275755310447436e-05
6.999999954,0.03976777532,0.1313070198,0.0003421983651,-4.570132872155281e-05
6.999999954,0.04444948847,0.1312554059,0.0003822599362,-5.104658176588591e-05
6.999999954,0.04906971409,0.1311988822,0.0004217231361,-5.6311783841968854e-05
6.999999954,0.05362925975,0.1311376703,0.0004605894516,-6.149725928604912e-05
6.999999954,0.05812892238,0.1310719859,0.0004988621241,-6.6603393125476e-05
6.999999954,0.06256948846,0.1310020378,0.0005365443498,-7.163062296440482e-05
6.999999954,0.06695173415,0.1309280291,0.0005736398215,-7.657943636056286e-05
6.999999954,0.07127642538,0.1308501564,0.0006101525208,-8.145036713618203e-05
6.999999954,0.07554431806,0.1307686106,0.0006460867507,-8.624399170894197e-05
6.999999954,0.07975615815,0.1306835764,0.0006814471334,-9.09609259629234e-05
6.999999954,0.08391268182,0.1305952329,0.0007162384673,-9.560182184277556e-05
6.999999954,0.08801461558,0.1305037533,0.0007504659944,-0.00010016736522209353
6.999999954,0.09206267639,0.1304093055,0.0007841344284,-0.00010465824357707061
6.999999954,0.09605757177,0.1303120517,0.0008172505322,-0.00010909493034618924
6.999999954,0.1,0.1302121486,0.0008498206216,-0.0001134450624738627
6.999999954,0.1037429218,0.1301137054,0.0008806336889,-0.000117507073492144
6.999999954,0.1075400176,0.1300102726,0.0009117806698,-0.00012162582134159539
6.999999954,0.1113920715,0.129901688,0.0009432607609,-0.0001258245674205212
6.999999954,0.115299879,0.1297877863,0.0009750712603,-0.00013006725328106644
6.999999954,0.119264247,0.1296683978,0.001007209184,-0.0001343535145400852
6.999999954,0.1232859942,0.1295433494,0.001039671039,-0.00013868289115737857
6.999999954,0.1273659511,0.1294124637,0.001072452943,-0.00014305486592826208
6.999999954,0.1315049601,0.1292755596,0.001105550535,-0.00014746886162742183
6.999999954,0.135703876,0.1291324521,0.001138958979,-0.00015192423828684257
6.999999954,0.1399635659,0.1289829521,0.001172672931,-0.00015642029037084631
6.999999954,0.1442849094,0.1288268667,0.001206686521,-0.00016095624403377533
6.999999954,0.1486687988,0.128663999,0.001240993331,-0.00016553125456559632
6.999999954,0.1531161394,0.1284941482,0.001275586367,-0.00017014440344600884
6.999999954,0.1576278496,0.1283171098,0.00131045804,-0.000174794695044456
6.999999954,0.1622048611,0.1281326751,0.001345600136,-0.0001794810538875774
6.999999954,0.166848119,0.1279406319,0.001381003792,-0.00018420232125474623
6.999999954,0.1715585821,0.127740764,0.001416659474,-0.00018895725283571326
6.999999954,0.1763372232,0.1275328516,0.001452556943,-0.0001937445152895419
6.999999954,0.181185029,0.1273166713,0.001488685234,-0.00019856268300464533
6.999999954,0.1861030006,0.127091996,0.001525032629,-0.00020341023480216727
6.999999954,0.1910921536,0.1268585951,0.001561586622,-0.0002082855512298635
6.999999954,0.1961535182,0.1266162347,0.001598333902,-0.0002131869111101363
6.999999954,0.2012881397,0.1263646775,0.001635260313,-0.0002181124890147493
6.999999954,0.2064970782,0.1261036831,0.001672350835,-0.00022306035136064996
6.999999954,0.2117814095,0.1258330081,0.001709589548,-0.00022802845377112226
6.999999954,0.2171422247,0.125552406,0.001746959608,-0.0002330146377175885
6.999999954,0.222580631,0.1252616278,0.001784443214,-0.00023801662807057582
6.999999954,0.2280977512,0.1249604216,0.001822021584,-0.00024303203005804314
6.999999954,0.2336947247,0.1246485335,0.001859674917,-0.00024805832623962955
6.999999954,0.2393727073,0.124325707,0.001897382379,-0.00025309287334577033
6.999999954,0.2451328714,0.1239916839,0.001935122008,-0.0002581329011179547
6.999999954,0.2509764065,0.1236462041,0.001972870838,-0.0002631755085762838
6.999999954,0.2569045194,0.1232890059,0.002010604834,-0.0002682176607378771
6.999999954,0.2629184342,0.1229198266,0.002048298594,-0.00027325618982618856
6.999999954,0.2690193927,0.1225384023,0.002085925602,-0.00027828778994769916
6.999999954,0.2752086549,0.1221444683,0.00212345823,-0.00028330901642726274
6.999999954,0.2814874987,0.1217377598,0.00216086755,-0.0002883162848300681
6.999999954,0.2878572208,0.1213180116,0.002198123391,-0.0002933058691075699
6.999999954,0.2943191364,0.1208849591,0.002235194293,-0.00029827390076865573
6.999999954,0.3008745801,0.1204383381,0.002272047494,-0.00030321636755224827
6.999999954,0.3075249055,0.1199778853,0.002308648909,-0.0003081291136240594
6.999999954,0.3142714859,0.1195033391,0.002344963105,-0.000313007839432905
6.999999954,0.3211157144,0.1190144395,0.002380953291,-0.0003178481018564313
6.999999954,0.3280590044,0.1185109287,0.002416581294,-0.0003226453149597466
6.999999954,0.3351027897,0.1179925515,0.00245180755,-0.00032739475072771166
6.999999954,0.3422485248,0.1174590561,0.002486591094,-0.00033209154078977783
6.999999954,0.3494976853,0.1169101941,0.002520889542,-0.0003367306784814128
6.999999954,0.3568517682,0.1163457211,0.002554659093,-0.0003413070216853496
6.999999954,0.364312292,0.1157653974,0.002587854519,-0.00034581529514592297
6.999999954,0.3718807975,0.1151689884,0.002620429164,-0.0003502500943932818
6.999999954,0.3795588474,0.1145562653,0.002652334945,-0.0003546058892911039
6.999999954,0.3873480273,0.1139270052,0.00268352236,-0.0003588770297724332
6.999999954,0.3952499456,0.1132809923,0.002713940491,-0.00036305775070404983
6.999999954,0.4032662342,0.1126180178,0.002743537015,-0.00036714217764508066
6.999999954,0.4113985483,0.111937881,0.002772258221,-0.00037112433319538303
6.999999954,0.4196485673,0.11124039,0.002800049027,-0.0003749981450134614
6.999999954,0.4280179948,0.1105253616,0.002826853046,-0.0003787577632632312
6.999999954,0.4365085591,0.1097926225,0.00285261253,-0.00038239742486223234
6.999999954,0.4451220135,0.1090420101,0.00287726837,-0.00038590732614521164
6.999999954,0.4538601367,0.1082733725,0.002900760227,-0.0003892843299485175
6.999999954,0.4627247331,0.1074865697,0.002923026697,-0.00039252397383457416
6.999999954,0.4717176332,0.1066814739,0.002944005206,-0.0003956159794402112
6.999999954,0.4808406941,0.1058579706,0.002963631927,-0.0003985552325418858
6.999999954,0.4900957997,0.1050159584,0.002981842011,-0.00040133525734929634
6.999999954,0.4994848611,0.1041553509,0.002998569645,-0.0004039495739293628
6.999999954,0.5090098173,0.103276076,0.00301374809,-0.0004063917234989113
6.999999954,0.518672635,0.1023780778,0.003027309754,-0.00040865528161656656
6.999999954,0.5284753098,0.1014613163,0.003039186276,-0.00041073387589065914
6.999999954,0.5384198657,0.1005257687,0.003049308608,-0.0004126212013529325
6.999999954,0.5485083564,0.09957142971,0.003057607114,-0.0004143110396473266
6.999999954,0.5587428652,0.09859831224,0.003064011672,-0.00041579727742857363
6.999999954,0.5691255055,0.09760644811,0.00306845177,-0.0004170739257288562
6.999999954,0.5796584212,0.09659588865,0.003070856623,-0.00041813513985459354
6.999999954,0.5903437875,0.09556670525,0.003071155293,-0.00041897523987084723
6.999999954,0.6011838108,0.09451899004,0.003069276822,-0.00041958873100194667
6.999999954,0.6121807297,0.09345285641,0.003065150351,-0.0004199703268675946
6.999999954,0.6233368149,0.09236843962,0.003058705291,-0.00042011496797714063
6.999999954,0.6346543703,0.09126589729,0.003049871388,-0.00042001785385138886
6.999999954,0.6461357329,0.09014541,0.003038579095,-0.0004196744457879274
6.999999954,0.6577832735,0.08900718174,0.003024759284,-0.0004190805186038266
6.999999954,0.6695993975,0.08785144045,0.003008345439,-0.00041823221445655683
6.999999954,0.6815865448,0.08667843831,0.002989268971,-0.0004171257471185226
6.999999954,0.6937471908,0.08548845223,0.002967461,-0.00041575810586009913
6.999999954,0.7060838467,0.08428178458,0.002942861011,-0.00041412658540984865
6.999999954,0.7185990599,0.08305876324,0.002915407371,-0.0004122285458539942
6.999999954,0.7312954149,0.08181974177,0.00288503738,-0.00041006213031086674
6.999999954,0.7441755335,0.0805651,0.00285169253,-0.0004076258238131193
6.999999954,0.7572420753,0.07929524423,0.00281531613,-0.0004049185935424382
6.999999954,0.7704977387,0.07801060741,0.002775854189,-0.00040193991440095657
6.999999954,0.783945261,0.07671164936,0.002733255343,-0.00039868977512256095
6.999999954,0.797587419,0.07539885689,0.002687471217,-0.00039516870559889024
6.999999954,0.8114270298,0.07407274388,0.002638456618,-0.0003913777910903952
6.999999954,0.8254669514,0.07273385138,0.002586169802,-0.0003873186908182662
6.999999954,0.839710083,0.07138274757,0.002530572713,-0.00038299365175545173
6.999999954,0.8541593657,0.07002002775,0.002471631248,-0.000378405523348333
6.999999954,0.8688177834,0.06864631419,0.002409315513,-0.0003735577693277083
6.999999954,0.883688363,0.06726225607,0.002343600088,-0.0003684544785560629
6.999999954,0.8987741753,0.06586852917,0.002274464288,-0.0003631003731702888
6.999999954,0.9140783356,0.06446583571,0.002201892435,-0.0003575008148715763
6.999999954,0.929604004,0.06305490397,0.002125874131,-0.0003516618092524366
6.999999954,0.9453543867,0.06163648796,0.002046404523,-0.00034559000784339645
6.999999954,0.9613327362,0.06021136696,0.001963484583,-0.00033929270732686585
6.999999954,0.9775423519,0.05878034502,0.001877121371,-0.0003327778466338278
6.999999954,0.9939865811,0.05734425046,0.001787328308,-0.0003260540008700632
6.999999954,1.01066882,0.0559039352,0.001694125448,-0.00031913037296856016
6.999999954,1.027592512,0.05446027411,0.001597539742,-0.0003120167823613979
6.999999954,1.044761154,0.05301416427,0.001497605305,-0.0003047236502735039
6.999999954,1.062178289,0.05156652415,0.001394363666,-0.0002972619829214939
6.999999954,1.079847516,0.05011829281,0.001287864027,-0.0002896433507993811
6.999999954,1.097772482,0.04867042888,0.001178163513,-0.00028187986528439184
6.999999954,1.115956889,0.04722390968,0.001065327413,-0.00027398415236184613
6.999999954,1.134404493,0.04577973013,0.0009494294144,-0.00026596932310508377
6.999999954,1.153119101,0.04433890166,0.0008305518288,-0.00025784894102262406
6.999999954,1.17210458,0.04290245109,0.0007087858099,-0.0002496369868642632
6.999999954,1.19136485,0.04147141943,0.0005842315663,-0.00024134781978389197
6.999999954,1.210903887,0.04004686065,0.0004569985643,-0.00023299613647130048
6.999999954,1.230725728,0.03862984046,0.00032720572,-0.00022459692774562411
6.999999954,1.250834464,0.03722143496,0.0001949815844,-0.00021616543352325588
6.999999954,1.271234248,0.03582272937,6.046451803e-05,-0.00020771708536231195
6.999999954,1.291929293,0.03443481682,-7.619712133e-05,-0.000199267458548583
6.999999954,1.312923873,0.0330587971,-0.0002148447993,-0.0001908322462926026
6.999999954,1.334222322,0.0316957752,-0.0003553096778,-0.0001824271845764516
6.999999954,1.35582904,0.03034685971,-0.0004974125061,-0.0001740679807950696
6.999999954,1.377748487,0.02901316134,-0.0006409635085,-0.00016577026958081658
6.999999954,1.39998519,0.02769579163,-0.0007857622662,-0.00015754955293593596
6.999999954,1.422543741,0.02639586154,-0.0009315976003,-0.00014942114135787872
6.999999954,1.445428798,0.02511448018,-0.001078247458,-0.0001414000953934006
6.999999954,1.468645087,0.02385275362,-0.001225478797,-0.0001335011664245131
6.999999954,1.492197403,0.02261178373,-0.001373047457,-0.00012573873893409544
6.999999954,1.516090608,0.02139266722,-0.001520698022,-0.00011812677285868325
6.999999954,1.540329637,0.02019649473,-0.001668163651,-0.00011067874792870779
6.999999954,1.564919496,0.01902435018,-0.001815165899,-0.00010340761046812324
6.999999954,1.589865261,0.01787731031,-0.001961414472,-9.63257213748872e-05
6.999999954,1.615172084,0.01675644449,-0.002106606957,-8.944481254745734e-05
6.999999954,1.640845191,0.0156628148,-0.002250428299,-8.277593483783062e-05
6.999999954,1.666889884,0.01459747661,-0.002392550684,-7.632941647169178e-05
6.999999954,1.69331154,0.01356147953,-0.002532632797,-7.011484053952272e-05
6.999999954,1.720115616,0.01255586883,-0.002670318866,-6.414100282915681e-05
6.999999954,1.747307647,0.01158168768,-0.002805238075,-5.841588490900298e-05
6.999999954,1.774893249,0.01063998,-0.002937003391,-5.2946644613911895e-05
6.999999954,1.802878116,0.009731794206,-0.003065210048,-4.773958808967765e-05
6.999999954,1.831268029,0.008858188159,-0.003189434625,-4.280019397321992e-05
6.999999954,1.86006885,0.008020234802,-0.003309231389,-3.813310050130397e-05
6.999999954,1.889286525,0.007219029184,-0.003424129059,-3.374210090961097e-05
6.999999954,1.91892709,0.006455697912,-0.00353363168,-2.9630159294091927e-05
6.999999954,1.948996664,0.005731408518,-0.003637213198,-2.5799487698098548e-05
6.999999954,1.979501456,0.005047379872,-0.003734311291,-2.225155580186459e-05
6.999999954,2.010447767,0.004404893629,-0.003824324949,-1.8987091744505733e-05
6.999999954,2.041841986,0.003805303406,-0.003906610256,-1.600615273435367e-05
6.999999954,2.073690596,0.003250039072,-0.003980477296,-1.3308121262217676e-05
6.999999954,2.106000175,0.002740599314,-0.00404519034,-1.0891681443936682e-05
6.999999954,2.138777393,0.002278521027,-0.004099974734,-8.754705108642446e-06
6.999999954,2.17202902,0.001865306105,-0.00414403657,-6.893990006742133e-06
6.999999954,2.205761922,0.001502276187,-0.004176604664,-5.304724542799756e-06
6.999999954,2.239983065,0.001190318278,-0.004197007552,-3.9795509166817135e-06
6.999999954,2.274699515,0.0009294910519,-0.004204796391,-2.9070359681513804e-06
6.999999954,2.309918441,0.0007185121111,-0.00419991315,-2.0697337428883864e-06
6.999999954,2.345647117,0.0005542535398,-0.004182853816,-1.4427999683120741e-06
6.999999954,2.381892919,0.0004315119797,-0.00415478166,-9.933865793535511e-07
6.999999954,2.418663334,0.0003433227936,-0.004117507256,-6.842346971122552e-07
6.999999954,2.455965953,0.0002818483572,-0.00407319968,-4.794668709015498e-07
6.999999954,2.49380848,0.000239537411,-0.004024008132,-3.4837053220985576e-07
6.999999954,2.53219873,0.0002100509376,-0.00397180168,-2.6760696586666527e-07
6.999999954,2.571144629,0.0001886507055,-0.003918018461,-2.2089630211483374e-07
6.999999954,2.610654221,0.0001721086555,-0.00386365691,-1.9722132545588184e-07
6.999999954,2.650735663,0.0001583675983,-0.003809363946,-1.892294045364019e-07
6.999999954,2.691397234,0.0001461727593,-0.003755538362,-1.919850826667979e-07
6.999999954,2.732647329,0.000134777667,-0.003702418153,-2.0215117646391923e-07
6.999999954,2.774494467,0.0001237435958,-0.003650141884,-2.174420855836676e-07
6.999999954,2.816947288,0.0001128142217,-0.00359878819,-2.3625762326378272e-07
6.999999954,2.86001456,0.000101840944,-0.003548399799,-2.574353484429956e-07
6.999999954,2.903705176,9.073941703e-05,-0.003498997735,-2.8008538844952903e-07
6.999999954,2.948028158,7.946446832e-05,-0.003450589589,-3.03480793541952e-07
6.999999954,2.992992659,6.799564506e-05,-0.003403174291,-3.269849729697755e-07
6.999999954,3.038607963,5.632886636e-05,-0.003356744852,-3.5000455366786556e-07
6.999999954,3.084883491,4.447158518e-05,-0.003311289892,-3.719598214818427e-07
6.999999954,3.131828798,3.243998799e-05,-0.003266794449,-3.922674197695081e-07
6.999999954,3.179453579,2.025737295e-05,-0.003223240384,-4.103343699532478e-07
6.999999954,3.227767668,7.953190562e-06,-0.003180606558,-4.2556302204011237e-07
6.999999954,3.276781041,-4.437567107e-06,-0.003138868908,-4.3736718501340113e-07
6.999999954,3.326503821,-1.687484587e-05,-0.003098000442,-4.4519905764013044e-07
6.999999954,3.376946275,-2.931401137e-05,-0.003057971264,-4.4858335482333344e-07
6.999999954,3.428118819,-4.170641793e-05,-0.003018748668,-4.4715664229662166e-07
6.999999954,3.48003202,-5.400012462e-05,-0.002980297352,-4.4070853582423713e-07
6.999999954,3.532696599,-6.614081091e-05,-0.00294257974,-4.2921966018064763e-07
6.999999954,3.58612343,-7.807293883e-05,-0.002905556483,-4.1288840882941083e-07
6.999999954,3.640323547,-8.974114844e-05,-0.002869187104,-3.9213676333673586e-07
6.999999954,3.695308141,-0.0001010918354,-0.00283343081,-3.6759215868005466e-07
6.999999954,3.751088567,-0.0001120748184,-0.002798247428,-3.400440375956386e-07
6.999999954,3.807676344,-0.0001226449418,-0.002763598347,-3.103739650093906e-07
6.999999954,3.865083157,-0.0001327633937,-0.002729447408,-2.79492724329315e-07
6.999999954,3.92332086,-0.0001423984365,-0.002695761588,-2.4823597862420624e-07
6.999999954,3.98240148,-0.0001515255492,-0.002662511059,-2.1729864606144968e-07
6.999999954,4.042337217,-0.0001601267855,-0.002629669091,-1.8723495783336898e-07
6.999999954,4.103140447,-0.0001681895802,-0.002597211711,-1.5843914316961914e-07
6.999999954,4.164823726,-0.0001757056149,-0.002565117067,-1.31175225978905e-07
6.999999954,4.227399792,-0.0001826700753,-0.002533365157,-1.0562837576969889e-07
6.999999954,4.290881567,-0.0001890816161,-0.002501937948,-8.193595458888005e-08
6.999999954,4.35528216,-0.0001949428432,-0.002470819827,-6.019771740042818e-08
6.999999954,4.420614869,-0.0002002608096,-0.002439998034,-4.046801391681281e-08
6.999999954,4.486893186,-0.0002050469769,-0.002409462764,-2.2744055123446905e-08
6.999999954,4.554130797,-0.0002093164477,-0.002379206792,-6.9645722492611515e-09
6.999999954,4.622341587,-0.0002130866832,-0.002349224756,6.978261786689951e-09
6.999999954,4.691539642,-0.000216376119,-0.00231951234,1.9219380334690127e-08
6.999999954,4.76173925,-0.0002192030333,-0.00229006557,2.9901710734481306e-08
6.999999954,4.832954907,-0.000221584833,-0.002260880345,3.9162860052012375e-08
6.999999954,4.905201321,-0.0002235377282,-0.002231952184,4.7128503019545254e-08
6.999999954,4.97849341,-0.0002250766854,-0.002203276156,5.39105791859286e-08
6.999999954,5.052846308,-0.0002262155436,-0.002174846912,5.960832757504005e-08
6.999999954,5.128275369,-0.0002269671937,-0.002146658775,6.431042177929268e-08
6.999999954,5.20479617,-0.0002273437692,-0.002118705847,6.809706886047087e-08
6.999999954,5.282424513,-0.0002273568218,-0.002090982108,7.10418948809958e-08
6.999999954,5.361176426,-0.000227017467,-0.002063481508,7.321335777872386e-08
6.999999954,5.441068173,-0.0002263365022,-0.002036198039,7.467571930345509e-08
6.999999954,5.522116252,-0.0002253244991,-0.002009125797,7.549003742375614e-08
6.999999954,5.604337398,-0.0002239918627,-0.001982259053,7.571554542742334e-08
6.999999954,5.68774859,-0.000222348862,-0.001955592204,7.540854966426616e-08
6.999999954,5.772367054,-0.0002204058713,-0.001929120019,7.461034969785575e-08
6.999999954,5.858210261,-0.0002181731542,-0.00190283716,7.338556246270091e-08
6.999999954,5.94529594,-0.0002156607572,-0.001876739438,7.178881092108104e-08
6.999999954,6.033642073,-0.0002128789458,-0.001850820918,6.984992490686809e-08
6.999999954,6.123266903,-0.0002098381744,-0.001825080917,6.76211273312114e-08
6.999999954,6.214188939,-0.000206548767,-0.001799506067,6.512955221775185e-08
6.999999954,6.306426956,-0.0002030213402,-0.001774122608,6.24815265657096e-08
6.999999954,6.4,-0.0001992591398,-0.001748909012,5.963052698921033e-08
7.0069031,8.580981453999999e-16,0.1313942602,2.324247665e-05,-3.0087183705751663e-06
7.088219012,8.680564723999999e-16,0.1300089558,2.275447143e-05,-2.9144289844154084e-06
7.170429398,8.781243410999999e-16,0.1286378249,2.227662257e-05,-2.823074756633534e-06
7.253544099,8.883029562999999e-16,0.1272807284,2.180871071e-05,-2.734565688225156e-06
7.337573061,8.985935361999999e-16,0.1259375287,2.135053599e-05,-2.6488130383094402e-06
7.422526342,9.089973125999998e-16,0.1246080885,2.090191247e-05,-2.565732028292043e-06
7.508414109,9.195155305e-16,0.1232922715,2.046263542e-05,-2.4852400462166297e-06
7.595246641,9.301494488e-16,0.1219899439,2.003249361e-05,-2.4072561649880936e-06
7.683034331,9.409003402e-16,0.1207009734,1.961130655e-05,-2.3317026090386256e-06
7.771787686,9.517694914e-16,0.1194252283,1.91988989e-05,-2.2585040939688795e-06
7.861517328,9.627582031999999e-16,0.118162578,1.87950856e-05,-2.18758794371873e-06
7.952233996,9.738677909e-16,0.1169128933,1.839968803e-05,-2.118883079105281e-06
8.043948547,9.850995840999999e-16,0.1156760462,1.801253006e-05,-2.052320829090476e-06
8.136671958,9.96454927e-16,0.1144519104,1.763343328e-05,-1.9878348969308047e-06
8.230415327,1.007935179e-15,0.1132403612,1.726223321e-05,-1.925361270080304e-06
8.325189873,1.019541713e-15,0.1120412745,1.689877794e-05,-1.8648373128244618e-06
8.421006939,1.031275919e-15,0.1108545268,1.654290516e-05,-1.8062024975101025e-06
8.517877992,1.043139202e-15,0.1096799965,1.619444585e-05,-1.7493985330198216e-06
8.615814627,1.055132981e-15,0.1085175638,1.585324995e-05,-1.694367846543638e-06
8.714828566,1.067258691e-15,0.1073671091,1.551917664e-05,-1.6410563796932426e-06
8.814931657,1.079517784e-15,0.106228514,1.519207016e-05,-1.5894103475669038e-06
8.916135883,1.091911727e-15,0.1051016616,1.487178811e-05,-1.539378486008831e-06
8.999999951,1.102182113e-15,0.104187575,1.461475048e-05,-1.499650352512516e-06
8.999999951,0.005204005335,0.1041857978,2.888301259e-05,-2.9933162710901455e-06
8.999999951,0.0103396636,0.1041805607,5.637747657e-05,-5.935237856649145e-06
8.999999951,0.01540787243,0.1041720015,8.337047597e-05,-8.832666270812479e-06
8.999999951,0.02040951769,0.1041602534,0.0001104424345,-1.1691418086117844e-05
8.999999951,0.02534547358,0.104145446,0.0001371122344,-1.4510940505327267e-05
8.999999951,0.03021660284,0.1041277057,0.0001634336185,-1.729150834405485e-05
8.999999951,0.03502375688,0.1041071551,0.0001893752017,-2.003325308340231e-05
8.999999951,0.03976777591,0.1040839134,0.0002149554003,-2.2736419311758198e-05
8.999999951,0.04444948913,0.1040580964,0.000240172242,-2.5401233974460045e-05
8.999999951,0.04906971482,0.1040298166,0.0002650293789,-2.802795268658606e-05
8.999999951,0.05362926055,0.1039991829,0.0002895287636,-3.061684461260992e-05
8.999999951,0.05812892325,0.1039663014,0.0003136733284,-3.316819603618799e-05
8.999999951,0.0625694894,0.1039312747,0.0003374658639,-3.5682307099500494e-05
8.999999951,0.06695173514,0.1038942024,0.0003609093649,-3.815949125774415e-05
8.999999951,0.07127642644,0.1038551812,0.0003840069066,-4.0600074047748426e-05
8.999999951,0.07554431918,0.1038143044,0.0004067616721,-4.3004392042746394e-05
8.999999951,0.07975615934,0.1037716628,0.0004291769545,-4.537279191202734e-05
8.999999951,0.08391268308,0.1037273443,0.0004512560794,-4.770562939556603e-05
8.999999951,0.0880146169,0.1036814337,0.0004730025641,-5.000326867081825e-05
8.999999951,0.09206267776,0.1036340133,0.0004944195521,-5.226606795206664e-05
8.999999951,0.09605757321,0.1035851628,0.0005155112838,-5.450438918515841e-05
8.999999951,0.1000000015,0.1035349591,0.0005362817324,-5.6701810251295215e-05
8.999999951,0.1037429233,0.1034854667,0.0005559573037,-5.8756355091238156e-05
8.999999951,0.1075400192,0.1034334419,0.0005758726641,-6.084240931155402e-05
8.999999951,0.1113920731,0.1033787995,0.0005960291357,-6.297190592663734e-05
8.999999951,0.1152998807,0.1033214524,0.0006164270237,-6.512685136408096e-05
8.999999951,0.1192642488,0.103261311,0.0006370666834,-6.730729596601214e-05
8.999999951,0.123285996,0.1031982834,0.0006579482351,-6.951325368567179e-05
8.999999951,0.127365953,0.1031322754,0.0006790716727,-7.174472137226112e-05
8.999999951,0.1315049621,0.1030631903,0.000700436803,-7.400167772644281e-05
8.999999951,0.1357038781,0.1029909289,0.0007220432533,-7.628408224751787e-05
8.999999951,0.139963568,0.1029153897,0.0007438904561,-7.859187426867816e-05
8.999999951,0.1442849115,0.1028364684,0.0007659776411,-8.092497183806785e-05
8.999999951,0.148668801,0.1027540584,0.0007883038235,-8.32832708410331e-05
8.999999951,0.1531161417,0.1026680504,0.0008108677929,-8.566664355736636e-05
8.999999951,0.157627852,0.1025783325,0.0008336681021,-8.807493784916795e-05
8.999999951,0.1622048635,0.1024847901,0.0008567030547,-9.050797561798697e-05
8.999999951,0.1668481215,0.102387306,0.0008799706931,-9.296555172593084e-05
8.999999951,0.1715585846,0.1022857604,0.0009034687857,-9.544743287343715e-05
8.999999951,0.1763372258,0.1021800307,0.0009271948138,-9.795335611415336e-05
8.999999951,0.1811850317,0.1020699916,0.0009511459578,-0.00010048302754943088
8.999999951,0.1861030034,0.101955515,0.0009753190836,-0.00010303612089671848
8.999999951,0.1910921564,0.1018364703,0.000999710728,-0.00010561227628354917
8.999999951,0.1961535212,0.1017127238,0.001024317084,-0.00010821109862100581
8.999999951,0.2012881427,0.1015841393,0.001049133986,-0.00011083215633001405
8.999999951,0.2064970813,0.1014505777,0.001074156893,-0.00011347497959446394
8.999999951,0.2117814126,0.1013118974,0.001099380875,-0.00011613905904048858
8.999999951,0.217142228,0.1011679538,0.001124800593,-0.00011882384401965222
8.999999951,0.2225806343,0.1010185997,0.001150410288,-0.00012152874120782124
8.999999951,0.2280977546,0.1008636851,0.001176203756,-0.0001242531129725197
8.999999951,0.2336947282,0.1007030575,0.001202174338,-0.00012699627564945982
8.999999951,0.2393727108,0.1005365616,0.001228314897,-0.00012975749794621075
8.999999951,0.245132875,0.1003640396,0.001254617806,-0.00013253599917855966
8.999999951,0.2509764103,0.100185331,0.001281074919,-0.00013533094810260618
8.999999951,0.2569045233,0.1000002728,0.001307677566,-0.00013814146034403898
8.999999951,0.2629184381,0.09980869973,0.001334416486,-0.00014096659797258688
8.999999951,0.2690193968,0.09961044382,0.001361281917,-0.0001438053667339936
8.999999951,0.275208659,0.09940533494,0.001388263557,-0.00014665671417059956
8.999999951,0.2814875029,0.09919320068,0.001415350333,-0.0001495195295523986
8.999999951,0.2878572251,0.09897386643,0.001442530594,-0.00015239264077774591
8.999999951,0.2943191408,0.09874715551,0.001469792112,-0.00015527481318634208
8.999999951,0.3008745846,0.09851288924,0.001497121944,-0.0001581647480931416
8.999999951,0.3075249101,0.0982708871,0.001524506468,-0.00016106108098235057
8.999999951,0.3142714906,0.09802096679,0.001551931348,-0.00016396238033113063
8.999999951,0.3211157192,0.09776294442,0.001579381521,-0.0001668671458462021
8.999999951,0.3280590093,0.09749663459,0.001606841176,-0.00016977380722442428
8.999999951,0.3351027947,0.09722185058,0.001634293733,-0.00017268072253977474
8.999999951,0.3422485299,0.09693840448,0.001661721823,-0.00017558617724621278
8.999999951,0.3494976905,0.0966461074,0.00168910727,-0.0001784883830298463
8.999999951,0.3568517735,0.0963447696,0.001716431073,-0.00018138547646723765
8.999999951,0.3643122975,0.09603420071,0.001743673384,-0.00018427551822472314
8.999999951,0.371880803,0.09571420993,0.001770813496,-0.00018715649188036953
8.999999951,0.379558853,0.09538460625,0.001797829817,-0.0001900263035923986
8.999999951,0.387348033,0.09504519865,0.00182469986,-0.00019288278117163255
8.999999951,0.3952499515,0.09469579636,0.001851400227,-0.00019572367390156814
8.999999951,0.4032662402,0.0943362091,0.001877906588,-0.00019854665176837093
8.999999951,0.4113985544,0.09396624732,0.001904193671,-0.0002013493055771611
8.999999951,0.4196485735,0.09358572252,0.001930235251,-0.00020412914719949396
8.999999951,0.4280180012,0.09319444747,0.001956004129,-0.0002068836093371618
8.999999951,0.4365085656,0.09279223657,0.001981472132,-0.000209610046608585
8.999999951,0.4451220201,0.0923789061,0.002006610095,-0.00021230573556071093
8.999999951,0.4538601435,0.09195427458,0.002031387857,-0.00021496787595358204
8.999999951,0.46272474,0.09151816306,0.00205577425,-0.00021759359178896194
8.999999951,0.4717176402,0.0910703955,0.002079737102,-0.0002201799329171323
8.999999951,0.4808407013,0.0906107991,0.002103243223,-0.0002227238767476426
8.999999951,0.490095807,0.09013920465,0.002126258412,-0.0002252223299407085
8.999999951,0.4994848686,0.08965544696,0.002148747455,-0.00022767213097424187
8.999999951,0.5090098249,0.08915936515,0.002170674127,-0.00023007005274372564
8.999999951,0.5186726428,0.08865080315,0.002192001197,-0.00023241280547302726
8.999999951,0.5284753176,0.08812961001,0.002212690436,-0.00023469704026262596
8.999999951,0.5384198737,0.08759564038,0.002232702622,-0.0002369193518438743
8.999999951,0.5485083646,0.08704875488,0.002251997581,-0.00023907637401700035
8.999999951,0.5587428735,0.08648882057,0.002270534193,-0.0002411648219617146
8.999999951,0.5691255139,0.08591571132,0.00228827032,-0.00024318026461362025
8.999999951,0.5796584298,0.08532930835,0.002305162931,-0.0002451191021585435
8.999999951,0.5903437963,0.08472950065,0.002321168098,-0.0002469791827416026
8.999999951,0.6011838198,0.08411618541,0.002336241071,-0.00024875628124402984
8.999999951,0.6121807388,0.08348926845,0.00235033628,-0.00025044607188451986
8.999999951,0.6233368242,0.08284866474,0.002363407278,-0.0002520452653884876
8.999999951,0.6346543798,0.08219429884,0.002375406898,-0.00025355018589647715
8.999999951,0.6461357425,0.08152610537,0.002386287246,-0.0002549571594050681
8.999999951,0.6577832833,0.0808440295,0.002395999756,-0.00025626252302395275
8.999999951,0.6695994075,0.0801480274,0.002404495239,-0.0002574626335897669
8.999999951,0.681586555,0.07943806672,0.002411723941,-0.0002585538761339978
8.999999951,0.6937472012,0.07871412708,0.002417635597,-0.00025953267383399135
8.999999951,0.7060838572,0.07797620048,0.002422179502,-0.000260395497132605
8.999999951,0.7185990706,0.07722429184,0.002425304577,-0.00026113887448435446
8.999999951,0.7312954258,0.07645841941,0.002426959437,-0.0002617594028336341
8.999999951,0.7441755445,0.07567861524,0.002427092476,-0.00026225375850594495
8.999999951,0.7572420866,0.07488492563,0.002425651943,-0.0002626187082800892
8.999999951,0.7704977502,0.07407741157,0.002422586036,-0.00026285112079883305
8.999999951,0.7839452727,0.07325614916,0.002417842996,-0.0002629479794225076
8.999999951,0.7975874309,0.07242123005,0.002411371178,-0.00026290639146381344
8.999999951,0.8114270419,0.07157276185,0.002403119234,-0.00026272360898255733
8.999999951,0.8254669637,0.0707108685,0.002393036044,-0.00026239701725358803
8.999999951,0.8397100955,0.06983569072,0.00238107165,-0.0002619242279375982
8.999999951,0.8541593784,0.06894738623,0.002367175892,-0.0002613029252365002
8.999999951,0.8688177964,0.06804613025,0.002351297606,-0.0002605309695644882
8.999999951,0.8836883762,0.06713211589,0.002333389022,-0.0002596066464600567
8.999999951,0.8987741887,0.06620555435,0.002313404193,-0.00025852826430292666
8.999999951,0.9140783492,0.0652666752,0.002291296224,-0.0002572943248800214
8.999999951,0.9296040179,0.06431572663,0.002267019581,-0.0002559036893873882
8.999999951,0.9453544008,0.0633529758,0.002240530518,-0.0002543554143609183
8.999999951,0.9613327505,0.06237870906,0.002211786808,-0.00025264883823196703
8.999999951,0.9775423664,0.06139323211,0.002180747951,-0.0002507835706865273
8.999999951,0.9939865959,0.06039687017,0.002147375306,-0.00024875951163617536
8.999999951,1.010668835,0.05938996817,0.002111632275,-0.00024657686049036676
8.999999951,1.027592528,0.05837289085,0.002073484471,-0.00024423612716217136
8.999999951,1.044761169,0.0573460228,0.002032899892,-0.00024173814171802037
8.999999951,1.062178305,0.05630976858,0.001989849104,-0.00023908406341699727
8.999999951,1.079847532,0.05526455272,0.001944305423,-0.0002362753892471086
8.999999951,1.097772499,0.05421081967,0.001896245101,-0.00023331396155168205
8.999999951,1.115956906,0.05314903379,0.001845647519,-0.00023020197458146227
8.999999951,1.13440451,0.05207967925,0.001792495374,-0.00022694198031215888
8.999999951,1.153119119,0.0510032599,0.00173677488,-0.0002235368926962966
8.999999951,1.172104598,0.04992029909,0.001678475959,-0.00021998999128747544
8.999999951,1.191364868,0.04883133949,0.001617592444,-0.00021630492304856373
8.999999951,1.210903906,0.04773694283,0.001554122272,-0.0002124857039513897
8.999999951,1.230725746,0.04663768958,0.001488067691,-0.00020853671792338488
8.999999951,1.250834482,0.04553417866,0.001419435454,-0.00020446271497604523
8.999999951,1.271234267,0.04442702703,0.00134823702,-0.00020026880783786925
8.999999951,1.291929312,0.04331686928,0.001274488753,-0.0001959604670749109
8.999999951,1.312923892,0.04220435713,0.001198212118,-0.00019154351438481222
8.999999951,1.334222342,0.04109015898,0.001119433876,-0.00018702411490068973
8.999999951,1.35582906,0.03997495929,0.001038186276,-0.0001824087664829179
8.999999951,1.377748507,0.038859458,0.0009545072429,-0.00017770428873019136
8.999999951,1.399985211,0.03774436989,0.0008684405639,-0.00017291780950209442
8.999999951,1.422543762,0.03663042388,0.0007800360691,-0.00016805675023366667
8.999999951,1.44542882,0.03551836231,0.0006893498073,-0.00016312880898139407
8.999999951,1.468645109,0.03440894015,0.0005964442176,-0.0001581419421398058
8.999999951,1.492197425,0.03330292422,0.0005013882949,-0.000153104344082005
8.999999951,1.516090631,0.03220109232,0.0004042577507,-0.0001480244261312506
8.999999951,1.54032966,0.03110423241,0.0003051351677,-0.00014291079281727426
8.999999951,1.564919519,0.03001314164,0.0002041101486,-0.00013777221789578565
8.999999951,1.589865284,0.02892862553,0.0001012794592,-0.0001326176174231434
8.999999951,1.615172108,0.02785149699,-3.25283031e-06,-0.00012745601489927603
8.999999951,1.640845215,0.0267825755,-0.0001093751939,-0.0001222965259396818
8.999999951,1.666889908,0.02572268617,-0.0002169685244,-0.00011714833264707424
8.999999951,1.693311565,0.02467265855,-0.0003259060366,-0.0001120206371042913
8.999999951,1.720115642,0.02363332565,-0.0004360531724,-0.000106922631184629
8.999999951,1.747307673,0.02260552282,-0.0005472675023,-0.00010186346694592486
8.999999951,1.774893275,0.02159008683,-0.000659398625,-9.685222295886525e-05
8.999999951,1.802878143,0.02058785489,-0.0007722880703,-9.189787107829198e-05
8.999999951,1.831268056,0.01959966373,-0.0008857692008,-8.700924259898652e-05
8.999999951,1.860068877,0.0186263487,-0.0009996671114,-8.219499462697473e-05
8.999999951,1.889286554,0.01766874299,-0.001113798521,-7.746357685428164e-05
8.999999951,1.918927118,0.0167276769,-0.001227971652,-7.282319865668833e-05
8.999999951,1.948996693,0.01580397723,-0.001341986099,-6.82817972441155e-05
8.999999951,1.979501486,0.01489846678,-0.001455632667,-6.384700644971232e-05
8.999999951,2.010447797,0.01401196405,-0.001568693182,-5.952612842223532e-05
8.999999951,2.041842016,0.01314528305,-0.00168094021,-5.532610479717568e-05
8.999999951,2.073690627,0.01229923348,-0.001792136855,-5.1253487153892406e-05
8.999999951,2.106000206,0.01147462108,-0.001902036431,-4.7314419953653566e-05
8.999999951,2.138777425,0.01067224831,-0.002010381871,-4.351461707167568e-05
8.999999951,2.172029053,0.009892915492,-0.00211690525,-3.985933931113587e-05
8.999999951,2.205761955,0.009137422381,-0.00222132717,-3.6353383930101994e-05
8.999999951,2.239983098,0.008406570277,-0.002323355859,-3.3001069188694736e-05
8.999999951,2.274699549,0.007701164819,-0.002422686398,-2.980623044246073e-05
8.999999951,2.309918476,0.007022019447,-0.002518998983,-2.6772225984730407e-05
8.999999951,2.345647152,0.00636995952,-0.002611956715,-2.3901916806881887e-05
8.999999951,2.381892955,0.005745828047,-0.002701205302,-2.119766662203912e-05
8.999999951,2.41866337,0.005150491895,-0.002786370951,-1.8661389426179204e-05
8.999999951,2.455965989,0.004584848648,-0.002867056076,-1.629454612865355e-05
8.999999951,2.493808517,0.004049834836,-0.00294283691,-1.4098148528651254e-05
8.999999951,2.532198767,0.003546434106,-0.003013260787,-1.2072794114140857e-05
8.999999951,2.571144667,0.003075684451,-0.00307784271,-1.0218679977127826e-05
8.999999951,2.61065426,0.002638682118,-0.003136063017,-8.535612896364263e-06
8.999999951,2.650735703,0.002236577837,-0.003187367007,-7.0229958136031555e-06
8.999999951,2.691397274,0.001870557622,-0.003231168993,-5.679771759008784e-06
8.999999951,2.73264737,0.001541795056,-0.003266864872,-4.504286068214285e-06
8.999999951,2.774494508,0.001251354956,-0.003293859541,-3.494007909362178e-06
8.999999951,2.81694733,0.001000021776,-0.003311618586,-2.6450198043772095e-06
8.999999951,2.860014603,0.0007880287233,-0.00331975157,-1.951197909242945e-06
8.999999951,2.903705219,0.0006146905231,-0.003318133438,-1.403057785165271e-06
8.999999951,2.948028202,0.0004780144924,-0.003307027867,-9.868110806460957e-07
8.999999951,2.992992703,0.0003744526011,-0.003287178651,-6.8387581191453e-07
8.999999951,3.038608008,0.0002990232717,-0.003259846118,-4.7224527908356095e-07
8.999999951,3.084883537,0.0002458738968,-0.00322663337,-3.2984133452759413e-07
8.999999951,3.131828845,0.0002091189711,-0.003189193865,-2.3716423840027414e-07
8.999999951,3.179453626,0.0001836154123,-0.003149025137,-1.78808065774751e-07
8.999999951,3.227767716,0.0001653774694,-0.003107325588,-1.4377878042745259e-07
8.999999951,3.27678109,0.0001516060764,-0.003064952658,-1.2453303769781692e-07
8.999999951,3.326503871,0.0001404748623,-0.003022475364,-1.1598695525170732e-07
8.999999951,3.376946325,0.0001308503312,-0.002980250694,-1.1471831521935706e-07
8.999999951,3.42811887,0.0001220498595,-0.002938494603,-1.1841350863349274e-07
8.999999951,3.480032072,0.0001136684892,-0.002897334279,-1.2549973494632863e-07
8.999999951,3.532696651,0.0001054673528,-0.002856842908,-1.3489582821652066e-07
8.999999951,3.586123483,9.730589344e-05,-0.002817061258,-1.4584288295685518e-07
8.999999951,3.640323601,8.9101909e-05,-0.002778010645,-1.5779024513807963e-07
8.999999951,3.695308196,8.080829703e-05,-0.002739700571,-1.7031938698062767e-07
8.999999951,3.751088623,7.239956583e-05,-0.002702133192,-1.830927805833597e-07
8.999999951,3.807676401,6.386401215e-05,-0.002665305914,-1.9581905170465938e-07
8.999999951,3.865083215,5.519919381e-05,-0.002629212871,-2.08229171773946e-07
8.999999951,3.923320919,4.640932024e-05,-0.002593845759,-2.2006063892475353e-07
8.999999951,3.98240154,3.750376076e-05,-0.002559194259,-2.3104760180954282e-07
8.999999951,4.042337277,2.849621424e-05,-0.002525246233,-2.409156565432576e-07
8.999999951,4.103140508,1.940426659e-05,-0.002491987782,-2.4938097609999856e-07
8.999999951,4.164823788,1.024916597e-05,-0.002459403216,-2.5615410497187987e-07
8.999999951,4.227399855,1.05568965e-06,-0.002427475002,-2.6094894360413216e-07
8.999999951,4.290881631,-8.147989711e-06,-0.002396183693,-2.634969379180623e-07
8.999999951,4.355282225,-1.733049606e-05,-0.002365507897,-2.6356580324698554e-07
8.999999951,4.420614935,-2.645754639e-05,-0.002335424303,-2.6098104945688665e-07
8.999999951,4.486893253,-3.549237965e-05,-0.002305907795,-2.5564827735764313e-07
8.999999951,4.554130865,-4.439635774e-05,-0.002276931654,-2.475738505046774e-07
8.999999951,4.622341656,-5.312977397e-05,-0.002248467875,-2.368800020121734e-07
8.999999951,4.691539712,-6.165285919e-05,-0.002220487628,-2.2380941708322574e-07
8.999999951,4.761739321,-6.992694245e-05,-0.002192961825,-2.0871594862692815e-07
8.999999951,4.832954979,-7.791569164e-05,-0.002165861765,-1.9203918942145026e-07
8.999999951,4.905201394,-8.558629602e-05,-0.002139159844,-1.7427789123026513e-07
8.999999951,4.978493484,-9.291041126e-05,-0.002112830178,-1.559278290781797e-07
8.999999951,5.052846383,-9.986476201e-05,-0.002086848911,-1.374417203559841e-07
8.999999951,5.128275446,-0.0001064311625,-0.002061194435,-1.192115759797354e-07
8.999999951,5.204796248,-0.000112595997,-0.002035847302,-1.015356840357411e-07
8.999999951,5.282424591,-0.0001183494292,-0.00201078983,-8.462636783028392e-08
8.999999951,5.361176506,-0.0001236846212,-0.001986005784,-6.863257857452675e-08
8.999999951,5.441068255,-0.0001285973764,-0.001961480265,-5.366396920839557e-08
8.999999951,5.522116334,-0.0001330863169,-0.001937199907,-3.980637573559452e-08
8.999999951,5.604337482,-0.0001371533791,-0.001913153289,-2.7123455785177526e-08
8.999999951,5.687748675,-0.0001408041722,-0.001889331209,-1.564878117469603e-08
8.999999951,5.77236714,-0.0001440478149,-0.001865726767,-5.378333034012929e-09
8.999999951,5.858210349,-0.0001468961754,-0.001842334751,3.7286099323179e-09
8.999999951,5.945296028,-0.0001493627677,-0.001819151681,1.1740965789038009e-08
8.999999951,6.033642163,-0.0001514616346,-0.001796173537,1.8741552177098406e-08
8.999999951,6.123266995,-0.0001532065285,-0.001773399242,2.4818642761841987e-08
8.999999951,6.214189032,-0.0001546103572,-0.001750819714,3.004049589423454e-08
8.999999951,6.30642705,-0.0001556851225,-0.001728452081,3.439762101632868e-08
8.999999951,6.400000095,-0.0001564377868,-0.001706283541,3.8037619574241137e-08
9.018453354,1.104442003e-15,0.1039864362,1.45581913e-05,-1.4909101640819513e-06
9.121896319,1.117110113e-15,0.1028827226,1.425114675e-05,-1.4439571027965884e-06
9.226477155,1.1299175720000001e-15,0.1017904069,1.395051102e-05,-1.3984719857740138e-06
9.332208381,1.142865912e-15,0.1007093765,1.365615064e-05,-1.3544091735777644e-06
9.439102651,1.155956685e-15,0.09963952001,1.336793747e-05,-1.3117245984237267e-06
9.547172757,1.169191456e-15,0.0985807269,1.308574475e-05,-1.2703760431693758e-06
9.656431635,1.182571809e-15,0.09753288779,1.28094478e-05,-1.230321256755807e-06
9.76689236,1.196099347e-15,0.09649589405,1.25389289e-05,-1.1915207840934054e-06
9.878568153,1.209775687e-15,0.09546963841,1.227406175e-05,-1.1539347870156447e-06
9.99147238,1.223602467e-15,0.09445401432,1.201473454e-05,-1.1175263223467049e-06
10.10561855,1.237581341e-15,0.09344891659,1.176082695e-05,-1.0822577782900518e-06
10.22102033,1.251713984e-15,0.0924542406,1.151223536e-05,-1.0480952086400009e-06
10.33769154,1.266002085e-15,0.09146988311,1.126884156e-05,-1.0150025310854095e-06
10.45564612,1.280447355e-15,0.09049574127,1.103054708e-05,-9.829483613278766e-07
10.5748982,1.295051524e-15,0.08953171404,1.079723301e-05,-9.51898049772248e-07
10.69546206,1.309816338e-15,0.08857770038,1.056881347e-05,-9.218230876236648e-07
10.81735212,1.324743565e-15,0.08763360116,1.034516807e-05,-8.926899209509747e-07
10.94058297,1.339834992e-15,0.08669931698,1.01262206e-05,-8.644731416780101e-07
10.99999988,1.347111464e-15,0.08625837908,1.00239831e-05,-8.514363704914207e-07
10.99999988,0.005204005258,0.08625736699,1.981038005e-05,-1.699498182848664e-06
10.99999988,0.01033966345,0.08625438447,3.866883517e-05,-3.3698990551221953e-06
10.99999988,0.01540787221,0.08624950987,5.718495234e-05,-5.015190902597877e-06
10.99999988,0.02040951739,0.08624281874,7.575793397e-05,-6.63874302877454e-06
10.99999988,0.0253454732,0.08623438473,9.405831285e-05,-8.240304834666875e-06
10.99999988,0.03021660239,0.08622427933,0.0001121235146,-9.82008828582344e-06
10.99999988,0.03502375636,0.08621257202,0.0001299326105,-1.1378219388328618e-05
10.99999988,0.03976777532,0.08619933022,0.0001474987643,-1.291488329378907e-05
10.99999988,0.04444948847,0.08618461938,0.0001648211011,-1.4430250646411042e-05
10.99999988,0.04906971409,0.08616850303,0.0001819025492,-1.5924503961676608e-05
10.99999988,0.05362925975,0.08615104278,0.0001987448271,-1.7397829380705532e-05
10.99999988,0.05812892238,0.08613229839,0.0002153502813,-1.8850418893712883e-05
10.99999988,0.06256948846,0.0861123278,0.0002317211209,-2.0282468713264256e-05
10.99999988,0.06695173415,0.08609118719,0.0002478596561,-2.169417921857315e-05
10.99999988,0.07127642538,0.08606893099,0.0002637682162,-2.3085754383436432e-05
10.99999988,0.07554431806,0.08604561196,0.0002794491705,-2.4457401463093566e-05
10.99999988,0.07975615815,0.08602128117,0.0002949049316,-2.580933060094595e-05
10.99999988,0.08391268182,0.08599598811,0.0003101379059,-2.7141754438622523e-05
10.99999988,0.08801461558,0.08596978068,0.0003251506002,-2.8454887959231953e-05
10.99999988,0.09206267639,0.08594270526,0.00033994525,-2.9748940711872705e-05
10.99999988,0.09605757177,0.08591480671,0.0003545247733,-3.102985378939697e-05
10.99999988,0.1,0.08588612841,0.0003688919101,-3.22882010955271e-05
10.99999988,0.1037429218,0.08585784954,0.0003825110874,-3.34655396660101e-05
10.99999988,0.1075400176,0.08582811631,0.0003963059765,-3.466178943467061e-05
10.99999988,0.1113920715,0.08579687898,0.0004102781779,-3.5883841404636505e-05
10.99999988,0.115299879,0.08576408645,0.0004244286627,-3.712146044875963e-05
10.99999988,0.119264247,0.08572968621,0.0004387585236,-3.837474852479845e-05
10.99999988,0.1232859942,0.08569362428,0.000453268727,-3.964379087567721e-05
10.99999988,0.1273659511,0.08565584517,0.0004679602001,-4.092866687494956e-05
10.99999988,0.1315049601,0.08561629188,0.0004828337876,-4.2229449596216585e-05
10.99999988,0.135703876,0.08557490582,0.0004978902606,-4.354620543294548e-05
10.99999988,0.1399635659,0.08553162686,0.0005131303073,-4.4878993580060145e-05
10.99999988,0.1442849094,0.0854863932,0.0005285545293,-4.6227865782382415e-05
10.99999988,0.1486687988,0.08543914142,0.0005441634358,-4.7592865713933165e-05
10.99999988,0.1531161394,0.08538980643,0.0005599574382,-4.8974028500082925e-05
10.99999988,0.1576278496,0.08533832139,0.000575936844,-5.037138025421004e-05
10.99999988,0.1622048611,0.08528461776,0.0005921018507,-5.1784937648767235e-05
10.99999988,0.166848119,0.08522862522,0.0006084525398,-5.321470725167978e-05
10.99999988,0.1715585821,0.08517027164,0.0006249888699,-5.466068500031974e-05
10.99999988,0.1763372232,0.08510948309,0.0006417106699,-5.612285566597106e-05
10.99999988,0.181185029,0.08504618378,0.0006586176319,-5.76011922286487e-05
10.99999988,0.1861030006,0.08498029602,0.000675709304,-5.909565516336479e-05
10.99999988,0.1910921536,0.08491174025,0.0006929850826,-6.060619207065525e-05
10.99999988,0.1961535182,0.08484043497,0.0007104442044,-6.213273672739444e-05
10.99999988,0.2012881397,0.08476629673,0.0007280857383,-6.367520853672966e-05
10.99999988,0.2064970782,0.0846892401,0.0007459085769,-6.523351187419568e-05
10.99999988,0.2117814095,0.08460917766,0.0007639114279,-6.680753525824426e-05
10.99999988,0.2171422247,0.08452601999,0.0007820928048,-6.839715065159445e-05
10.99999988,0.222580631,0.08443967562,0.0008004510179,-7.000221272980512e-05
10.99999988,0.2280977512,0.08435005104,0.0008189841641,-7.162255798155694e-05
10.99999988,0.2336947247,0.08425705069,0.0008376901178,-7.325800411975336e-05
10.99999988,0.2393727073,0.08416057691,0.0008565665199,-7.490834899723215e-05
10.99999988,0.2451328714,0.08406052998,0.0008756107677,-7.657336987471912e-05
10.99999988,0.2509764065,0.08395680808,0.0008948200038,-7.825282260334705e-05
10.99999988,0.2569045194,0.08384930729,0.0009141911056,-7.994644070911228e-05
10.99999988,0.2629184342,0.08373792161,0.0009337206719,-8.165393437842405e-05
10.99999988,0.2690193927,0.08362254291,0.0009534050132,-8.337498948019661e-05
10.99999988,0.2752086549,0.08350306099,0.0009732401165,-8.510926721450421e-05
10.99999988,0.2814874987,0.08337936355,0.0009932217073,-8.685640259807205e-05
10.99999988,0.2878572208,0.08325133621,0.001013345203,-8.86160028260389e-05
10.99999988,0.2943191364,0.08311886253,0.00103360558,-9.038764781764576e-05
10.99999988,0.3008745801,0.08298182403,0.0010539975,-9.217088846655961e-05
10.99999988,0.3075249055,0.08284010018,0.001074515305,-9.39652452627897e-05
10.99999988,0.3142714859,0.08269356848,0.001095152929,-9.577020773707994e-05
10.99999988,0.3211157144,0.08254210443,0.001115903916,-9.758523346613101e-05
10.99999988,0.3280590044,0.08238558161,0.001136761402,-9.94097466685765e-05
10.99999988,0.3351027897,0.08222387171,0.001157718103,-0.00010124313761262588
10.99999988,0.3422485248,0.08205684455,0.001178766299,-0.000103084761209827
10.99999988,0.3494976853,0.08188436818,0.001199897819,-0.0001049339362023445
10.99999988,0.3568517682,0.08170630888,0.001221104026,-0.00010678994420633332
10.99999988,0.364312292,0.08152253125,0.001242375804,-0.00010865202845476613
10.99999988,0.3718807975,0.08133289829,0.001263703542,-0.00011051939283303157
10.99999988,0.3795588474,0.08113727144,0.001285077117,-0.00011239120117792214
10.99999988,0.3873480273,0.08093551069,0.001306485881,-0.00011426657598321111
10.99999988,0.3952499456,0.08072747467,0.001327918645,-0.0001161445976648457
10.99999988,0.4032662342,0.08051302071,0.001349363664,-0.00011802430352659778
10.99999988,0.4113985483,0.08029200496,0.001370808621,-0.00011990468685432725
10.99999988,0.4196485673,0.08006428253,0.001392240615,-0.00012178469636298881
10.99999988,0.4280179948,0.07982970755,0.001413646141,-0.0001236632349093101
10.99999988,0.4365085591,0.07958813333,0.00143501108,-0.00012553915925666862
10.99999988,0.4451220135,0.07933941248,0.001456320681,-0.00012741127897841471
10.99999988,0.4538601367,0.07908339707,0.001477559551,-0.00012927835615496308
10.99999988,0.4627247331,0.07881993874,0.001498711636,-0.00013113910439113067
10.99999988,0.4717176332,0.07854888889,0.001519760211,-0.00013299218892641134
10.99999988,0.4808406941,0.07827009882,0.001540687867,-0.00013483622554394937
10.99999988,0.4900957997,0.07798341994,0.001561476496,-0.00013666978085614004
10.99999988,0.4994848611,0.0776887039,0.001582107281,-0.00013849137160491543
10.99999988,0.5090098173,0.07738580283,0.001602560684,-0.00014029946480488458
10.99999988,0.518672635,0.07707456951,0.001622816438,-0.0001420924777698102
10.99999988,0.5284753098,0.0767548576,0.001642853531,-0.00014386877791016563
10.99999988,0.5384198657,0.07642652183,0.001662650204,-0.0001456266832832055
10.99999988,0.5485083564,0.07608941825,0.001682183939,-0.00014736446279676695
10.99999988,0.5587428652,0.07574340447,0.001701431451,-0.0001490803368384382
10.99999988,0.5691255055,0.07538833988,0.001720368687,-0.00015077247763772874
10.99999988,0.5796584212,0.07502408591,0.001738970815,-0.00015243901051075265
10.99999988,0.5903437875,0.0746505063,0.001757212227,-0.00015407801455366503
10.99999988,0.6011838108,0.07426746739,0.001775066531,-0.00015568752374657885
10.99999988,0.6121807297,0.07387483835,0.001792506553,-0.00015726552865579846
10.99999988,0.6233368149,0.07347249149,0.00180950434,-0.00015880997748168442
10.99999988,0.6346543703,0.07306030258,0.001826031158,-0.00016031877824680736
10.99999988,0.6461357329,0.0726381511,0.0018420575,-0.00016178980053316427
10.99999988,0.6577832735,0.0722059206,0.001857553088,-0.0001632208772537306
10.99999988,0.6695993975,0.07176349898,0.001872486891,-0.0001646098079165011
10.99999988,0.6815865448,0.07131077884,0.001886827149,-0.0001659546289409069
10.99999988,0.6937471908,0.07084765776,0.001900541316,-0.0001672526357055449
10.99999988,0.7060838467,0.07037403869,0.001913596112,-0.00016850101868730555
10.99999988,0.7185990599,0.06988983032,0.001925957571,-0.00016969869120622404
10.99999988,0.7312954149,0.06939494735,0.001937591087,-0.00017084324473860132
10.99999988,0.7441755335,0.06888931085,0.001948461385,-0.0001719315515979909
10.99999988,0.7572420753,0.06837284864,0.00195853249,-0.00017296160933037998
10.99999988,0.7704977387,0.06784549567,0.001967767838,-0.0001739310631408694
10.99999988,0.783945261,0.06730719431,0.001976130283,-0.00017483755489967195
10.99999988,0.797587419,0.06675789477,0.001983582131,-0.0001756787301978655
10.99999988,0.8114270298,0.06619755546,0.001990085171,-0.00017645224351147353
10.99999988,0.8254669514,0.06562614334,0.001995600718,-0.0001771557635972269
10.99999988,0.839710083,0.06504363428,0.002000089653,-0.00017778697905108977
10.99999988,0.8541593657,0.06445001345,0.002003512469,-0.0001783436044256539
10.99999988,0.8688177834,0.06384527567,0.002005829327,-0.00017882338632562459
10.99999988,0.883688363,0.06322942576,0.002007000098,-0.0001792241101298987
10.99999988,0.8987741753,0.06260247892,0.002006984428,-0.00017954360639120455
10.99999988,0.9140783356,0.06196446108,0.002005741791,-0.0001797797578700563
10.99999988,0.929604004,0.06131540925,0.002003231562,-0.00017993050656113155
10.99999988,0.9453543867,0.06065537186,0.001999413076,-0.00017999386152899673
10.99999988,0.9613327362,0.0599844091,0.001994245703,-0.000179967904997616
10.99999988,0.9775423519,0.05930259327,0.001987688926,-0.00017985080414832956
10.99999988,0.9939865811,0.05861000909,0.00197970242,-0.00017964080781386214
10.99999988,1.01066882,0.05790675403,0.001970246271,-0.00017933628646840528
10.99999988,1.027592512,0.05719293858,0.00195928114,-0.0001789356819561288
10.99999988,1.044761154,0.05646868655,0.001946766826,-0.00017843751986943443
10.99999988,1.062178289,0.05573413539,0.001932663971,-0.0001778405732847047
10.99999988,1.079847516,0.05498943649,0.001916935961,-0.00017714366217512644
10.99999988,1.097772482,0.05423475539,0.001899545724,-0.00017634569529891567
10.99999988,1.115956889,0.05347027194,0.00188045623,-0.00017544581084960159
10.99999988,1.134404493,0.05269618065,0.001859632056,-0.00017444326852562644
10.99999988,1.153119101,0.05191269086,0.00183703878,-0.00017333749493639877
10.99999988,1.17210458,0.05112002691,0.001812643239,-0.00017212808647132022
10.99999988,1.19136485,0.05031842834,0.001786413574,-0.00017081481719878537
10.99999988,1.210903887,0.04950815001,0.001758319389,-0.00016939764666585257
10.99999988,1.230725728,0.04868946226,0.00172833187,-0.00016787672667408147
10.99999988,1.250834464,0.047862651,0.001696423926,-0.00016625240796395342
10.99999988,1.271234248,0.04702801777,0.001662570319,-0.00016452524674413709
10.99999988,1.291929293,0.04618587987,0.001626747809,-0.00016269601040777066
10.99999988,1.312923873,0.0453365703,0.001588935297,-0.00016076568306074937
10.99999988,1.334222322,0.04448043786,0.001549113967,-0.00015873547050510356
10.99999988,1.35582904,0.04361784703,0.001507267441,-0.00015660680454590667
10.99999988,1.377748487,0.04274917803,0.001463381923,-0.00015438134662676097
10.99999988,1.39998519,0.04187482664,0.001417446357,-0.00015206099095258646
10.99999988,1.422543741,0.04099520415,0.001369452576,-0.0001496478669703446
10.99999988,1.445428798,0.0401107372,0.001319395465,-0.00014714434066738535
10.99999988,1.468645087,0.03922186762,0.001267273108,-0.00014455301546868125
10.99999988,1.492197403,0.03832905219,0.001213086953,-0.00014187673225766944
10.99999988,1.516090608,0.03743276243,0.001156841968,-0.00013911856815778076
10.99999988,1.540329637,0.03653348433,0.001098546796,-0.00013628183476377636
10.99999988,1.564919496,0.03563171801,0.001038213915,-0.00013337007522457676
10.99999988,1.589865261,0.0347279774,0.0009758597901,-0.0001303870601997645
10.99999988,1.615172084,0.03382278987,0.0009115050343,-0.00012733678313896817
10.99999988,1.640845191,0.03291669577,0.0008451745563,-0.00012422345414484003
10.99999988,1.666889884,0.03201024805,0.0007768977138,-0.00012105149292006942
10.99999988,1.69331154,0.0311040117,0.0007067084614,-0.00011782552057857567
10.99999988,1.720115616,0.03019856331,0.0006346454959,-0.00011455035051583183
10.99999988,1.747307647,0.02929449046,0.0005607523985,-0.00011123097800705527
10.99999988,1.774893249,0.02839239117,0.0004850777733,-0.00010787256871743876
10.99999988,1.802878116,0.02749287327,0.0004076753817,-0.00010448044628045134
10.99999988,1.831268029,0.02659655379,0.0003286042733,-0.00010106007865242223
10.99999988,1.86006885,0.02570405828,0.0002479289123,-9.761706358834754e-05
10.99999988,1.889286525,0.02481602013,0.0001657193009,-9.415711364291931e-05
10.99999988,1.91892709,0.02393307988,8.205109789e-05,-9.068603885248246e-05
10.99999988,1.948996664,0.02305588449,-2.994264656e-06,-8.720972561104133e-05
10.99999988,1.979501456,0.02218508676,-8.932945913e-05,-8.373412715536447e-05
10.99999988,2.010447767,0.02132134454,-0.0001768611572,-8.026524578670478e-05
10.99999988,2.041841986,0.02046531984,-0.0002654899453,-7.680910352457124e-05
10.99999988,2.073690596,0.01961767805,-0.000355110241,-7.337172402962342e-05
10.99999988,2.106000175,0.01877908709,-0.0004456102092,-6.995911272377137e-05
10.99999988,2.138777393,0.01795021668,-0.0005368716776,-6.657723586687525e-05
10.99999988,2.17202902,0.0171317376,-0.0006287700519,-6.323199901234357e-05
10.99999988,2.205761922,0.01632432091,-0.0007211742327,-5.9929225157922324e-05
10.99999988,2.239983065,0.01552863729,-0.0008139465286,-5.6674633223358155e-05
10.99999988,2.274699515,0.0147453564,-0.000906942566,-5.347381633093283e-05
10.99999988,2.309918441,0.01397514627,-0.001000011189,-5.0332220480824446e-05
10.99999988,2.345647117,0.01321867281,-0.001092994351,-4.725512368316224e-05
10.99999988,2.381892919,0.01247659943,-0.001185726986,-4.424761541809187e-05
10.99999988,2.418663334,0.01174958668,-0.001278036851,-4.131457850191443e-05
10.99999988,2.455965953,0.01103829215,-0.001369744316,-3.846066865725287e-05
10.99999988,2.49380848,0.0103433705,-0.001460662229,-3.569029648683702e-05
10.99999988,2.53219873,0.009665473664,-0.001550595606,-3.3007615195463674e-05
10.99999988,2.571144629,0.009005251326,-0.001639341213,-3.041650353723136e-05
10.99999988,2.610654221,0.008363351715,-0.001726687237,-2.7920551493297647e-05
10.99999988,2.650735663,0.007740422718,-0.001812412775,-2.5523053339948065e-05
10.99999988,2.691397234,0.007137113396,-0.001896287228,-2.322699292235325e-05
10.99999988,2.732647329,0.00655407605,-0.001978069621,-2.103504811789965e-05
10.99999988,2.774494467,0.00599196867,-0.002057507121,-1.8949582699577318e-05
10.99999988,2.816947288,0.005451458134,-0.002134333977,-1.6972634326501295e-05
10.99999988,2.86001456,0.004933224422,-0.002208271135,-1.5105925212308834e-05
10.99999988,2.903705176,0.004437965114,-0.002279023889,-1.335087772016496e-05
10.99999988,2.948028158,0.003966400804,-0.002346279333,-1.1708613874899388e-05
10.99999988,2.992992659,0.003519281447,-0.00240970462,-1.0179960646811006e-05
10.99999988,3.038607963,0.003097392922,-0.002468944444,-8.765471067877524e-06
10.99999988,3.084883491,0.002701563371,-0.002523618374,-7.465433843038763e-06
10.99999988,3.131828798,0.002332667851,-0.002573318587,-6.2798833126128455e-06
10.99999988,3.179453579,0.001991628648,-0.002617608683,-5.208598300721989e-06
10.99999988,3.227767668,0.001679406438,-0.002656025056,-4.251080301149159e-06
10.99999988,3.276781041,0.001396973933,-0.002688083396,-3.4064901594216804e-06
10.99999988,3.326503821,0.001145258633,-0.002713294557,-2.6735117924145166e-06
10.99999988,3.376946275,0.0009250354261,-0.00273119617,-2.050088283264602e-06
10.99999988,3.428118819,0.0007367474676,-0.002741407241,-1.5329775524681905e-06
10.99999988,3.48003202,0.0005802439391,-0.002743711476,-1.1170632394673663e-06
10.99999988,3.532696599,0.000454463778,-0.002738160402,-7.946055671758416e-07
10.99999988,3.58612343,0.000357160833,-0.002725162751,-5.547154454015853e-07
10.99999988,3.640323547,0.0002848429547,-0.002705541554,-3.83545140345165e-07
10.99999988,3.695308141,0.0002330524147,-0.00268048101,-2.6604574169572236e-07
10.99999988,3.751088567,0.0001969561812,-0.002651322538,-1.8811714019674028e-07
10.99999988,3.807676344,0.000172029761,-0.002619358909,-1.3800814388736518e-07
10.99999988,3.865083157,0.0001545501059,-0.002585691182,-1.0695035821217059e-07
10.99999988,3.92332086,0.0001417698226,-0.002551150631,-8.882365428061535e-08
10.99999988,3.98240148,0.0001318287093,-0.002516309909,-7.946137658844849e-08
10.99999988,4.042337217,0.0001235430213,-0.002481538137,-7.605050208043356e-08
10.99999988,4.103140447,0.0001161893555,-0.002447062492,-7.668737190375404e-08
10.99999988,4.164823726,0.0001093356236,-0.002413018337,-8.008020665659786e-08
10.99999988,4.227399792,0.0001027264201,-0.002379484318,-8.534804549784221e-08
10.99999988,4.290881567,9.621131681e-05,-0.002346504864,-9.188312112682187e-08
10.99999988,4.35528216,8.970194774e-05,-0.002314103946,-9.925693942384376e-08
10.99999988,4.420614869,8.314687128e-05,-0.00228229326,-1.0715696013438494e-07
10.99999988,4.486893186,7.651696309e-05,-0.002251077035,-1.1534409758449353e-07
10.99999988,4.554130797,6.979694066e-05,-0.002220454844,-1.2362389848564522e-07
10.99999988,4.622341587,6.298044651e-05,-0.002190423226,-1.3182672478117024e-07
10.99999988,4.691539642,5.606720641e-05,-0.002160976619,-1.3979394438817248e-07
10.99999988,4.76173925,4.906140865e-05,-0.002132107863,-1.4736840793894044e-07
10.99999988,4.832954907,4.197080339e-05,-0.002103808462,-1.543882786079563e-07
10.99999988,4.905201321,3.480622605e-05,-0.00207606868,-1.6068370492840618e-07
10.99999988,4.97849341,2.758136694e-05,-0.002048877552,-1.6607627142377309e-07
10.99999988,5.052846308,2.031267157e-05,-0.00202222284,-1.7038131661011262e-07
10.99999988,5.128275369,1.301929809e-05,-0.001996090969,-1.7341340643447749e-07
10.99999988,5.20479617,5.723070756e-06,-0.001970466962,-1.749951688459855e-07
10.99999988,5.282424513,-1.551615863e-06,-0.001945334401,-1.7496923151392226e-07
10.99999988,5.361176426,-8.777978409e-06,-0.001920675414,-1.73212850051388e-07
10.99999988,5.441068173,-1.592715267e-05,-0.001896470738,-1.696538137529589e-07
10.99999988,5.522116252,-2.296865149e-05,-0.001872699853,-1.6428536231293072e-07
10.99999988,5.604337398,-2.987099182e-05,-0.001849341225,-1.5717748636086173e-07
10.99999988,5.68774859,-3.660249258e-05,-0.001826372614,-1.4848146637149382e-07
10.99999988,5.772367054,-4.313221952e-05,-0.001803771552,-1.384251026821634e-07
10.99999988,5.858210261,-4.943100262e-05,-0.001781515689,-1.2730204979022994e-07
10.99999988,5.94529594,-5.54724095e-05,-0.001759583818,-1.1543932240818382e-07
10.99999988,6.033642073,-6.123356953e-05,-0.001737955013,-1.0316788066642183e-07
10.99999988,6.123266903,-6.669564904e-05,-0.001716611962,-9.079863949389056e-08
10.99999988,6.214188939,-7.184382764e-05,-0.00169553305,-7.860066593089385e-08
10.99999988,6.306426956,-7.666697814e-05,-0.001674720093,-6.702476213863115e-08
10.99999988,6.4,-8.115554853e-05,-0.001654154146,-5.601857298426928e-08
11.06516936,1.355092424e-15,0.08577475076,9.911847248e-06,-8.371395278918666e-07
11.1911262,1.370517688e-15,0.08485980459,9.701987525e-06,-8.106669279343801e-07
11.31846857,1.38611263e-15,0.08395438342,9.496508184e-06,-7.850224818002773e-07
11.4472117,1.401879117e-15,0.08305839076,9.295361385e-06,-7.601873692464348e-07
11.57737101,1.417819034e-15,0.08217173386,9.098407054e-06,-7.361279490220639e-07
11.70896206,1.433934291e-15,0.08129431736,8.905622113e-06,-7.128300482372069e-07
11.84200062,1.450226816e-15,0.08042605078,8.71684483e-06,-6.902582472463697e-07
11.97650261,1.466698558e-15,0.07956683965,8.532080572e-06,-6.68403532884598e-07
12.11248411,1.48335149e-15,0.07871659613,8.351141005e-06,-6.472277129462354e-07
12.24996142,1.500187604e-15,0.07787522631,8.174071242e-06,-6.267280658849452e-07
12.38895097,1.517208915e-15,0.07704264532,8.000644031e-06,-6.068617302409678e-07
12.52946941,1.53441746e-15,0.07621875947,7.830956598e-06,-5.87634535520058e-07
12.67153355,1.5518153e-15,0.07540348756,7.664723429e-06,-5.689968393968523e-07
12.81516039,1.5694045160000001e-15,0.07459673567,7.502115468e-06,-5.509648875913953e-07
12.96036713,1.587187213e-15,0.07379842712,7.342766765e-06,-5.334792478480869e-07
12.99999959,1.592040789e-15,0.07358515855,7.30069955e-06,-5.289138309685207e-07
12.99999959,0.005204005103,0.07358452857,1.442843679e-05,-1.0557452060291544e-06
12.99999997,0.01033966345,0.07358267428,2.816397023e-05,-2.093449245767551e-06
12.99999997,0.01540787221,0.07357963995,4.165084407e-05,-3.1156081460943446e-06
12.99999997,0.02040951739,0.07357547475,5.518016913e-05,-4.12434161372177e-06
12.99999997,0.0253454732,0.07357022441,6.851239482e-05,-5.119519549912397e-06
12.99999997,0.03021660239,0.0735639333,8.16749947e-05,-6.101294101061625e-06
12.99999997,0.03502375636,0.07355664452,9.465298073e-05,-7.069762532728888e-06
12.99999997,0.03976777532,0.07354839985,0.0001074561646,-8.025057155449834e-06
12.99999997,0.04444948847,0.07353923988,0.00012008412,-8.967299446542404e-06
12.99999997,0.04906971409,0.07352920394,0.0001325391645,-9.896616734909927e-06
12.99999997,0.05362925975,0.07351833019,0.0001448227163,-1.0813137108679937e-05
12.99999997,0.05812892238,0.07350665563,0.0001569366317,-1.1716990872433969e-05
12.99999997,0.06256948846,0.07349421612,0.0001688826495,-1.2608309632791647e-05
12.99999997,0.06695173415,0.07348104642,0.0001806625657,-1.3487226322790065e-05
12.99999997,0.07127642538,0.07346718021,0.0001922781747,-1.4353874945917573e-05
12.99999997,0.07554431806,0.07345265012,0.0002037312854,-1.5208390424606997e-05
12.99999997,0.07975615815,0.07343748775,0.0002150237241,-1.6050908458816966e-05
12.99999997,0.08391268182,0.07342172371,0.0002261573009,-1.6881565327699204e-05
12.99999997,0.08801461558,0.07340538763,0.0002371338853,-1.7700497847069115e-05
12.99999997,0.09206267639,0.07338850818,0.0002479551425,-1.8507838735249674e-05
12.99999997,0.09605757177,0.07337111313,0.0002586232051,-1.930730052863616e-05
12.99999997,0.1,0.07335322929,0.000269140078,-2.0092989485424552e-05
12.99999997,0.1037429218,0.07333559197,0.0002791135156,-2.082839771461499e-05
12.99999997,0.1075400176,0.07331704481,0.0002892198605,-2.1575936033355036e-05
12.99999997,0.1113920715,0.07329755637,0.000299460586,-2.2339929339616548e-05
12.99999997,0.115299879,0.0732770943,0.0003098367374,-2.311401292220998e-05
12.99999997,0.119264247,0.07325562535,0.000320349488,-2.389827799009771e-05
12.99999997,0.1232859942,0.07323311527,0.0003309999348,-2.4692806912803427e-05
12.99999997,0.1273659511,0.07320952885,0.0003417891682,-2.5497679979808053e-05
12.99999997,0.1315049601,0.07318482987,0.0003527182396,-2.6312975141836574e-05
12.99999997,0.135703876,0.07315898106,0.0003637881697,-2.713876784440789e-05
12.99999997,0.1399635659,0.07313194412,0.000374999942,-2.797513084472013e-05
12.99999997,0.1442849094,0.07310367964,0.0003863545018,-2.8822134024122993e-05
12.99999997,0.1486687988,0.07307414714,0.0003978527525,-2.9679844149795344e-05
12.99999997,0.1531161394,0.07304330499,0.0004094955528,-3.054832464643822e-05
12.99999997,0.1576278496,0.07301111042,0.0004212837135,-3.14276353473457e-05
12.99999997,0.1622048611,0.07297751949,0.000433217994,-3.2317832273039375e-05
12.99999997,0.166848119,0.07294248704,0.000445299099,-3.3218967408943995e-05
12.99999997,0.1715585821,0.07290596671,0.0004575276749,-3.413108839607202e-05
12.99999997,0.1763372232,0.07286791088,0.000469904306,-3.505423824851589e-05
12.99999997,0.181185029,0.07282827066,0.0004824295102,-3.598845507132493e-05
12.99999997,0.1861030006,0.07278699587,0.0004951037356,-3.6933771800730104e-05
12.99999997,0.1910921536,0.07274403499,0.0005079273555,-3.7890215839581964e-05
12.99999997,0.1961535182,0.07269933519,0.0005209006645,-3.885780881891717e-05
12.99999997,0.2012881397,0.07265284223,0.0005340238735,-3.983656614243934e-05
12.99999997,0.2064970782,0.07260450051,0.000547297105,-4.0826496720220685e-05
12.99999997,0.2117814095,0.072554253,0.0005607203883,-4.182760257978442e-05
12.99999997,0.2171422247,0.07250204124,0.0005742936539,-4.283987853145972e-05
12.99999997,0.222580631,0.07244780532,0.0005880167286,-4.386331174423739e-05
12.99999997,0.2280977512,0.07239148381,0.0006018893294,-4.489788137364983e-05
12.99999997,0.2336947247,0.07233301383,0.0006159110581,-4.594355803686934e-05
12.99999997,0.2393727073,0.07227233094,0.000630081395,-4.700030355351399e-05
12.99999997,0.2451328714,0.07220936916,0.0006443996928,-4.806807048267807e-05
12.99999997,0.2509764065,0.07214406095,0.0006588651704,-4.91468014683238e-05
12.99999997,0.2569045194,0.07207633722,0.0006734769054,-5.0236429074408245e-05
12.99999997,0.2629184342,0.07200612723,0.000688233829,-5.133687502479039e-05
12.99999997,0.2690193927,0.07193335866,0.0007031347151,-5.244804977781398e-05
12.99999997,0.2752086549,0.07185795756,0.000718178181,-5.3569852235096765e-05
12.99999997,0.2814874987,0.07177984832,0.0007333626471,-5.470216883192021e-05
12.99999997,0.2878572208,0.0716989537,0.0007486863968,-5.5844873415568226e-05
12.99999997,0.2943191364,0.07161519478,0.0007641475598,-5.6997826311692346e-05
12.99999997,0.3008745801,0.07152849096,0.0007797439759,-5.816087388850267e-05
12.99999997,0.3075249055,0.07143875998,0.0007954733109,-5.933384815790541e-05
12.99999997,0.3142714859,0.07134591787,0.0008113330621,-6.051656593680901e-05
12.99999997,0.3211157144,0.07124987899,0.0008273204788,-6.17088283540343e-05
12.99999997,0.3280590044,0.071150556,0.0008434325869,-6.291042019042276e-05
12.99999997,0.3351027897,0.07104785987,0.0008596661705,-6.412110921174648e-05
12.99999997,0.3422485248,0.07094169987,0.0008760177663,-6.534064574455059e-05
12.99999997,0.3494976853,0.07083198363,0.000892483652,-6.656876163583619e-05
12.99999997,0.3568517682,0.07071861707,0.0009090598368,-6.780517001202062e-05
12.99999997,0.364312292,0.07060150445,0.0009257420509,-6.904956432244179e-05
12.99999997,0.3718807975,0.07048054843,0.0009425257344,-7.030161768150053e-05
12.99999997,0.3795588474,0.07035564998,0.0009594060274,-7.156098232811333e-05
12.99999997,0.3873480273,0.07022670853,0.000976377758,-7.282728880407977e-05
12.99999997,0.3952499456,0.07009362187,0.0009934354322,-7.410014542415573e-05
12.99999997,0.4032662342,0.06995628629,0.001010573222,-7.537913736714179e-05
12.99999997,0.4113985483,0.06981459652,0.001027784952,-7.666382601277492e-05
12.99999997,0.4196485673,0.06966844584,0.001045064093,-7.795374843437993e-05
12.99999997,0.4280179948,0.06951772608,0.001062403745,-7.924841649834716e-05
12.99999997,0.4365085591,0.06936232766,0.001079796626,-8.054731629335185e-05
12.99999997,0.4451220135,0.06920213968,0.001097235062,-8.184990744447901e-05
12.99999997,0.4538601367,0.06903704995,0.001114710975,-8.315562226932576e-05
12.99999997,0.4627247331,0.06886694502,0.001132215869,-8.446386533086886e-05
12.99999997,0.4717176332,0.0686917103,0.001149740817,-8.577401279904963e-05
12.99999997,0.4808406941,0.06851123012,0.001167276455,-8.708541158104692e-05
12.99999997,0.4900957997,0.06832538777,0.00118481296,-8.839737898389527e-05
12.99999997,0.4994848611,0.0681340656,0.001202340047,-8.970920189364853e-05
12.99999997,0.5090098173,0.06793714513,0.001219846951,-9.10201363550974e-05
12.99999997,0.518672635,0.06773450712,0.001237322418,-9.232940711740332e-05
12.99999997,0.5284753098,0.06752603167,0.001254754694,-9.363620697025075e-05
12.99999997,0.5384198657,0.06731159835,0.001272131508,-9.493969629659851e-05
12.99999997,0.5485083564,0.06709108626,0.001289440068,-9.623900283775561e-05
12.99999997,0.5587428652,0.06686437421,0.001306667046,-9.753322106901142e-05
12.99999997,0.5691255055,0.06663134081,0.001323798565,-9.882141209670438e-05
12.99999997,0.5796584212,0.06639186461,0.001340820195,-0.00010010260334607611
12.99999997,0.5903437875,0.06614582425,0.001357716936,-0.00010137578825307643
12.99999997,0.6011838108,0.06589309858,0.001374473213,-0.0001026399262155568
12.99999997,0.6121807297,0.06563356685,0.001391072865,-0.00010389394248643399
12.99999997,0.6233368149,0.06536710883,0.001407499137,-0.00010513672830760854
12.99999997,0.6346543703,0.06509360502,0.001423734673,-0.00010636714076131675
12.99999997,0.6461357329,0.06481293677,0.001439761508,-0.0001075840031611848
12.99999997,0.6577832735,0.06452498653,0.00145556106,-0.00010878610512988791
12.99999997,0.6695993975,0.06422963799,0.001471114127,-0.00010997220314573126
12.99999997,0.6815865448,0.06392677627,0.00148640088,-0.00011114102094175628
12.99999997,0.6937471908,0.06361628817,0.001501400862,-0.00011229125002478997
12.99999997,0.7060838467,0.06329806235,0.001516092982,-0.00011342155026847972
12.99999997,0.7185990599,0.06297198952,0.001530455515,-0.00011453055099741115
12.99999997,0.7312954149,0.06263796273,0.001544466101,-0.00011561685167662346
12.99999997,0.7441755335,0.06229587753,0.001558101746,-0.00011667902317977178
12.99999997,0.7572420753,0.06194563227,0.001571338824,-0.00011771560859207902
12.99999997,0.7704977387,0.06158712828,0.001584153079,-0.00011872512511428415
12.99999997,0.783945261,0.06122027017,0.001596519629,-0.00011970606500553125
12.99999997,0.797587419,0.06084496606,0.001608412985,-0.00012065689933634119
12.99999997,0.8114270298,0.06046112785,0.001619807056,-0.00012157644703429373
12.99999997,0.8254669514,0.06006867146,0.001630675097,-0.00012246208461179223
12.99999997,0.839710083,0.05966751715,0.001640989777,-0.0001233127728787564
12.99999997,0.8541593657,0.05925758978,0.001650723263,-0.00012412779212653562
12.99999997,0.8688177834,0.05883881905,0.001659847156,-0.0001249045127861159
12.99999997,0.883688363,0.0584111398,0.001668332471,-0.00012564151097295973
12.99999997,0.8987741753,0.05797449235,0.001676149692,-0.00012633721264353428
12.99999997,0.9140783356,0.0575288227,0.00168326882,-0.00012698998151094694
12.99999997,0.929604004,0.05707408289,0.001689659377,-0.00012759818004891982
12.99999997,0.9453543867,0.05661023128,0.001695290432,-0.00012816017336643326
12.99999997,0.9613327362,0.05613723283,0.001700130632,-0.00012867433263972082
12.99999997,0.9775423519,0.05565505941,0.001704148237,-0.0001291390392992378
12.99999997,0.9939865811,0.05516369009,0.001707311157,-0.00012955268773290687
12.99999997,1.01066882,0.05466311147,0.001709586953,-0.00012991369018077302
12.99999997,1.027592512,0.05415331793,0.001710942918,-0.00013022048131273683
12.99999997,1.044761154,0.05363431195,0.001711346124,-0.00013047152174860185
12.99999997,1.062178289,0.05310610441,0.001710763433,-0.00013066530370420637
12.99999997,1.079847516,0.05256871488,0.001709161563,-0.00013080035491612636
12.99999997,1.097772482,0.05202217189,0.001706507136,-0.0001308752437265648
12.99999997,1.115956889,0.05146651326,0.00170276674,-0.00013088858396907642
12.99999997,1.134404493,0.05090178633,0.00169790697,-0.00013083904036357007
12.99999997,1.153119101,0.05032804825,0.001691894511,-0.00013072533487712383
12.99999997,1.17210458,0.04974536628,0.001684696176,-0.00013054624624332154
12.99999997,1.19136485,0.04915381805,0.001676279175,-0.00013030064112510604
12.99999997,1.210903887,0.04855349175,0.001666610973,-0.00012998740632423882
12.99999997,1.230725728,0.04794448641,0.001655658365,-0.00012960553641493873
12.99999997,1.250834464,0.0473269122,0.001643389221,-0.00012915417548310293
12.99999997,1.271234248,0.0467008906,0.001629773243,-0.00012863246137331775
12.99999997,1.291929293,0.04606655467,0.001614779618,-0.00012803964452099675
12.99999997,1.312923873,0.04542404913,0.001598377808,-0.00012737511146511786
12.99999997,1.334222322,0.0447735307,0.001580538504,-0.00012663833116792735
12.99999997,1.35582904,0.0441151682,0.001561233186,-0.00012582889114126576
12.99999997,1.377748487,0.04344914273,0.001540434329,-0.00012494649348509713
12.99999997,1.39998519,0.04277564784,0.001518115452,-0.0001239909633723847
12.99999997,1.422543741,0.04209488964,0.001494251243,-0.00012296225338085813
12.99999997,1.445428798,0.04140708695,0.001468817656,-0.00012186044859172723
12.99999997,1.468645087,0.04071247137,0.001441792024,-0.0001206857711170885
12.99999997,1.492197403,0.04001128737,0.001413153169,-0.00011943858476072593
12.99999997,1.516090608,0.03930379236,0.001382881515,-0.0001181193990722509
12.99999997,1.540329637,0.03859025673,0.001350959206,-0.00011672887334456363
12.99999997,1.564919496,0.03787096388,0.001317370226,-0.00011526782020690799
12.99999997,1.589865261,0.03714621019,0.001282100518,-0.00011373720859500576
12.99999997,1.615172084,0.03641630504,0.001245138108,-0.0001121381667180233
12.99999997,1.640845191,0.03568157071,0.001206473231,-0.00011047198404699331
12.99999997,1.666889884,0.03494234235,0.001166098454,-0.00010874011351037938
12.99999997,1.69331154,0.03419896787,0.00112400881,-0.00010694417261018852
12.99999997,1.720115616,0.03345180781,0.001080201919,-0.00010508594406868765
12.99999997,1.747307647,0.03270123518,0.001034678125,-0.00010316737626937008
12.99999997,1.774893249,0.03194763533,0.0009874406183,-0.00010119058254118436
12.99999997,1.802878116,0.03119140567,0.0009384955722,-9.91578404773192e-05
12.99999997,1.831268029,0.03043295551,0.0008878522692,-9.707158971622036e-05
12.99999997,1.86006885,0.02967270576,0.0008355232317,-9.493443004549277e-05
12.99999997,1.889286525,0.02891108863,0.0007815243503,-9.274911802585565e-05
12.99999997,1.91892709,0.02814854735,0.0007258750106,-9.05185630810458e-05
12.99999997,1.948996664,0.02738553577,0.0006685982195,-8.824582318904958e-05
12.99999997,1.979501456,0.02662251805,0.0006097207295,-8.593409936524445e-05
12.99999997,2.010447767,0.02585996818,0.0005492731607,-8.35867297169776e-05
12.99999997,2.041841986,0.02509836962,0.0004872901196,-8.12071825494018e-05
12.99999997,2.073690596,0.02433821479,0.0004238103157,-7.879904879661107e-05
12.99999997,2.106000175,0.02358000462,0.0003588766759,-7.636603374887905e-05
12.99999997,2.138777393,0.02282424802,0.0002925364547,-7.391194801809125e-05
12.99999997,2.17202902,0.02207146137,0.000224841342,-7.144069773701519e-05
12.99999997,2.205761922,0.02132216799,0.0001558475671,-6.895627398191521e-05
12.99999997,2.239983065,0.02057689754,8.561599965e-05,-6.64627421195264e-05
12.99999997,2.274699515,0.0198361855,1.421224984e-05,-6.396422652048595e-05
12.99999997,2.309918441,0.0191005726,-5.829322674e-05,-6.146490228663895e-05
12.99999997,2.345647117,0.01837060427,-0.0001318250352,-5.896898683690799e-05
12.99999997,2.381892919,0.01764682994,-0.0002063027675,-5.648071977930537e-05
12.99999997,2.418663334,0.01692980235,-0.0002816409309,-5.400434792714256e-05
12.99999997,2.455965953,0.01622007691,-0.0003577488749,-5.1544112844771985e-05
12.99999997,2.49380848,0.01551821105,-0.0004345307168,-4.910423609387716e-05
12.99999997,2.53219873,0.01482476361,-0.0005118852692,-4.668890445517274e-05
12.99999997,2.571144629,0.01414029424,-0.0005897059678,-4.4302254781451325e-05
12.99999997,2.610654221,0.0134653628,-0.0006678807984,-4.194835893838883e-05
12.99999997,2.650735663,0.01280052885,-0.0007462922204,-3.963120863197413e-05
12.99999997,2.691397234,0.01214635111,-0.0008248170847,-3.735470047494925e-05
12.99999997,2.732647329,0.01150338704,-0.0009033265451,-3.512262123283153e-05
12.99999997,2.774494467,0.01087219248,-0.0009816859561,-3.2938633176544096e-05
12.99999997,2.816947288,0.01025332134,-0.001059754747,-3.0806261177200875e-05
12.99999997,2.86001456,0.009647325423,-0.001137386253,-2.8728877946291266e-05
12.99999997,2.903705176,0.009054754415,-0.001214427634,-2.6709691212161013e-05
12.99999997,2.948028158,0.008476155964,-0.001290719611,-2.4751734676502584e-05
12.99999997,2.992992659,0.007912075982,-0.001366096142,-2.2857854833296385e-05
12.99999997,3.038607963,0.007363059177,-0.001440384209,-2.1030700948437152e-05
12.99999997,3.084883491,0.006829649835,-0.001513403392,-1.9272719429705775e-05
12.99999997,3.131828798,0.006312392911,-0.001584965449,-1.7586141795282066e-05
12.99999997,3.179453579,0.00581183554,-0.001654873757,-1.597298864377302e-05
12.99999997,3.227767668,0.005328528828,-0.001722922128,-1.443506060370544e-05
12.99999997,3.276781041,0.004863030292,-0.001788894224,-1.2973929271541635e-05
12.99999997,3.326503821,0.004415907003,-0.001852563158,-1.1590946988774746e-05
12.99999997,3.376946275,0.003987738991,-0.001913689472,-1.0287251866881682e-05
12.99999997,3.428118819,0.003579123506,-0.001972019406,-9.063767718305528e-06
12.99999997,3.48003202,0.003190680036,-0.002027283519,-7.921208372216404e-06
12.99999997,3.532696599,0.002823055712,-0.002079194541,-6.860090569748693e-06
12.99999997,3.58612343,0.002476930948,-0.002127445151,-5.88074139854793e-06
12.99999997,3.640323547,0.002153024446,-0.002171705799,-4.983307021135146e-06
12.99999997,3.695308141,0.001852096097,-0.002211623005,-4.167756634904678e-06
12.99999997,3.751088567,0.001574944857,-0.002246818977,-3.4338767507683233e-06
12.99999997,3.807676344,0.001322396516,-0.002276894116,-2.7812450619687444e-06
12.99999997,3.865083157,0.001095272677,-0.002301435121,-2.2091668630485703e-06
12.99999997,3.92332086,0.0008943274996,-0.002320032965,-1.7165442573103888e-06
12.99999997,3.98240148,0.0007201341641,-0.00233231692,-1.3016393701589451e-06
12.99999997,4.042337217,0.0005729036905,-0.002338010258,-9.616825325415075e-07
12.99999997,4.103140447,0.0004522360819,-0.002337011084,-6.923233788219792e-07
12.99999997,4.164823726,0.0003568496338,-0.002329478844,-4.87150565072893e-07
12.99999997,4.227399792,0.0002844009241,-0.00231590405,-3.3738291767883493e-07
12.99999997,4.290881567,0.0002315429647,-0.002297127325,-2.3248288314186158e-07
12.99999997,4.35528216,0.000194289568,-0.002274232645,-1.6172780864061393e-07
12.99999997,4.420614869,0.0001685846911,-0.002248360795,-1.155630572646555e-07
12.99999997,4.486893186,0.0001508439225,-0.00222055182,-8.640583029687301e-08
12.99999997,4.554130797,0.0001382641488,-0.002191642675,-6.88097997926353e-08
12.99999997,4.622341587,0.0001288626809,-0.002162237121,-5.904090498428867e-08
12.99999997,4.691539642,0.0001213404047,-0.00213273666,-5.4577263987924094e-08
12.99999997,4.76173925,0.0001148900186,-0.002103393292,-5.372021218281528e-08
12.99999997,4.832954907,0.0001090261817,-0.002074358846,-5.531955137632787e-08
12.99999997,4.905201321,0.0001034621912,-0.002045722131,-5.85943346745026e-08
12.99999997,4.97849341,9.803000241e-05,-0.002017533658,-6.300995424842674e-08
12.99999997,5.052846308,9.263149572e-05,-0.001989821084,-6.81946395949079e-08
12.99999997,5.128275369,8.720976165e-05,-0.001962598464,-7.388252932470571e-08
12.99999997,5.20479617,8.173242355e-05,-0.001935871704,-7.987555016049209e-08
12.99999997,5.282424513,7.618199605e-05,-0.001909641741,-8.601766626882155e-08
12.99999997,5.361176426,7.055031236e-05,-0.001883906389,-9.217727147920543e-08
12.99999997,5.441068173,6.483530661e-05,-0.001858661394,-9.82349584135161e-08
12.99999997,5.522116252,5.903916684e-05,-0.001833901032,-1.0407499015866608e-07
12.99999997,5.604337398,5.316729123e-05,-0.001809618422,-1.0957949216198147e-07
12.99999997,5.68774859,4.7227716e-05,-0.001785805658,-1.1462493334643811e-07
12.99999997,5.772367054,4.123081444e-05,-0.001762453901,-1.1908071589574092e-07
12.99999997,5.858210261,3.518914473e-05,-0.001739553231,-1.2281017037450173e-07
12.99999997,5.94529594,2.911735806e-05,-0.001717092984,-1.2567370521424788e-07
12.99999997,6.033642073,2.303211931e-05,-0.001695060579,-1.2753510745611576e-07
12.99999997,6.123266903,1.695196559e-05,-0.001673443917,-1.2826942807024665e-07
12.99999997,6.214188939,1.089712641e-05,-0.001652225724,-1.277844304488616e-07
12.99999997,6.306426956,4.889205493e-06,-0.001631409126,-1.26138690527333e-07
12.99999997,6.4,-1.046894989e-06,-0.001610972683,-1.2309796915568524e-07
13.10717115,1.60516552e-15,0.07300846712,7.1869464e-06,-5.165701038397187e-07
13.25559001,1.623341588e-15,0.07222678499,7.034171906e-06,-5.001646327671307e-07
13.40564148,1.641717593e-15,0.07145328482,6.884847724e-06,-4.843109052837326e-07
13.55734351,1.660295734e-15,0.07068790399,6.738333703e-06,-4.6891818676577367e-07
13.71071427,1.679078234e-15,0.06993054511,6.595209442e-06,-4.5405680269043357e-07
13.8657721,1.6980673420000001e-15,0.06918115662,6.454627323e-06,-4.3961333878464705e-07
14.02253557,1.71726533e-15,0.0684396397,6.317390089e-06,-4.2568532889146564e-07
14.18102344,1.736674496e-15,0.06770595694,6.182397863e-06,-4.1212901091663463e-07
14.34125468,1.756297163e-15,0.06698000646,6.050751781e-06,-3.990819853911124e-07
14.50324845,1.77613568e-15,0.06626176308,5.921058891e-06,-3.863305008599644e-07
14.66702416,1.79619242e-15,0.06555111022,5.795166454e-06,-3.7407059616411544e-07
14.83260141,1.8164697840000002e-15,0.06484802826,5.672197678e-06,-3.6220914737406625e-07
15.0,2e-15,0.06415258042,5.551422049e-06,-3.50580397867405e-07
