x-coordinate,y-coordinate,axial-velocity,radial-velocity,uu,vv,uv
5.0,6.123234047e-16,0.2120110242,5.827928459e-05,0.003949418927854697,0.0032881211586942216,1.2249093556750713e-05
5.0,0.005204005374,0.211998776,0.0001151611101,0.003949352093644636,0.0032848797399293002,2.4445936117999436e-05
5.0,0.01033966345,0.211962684,0.0002247264644,0.003949154706667587,0.003286685464652843,4.846128303357768e-05
5.0,0.01540787221,0.2119037214,0.0003322242182,0.003948832433517846,0.003288859591628507,7.209598552784012e-05
5.0,0.02040951739,0.2118228224,0.0004399384599,0.003948389734233573,0.0032870600561320713,9.539072545742424e-05
5.0,0.0253454732,0.2117209101,0.0005458975653,0.003947829935790012,0.0032880811231972384,0.00011833341120039216
5.0,0.03021660239,0.2115988879,0.0006502951841,0.003947156553346189,0.003288619241059409,0.00014092022608663593
5.0,0.03502375636,0.2114576399,0.0007529804791,0.003946372719775639,0.003289383142683946,0.0001631465405890041
5.0,0.03976777532,0.2112980297,0.000854004488,0.003945481335064447,0.0032901345726638886,0.0001850093231837917
5.0,0.04444948847,0.2111209004,0.0009533381868,0.003944485058398451,0.003290996529675708,0.00020650589584474388
5.0,0.04906971409,0.2109270739,0.001050977788,0.0039433863579853585,0.0032919222508403442,0.00022763434466460412
5.0,0.05362925975,0.2107173509,0.001146914803,0.003942187533280585,0.0032929166084501673,0.00024839334947283405
5.0,0.05812892238,0.2104925106,0.001241146761,0.0039408907384808735,0.0032939683757938457,0.00026878219218079386
5.0,0.06256948846,0.2102533108,0.001333672558,0.0039394980092771065,0.0032950734037112245,0.0002888007013297836
5.0,0.06695173415,0.2100004873,0.001424493748,0.0039380112795618675,0.003296225100762155,0.00030844922270760054
5.0,0.07127642538,0.2097347547,0.00151361393,0.003936432404428581,0.0032974179008649963,0.0003277285831289289
5.0,0.07554431806,0.2094568057,0.00160103874,0.003934763171697246,0.0032986458302948335,0.0003466400578170613
5.0,0.07975615815,0.2091673118,0.001686775789,0.003933005321196829,0.003299903860268025,0.0003651853388665311
5.0,0.08391268182,0.2088669231,0.00177083415,0.0039311605543227495,0.003301185470029187,0.0003833665030277699
5.0,0.08801461558,0.2085562687,0.001853225117,0.003929230546640763,0.0033024899812337145,0.0004011859873376128
5.0,0.09206267639,0.2082359568,0.001933959234,0.003927216958587261,0.003303800827936188,0.0004186464133636802
5.0,0.09605757177,0.2079065752,0.002013054462,0.0039251214411218874,0.0033051305792394,0.00043582651685269134
5.0,0.1,0.2075686904,0.002090527635,0.003922945610103144,0.0033064632585041564,0.00045260352518438507
5.0,0.1037429218,0.2072362059,0.00216351494,0.003920778707844535,0.0033077387629975833,0.0004682041573775508
5.0,0.1075400176,0.2068873629,0.002236976191,0.003918477734331054,0.0033090567503726897,0.00048395426653109205
5.0,0.1113920715,0.2065216863,0.002310888865,0.003916035664854938,0.0033103990193586947,0.0004999394567798295
5.0,0.115299879,0.2061386957,0.002385223667,0.003913445052053937,0.003311768713281545,0.0005160156317181812
5.0,0.119264247,0.205737904,0.0024599482,0.003910698058498925,0.003313162552968173,0.0005321760905066576
5.0,0.1232859942,0.2053188184,0.002535028028,0.003907786436012873,0.003314576227627667,0.0005484135331330772
5.0,0.1273659511,0.2048809399,0.002610426635,0.0039047015114906302,0.003316005451490453,0.0005647202255488083
5.0,0.1315049601,0.2044237646,0.002686105284,0.003901434169385068,0.0033174455988827334,0.0005810879865203729
5.0,0.135703876,0.2039467831,0.002762022954,0.0038979748356323726,0.0033188915294128122,0.0005975081768068203
5.0,0.1399635659,0.2034494818,0.002838136277,0.0038943134598698834,0.0033203375755829897,0.0006139716880809708
5.0,0.1442849094,0.2029313429,0.002914399471,0.003890439502524555,0.00332177753407948,0.000630468932085387
5.0,0.1486687988,0.2023918447,0.002990764275,0.0038863419173544244,0.00332320463650911,0.000646989833640356
5.0,0.1531161394,0.2018304627,0.003067179882,0.0038820091348274895,0.0033246115258727905,0.0006635238183080319
5.0,0.1576278496,0.2012466695,0.003143592872,0.003877429050214835,0.003325990215647074,0.000680059803592423
5.0,0.1622048611,0.2006399358,0.003219947154,0.0038725890062226887,0.0033273320969720572,0.0006965861945463907
5.0,0.166848119,0.2000097308,0.003296183884,0.00386747578361475,0.003328627801501612,0.0007130908702593879
5.0,0.1715585821,0.1993555229,0.003372241456,0.003862075586677476,0.0033298675262853597,0.0007295611866816309
5.0,0.1763372232,0.1986767801,0.003448055267,0.0038563740319664604,0.003331040096800948,0.0007459839607448132
5.0,0.181185029,0.1979729714,0.003523557965,0.003850356137975867,0.0033321344792879783,0.00076234547882436
5.0,0.1861030006,0.1972435665,0.003598679451,0.0038440063181553706,0.003333138257889036,0.0007786314962180874
5.0,0.1910921536,0.1964880374,0.003673346151,0.003837308374158425,0.0033340379518313175,0.0007948271943827463
5.0,0.1961535182,0.1957058586,0.003747481464,0.003830245488099417,0.0033348201593314426,0.0008109172358583412
5.0,0.2012881397,0.1948965085,0.003821005936,0.003822800223715191,0.003335469720667789,0.0008268857519185711
5.0,0.2064970782,0.1940594696,0.00389383686,0.003814954518091261,0.003335971043234812,0.0008427163176968197
5.0,0.2117814095,0.1931942295,0.003965888346,0.0038066896898065953,0.003336307503331029,0.0008583919823260554
5.0,0.2171422247,0.1923002823,0.004037071274,0.003797986440779382,0.0033364615694796624,0.0008738952667207157
5.0,0.222580631,0.1913771289,0.004107293284,0.0037888248597928395,0.003336414747549243,0.0008892081717097937
5.0,0.2280977512,0.1904242781,0.004176458749,0.0037791844348644345,0.003336147587485415,0.0009043121907955462
5.0,0.2336947247,0.1894412476,0.004244468754,0.0037690440653178094,0.003335639664753929,0.0009191883207320347
5.0,0.2393727073,0.1884275651,0.004311221089,0.0037583820738053505,0.003334869565452698,0.0009338170732185122
5.0,0.2451328714,0.1873827691,0.00437661024,0.0037471762299167706,0.003333814877476227,0.0009481784937411053
5.0,0.2509764065,0.18630641,0.004440527392,0.003735403771456991,0.0033324521857504095,0.0009622521807019307
5.0,0.2569045194,0.1851980509,0.004502860439,0.003723041430508791,0.003330757071378766,0.0009760173059180835
5.0,0.2629184342,0.1840572692,0.004563493993,0.003710065462045634,0.0033287041161541267,0.000989452638872208
5.0,0.2690193927,0.1828836571,0.00462230941,0.003696451682409613,0.0033262669119935233,0.0010025365701428744
5.0,0.2752086549,0.1816768228,0.00467918481,0.003682175505060985,0.0033234180804461483,0.0010152471442066186
5.0,0.2814874987,0.180436392,0.004733995115,0.0036672119866546743,0.0033201292182589667,0.0010275620820988426
5.0,0.2878572208,0.1791620083,0.004786612162,0.003651535873872442,0.0033163707633280136,0.0010394588272776154
5.0,0.2943191364,0.1778533349,0.004836904809,0.0036351222378897922,0.003312112682475611,0.0010509177389264176
5.0,0.3008745801,0.1765100553,0.004884738566,0.0036179440934422246,0.003307324145779862,0.001061908770826398
5.0,0.3075249055,0.1751318746,0.004929976012,0.003599975786666325,0.0033019729736804625,0.001072408096661338
5.0,0.3142714859,0.1737185211,0.004972476947,0.0035811926471206457,0.0032960260947913727,0.0010824031628492879
5.0,0.3211157144,0.1722697463,0.005012098545,0.0035615679251010963,0.0032894496625978688,0.0010918658104881406
5.0,0.3280590044,0.1707853273,0.005048695344,0.0035410758484535777,0.0032822095745036377,0.0011007690898887207
5.0,0.3351027897,0.1692650666,0.005082119056,0.0035196907664462747,0.003274270908694777,0.001109091909301574
5.0,0.3422485248,0.1677087946,0.005112219091,0.0034973872558078907,0.0032655978585242845,0.0011168110536906007
5.0,0.3494976853,0.1661163695,0.005138842539,0.0034741402345685934,0.0032561542697165675,0.001123903460970274
5.0,0.3568517682,0.1644876792,0.005161834349,0.003449925057824381,0.003245903468863774,0.0011303462949014374
5.0,0.364312292,0.1628226421,0.005181037479,0.003424717617943698,0.003234808440927155,0.0011361170118490093
5.0,0.3718807975,0.1611212084,0.005196293054,0.0033984944545344255,0.0032228318517515,0.0011411934266646444
5.0,0.3795588474,0.159383361,0.005207440599,0.0033712328621250923,0.0032099361461276244,0.0011455537866189465
5.0,0.3873480273,0.1576091165,0.005214318219,0.0033429110042680218,0.0031960837332032674,0.0011491768469488938
5.0,0.3952499456,0.1557985266,0.005216762784,0.0033135080658567846,0.0031812370648385217,0.0011520419535807332
5.0,0.4032662342,0.153951679,0.005214610201,0.003283004421570223,0.0031653587776525856,0.0011541291168579726
5.0,0.4113985483,0.1520686984,0.005207695651,0.003251381687427339,0.0031484118707052855,0.0011554190891487578
5.0,0.4196485673,0.1501497474,0.005195853786,0.0032186227495913334,0.003130359499637197,0.001155893459687349
5.0,0.4280179948,0.1481950278,0.005178919182,0.0031847119140176517,0.003111165708678058,0.001155534751073456
5.0,0.4365085591,0.1462047815,0.005156726268,0.003149635132129597,0.003090793585402771,0.0011543264177208896
5.0,0.4451220135,0.1441792918,0.005129111672,0.0031133800638123597,0.0030692107422254995,0.001152253455295959
5.0,0.4538601367,0.1421188837,0.005095911116,0.0030759362771252533,0.003046382116360885,0.0011493007571561481
5.0,0.4627247331,0.1400239251,0.005056955584,0.003037295442284161,0.0030222725345287675,0.0011454555766123526
5.0,0.4717176332,0.1378948282,0.005012084117,0.002997451397411841,0.0029968555452757,0.0011407075224170661
5.0,0.4808406941,0.1357320501,0.004961142709,0.002956400180696775,0.0029700984214800132,0.0011350455430665571
5.0,0.4900957997,0.1335360939,0.004903972612,0.0029141402309516675,0.0029419722093626324,0.0011284610138042285
5.0,0.4994848611,0.1313075088,0.004840416793,0.002870672635358612,0.0029124527730922424,0.001120947314561131
5.0,0.5090098173,0.1290468921,0.004770323359,0.0028260011340227294,0.0028815145225870023,0.001112499155265461
5.0,0.518672635,0.1267548889,0.004693543634,0.002780132276623919,0.002849135767922725,0.0011031132231857311
5.0,0.5284753098,0.1244321938,0.004609933095,0.002733075525655991,0.0028152967686311627,0.0010927880464986503
5.0,0.5384198657,0.1220795513,0.004519351635,0.0026848433966470985,0.00277998055709394,0.001081524176699042
5.0,0.5485083564,0.1196977562,0.004421664178,0.002635451575677977,0.002743172928532807,0.0010693242316225124
5.0,0.5587428652,0.117287655,0.004316741189,0.002584918986755007,0.00270486268798358,0.0010561929789318948
5.0,0.5691255055,0.1148501459,0.004204459256,0.0025332678981543236,0.002665041828322148,0.0010421374085365887
5.0,0.5796584212,0.1123861801,0.004084701668,0.002480524011655557,0.002623705748411919,0.0010271668114321386
5.0,0.5903437875,0.1098967616,0.00395735902,0.0024267165350134205,0.0025808534448669507,0.0010112928423669548
5.0,0.6011838108,0.1073829486,0.003822329832,0.0023718782550689412,0.0025364877014626194,0.000994529574767696
5.0,0.6121807297,0.1048458533,0.003679521207,0.002316045590721727,0.002490615262500685,0.000976893550463778
5.0,0.6233368149,0.1022866428,0.003528849511,0.002259258640655605,0.002443247019275868,0.0009584038258027569
5.0,0.6346543703,0.09970653952,0.003370241081,0.0022015612093978093,0.002394398190898472,0.0009390820173147422
5.0,0.6461357329,0.09710682148,0.003203632931,0.002143000824118401,0.0023440884978196148,0.0009189523323577896
5.0,0.6577832735,0.09448882268,0.0030289735,0.0020836287434172727,0.0022923423165202893,0.0008980415844156071
5.0,0.6695993975,0.09185393346,0.002846223422,0.002023499946550209,0.0022391888196192323,0.000876379202571322
5.0,0.6815865448,0.08920360076,0.002655356334,0.0019626731081874554,0.002184662117102816,0.0008539972320399801
5.0,0.6937471908,0.08653932844,0.00245635971,0.0019012105496086966,0.0021288013884474288,0.0008309303347892004
5.0,0.7060838467,0.08386267742,0.002249235694,0.0018391781802596392,0.002071651003711885,0.0008072157703179199
5.0,0.7185990599,0.08117526588,0.002034001976,0.0017766454239023846,0.0020132606140739234,0.0007828933582482826
5.0,0.7312954149,0.07847876946,0.001810692709,0.0017136851273614898,0.0019536852273539618,0.0007580054298877046
5.0,0.7441755335,0.07577492145,0.00157935946,0.0016503734431251736,0.001892985269374438,0.0007325967728469539
5.0,0.7572420753,0.07306551294,0.001340072196,0.0015867897020115055,0.001831226645728138,0.0007067145696727493
5.0,0.7704977387,0.07035239304,0.001092920296,0.0015230162598271625,0.0017684807699063464,0.000680408317756114
5.0,0.783945261,0.06763746908,0.0008380135994,0.0014591383370474967,0.0017048245655324034,0.0006537297288886311
5.0,0.797587419,0.06492270699,0.0005754835362,0.0013952438353025003,0.001640340442764729,0.0006267326134686901
5.0,0.8114270298,0.0622101317,0.0003054843138,0.0013314231373796814,0.0015751162687337272,0.0005994727543552716
5.0,0.8254669514,0.05950182789,2.819417793e-05,0.0012677688991648878,0.0015092453051287274,0.0005720077545454435
5.0,0.839710083,0.05679994093,-0.0002561832272,0.0012043758090579323,0.0014428261411736447,0.0005443969171284939
5.0,0.8541593657,0.05410667793,-0.0005474174467,0.0011413403185757578,0.0013759626138365533,0.000516701145479689
5.0,0.8688177834,0.0514243091,-0.0008452496568,0.0010787604231570335,0.0013087636748305583,0.0004889827164555927
5.0,0.883688363,0.04875517015,-0.001149390865,0.0010167354162417454,0.0012413432450616617,0.0004613050516661337
5.0,0.8987741753,0.0461016654,-0.001459519906,0.0009553656017578915,0.0011738200805350891,0.0004337325680980839
5.0,0.9140783356,0.04346627182,-0.001775281172,0.0008947520362973698,0.0011063176315285904,0.0004063304930527012
5.0,0.929604004,0.04085154462,-0.002096281957,0.000834996276285739,0.0010389638802896647,0.00037916466312551834
5.0,0.9453543867,0.03826012472,-0.002422089252,0.0007762001449946267,0.0009718912002495428,0.00035230132152906445
5.0,0.9613327362,0.03569474897,-0.002752225853,0.0007184655239365367,0.0009052362473377772,0.0003258069359245184
5.0,0.9775423519,0.03315826403,-0.003086165509,0.0006618941859936706,0.0008391399035541708,0.0002997480365733606
5.0,0.9939865811,0.03065364523,-0.003423326776,0.0006065877002129554,0.0007737473049701831,0.00027419107864293815
5.0,1.01066882,0.02818402257,-0.003763065027,0.0005526474430282166,0.0007092079886104212,0.000249202337378562
5.0,1.027592512,0.02575271716,-0.004104661751,0.0005001747440295323,0.0006456762460749885,0.0002248478732626172
5.0,1.044761154,0.02336329249,-0.004447310001,0.0004492712571117389,0.000583311715363078,0.00020119360630902058
5.0,1.062178289,0.02101962798,-0.004790093559,0.00040003963694460994,0.0005222805167808599,0.00017830556234922038
5.0,1.079847516,0.01872602657,-0.005131957799,0.00035258473495264786,0.0004627572889379692,0.00015625029040580368
5.0,1.097772482,0.01648737606,-0.005471667147,0.0003070155556031568,0.0004049279134952426,0.00013509574017063516
5.0,1.115956889,0.01430939798,-0.005807736784,0.00026344848510946627,0.00034899436340290926,0.00011491275516275733
5.0,1.134404493,0.01219904567,-0.006138326592,0.00022201273691815028,0.00029518301359129885,9.577742769959926e-05
5.0,1.153119101,0.01016517155,-0.006461063952,0.00018285971835064132,0.00024375800032610802,7.777567594851064e-05
5.0,1.17210458,0.008219708548,-0.00677271774,0.00014618054661482368,0.00019504688052760527,6.101045279552612e-05
5.0,1.19136485,0.006379951095,-0.007068595996,0.0001122430198445597,0.00014949011736623837,4.56109289913954e-05
5.0,1.210903887,0.00467335325,-0.007341360157,8.147647449298373e-05,0.0001077485507140159,3.174464497061261e-05
5.0,1.230725728,0.00314720358,-0.007578614033,5.4623792483035793e-05,7.09368064249485e-05,1.971408425201768e-05
5.0,1.250834464,0.001879246164,-0.007759687605,3.278906134649783e-05,4.0947768645965574e-05,1.0230218378557249e-05
5.0,1.271234248,0.0009589348599,-0.007859552109,1.700981608710544e-05,1.986867415956684e-05,4.155017436943386e-06
5.0,1.291929293,0.0004141967978,-0.007868236026,7.41988771277112e-06,7.868651264132075e-06,1.2889504114289253e-06
5.0,1.312923873,0.0001631605879,-0.007804905335,2.7222335422390694e-06,2.468457493600483e-06,3.115926187796359e-07
5.0,1.334222322,7.383895793e-05,-0.007702848572,8.659885872158294e-07,5.341895459452228e-07,6.019554529659411e-08
5.0,1.35582904,4.907375531e-05,-0.007586347646,2.493605612483689e-07,-9.551232596854459e-09,9.020731122709331e-09
5.0,1.377748487,4.449462717e-05,-0.007466100825,6.81615017628131e-08,-8.68172989852911e-08,6.281889205779862e-10
5.0,1.39998519,4.527055574e-05,-0.007345838293,1.907422823167997e-08,-4.058051753824176e-08,-9.394024062001126e-11
5.0,1.422543741,4.647308953e-05,-0.007227379421,7.018943872398199e-09,-8.423840209997952e-09,1.2985828889212655e-11
5.0,1.445428798,4.664288629e-05,-0.007111495573,4.5322378067496004e-09,-3.6051648628833615e-09,4.0984569757817904e-11
5.0,1.468645087,4.610595516e-05,-0.006997783963,4.048203814125182e-09,-2.9262686596204055e-09,4.891284208011971e-11
5.0,1.492197403,4.537633542e-05,-0.006886007566,3.941133166340146e-09,-2.7055808144009745e-09,4.903407742173238e-11
5.0,1.516090608,4.461116634e-05,-0.006776174343,3.8958681830717884e-09,-2.5471674531678346e-09,4.8430266280587605e-11
5.0,1.540329637,4.383515995e-05,-0.006668232354,3.857459625609055e-09,-2.397862667655253e-09,4.8167831124301453e-11
5.0,1.564919496,4.305216163e-05,-0.006562144443,3.8193607947050334e-09,-2.25171999833326e-09,4.7982084703061696e-11
5.0,1.589865261,4.226140659e-05,-0.006457872469,3.7809494049439846e-09,-2.108268096322979e-09,4.7836734589720467e-11
5.0,1.615172084,4.146262365e-05,-0.006355381768,3.74217266840233e-09,-1.967449507207452e-09,4.7680983379574464e-11
5.0,1.640845191,4.065540747e-05,-0.006254637556,3.7030318892586726e-09,-1.8293202385283868e-09,4.7517932838715746e-11
5.0,1.666889884,3.983945132e-05,-0.006155605749,3.663535165468254e-09,-1.6939023786117733e-09,4.733348950117351e-11
5.0,1.69331154,3.901470184e-05,-0.006058253509,3.623694459336257e-09,-1.5612101277193855e-09,4.710890493742184e-11
5.0,1.720115616,3.818143128e-05,-0.005962549222,3.583518999787603e-09,-1.4312706027095223e-09,4.6834041363275606e-11
5.0,1.747307647,3.73400069e-05,-0.005868461825,3.5430125687903722e-09,-1.3041256501622854e-09,4.651353718238307e-11
5.0,1.774893249,3.649064656e-05,-0.005775960656,3.502178958400799e-09,-1.179815523242457e-09,4.6153913375843884e-11
5.0,1.802878116,3.563348368e-05,-0.005685015703,3.4610259742732424e-09,-1.058375271202525e-09,4.575529037239498e-11
5.0,1.831268029,3.476868043e-05,-0.005595597757,3.4195629957381867e-09,-9.398467452103211e-10,4.531578563423427e-11
5.0,1.86006885,3.389642446e-05,-0.005507678348,3.3778009734090988e-09,-8.24325434673955e-10,4.4834539632164006e-11
5.0,1.889286525,3.301696394e-05,-0.005421229677,3.335753664099253e-09,-7.12004908022172e-10,4.431250059718308e-11
5.0,1.91892709,3.213057413e-05,-0.005336224591,3.2934355164207908e-09,-6.03095684639974e-10,4.3752605769647075e-11
5.0,1.948996664,3.123754244e-05,-0.00525263655,3.2508592032215958e-09,-4.977026131131222e-10,4.315724345712043e-11
5.0,1.979501456,3.033815572e-05,-0.005170439611,3.208035996129174e-09,-3.958472973868103e-10,4.252787543096568e-11
5.0,2.010447767,2.943270044e-05,-0.005089608413,3.1649783791328055e-09,-2.975362818169855e-10,4.1864766990411293e-11
5.0,2.041841986,2.852151703e-05,-0.005010118166,3.1217005224086407e-09,-2.0277508986863653e-10,4.116812109893143e-11
5.0,2.073690596,2.76049681e-05,-0.004931944643,3.078217545542702e-09,-1.115710730570249e-10,4.043962669062164e-11
5.0,2.106000175,2.668342691e-05,-0.004855064145,3.0345449888014457e-09,-2.393385977875459e-11,3.9681424736446506e-11
5.0,2.138777393,2.575726881e-05,-0.00477945349,2.990698716864673e-09,6.012481290219722e-11,3.8895552732915925e-11
5.0,2.17202902,2.482687758e-05,-0.004705090006,2.946696193458587e-09,1.4059087819502037e-10,3.808319658054419e-11
5.0,2.205761922,2.389269266e-05,-0.004631951523,2.9025565046563176e-09,2.1744795983859382e-10,3.724570374198546e-11
5.0,2.239983065,2.295517208e-05,-0.004560016359,2.8582998867608084e-09,2.9067700634410756e-10,3.638587390957041e-11
5.0,2.274699515,2.201478221e-05,-0.004489263288,2.813947321984744e-09,3.6025650265483563e-10,3.5506966276844984e-11
5.0,2.309918441,2.10719919e-05,-0.004419671535,2.7695203329056636e-09,4.2616301676547887e-10,3.4612090860750725e-11
5.0,2.345647117,2.012728461e-05,-0.004351220768,2.725041960602293e-09,4.883713242246783e-10,3.370359853570471e-11
5.0,2.381892919,1.918120282e-05,-0.004283891093,2.680536548370416e-09,5.468548371442992e-10,3.2784055286753634e-11
5.0,2.418663334,1.82343055e-05,-0.004217663044,2.636029474882663e-09,6.015857749394252e-10,3.1857397034483005e-11
5.0,2.455965953,1.728715549e-05,-0.004152517547,2.591546792305818e-09,6.525360225619777e-10,3.092801106092389e-11
5.0,2.49380848,1.634031181e-05,-0.004088435921,2.547114876037027e-09,6.996783822889101e-10,3.0000063999947666e-11
5.0,2.53219873,1.539434858e-05,-0.00402539987,2.5027610710825058e-09,7.429874715219452e-10,2.9076936777084968e-11
5.0,2.571144629,1.444990055e-05,-0.003963391479,2.4585131486633107e-09,7.824412180881495e-10,2.816210133550261e-11
5.0,2.610654221,1.35076162e-05,-0.003902393201,2.4143990691760053e-09,8.180223881610463e-10,2.726020510363023e-11
5.0,2.650735663,1.256813407e-05,-0.003842387834,2.370446417521082e-09,8.497209846167668e-10,2.637629875748233e-11
5.0,2.691397234,1.163205825e-05,-0.003783358536,2.3266819083075782e-09,8.775368070630625e-10,2.551490348259127e-11
5.0,2.732647329,1.069999757e-05,-0.003725288807,2.2831321612375096e-09,9.014815810294402e-10,2.4679193088030042e-11
5.0,2.774494467,9.772636537e-06,-0.003668162453,2.2398239159288626e-09,9.215817279540032e-10,2.3871811398572728e-11
5.0,2.816947288,8.85069872e-06,-0.003611963585,2.19678956665053e-09,9.378784131815077e-10,2.3096017378633545e-11
5.0,2.86001456,7.934941957e-06,-0.003556676598,2.1540963083346515e-09,9.504166617556457e-10,2.2355741348121747e-11
5.0,2.903705176,7.026146924e-06,-0.003502286187,2.1119349932172035e-09,9.592190448675602e-10,2.1657840790025446e-11
5.0,2.948028158,6.125044346e-06,-0.00344877739,2.0705153695441865e-09,9.64390376623217e-10,2.1008544030188137e-11
5.0,2.992992659,5.232328186e-06,-0.003396135531,2.0298767779449895e-09,9.662004034621814e-10,2.040671725435391e-11
5.0,3.038607963,4.348780683e-06,-0.003344346148,1.9899513367660256e-09,9.649864734876745e-10,1.9846480764120604e-11
5.0,3.084883491,3.475270298e-06,-0.003293395023,1.9506585247525484e-09,9.610782514621443e-10,1.932241409006525e-11
5.0,3.131828798,2.612626325e-06,-0.003243268226,1.911921059934042e-09,9.547843807392554e-10,1.8829640566775677e-11
5.0,3.179453579,1.761681822e-06,-0.003193952049,1.8736710726207024e-09,9.463934037359537e-10,1.836266150649324e-11
5.0,3.227767668,9.2332092e-07,-0.003145433018,1.8358509394560287e-09,9.361762274413289e-10,1.7916584402379347e-11
5.0,3.276781041,9.837219748e-08,-0.003097697939,1.79840942870628e-09,9.243843888897907e-10,1.7487392450449432e-11
5.0,3.326503821,-7.123570098e-07,-0.003050733827,1.7613025996585116e-09,9.112503797373875e-10,1.707031994193416e-11
5.0,3.376946275,-1.508011753e-06,-0.003004527925,1.7244942359123414e-09,8.969888650845364e-10,1.6661043272359917e-11
5.0,3.428118819,-2.287781466e-06,-0.002959067747,1.687954356206756e-09,8.817953550187807e-10,1.6256139166655352e-11
5.0,3.48003202,-3.050854525e-06,-0.002914340991,1.651659154238168e-09,8.658457578220981e-10,1.5851630593289323e-11
5.0,3.532696599,-3.796363057e-06,-0.002870335562,1.61559041300021e-09,8.492972591033915e-10,1.5444474531671122e-11
5.0,3.58612343,-4.523487343e-06,-0.002827039609,1.5797344612264087e-09,8.322875494121132e-10,1.5032487578722572e-11
5.0,3.640323547,-5.231403011e-06,-0.002784441435,1.5440823006711498e-09,8.149350899658979e-10,1.461321300720544e-11
5.0,3.695308141,-5.919252716e-06,-0.002742529524,1.5086286122208246e-09,7.973408645561294e-10,1.4185390122725352e-11
5.0,3.751088567,-6.586258207e-06,-0.002701292576,1.473371058793094e-09,7.795885902488787e-10,1.3748756848861343e-11
5.0,3.807676344,-7.231645417e-06,-0.002660719417,1.4383101070695624e-09,7.617465648418807e-10,1.3302347445051108e-11
5.0,3.865083157,-7.854640004e-06,-0.002620799101,1.4034481074917725e-09,7.438703057288606e-10,1.2845842093776258e-11
5.0,3.92332086,-8.454561134e-06,-0.002581520921,1.368790098488464e-09,7.260026449661135e-10,1.2379748596294165e-11
5.0,3.98240148,-9.030700827e-06,-0.002542874245,1.334342955817391e-09,7.081763317878671e-10,1.190399713094553e-11
5.0,4.042337217,-9.58234722e-06,-0.002504848638,1.3001137584152317e-09,6.904174538639128e-10,1.1419180972733909e-11
5.0,4.103140447,-1.01088897e-05,-0.002467433905,1.266111578114683e-09,6.727451296285684e-10,1.0926480086550648e-11
5.0,4.164823726,-1.06096886e-05,-0.002430619903,1.232346825646474e-09,6.551735051586531e-10,1.0426356140508367e-11
5.0,4.227399792,-1.108410249e-05,-0.00239439667,1.1988294486794245e-09,6.377147524538404e-10,9.919943029434791e-12
5.0,4.290881567,-1.153160892e-05,-0.002358754474,1.1655707301236886e-09,6.203780592690005e-10,9.40901222032134e-12
5.0,4.35528216,-1.195167142e-05,-0.002323683629,1.132582856255768e-09,6.031707706553441e-10,8.894429097163183e-12
5.0,4.420614869,-1.234375281e-05,-0.002289174621,1.0998771694032286e-09,5.861007227833873e-10,8.377440718658494e-12
5.0,4.486893186,-1.270743289e-05,-0.002255218168,1.0674660751243486e-09,5.691745169591455e-10,7.859894144806753e-12
5.0,4.554130797,-1.304227438e-05,-0.002221805021,1.0353629088753704e-09,5.523980458911514e-10,7.342664895765083e-12
5.0,4.622341587,-1.334782758e-05,-0.00218892608,1.0035803235442064e-09,5.357784885352296e-10,6.826919361239472e-12
5.0,4.691539642,-1.362376064e-05,-0.002156572468,9.721319046117793e-10,5.193223359008185e-10,6.3146849587678854e-12
5.0,4.76173925,-1.386974538e-05,-0.002124735317,9.410318889339869e-10,5.030357090869232e-10,5.807060233180535e-12
5.0,4.832954907,-1.408544333e-05,-0.002093405905,9.102936718723416e-10,4.869261737209936e-10,5.305145717369645e-12
5.0,4.905201321,-1.427063208e-05,-0.002062575726,8.799313935849466e-10,4.710007534283102e-10,4.8109195156745435e-12
5.0,4.97849341,-1.442510819e-05,-0.002032236296,8.499596418013061e-10,4.552662816788071e-10,4.325404724644248e-12
5.0,5.052846308,-1.454867785e-05,-0.002002379295,8.203923245614392e-10,4.397308062291715e-10,3.8497449638291994e-12
5.0,5.128275369,-1.464148262e-05,-0.001972996585,7.9124524765471e-10,4.24401287102489e-10,3.38782360691677e-12
5.0,5.20479617,-1.470329403e-05,-0.001944079957,7.625328847976489e-10,4.092847970752637e-10,2.93671730505695e-12
5.0,5.282424513,-1.473378455e-05,-0.001915621409,7.342685388873441e-10,3.9439012998275786e-10,2.4972081630814657e-12
5.0,5.361176426,-1.473309551e-05,-0.001887613158,7.064682754187385e-10,3.7972478626018937e-10,2.0744865270869407e-12
5.0,5.441068173,-1.470121615e-05,-0.001860047342,6.791479942828622e-10,3.6529569448744355e-10,1.6677280763111258e-12
5.0,5.522116252,-1.463811e-05,-0.001832916188,6.523219564417055e-10,3.511112419208304e-10,1.2781045431157928e-12
5.0,5.604337398,-1.454390219e-05,-0.001806212127,6.260038817157139e-10,3.371796012976989e-10,9.070306066802375e-13
5.0,5.68774859,-1.441885092e-05,-0.001779927646,6.002083800218607e-10,3.235084042389476e-10,5.552524026188101e-13
5.0,5.772367054,-1.426319888e-05,-0.001754055303,5.749504127673025e-10,3.101051184019866e-10,2.231249765161901e-13
5.0,5.858210261,-1.407718674e-05,-0.001728587651,5.502434560439426e-10,2.9697610334527896e-10,-8.922381861899682e-14
5.0,5.94529594,-1.386107546e-05,-0.001703517338,5.261002559610326e-10,2.8413830147773654e-10,-3.8164742489011657e-13
5.0,6.033642073,-1.361520791e-05,-0.001678838898,5.025338116909348e-10,2.715956025890311e-10,-6.531292175942698e-13
5.0,6.123266903,-1.333994862e-05,-0.001654540882,4.795545675071791e-10,2.5919774219678156e-10,-9.07073036410018e-13
5.0,6.214188939,-1.303526247e-05,-0.001630595664,4.571462102845336e-10,2.4752377546264677e-10,-1.1383146984858266e-12
5.0,6.306426956,-1.270257714e-05,-0.001607130169,4.352294343130211e-10,2.3578531106868965e-10,-1.3412726328150008e-12
5.0,6.4,-1.234146791e-05,-0.00158393782,4.141888286790885e-10,2.2407317102881516e-10,-1.5327963771783935e-12
7.0,8.5725275379999995e-16,0.1506290702,2.946173207e-05,0.002010960827841695,0.0016758417508717864,4.399691707616188e-06
7.0,0.005204005258,0.1506246816,5.821967115e-05,0.0020109430082438373,0.0016741841921118917,8.78116470730209e-06
7.0,0.01033966345,0.1506117501,0.0001136229029,0.002010890431486365,0.0016750564539323735,1.740982838908244e-05
7.0,0.01540787221,0.1505906177,0.0001680063826,0.002010804617063299,0.0016760827686863493,2.5906084275944803e-05
7.0,0.02040951739,0.1505616152,0.0002225395444,0.002010686882910188,0.0016750614182111877,3.4286487374217776e-05
7.0,0.0253454732,0.1505250662,0.0002762377288,0.0020105382592291877,0.001675444395452389,4.254840215587252e-05
7.0,0.03021660239,0.1504812858,0.0003292073847,0.0020103598483167955,0.0016755597362585538,5.069201680340221e-05
7.0,0.03502375636,0.1504305811,0.0003813815464,0.0020101526725615107,0.0016757660219369583,5.871708392863944e-05
7.0,0.03976777532,0.1503732509,0.0004327941891,0.002009917708448997,0.0016759449017584227,6.662378428415639e-05
7.0,0.04444948847,0.1503095859,0.0004834380489,0.0020096558812017985,0.0016761606217972908,7.441228654843573e-05
7.0,0.04906971409,0.1502398686,0.000533317674,0.002009368072063398,0.0016763915685251746,8.208290127733205e-05
7.0,0.05362925975,0.1501643739,0.0005824344751,0.002009055121805976,0.0016766421019227718,8.963602745117575e-05
7.0,0.05812892238,0.1500833684,0.0006307921518,0.0020087178354533585,0.0016769084793794651,9.707216217224825e-05
7.0,0.06256948846,0.1499971111,0.0006783943938,0.002008356982549929,0.0016771904992239739,0.00010439188766323649
7.0,0.06695173415,0.1499058534,0.0007252455708,0.002007973302881916,0.0016774866992126383,0.0001115958675155731
7.0,0.07127642538,0.1498098388,0.0007713504642,0.0020075675071156373,0.0016777960783265107,0.00011868483975466106
7.0,0.07554431806,0.1497093038,0.000816714307,0.0020071402803274966,0.001678117404417904,0.00012565961149564836
7.0,0.07975615815,0.1496044773,0.0008613427775,0.0020066922861016827,0.0016784498089536682,0.0001325210540072169
7.0,0.08391268182,0.1494955809,0.0009052418137,0.0020062241651208484,0.001678791736224284,0.00013927009747960868
7.0,0.08801461558,0.1493828295,0.000948417955,0.0020057365391019993,0.0016791440400325337,0.00014590772756036308
7.0,0.09206267639,0.1492664308,0.000990877093,0.0020052300118689964,0.001679500925688839,0.00015243493281342192
7.0,0.09605757177,0.1491465857,0.001032627793,0.0020047051711839987,0.00167986880109169,0.00015888144065006636
7.0,0.1,0.1490234884,0.001073678066,0.0020041625849872243,0.0016802411800306922,0.0001652002951210635
7.0,0.1037429218,0.148902202,0.001112502199,0.002003624515450781,0.0016806018867818794,0.0001710988071919228
7.0,0.1075400176,0.1487747812,0.001151734984,0.002003055535407275,0.0016809810774850481,0.00017707780030472135
7.0,0.1113920715,0.1486410281,0.001191374601,0.0020024542173848535,0.0016813716968442712,0.00018317096724519252
7.0,0.115299879,0.1485007409,0.001231416734,0.0020018190568304147,0.0016817772285714185,0.00018932578875792714
7.0,0.119264247,0.1483537129,0.001271856618,0.00200114847472572,0.0016821968144752415,0.00019554158261905403
7.0,0.1232859942,0.1481997329,0.001312688805,0.0020004408144692195,0.0016826303894734512,0.00020181751621387495
7.0,0.1273659511,0.148038585,0.001353907307,0.001999694334478417,0.0016830776274302578,0.00020815266655543652
7.0,0.1315049601,0.1478700489,0.001395505484,0.0019989072091391802,0.001683538291929666,0.0002145460156811153
7.0,0.135703876,0.1476938995,0.001437476039,0.0019980775191873992,0.001684012024573661,0.00022099644610021148
7.0,0.1399635659,0.147509907,0.001479810985,0.001997203253339496,0.0016844984105066545,0.00022750273736024765
7.0,0.1442849094,0.147317837,0.001522501616,0.0019962822987789767,0.001684996951125416,0.00023406356211451882
7.0,0.1486687988,0.1471174506,0.001565538474,0.0019953124393774116,0.0016855070696014183,0.00024067748207062253
7.0,0.1531161394,0.1469085042,0.001608911323,0.001994291348879228,0.001686028100469369,0.000247342942363684
7.0,0.1576278496,0.1466907498,0.001652609109,0.0019932165883625287,0.0016865592864798809,0.00025405826713134047
7.0,0.1622048611,0.1464639347,0.001696619933,0.001992085599449985,0.001687099769412517,0.0002608216551869976
7.0,0.166848119,0.1462278019,0.001740931014,0.0019908956997140488,0.0016876485836026173,0.0002676311766999162
7.0,0.1715585821,0.14598209,0.001785528657,0.001989644077066875,0.0016882046492853171,0.0002744847681291937
7.0,0.1763372232,0.1457265333,0.001830398213,0.0019883277859711196,0.0016887667671289614,0.00028138022670445346
7.0,0.181185029,0.1454608617,0.001875524053,0.001986943738521122,0.00168933361021104,0.0002883152054520257
7.0,0.1861030006,0.1451848011,0.00192088952,0.0019854887024215104,0.0016899037081654197,0.000295287209079374
7.0,0.1910921536,0.1448980734,0.001966476905,0.0019839592936305053,0.001690475463156069,0.00030229359043323884
7.0,0.1961535182,0.1446003966,0.002012267391,0.001982351971208347,0.0016910470728211102,0.00030933154578274185
7.0,0.2012881397,0.1442914848,0.002058241052,0.001980663029322359,0.001691616755229857,0.0003163981082369175
7.0,0.2064970782,0.1439710485,0.002104376681,0.0019788885963220575,0.0016921820922101236,0.0003234901450708569
7.0,0.2117814095,0.1436387948,0.002150652029,0.0019770246234933277,0.0016927412178795488,0.0003306043509864826
7.0,0.2171422247,0.1432944274,0.002197043724,0.0019750668816959486,0.0016932914800690266,0.0003377372455631997
7.0,0.222580631,0.1429376468,0.002243526717,0.0019730109579334213,0.0016938300026069146,0.0003448851719940657
7.0,0.2280977512,0.1425681508,0.002290074754,0.001970852245052408,0.0016943543493799403,0.00035204428680289017
7.0,0.2336947247,0.1421856344,0.002336660395,0.0019685859393736814,0.0016948610962610204,0.0003592105584158258
7.0,0.2393727073,0.1417897898,0.002383254682,0.0019662070347138995,0.0016953470754996803,0.00036637976343048654
7.0,0.2451328714,0.1413803073,0.002429827242,0.0019637103154476463,0.001695808691028383,0.0003735474834445314
7.0,0.2509764065,0.1409568752,0.002476346216,0.0019610903551719365,0.0016962421550996696,0.0003807091028517375
7.0,0.2569045194,0.1405191798,0.002522778235,0.001958341506893655,0.0016966434014474307,0.00038785980287495245
7.0,0.2629184342,0.1400669063,0.002569088379,0.0019554579028028293,0.0016970081056295935,0.00039499455876431137
7.0,0.2690193927,0.1395997384,0.002615240139,0.0019524334474077664,0.001697331659564491,0.000402108137391072
7.0,0.2752086549,0.1391173594,0.002661195382,0.0019492618164693683,0.0016976091670596594,0.0004091950969241199
7.0,0.2814874987,0.1386194518,0.002706914321,0.0019459364493282796,0.0016978354299482593,0.0004162497845842455
7.0,0.2878572208,0.1381056981,0.002752355475,0.0019424505512263212,0.0016980049450027867,0.00042326633347992737
7.0,0.2943191364,0.1375757812,0.002797475643,0.001938797085096938,0.0016981118882649182,0.00043023866063705645
7.0,0.3008745801,0.1370293842,0.002842229863,0.0019349687764654085,0.0016981501096335837,0.0004371604667795338
7.0,0.3075249055,0.1364661918,0.002886571393,0.0019309581069386673,0.001698113117966108,0.00044402523815001893
7.0,0.3142714859,0.1358858898,0.002930451675,0.0019267573160569142,0.001697994075951926,0.00045082624738791943
7.0,0.3211157144,0.1352881659,0.002973820313,0.001922358401743549,0.0016977857942714243,0.00045755655183984327
7.0,0.3280590044,0.1346727102,0.003016625047,0.0019177531206321212,0.001697480722160102,0.0004642089937667896
7.0,0.3351027897,0.1340392157,0.003058811726,0.00191293299108029,0.0016970709380843077,0.0004707762041648076
7.0,0.3422485248,0.1333873786,0.003100324294,0.0019078892976851012,0.001696548144343132,0.0004772506066577745
7.0,0.3494976853,0.1327168989,0.003141104769,0.0019026130912243857,0.001695903658869378,0.00048362442206605993
7.0,0.3568517682,0.1320274808,0.003181093229,0.0018970951989241169,0.0016951284178044008,0.0004898896702583477
7.0,0.364312292,0.1313188334,0.003220227795,0.0018913262267443005,0.0016942129662980267,0.0004960381732259574
7.0,0.3718807975,0.1305906713,0.003258444627,0.0018852965694811528,0.0016931474549329052,0.0005020615621863337
7.0,0.3795588474,0.1298427147,0.00329567791,0.001878996421442813,0.0016919216378768907,0.0005079512867110222
7.0,0.3873480273,0.1290746905,0.003331859861,0.0018724157836147695,0.0016905248718886885,0.000513698623260235
7.0,0.3952499456,0.1282863326,0.003366920721,0.0018655444744654713,0.0016889461198710267,0.0005192946803136485
7.0,0.4032662342,0.1274773827,0.003400788761,0.0018583721482378348,0.0016871739650300174,0.0005247304071149227
7.0,0.4113985483,0.1266475904,0.00343339028,0.0018508883075998702,0.001685196572210725,0.0005299966021633302
7.0,0.4196485673,0.1257967144,0.003464649667,0.0018430823202296711,0.0016830016434248485,0.0005350840376895109
7.0,0.4280179948,0.124924523,0.003494489426,0.0018349436644993188,0.0016805766868591286,0.0005399841488425557
7.0,0.4365085591,0.1240307944,0.00352282999,0.0018264610034535382,0.0016779088453688382,0.0005446850617046913
7.0,0.4451220135,0.1231153175,0.003549589945,0.001817623483109685,0.0016749847632252888,0.0005491765257399535
7.0,0.4538601367,0.1221778929,0.003574686017,0.001808420599307924,0.0016717907251129244,0.0005534529647951064
7.0,0.4627247331,0.1212183333,0.003598033208,0.0017988410480900537,0.0016683126061819088,0.0005575032276711937
7.0,0.4717176332,0.1202364639,0.003619544792,0.0017888738689166457,0.001664536188596391,0.0005613155175067221
7.0,0.4808406941,0.1192321235,0.00363913216,0.001778508094078532,0.0016604469174001976,0.0005648810149458662
7.0,0.4900957997,0.1182051649,0.003656705105,0.001767732819263899,0.0016560298323094452,0.0005681898512733598
7.0,0.4994848611,0.1171554556,0.003672171785,0.0017565372374181902,0.0016512698033660077,0.0005712321693638171
7.0,0.5090098173,0.1160828789,0.003685438816,0.0017449106720737965,0.0016461514401933937,0.0005739981588403644
7.0,0.518672635,0.114987334,0.003696411341,0.0017328426140292685,0.0016406591609227994,0.0005764780789983699
7.0,0.5284753098,0.113868737,0.003704993107,0.0017203227584464825,0.0016347772097886307,0.000578662280021705
7.0,0.5384198657,0.1127270217,0.003711086556,0.0017073410481981469,0.0016284896859412158,0.0005805412267657413
7.0,0.5485083564,0.11156214,0.003714592929,0.0016938877175992836,0.0016217805964086345,0.0005821055310753589
7.0,0.5587428652,0.110374063,0.00371541235,0.0016799533630925192,0.0016146339143403208,0.0005833459801173037
7.0,0.5691255055,0.1091627813,0.003713443952,0.001665528989478166,0.001607033618279497,0.0005842535712837237
7.0,0.5796584212,0.1079283059,0.003708585997,0.0016506060056748753,0.001598963668606074,0.000584819541357379
7.0,0.5903437875,0.1066706687,0.003700736018,0.0016351762563574421,0.001590408128273802,0.0005850353871213732
7.0,0.6011838108,0.1053899237,0.003689790867,0.0016192321039055608,0.0015813510085993818,0.0005848929197673666
7.0,0.6121807297,0.1040861472,0.003675647137,0.0016027664863368116,0.0015717769081452758,0.000584384260434613
7.0,0.6233368149,0.1027594386,0.003658200766,0.001585772987740771,0.0015616690904263846,0.0005835019613314809
7.0,0.6346543703,0.1014099214,0.003637349725,0.001568245850657817,0.0015510153893823553,0.0005822390254324165
7.0,0.6461357329,0.1000377431,0.003612987962,0.0015501800722632789,0.0015397968967153924,0.000580588493808503
7.0,0.6577832735,0.09864307693,0.003585007815,0.001531571448038756,0.0015280013058986087,0.000578544519617534
7.0,0.6695993975,0.09722612193,0.003553311006,0.0015124166083068861,0.0015156164147761867,0.0005761016194343284
7.0,0.6815865448,0.09578710381,0.003517796254,0.0014927130889858474,0.0015026247146785476,0.0005732543800304905
7.0,0.6937471908,0.09432627521,0.003478359402,0.0014724593859644162,0.0014890167567566106,0.0005699985032250349
7.0,0.7060838467,0.09284391676,0.003434900192,0.0014516550318817083,0.001474778889735646,0.0005663301488769155
7.0,0.7185990599,0.09134033762,0.003387319135,0.001430300613340207,0.0014599001902770388,0.0005622461522205112
7.0,0.7312954149,0.08981587608,0.003335518622,0.0014083978466827207,0.001444370001498537,0.0005577440791216776
7.0,0.7441755335,0.08827090019,0.003279402814,0.001385949620417019,0.001428178779717537,0.0005528222471644575
7.0,0.7572420753,0.08670580835,0.00321887808,0.0013629600490145865,0.001411317898174457,0.0005474797688883248
7.0,0.7704977387,0.08512102986,0.003153853234,0.001339434535548244,0.0013937798534380027,0.0005417165764996689
7.0,0.783945261,0.08351702559,0.003084239867,0.0013153798120647785,0.001375558291941339,0.0005355334625866765
7.0,0.797587419,0.08189428848,0.003009952672,0.0012908039799322966,0.001356648101797772,0.0005289321208812326
7.0,0.8114270298,0.08025334408,0.002930909793,0.0012657165550764994,0.0013370455012185485,0.0005219151876767325
7.0,0.8254669514,0.07859475108,0.002847033177,0.001240128509244412,0.0013167481307918996,0.0005144862655914248
7.0,0.839710083,0.07691910178,0.00275824893,0.0012140523080006664,0.001295755134503685,0.0005066499440160572
7.0,0.8541593657,0.07522702264,0.002664487705,0.0011875019468803752,0.001274067235613176,0.0004984118322912207
7.0,0.8688177834,0.0735191747,0.002565685109,0.0011604929773584441,0.0012516868160369502,0.0004897785937374601
7.0,0.883688363,0.07179625405,0.002461782125,0.0011330425269815388,0.0012286180013052635,0.0004807579750913247
7.0,0.8987741753,0.07005899218,0.002352725541,0.0011051693257853649,0.001204866751506411,0.00047135881953680567
7.0,0.9140783356,0.06830815644,0.002238468379,0.0010768937185163456,0.001180440931442132,0.0004615910751671766
7.0,0.929604004,0.06654455038,0.002118970367,0.0010482376780508837,0.0011553503767031954,0.000451465808782537
7.0,0.9453543867,0.06476901416,0.001994198423,0.0010192248074961127,0.0011296069640491385,0.0004409952304503122
7.0,0.9613327362,0.06298242483,0.001864127164,0.000989880332281232,0.0011032246822785536,0.0004301927079233815
7.0,0.9775423519,0.0611856966,0.001728739417,0.0009602310938533705,0.0010762197028079843,0.00041907275604018433
7.0,0.9939865811,0.05937978118,0.001588026739,0.0009303055383445248,0.0010486104368698426,0.0004076510274185687
7.0,1.01066882,0.05756566802,0.001441989963,0.0009001336958227933,0.0010204175768005923,0.0003959443057941714
7.0,1.027592512,0.05574438468,0.001290639795,0.0008697471448061008,0.000991664138684009,0.00038397050994224514
7.0,1.044761154,0.05391699697,0.001133997413,0.0008391789749218555,0.0009623755124627731,0.0003717486848811763
7.0,1.062178289,0.05208460917,0.0009720950827,0.0008084637425247714,0.0009325795002449863,0.0003592989676036415
7.0,1.079847516,0.05024836437,0.0008049767808,0.0007776374247557363,0.0009023063422946974,0.0003466425484350757
7.0,1.097772482,0.04840944473,0.0006326988671,0.0007467373594168684,0.0008715887204416531,0.00033380164097667115
7.0,1.115956889,0.04656907188,0.0004553308112,0.0007158021757948217,0.0008404617688693894,0.00032079945938465556
7.0,1.134404493,0.04472850721,0.0002729559431,0.000684871712613925,0.0008089630805765994,0.00030766018466634034
7.0,1.153119101,0.04288905228,8.567223103e-05,0.0006539869467255825,0.0007771327085534769,0.0002944088880315081
7.0,1.17210458,0.04105204954,-0.0001064068966,0.0006231899080647968,0.0007450131409187351,0.0002810714625413069
7.0,1.19136485,0.03921888312,-0.0003031516519,0.0005925235725731844,0.0007126492733698462,0.0002676745975094219
7.0,1.210903887,0.03739097965,-0.0005044149172,0.0005620317643849678,0.0006800883810864225,0.00025424572827004253
7.0,1.230725728,0.03556980943,-0.0007100311668,0.0005317590574204681,0.0006473800745756364,0.0002408129427727273
7.0,1.250834464,0.03375688805,-0.0009198152783,0.0005017506675072657,0.0006145762612858061,0.000227404894435901
7.0,1.271234248,0.03195377867,-0.001133561236,0.00047205234688583184,0.0005817310938921707,0.00021405071928189975
7.0,1.291929293,0.03016209491,-0.001351040598,0.0004427102777339564,0.0005489009027534488,0.0002007799584811848
7.0,1.312923873,0.02838350476,-0.001572000683,0.0004137709617899342,0.0005161441439519533,0.0001876224959063446
7.0,1.334222322,0.02661973549,-0.001796162436,0.0003852811178363095,0.0004835213608876063,0.00017460848778552064
7.0,1.35582904,0.02487258029,-0.002023217866,0.00035728760414899794,0.0004510951589015581,0.0001617682671312369
7.0,1.377748487,0.02314390743,-0.00225282692,0.0003298373609988952,0.0004189301914762965,0.0001491322564308796
7.0,1.39998519,0.02143567268,-0.002484613454,0.00030297737648956875,0.0003870931756258906,0.00013673091602212775
7.0,1.422543741,0.01974993615,-0.002718160015,0.00027675468937514636,0.00035565297707832464,0.0001245947263607258
7.0,1.445428798,0.01808888523,-0.002953000962,0.0002512164565524472,0.0003246807968853082,0.00011275418580932262
7.0,1.468645087,0.01645486677,-0.003188613241,0.000226410127023015,0.0002942504332007709,0.00010123983222728135
7.0,1.492197403,0.01485043295,-0.003424403244,0.00020238375589319847,0.0002644388552838454,9.008231358238351e-05
7.0,1.516090608,0.01327840803,-0.003659689253,0.0001791865255893081,0.00023532703430785356,7.931258590796212e-05
7.0,1.540329637,0.01174198665,-0.003893674677,0.00015686957995574084,0.00020700108738446173,6.896232548708941e-05
7.0,1.564919496,0.01024488283,-0.004125406951,0.000135487398403009,0.00017955449966898203,5.906452059259861e-05
7.0,1.589865261,0.008791564629,-0.004353715791,0.00011510007835605783,0.0001530914879549931,4.96544724348916e-05
7.0,1.615172084,0.007387638402,-0.004577109822,9.577716599761241e-05,0.00012773268570615603,4.077156964432813e-05
7.0,1.640845191,0.006040510435,-0.004793595465,7.760455359856438e-05,0.00010362506983734786,3.2462231190813396e-05
7.0,1.666889884,0.004760608974,-0.005000353499,6.069806664227005e-05,8.096064394817291e-05,2.4784253194749863e-05
7.0,1.69331154,0.003563820555,-0.005193115297,4.523294469916613e-05,6.001586626304643e-05,1.7812404139415782e-05
7.0,1.720115616,0.002476387311,-0.005364950209,3.150116607533924e-05,4.123218845361764e-05,1.1663114234478652e-05
7.0,1.747307647,0.001541980868,-0.005504312083,1.9961275625948478e-05,2.535895302176385e-05,6.5915373171089836e-06
7.0,1.774893249,0.0008193348118,-0.005595169278,1.1140052683510036e-05,1.339903963360981e-05,3.0115659371682856e-06
7.0,1.802878116,0.0003481379904,-0.005625438284,5.310180562907495e-06,5.888107194563727e-06,1.0673395474161131e-06
7.0,1.831268029,0.0001032187898,-0.00559964454,2.139928487361439e-06,2.1039641798763825e-06,2.953190304495829e-07
7.0,1.86006885,4.113814594e-06,-0.005538428084,7.476379658705983e-07,5.784769566337868e-07,6.609402600915028e-08
7.0,1.889286525,-2.741259543e-05,-0.005461510072,2.402843241270491e-07,7.84687620244901e-08,1.2432857826587344e-08
7.0,1.91892709,-3.527895172e-05,-0.005379289591,7.863105675552766e-08,-5.414357581532589e-08,1.7850378251555428e-09
7.0,1.948996664,-3.616126918e-05,-0.005296279619,3.122119679233178e-08,-6.462720754649467e-08,-1.454614173464503e-10
7.0,1.979501456,-3.498656832e-05,-0.005213618026,1.7651046841578318e-08,-3.6044507387874076e-08,-2.6557524457008295e-10
7.0,2.010447767,-3.361269188e-05,-0.005132103577,1.3810329071653844e-08,-1.6486772448797983e-08,-1.0203900209140307e-10
7.0,2.041841986,-3.286191298e-05,-0.005052344788,1.2812423314214417e-08,-1.2910246927626106e-08,7.324853107144398e-12
7.0,2.073690596,-3.258821998e-05,-0.004974066781,1.2441553617698057e-08,-1.1783737664389245e-08,5.690538499388754e-11
7.0,2.106000175,-3.246947719e-05,-0.004897047621,1.2183745775475736e-08,-1.103823123206241e-08,6.623942443267277e-11
7.0,2.138777393,-3.238306765e-05,-0.004821295676,1.1945113479381342e-08,-1.0355843967318356e-08,6.694131080758908e-11
7.0,2.17202902,-3.229849221e-05,-0.004746775202,1.1712238948761577e-08,-9.704151243646583e-09,6.674515274283901e-11
7.0,2.205761922,-3.221083421e-05,-0.004673465562,1.1482764392909593e-08,-9.076460740842016e-09,6.669557285197195e-11
7.0,2.239983065,-3.211983364e-05,-0.004601343012,1.12563451685333e-08,-8.472136885878183e-09,6.660010066331775e-11
7.0,2.274699515,-3.202554737e-05,-0.004530386128,1.1032816825807436e-08,-7.89034569368448e-09,6.638056514383155e-11
7.0,2.309918441,-3.192850979e-05,-0.004460574495,1.081213421089307e-08,-7.330536012350315e-09,6.607952300515382e-11
7.0,2.345647117,-3.182912026e-05,-0.004391888433,1.0594238693074656e-08,-6.792225254552738e-09,6.56354337468366e-11
7.0,2.381892919,-3.172767999e-05,-0.004324308458,1.0379074434840724e-08,-6.2749188409302886e-09,6.504477845534104e-11
7.0,2.418663334,-3.162461031e-05,-0.004257815842,1.0166589637463421e-08,-5.778104057763242e-09,6.434195102998089e-11
7.0,2.455965953,-3.152038095e-05,-0.004192392131,9.956713110235623e-09,-5.301315310681086e-09,6.353355049945325e-11
7.0,2.49380848,-3.141554485e-05,-0.004128019189,9.749373582325101e-09,-4.8440588639813375e-09,6.262728462873576e-11
7.0,2.53219873,-3.131067188e-05,-0.004064679442,9.544498804140167e-09,-4.405852348938889e-09,6.161600685863444e-11
7.0,2.571144629,-3.120614178e-05,-0.0040023556,9.342023072062906e-09,-3.986235500929439e-09,6.04859522285477e-11
7.0,2.610654221,-3.110224086e-05,-0.003941030787,9.141883424735553e-09,-3.5847391599334258e-09,5.925406264034293e-11
7.0,2.650735663,-3.099936226e-05,-0.003880688551,8.944023747982689e-09,-3.2009266403066466e-09,5.7940320593792404e-11
7.0,2.691397234,-3.089778809e-05,-0.003821312549,8.7484186253192e-09,-2.8343952500319476e-09,5.654246882312493e-11
7.0,2.732647329,-3.079739307e-05,-0.003762886477,8.55505929453069e-09,-2.4847545467528487e-09,5.504707459607394e-11
7.0,2.774494467,-3.069752657e-05,-0.003705394022,8.363929396275239e-09,-2.1516165463641766e-09,5.345664442132726e-11
7.0,2.816947288,-3.059731735e-05,-0.003648818998,8.174974867964626e-09,-1.8345840037521054e-09,5.181367262034561e-11
7.0,2.86001456,-3.04961818e-05,-0.003593145493,7.988113071517136e-09,-1.5332718549988752e-09,5.016525996461969e-11
7.0,2.903705176,-3.039365935e-05,-0.00353835775,7.803267848214032e-09,-1.2473120614080405e-09,4.851854947343224e-11
7.0,2.948028158,-3.028915518e-05,-0.003484440229,7.62037366677049e-09,-9.763395565270703e-10,4.685633401049894e-11
7.0,2.992992659,-3.018189223e-05,-0.003431377739,7.439372973601933e-09,-7.199925925105538e-10,4.516785458946478e-11
7.0,3.038607963,-3.007108652e-05,-0.003379155564,7.260200918012845e-09,-4.779184236978559e-10,4.3467054575653657e-11
7.0,3.084883491,-2.995628856e-05,-0.003327759465,7.082793802113845e-09,-2.497946053004357e-10,4.177465298508622e-11
7.0,3.131828798,-2.983713421e-05,-0.003277175408,6.9071072585569135e-09,-3.532809567122027e-11,4.00892168016783e-11
7.0,3.179453579,-2.971309137e-05,-0.003227389531,6.733108357726716e-09,1.657635628446222e-10,3.839940538420066e-11
7.0,3.227767668,-2.958347166e-05,-0.003178388237,6.560770591790999e-09,3.537548569233816e-10,3.670230692415663e-11
7.0,3.276781041,-2.944758573e-05,-0.003130158298,6.390064403481829e-09,5.289099499741824e-10,3.500973921724053e-11
7.0,3.326503821,-2.930500675e-05,-0.0030826869,6.220965075056556e-09,6.914684742967883e-10,3.333683546052316e-11
7.0,3.376946275,-2.915537441e-05,-0.003035961421,6.053467286783814e-09,8.416451300302615e-10,3.16849705668172e-11
7.0,3.428118819,-2.899819706e-05,-0.002989969404,5.88757971877285e-09,9.796429039875654e-10,3.0049513928705387e-11
7.0,3.48003202,-2.883285969e-05,-0.002944698615,5.723321465718065e-09,1.1056566804054676e-09,2.8430924027822032e-11
7.0,3.532696599,-2.865874193e-05,-0.002900137128,5.560715253773842e-09,1.2198741045721737e-09,2.683830911136995e-11
7.0,3.58612343,-2.847543153e-05,-0.002856273371,5.39979217548863e-09,1.3224688930195113e-09,2.528318959901256e-11
7.0,3.640323547,-2.828258607e-05,-0.002813095953,5.240601494946248e-09,1.4136042310323762e-09,2.3768842948586505e-11
7.0,3.695308141,-2.80797783e-05,-0.002770593651,5.08320678687048e-09,1.493445279707696e-09,2.2294057705393432e-11
7.0,3.751088567,-2.786649556e-05,-0.00272875546,4.927683290295615e-09,1.562164873134305e-09,2.08608803458506e-11
7.0,3.807676344,-2.764224638e-05,-0.002687570624,4.774111611144249e-09,1.6199492352368044e-09,1.947831332552431e-11
7.0,3.865083157,-2.740674917e-05,-0.002647028649,4.6225789220521e-09,1.667000351995684e-09,1.8155950422933502e-11
7.0,3.92332086,-2.715975089e-05,-0.002607119167,4.47319107924721e-09,1.7035401492512102e-09,1.6894058848110246e-11
7.0,3.98240148,-2.690086622e-05,-0.002567831957,4.326102762368759e-09,1.7297972573127216e-09,1.569337492670581e-11
7.0,4.042337217,-2.662981535e-05,-0.002529157086,4.181673669486087e-09,1.7459077331024962e-09,1.4560909818824115e-11
7.0,4.103140447,-2.634648614e-05,-0.002491084965,4.040487484029269e-09,1.7520020587253323e-09,1.3502040208322361e-11
7.0,4.164823726,-2.605077401e-05,-0.002453606164,3.902865366545832e-09,1.7486441975545927e-09,1.251622322094424e-11
7.0,4.227399792,-2.5742491e-05,-0.002416711289,3.768701357502716e-09,1.7368116942536851e-09,1.159422695286214e-11
7.0,4.290881567,-2.54212287e-05,-0.002380391029,3.63777756782591e-09,1.7175242468290013e-09,1.072468392415288e-11
7.0,4.35528216,-2.508650637e-05,-0.002344636195,3.5098811051727266e-09,1.6917437204951942e-09,9.903511443563128e-12
7.0,4.420614869,-2.47380154e-05,-0.002309437829,3.384824370416668e-09,1.6603650267076792e-09,9.126727708224715e-12
7.0,4.486893186,-2.437541391e-05,-0.002274787119,3.2624487941510167e-09,1.6242178948412686e-09,8.386600834971101e-12
7.0,4.554130797,-2.399833658e-05,-0.00224067539,3.1426211569095244e-09,1.5840739531359913e-09,7.68022235714327e-12
7.0,4.622341587,-2.360660228e-05,-0.002207094189,3.0252322864506408e-09,1.5406476394398218e-09,7.004747823231614e-12
7.0,4.691539642,-2.319999341e-05,-0.002174035205,2.9101965940689987e-09,1.4945954600825698e-09,6.354101744836893e-12
7.0,4.76173925,-2.277826871e-05,-0.002141490242,2.79744770485802e-09,1.4465197082015431e-09,5.726937807367639e-12
7.0,4.832954907,-2.234138811e-05,-0.00210945133,2.686937297985248e-09,1.3969666427224794e-09,5.122188200633432e-12
7.0,4.905201321,-2.188928535e-05,-0.002077910619,2.5786349334935874e-09,1.3464241990598618e-09,4.535742976792316e-12
7.0,4.97849341,-2.14218729e-05,-0.00204686037,2.4725236717966202e-09,1.2953255043819274e-09,3.967798043383817e-12
7.0,5.052846308,-2.093929518e-05,-0.002016293068,2.368598681870413e-09,1.2440475933545804e-09,3.4193791103891657e-12
7.0,5.128275369,-2.044167442e-05,-0.001986201307,2.266867529059191e-09,1.1929109099991996e-09,2.887956231568003e-12
7.0,5.20479617,-1.992910984e-05,-0.001956577774,2.1673456501230285e-09,1.1421857297911391e-09,2.374957163746268e-12
7.0,5.282424513,-1.940194632e-05,-0.001927415387,2.0700549265055694e-09,1.0920938166978902e-09,1.8826382975038985e-12
7.0,5.361176426,-1.88605183e-05,-0.001898707151,1.9750242001091243e-09,1.0428111511955649e-09,1.4097738438623259e-12
7.0,5.441068173,-1.830514116e-05,-0.00187044615,1.88228490798752e-09,9.944774814374557e-10,9.58599644710236e-13
7.0,5.522116252,-1.773636634e-05,-0.001842625697,1.7918701967416907e-09,9.471999622279754e-10,5.314552587576284e-13
7.0,5.604337398,-1.715473928e-05,-0.00181523917,1.703815672570103e-09,9.010576296271404e-10,1.2772446858168595e-13
7.0,5.68774859,-1.656077784e-05,-0.001788280034,1.6181555543815808e-09,8.561107438549272e-10,-2.504530445946491e-13
7.0,5.772367054,-1.595523315e-05,-0.001761741929,1.5349220880325893e-09,8.123989865466556e-10,-6.010385987383968e-13
7.0,5.858210261,-1.533884905e-05,-0.001735618269,1.454146534380501e-09,7.699560904949522e-10,-9.24718912952243e-13
7.0,5.94529594,-1.47123427e-05,-0.001709903412,1.37585477984016e-09,7.288396522691279e-10,-1.2191769282404337e-12
7.0,6.033642073,-1.407668777e-05,-0.001684592907,1.3000678083397567e-09,6.889645916717878e-10,-1.4834975556987095e-12
7.0,6.123266903,-1.343276217e-05,-0.001659669318,1.2267961828068584e-09,6.500880294137733e-10,-1.7224254620185358e-12
7.0,6.214188939,-1.278127225e-05,-0.001635120925,1.1560088026080947e-09,6.137384967214945e-10,-1.929211563733661e-12
7.0,6.306426956,-1.212370426e-05,-0.00161107768,1.087380786053266e-09,5.774513841965281e-10,-2.1013504227861286e-12
7.0,6.4,-1.146045572e-05,-0.001587298915,1.0220869100692017e-09,5.418827183120461e-10,-2.2582764610666292e-12
9.0,1.102182113e-15,0.1167770018,1.772934233e-05,0.0012119555173630797,0.0010103044660094566,2.0525516453214984e-06
9.0,0.005204005335,0.1167749543,3.50358669e-05,0.0012119489850700676,0.0010093034828537485,4.096698760302215e-06
9.0,0.0103396636,0.1167689208,6.83799945e-05,0.0012119297146256276,0.001009818615869569,8.122641522939933e-06
9.0,0.01540787243,0.1167590603,0.0001011165803,0.001211898270968779,0.0010104193305427822,1.2087613513022337e-05
9.0,0.02040951769,0.116745526,0.0001339529305,0.001211855152715677,0.0010097798563181832,1.5999712395984797e-05
9.0,0.02534547358,0.1167284677,0.0001662995537,0.0012118007556761767,0.0010099795320702007,1.9858032159278518e-05
9.0,0.03021660284,0.1167080307,0.0001982225607,0.0012117355071018495,0.001010012897491559,2.3662956012873708e-05
9.0,0.03502375688,0.1166843565,0.0002296839319,0.0012116598070945463,0.001010095389391024,2.7414638597829075e-05
9.0,0.03976777591,0.1166575825,0.0002607061272,0.001211574041275641,0.0010101562626540776,3.111340794993832e-05
9.0,0.04444948913,0.1166278422,0.00029128662,0.0012114785785128763,0.0010102345152297344,3.475956178447021e-05
9.0,0.04906971482,0.1165952651,0.0003214297688,0.001211373773857223,0.0010103175297629015,3.8353440261022744e-05
9.0,0.05362926055,0.1165599772,0.0003511378694,0.0012112599663163827,0.0010104082619089387,4.189540227654808e-05
9.0,0.05812892325,0.1165221005,0.0003804144203,0.0012111374843708032,0.001010504807658171,4.538583125508473e-05
9.0,0.0625694894,0.1164817533,0.0004092627523,0.0012110066423091804,0.0010106073831915264,4.882513064730108e-05
9.0,0.06695173514,0.1164390507,0.0004376864515,0.0012108677442503244,0.0010107154426717377,5.2213723654194236e-05
9.0,0.07127642644,0.1163941038,0.0004656892083,0.0012107210819577827,0.0010108287064595713,5.5552050746448696e-05
9.0,0.07554431918,0.1163470206,0.0004932748501,0.0012105669391405378,0.0010109467562757178,5.88405678871481e-05
9.0,0.07975615934,0.1162979056,0.0005204473437,0.0012104055880070178,0.0010110693658265026,6.207974521998963e-05
9.0,0.08391268308,0.1162468601,0.0005472107001,0.0012102372926617937,0.0010111959212643522,6.527006594437956e-05
9.0,0.0880146169,0.116193982,0.0005735691691,0.0012100623095526444,0.0010113271263398611,6.8412026412354e-05
9.0,0.09206267776,0.1161393661,0.0005995265494,0.0012098808853260295,0.001011460046160674,7.150611350090297e-05
9.0,0.09605757321,0.1160831044,0.0006250879821,0.0012096932601159253,0.0010115984436837463,7.456649243309875e-05
9.0,0.1000000015,0.1160252855,0.0006502582869,0.0012094996664966217,0.00101173872477969,7.757071326081615e-05
9.0,0.1037429233,0.1159682871,0.0006741000811,0.0012093080515073818,0.0010118750760140756,8.037936414140995e-05
9.0,0.1075400192,0.1159083735,0.0006982306712,0.0012091058156204406,0.0010120198693037018,8.323086094375188e-05
9.0,0.1113920731,0.115845447,0.0007226515386,0.0012088925055405843,0.0010121691823032225,8.614152461809635e-05
9.0,0.1152998807,0.1157794073,0.0007473629145,0.001208667646895459,0.0010123253731333338,8.90867403277999e-05
9.0,0.1192642488,0.1157101515,0.0007723650771,0.0012084307434300126,0.0010124878661454991,9.20665574361927e-05
9.0,0.123285996,0.1156375739,0.0007976580127,0.0012081812759951198,0.0010126568931516314,9.508097311672493e-05
9.0,0.127365953,0.1155615663,0.0008232415458,0.0012079187022584355,0.0010128324400550236,9.812996160593803e-05
9.0,0.1315049621,0.1154820176,0.0008491152662,0.0012076424535924892,0.0010130145932289087,0.00010121347162562841
9.0,0.1357038781,0.1153988137,0.0008752785372,0.001207351936198758,0.0010132033857334387,0.00010433142357280145
9.0,0.139963568,0.1153118381,0.0009017304766,0.0012070465271537872,0.00101339884834474,0.00010748370816990233
9.0,0.1442849115,0.1152209711,0.0009284699465,0.0012067255770751154,0.0010136009955562558,0.00011067018624959342
9.0,0.148668801,0.11512609,0.0009554955391,0.0012063884042245014,0.0010138098247957097,0.00011389068855606588
9.0,0.1531161417,0.1150270694,0.0009828055631,0.0012060342957441444,0.0010140253161927,0.0001171450130174922
9.0,0.157627852,0.1149237808,0.001010398029,0.0012056625053294776,0.0010142474314468615,0.00012043292135550653
9.0,0.1622048635,0.1148160926,0.001038270635,0.001205272251729065,0.0010144761124295293,0.00012375413739066775
9.0,0.1668481215,0.1147038703,0.00106642075,0.001204862716944809,0.0010147112785526362,0.0001271083468581012
9.0,0.1715585846,0.1145869762,0.001094845398,0.0012044330454780016,0.0010149528250619577,0.00013049519720754568
9.0,0.1763372258,0.1144652697,0.001123541244,0.001203982340287898,0.0010152006194470197,0.00013391429445249668
9.0,0.1811850317,0.1143386067,0.001152504575,0.0012035096637194236,0.0010154545027202448,0.00013736519934561678
9.0,0.1861030034,0.1142068405,0.001181731283,0.0012030140338852944,0.0010157142865098495,0.00014084742521355175
9.0,0.1910921564,0.1140698208,0.001211216846,0.0012024944226078388,0.0010159797490598354,0.00014436043810257774
9.0,0.1961535212,0.1139273944,0.001240956313,0.0012019497536914679,0.0010162506334876493,0.00014790365632888846
9.0,0.2012881427,0.1137794048,0.00127094428,0.0012013789020206627,0.0010165266447749208,0.00015147644677315715
9.0,0.2064970813,0.1136256926,0.001301174876,0.0012007806886383118,0.0010168074490866023,0.0001550781210669371
9.0,0.2117814126,0.1134660949,0.001331641738,0.0012001538802845553,0.001017092662722382,0.000158707932687986
9.0,0.217142228,0.1133004458,0.001362337996,0.0011994971883248307,0.001017381892321787,0.00016236507776619527
9.0,0.2225806343,0.1131285764,0.001393256223,0.0011988092631127789,0.0010176746222193968,0.00016604869232903733
9.0,0.2280977546,0.1129503145,0.001424388449,0.0011980886942585356,0.0010179703324767865,0.0001697578537489125
9.0,0.2336947282,0.1127654849,0.00145572623,0.0011973340055583814,0.001018268532128983,0.00017349157228494923
9.0,0.2393727108,0.1125739092,0.001487260455,0.0011965436553950082,0.0010185684578050006,0.0001772487827809847
9.0,0.245132875,0.1123754062,0.001518981283,0.001195716032089833,0.0010188694619945296,0.00018102835701701883
9.0,0.2509764103,0.1121697915,0.001550878324,0.001194849451927225,0.0010191708342014861,0.00018482909716344747
9.0,0.2569045233,0.1119568779,0.001582940554,0.001193942155445298,0.0010194716629487554,0.00018864972900606
9.0,0.2629184381,0.1117364752,0.001615156223,0.001192992306687207,0.0010197710813004543,0.00019248890140286263
9.0,0.2690193968,0.1115083905,0.001647512871,0.0011919979873524045,0.0010200680942200968,0.00019634518127720742
9.0,0.275208659,0.111272428,0.001679997297,0.001190957197613156,0.001020361640295864,0.00020021705485101626
9.0,0.2814875029,0.1110283893,0.001712595532,0.0011898678494965556,0.0010206505650681445,0.00020410292691611096
9.0,0.2878572251,0.1107760733,0.00174529282,0.0011887277672167592,0.0010209336260043373,0.000208001117398095
9.0,0.2943191408,0.1105152766,0.00177807359,0.0011875346831051532,0.0010212094863807618,0.00021190985564011636
9.0,0.3008745846,0.1102457932,0.001810921427,0.0011862862320926911,0.0010214767088322866,0.00021582727773965197
9.0,0.3075249101,0.1099674149,0.001843819049,0.001184979955370919,0.001021733756081425,0.00021975142732710078
9.0,0.3142714906,0.1096799314,0.001876748279,0.001183613290033429,0.0010219789762602974,0.0002236802558624876
9.0,0.3211157192,0.10938313,0.001909690023,0.0011821835721833743,0.0010222106053350488,0.00022761161866475233
9.0,0.3280590093,0.1090767965,0.001942624238,0.0011806880299681324,0.0010224267590915987,0.00023154326954146758
9.0,0.3351027947,0.1087607148,0.00197552991,0.0011791237848573814,0.0010226254328512714,0.00023547285858845155
9.0,0.3422485299,0.1084346671,0.002008385026,0.0011774878456044036,0.001022804491385194,0.0002393979328663492
9.0,0.3494976905,0.1080984341,0.002041166548,0.0011757771089579627,0.001022961664925817,0.00024331593801108005
9.0,0.3568517735,0.1077517955,0.002073850389,0.0011739883546656536,0.0010230945420450714,0.00024722421432414056
9.0,0.3643122975,0.1073945297,0.002106411384,0.0011721182450257104,0.0010232005681796873,0.0002511199920014462
9.0,0.371880803,0.1070264143,0.002138823272,0.0011701633228819138,0.0010232770413274213,0.0002550003887919705
9.0,0.379558853,0.1066472262,0.00217105866,0.0011681200090808417,0.0010233211045900643,0.00025886241221264797
9.0,0.387348033,0.1062567417,0.00220308901,0.0011659846021354727,0.0010233297396702163,0.00026270296184353046
9.0,0.3952499515,0.1058547373,0.002234884606,0.001163753274588146,0.0010232997608320099,0.00026651882619060165
9.0,0.4032662402,0.105440989,0.002266414542,0.0011614220752805987,0.001023227815351697,0.00027030667852051435
9.0,0.4113985544,0.1050152734,0.002297646689,0.0011589869270845305,0.001023110378342039,0.00027406307545258825
9.0,0.4196485735,0.1045773675,0.002328547679,0.0011564436265245014,0.0010229437461373198,0.00027778446052483815
9.0,0.4280180012,0.1041270492,0.002359082883,0.0011537878434273354,0.0010227240291314468,0.00028146716732309855
9.0,0.4365085656,0.1036640973,0.002389216391,0.0011510151221917387,0.0010224471494679939,0.00028510741830222635
9.0,0.4451220201,0.1031882923,0.002418911001,0.0011481208824763636,0.0010221088394899531,0.0002887013212157983
9.0,0.4538601435,0.102699416,0.002448128191,0.0011451004207294782,0.0010217046397528156,0.0002922448690261767
9.0,0.46272474,0.1021972525,0.00247682811,0.0011419489111529342,0.0010212298925144148,0.00029573394493604847
9.0,0.4717176402,0.1016815882,0.002504969562,0.0011386614083924768,0.0010206797366585712,0.000299164327834461
9.0,0.4808407013,0.1011522121,0.002532509995,0.0011352328513931278,0.0010200491071773372,0.0003025316925854806
9.0,0.490095807,0.1006089162,0.00255940549,0.0011316580651884495,0.0010193327342622094,0.00030583160760675485
9.0,0.4994848686,0.100051496,0.002585610753,0.0011279317664597264,0.0010185251447601125,0.00030905953719955853
9.0,0.5090098249,0.09947975064,0.002611079104,0.0011240485693964838,0.001017620659160014,0.00031221084811171307
9.0,0.5186726428,0.09889348353,0.002635762475,0.001120002987019403,0.001016613386308482,0.0003152808175251614
9.0,0.5284753176,0.09829250252,0.00265961141,0.0011157894413002386,0.0010154972246403673,0.00031826463556430405
9.0,0.5384198737,0.09767662041,0.002682575063,0.001111402269511058,0.0010142658766558105,0.0003211574048350753
9.0,0.5485083646,0.09704565532,0.002704601197,0.0011068357306668925,0.001012912794723595,0.0003239541466073586
9.0,0.5587428735,0.09639943115,0.002725636237,0.0011020840373602036,0.001011431321732791,0.00032665059017491284
9.0,0.5691255139,0.09573777796,0.002745625107,0.0010971412382210777,0.0010098146089044335,0.00032923979311798876
9.0,0.5796584298,0.09506053245,0.00276451142,0.001092001376013109,0.0010080554377113922,0.00033171655128583905
9.0,0.5903437963,0.09436753839,0.002782237542,0.0010866587575869184,0.001006146470343591,0.00033407827417536885
9.0,0.6011838198,0.09365864703,0.002798744487,0.001081107312968568,0.00100408024755025,0.00033631837894267786
9.0,0.6121807388,0.09293371759,0.002813971951,0.0010753408664815535,0.0010018491801532848,0.0003384307575895833
9.0,0.6233368242,0.09219261773,0.002827858243,0.001069353530532791,0.0009994454676639187,0.0003404105922742301
9.0,0.6346543798,0.091435224,0.002840340473,0.0010631393289951211,0.0009968610713706845,0.000342252532998108
9.0,0.6461357425,0.09066142233,0.002851354544,0.0010566923182648148,0.0009940878528224384,0.00034395121734330655
9.0,0.6577832833,0.0898711085,0.002860835173,0.0010500066044145703,0.000991117544949618,0.0003455012837403602
9.0,0.6695994075,0.08906418866,0.00286871593,0.0010430763605152457,0.0009879417524346122,0.0003468973866411258
9.0,0.681586555,0.08824057978,0.002874929283,0.0010358958468950428,0.0009845519671982,0.000348134214704024
9.0,0.6937472012,0.08740021018,0.002879406659,0.001028459430299793,0.0009809395822421322,0.0003492065013374778
9.0,0.7060838572,0.08654302,0.0028820785,0.0010207616057395503,0.000977095911138039,0.0003501090336087568
9.0,0.7185990706,0.08566896172,0.002882874321,0.0010127970321889212,0.0009730122301810607,0.00035083666442564426
9.0,0.7312954258,0.08477800067,0.002881722772,0.001004560557963567,0.0009686797985654382,0.0003513843308858485
9.0,0.7441755445,0.08387011553,0.002878551704,0.0009960472182282036,0.0009640898299349141,0.00035174707597930083
9.0,0.7572420866,0.08294529881,0.002873288277,0.0009872522466999227,0.0009592335387812847,0.0003519200650344759
9.0,0.7704977502,0.08200355739,0.002865858996,0.0009781711165603739,0.0009541021120264292,0.0003518985919219184
9.0,0.7839452727,0.08104491307,0.002856189908,0.0009687995749826091,0.0009486869412438974,0.0003516781059584969
9.0,0.7975874309,0.08006940301,0.002844206466,0.0009591336696341282,0.0009429789726797782,0.0003512542005703886
9.0,0.8114270419,0.07907708038,0.002829834687,0.000949169776242683,0.0009369704952410088,0.00035062275228815764
9.0,0.8254669637,0.07806801461,0.002812999332,0.0009389046138553206,0.0009306523707523312,0.00034977970103292484
9.0,0.8397100955,0.07704229212,0.002793622888,0.0009283352962826376,0.000924016165678487,0.0003487211815903407
9.0,0.8541593784,0.07600001693,0.002771631225,0.0009174593616359015,0.0009170550004784638,0.0003474439103109146
9.0,0.8688177964,0.07494131106,0.002746951454,0.0009062747824422969,0.0009097600267379418,0.00034594458824546405
9.0,0.8836883762,0.07386631486,0.002719508292,0.000894779995578343,0.0009021239958018584,0.00034422014018567324
9.0,0.8987741887,0.07277518761,0.002689227063,0.0008829739479713048,0.0008941399174834395,0.0003422679920280601
9.0,0.9140783492,0.07166810812,0.002656034222,0.000870856118939428,0.0008858007439456671,0.0003400858084586745
9.0,0.9296040179,0.07054527514,0.002619856957,0.000858426549979393,0.0008771000568337148,0.00033767162159024304
9.0,0.9453544008,0.06940690791,0.002580623423,0.0008456858741241221,0.0008680318084951657,0.000335023826584133
9.0,0.9613327505,0.0682532466,0.002538262891,0.0008326353456626321,0.0008585904315443094,0.0003321412179082147
9.0,0.9775423664,0.06708455278,0.00249270597,0.0008192768647424569,0.0008487708573628267,0.0003290230071365969
9.0,0.9939865959,0.06590110985,0.002443884806,0.0008056130130465222,0.0008385685820242969,0.00032566883745493535
9.0,1.010668835,0.06470322356,0.002391733292,0.0007916470810193083,0.0008279797102111458,0.00032207880030020035
9.0,1.027592528,0.06349122244,0.002336187284,0.0007773830872068377,0.0008170009911724486,0.0003182534591521771
9.0,1.044761169,0.06226545826,0.002277184837,0.0007628258037767984,0.0008056298595358526,0.0003141938771112976
9.0,1.062178305,0.06102630641,0.002214666461,0.0007479807830537055,0.0007938644853954336,0.000309901633934591
9.0,1.079847532,0.0597741663,0.002148575377,0.0007328543793991188,0.0007817038236624926,0.00030537883643463594
9.0,1.097772499,0.05850946181,0.002078857776,0.0007174537682414895,0.0007691476621367489,0.00030062813143915085
9.0,1.115956906,0.05723264169,0.002005463087,0.0007017869686080867,0.0007561966678145259,0.0002956527265197157
9.0,1.13440451,0.05594417992,0.00192834427,0.0006858628534187661,0.0007428524211319687,0.0002904564129398499
9.0,1.153119119,0.05464457605,0.001847458127,0.0006696911663489775,0.0007291174645513334,0.00028504357812459823
9.0,1.172104598,0.05333435553,0.001762765617,0.0006532825331929662,0.0007149953493665584,0.0002794192086425763
9.0,1.191364868,0.05201407008,0.00167423217,0.0006366484737396309,0.0007004906850314591,0.00027358889679460874
9.0,1.210903906,0.05068429802,0.001581828013,0.0006198014047242576,0.0006856091740083181,0.00026755885416092785
9.0,1.230725746,0.04934564459,0.001485528526,0.0006027546421996704,0.0006703576456911849,0.00026133592719341944
9.0,1.250834482,0.04799874215,0.001385314614,0.0005855224013627749,0.0006547440950019809,0.0002549276008049962
9.0,1.271234267,0.0466442505,0.001281173085,0.0005681197947131471,0.0006387777226259048,0.00024834199171279317
9.0,1.291929312,0.04528285713,0.001173097034,0.0005505628261084985,0.0006224689730882358,0.00024158784306816842
9.0,1.312923892,0.04391527752,0.001061086231,0.0005328683785209232,0.00060582956061003,0.00023467452877281252
9.0,1.334222342,0.0425422554,0.0009451475477,0.000515054196786807,0.0005888724886507668,0.00022761205766254274
9.0,1.35582906,0.04116456289,0.0008252954038,0.0004971388699291398,0.0005716120752573881,0.00022041106516409756
9.0,1.377748507,0.03978300079,0.000701552232,0.00047914181083267703,0.0005540639778390576,0.0002130827921720255
9.0,1.399985211,0.03839839882,0.0005739489389,0.00046108323080678925,0.0005362452149324955,0.00020563906603375607
9.0,1.422543762,0.03701161596,0.0004425253815,0.0004429841074015193,0.0005181741741409928,0.00019809229104902074
9.0,1.44542882,0.03562354075,0.000307330894,0.0004248661462231056,0.0004998706121692993,0.0001904554403132931
9.0,1.468645109,0.03423509152,0.0001684248523,0.00040675174284158204,0.0004813556594086669,0.00018274203104252194
9.0,1.492197425,0.03284721681,2.587726141e-05,0.0003886639458179078,0.0004626518215617721,0.00017496607963369596
9.0,1.516090631,0.03146089602,-0.0001202306261,0.0003706264102868654,0.0004437829794782811,0.0001671420722530202
9.0,1.54032966,0.03007713998,-0.0002698056787,0.00035266333967087364,0.000424774380798906,0.00015928495899167507
9.0,1.564919519,0.02869699161,-0.000422742176,0.00033479943425027494,0.00040565261651001665,0.00015141012025990145
9.0,1.589865284,0.02732152684,-0.0005789209939,0.0003170598416391589,0.00038644559831600066,0.00014353331520233195
9.0,1.615172108,0.02595185591,-0.0007382087136,0.0002994701011489713,0.00036718254313290104,0.0001356706353926917
9.0,1.640845215,0.02458912507,-0.0009004566502,0.0002820560872845,0.00034789395574227823,0.00012783845901230092
9.0,1.666889908,0.0232345188,-0.001065499763,0.0002648439494537817,0.0003286115990678181,0.00012005341680268262
9.0,1.693311565,0.02188926261,-0.001233155343,0.0002478600519333534,0.0003093684620528924,0.00011233236214409486
9.0,1.720115642,0.0205546266,-0.001403221436,0.00023113092419378285,0.00029019873859897005,0.00010469232566881358
9.0,1.747307673,0.01923193034,-0.001575474965,0.0002146832216222694,0.0002711378179400552,9.7150459483016e-05
9.0,1.774893275,0.01792254949,-0.001749669442,0.00019854369355505814,0.0002522222899999588,8.972399286766754e-05
9.0,1.802878143,0.0166279247,-0.001925532134,0.00018273916170315877,0.00023348996102671033,8.243021080018282e-05
9.0,1.831268056,0.01534957347,-0.002102760369,0.00016729651993774481,0.00021497989484221553,7.528644652667657e-05
9.0,1.860068877,0.01408910621,-0.002281016654,0.00015224277526410007,0.00019673250984484218,6.831007144734248e-05
9.0,1.889286554,0.0128482488,-0.002459922155,0.0001376051429413067,0.00017878972190423843,6.151850067256836e-05
9.0,1.918927118,0.01162887439,-0.00263904756,0.00012341121149425462,0.00016119527167984072,5.492922907587725e-05
9.0,1.948996693,0.01043304927,-0.002817901155,0.00010968921118987729,0.0001439951499245094,4.8559943820444054e-05
9.0,1.979501486,0.009263099338,-0.002995910494,9.646844900149511e-05,0.00012723818859915805,4.242873477234487e-05
9.0,2.010447797,0.008121709927,-0.003172394905,8.378002454203987e-05,0.00011097722127021837,3.655438392994793e-05
9.0,2.041842016,0.007012080758,-0.00334652471,7.165799444893797e-05,9.527079281915031e-05,3.095687112986159e-05
9.0,2.073690627,0.00593817499,-0.003517253959,6.0141290668548013e-05,8.018603226115896e-05,2.565824872362935e-05
9.0,2.106000206,0.004905137978,-0.003683206636,4.927707709084115e-05,6.580347657337364e-05,2.0684101452153936e-05
9.0,2.138777425,0.003920045318,-0.003842477264,3.9127058660701066e-05,5.222592532541798e-05,1.6065828239381402e-05
9.0,2.172029053,0.002993335996,-0.00399225777,2.9780550174095073e-05,3.959622561967248e-05,1.1843645564576234e-05
9.0,2.205761955,0.002141653764,-0.004128123061,2.138067532410459e-05,2.813313802065668e-05,8.075201920614357e-06
9.0,2.239983098,0.001392501385,-0.004242806865,1.4156186711179213e-05,1.819896424506314e-05,4.874417521862934e-06
9.0,2.274699549,0.0007860262037,-0.00432544584,8.401619757842e-06,1.0332201286845812e-05,2.455002393092996e-06
9.0,2.309918476,0.0003594833056,-0.00436530839,4.3416643403067124e-06,4.980823231751712e-06,9.829916331396435e-07
9.0,2.345647152,0.0001136204285,-0.004360884914,1.9271322714792673e-06,2.0034352773198855e-06,3.1197699984537963e-07
9.0,2.381892955,1.332158847e-06,-0.004323541045,7.544404695313872e-07,6.638070167655949e-07,8.251944380984549e-08
9.0,2.41866337,-3.961263202e-05,-0.004268912289,2.840857470751709e-07,1.6117171417149532e-07,2.031963328930013e-08
9.0,2.455965989,-5.222661508e-05,-0.00420771201,1.2037035108371427e-07,-1.1326382450977349e-08,5.392205139715315e-09
9.0,2.493808517,-5.566912817e-05,-0.004144981187,6.744167808447826e-08,-6.326585529732688e-08,1.0224886309746437e-09
9.0,2.532198767,-5.580002991e-05,-0.004082090096,5.015846825082846e-08,-5.379007792078312e-08,-5.391974174372156e-10
9.0,2.571144667,-5.440840622e-05,-0.004019445847,4.385815964793521e-08,-2.9776037543462027e-08,-7.461899334632109e-10
9.0,2.61065426,-5.294976553e-05,-0.003958015756,4.1235160627074475e-08,-2.010762713367757e-08,-4.974073573950681e-10
9.0,2.650735703,-5.211502106e-05,-0.003897927316,3.9879813504985704e-08,-1.7115811250864823e-08,-1.9253900492740198e-10
9.0,2.691397274,-5.167370669e-05,-0.003838831341,3.895330150542321e-08,-1.5729501814860325e-08,-6.483538875255178e-11
9.0,2.73264737,-5.1373219e-05,-0.003780681185,3.8143399051824875e-08,-1.4671600999237362e-08,-3.110631947329521e-11
9.0,2.774494508,-5.111599017e-05,-0.003723459185,3.736457242467472e-08,-1.3705706417039215e-08,-2.026340999361866e-11
9.0,2.81694733,-5.086677677e-05,-0.003667145193,3.6596032606940806e-08,-1.2786683947440453e-08,-1.684870330738425e-11
9.0,2.860014603,-5.061630578e-05,-0.003611721647,3.583264197037573e-08,-1.1904786766898764e-08,-1.4710999091346397e-11
9.0,2.903705219,-5.036158732e-05,-0.003557172755,3.507385968702901e-08,-1.1057640325615376e-08,-1.3173814783207647e-11
9.0,2.948028202,-5.010171397e-05,-0.003503483678,3.431972278642202e-08,-1.0244395422644902e-08,-1.1789391158514835e-11
9.0,2.992992703,-4.983622759e-05,-0.003450639835,3.357044481814293e-08,-9.46456285587773e-09,-1.051368833236378e-11
9.0,3.038608008,-4.956476893e-05,-0.003398626749,3.282616973460241e-08,-8.71767575798189e-09,-9.33185933082449e-12
9.0,3.084883537,-4.928700808e-05,-0.003347430077,3.208700908019231e-08,-8.00321455941582e-09,-8.256195518755576e-12
9.0,3.131828845,-4.90026004e-05,-0.003297035733,3.1353040386056404e-08,-7.320601178366522e-09,-7.28820319080386e-12
9.0,3.179453626,-4.871123432e-05,-0.003247429963,3.062431689945709e-08,-6.669250821172322e-09,-6.4192933049487434e-12
9.0,3.227767716,-4.841258424e-05,-0.003198599276,2.990088912236068e-08,-6.048605791207864e-09,-5.6657281631904265e-12
9.0,3.27678109,-4.810626967e-05,-0.003150530378,2.918280080410818e-08,-5.4581180218703935e-09,-5.044359745709885e-12
9.0,3.326503871,-4.779190389e-05,-0.003103210161,2.8470097453058006e-08,-4.897208524735178e-09,-4.56362015552107e-12
9.0,3.376946325,-4.746907695e-05,-0.003056625799,2.776282282175534e-08,-4.36525733164716e-09,-4.2196846727495105e-12
9.0,3.42811887,-4.713740913e-05,-0.003010764797,2.706101341730691e-08,-3.86164507139308e-09,-3.9964006937772986e-12
9.0,3.480032072,-4.679651787e-05,-0.002965614921,2.6364714961362433e-08,-3.3857772225778582e-09,-3.897997542414362e-12
9.0,3.532696651,-4.644597924e-05,-0.00292116413,2.5673975854353285e-08,-2.9370708196596292e-09,-3.931362146412293e-12
9.0,3.586123483,-4.608537523e-05,-0.002877400559,2.4988851255333683e-08,-2.5149233968204485e-09,-4.097720528875393e-12
9.0,3.640323601,-4.571427737e-05,-0.00283431259,2.430939745550561e-08,-2.1187025818311418e-09,-4.392227833514586e-12
9.0,3.695308196,-4.533228771e-05,-0.002791888896,2.363566589960333e-08,-1.747775682343651e-09,-4.801664842973047e-12
9.0,3.751088623,-4.493901706e-05,-0.0027501184,2.2967718227991736e-08,-1.4015270033290245e-09,-5.3269657701945636e-12
9.0,3.807676401,-4.453405646e-05,-0.002708990217,2.2305621088901603e-08,-1.0793513508315295e-09,-5.971388512074176e-12
9.0,3.865083215,-4.411701815e-05,-0.00266849364,2.164944856973399e-08,-7.806349276359123e-10,-6.735648554029445e-12
9.0,3.923320919,-4.368751853e-05,-0.002628618195,2.0999281884429424e-08,-5.047478065043487e-10,-7.618940322157374e-12
9.0,3.98240154,-4.324521073e-05,-0.002589353676,2.0355202703910238e-08,-2.5106399949617814e-10,-8.615354304309904e-12
9.0,4.042337277,-4.278978507e-05,-0.002550690116,1.971730227582876e-08,-1.897275318603051e-11,-9.72336276280663e-12
9.0,4.103140508,-4.232095718e-05,-0.002512617765,1.908567877826082e-08,1.9212507240571253e-10,-1.0944578040139837e-11
9.0,4.164823788,-4.183849449e-05,-0.002475127088,1.8460434685116224e-08,3.8282543267761603e-10,-1.2282544248433e-11
9.0,4.227399855,-4.134219747e-05,-0.002438208811,1.784167445052901e-08,5.53723160171456e-10,-1.375434161957087e-11
9.0,4.290881631,-4.083192071e-05,-0.002401853956,1.722950914141691e-08,7.053972405886372e-10,-1.5391014006586014e-11
9.0,4.355282225,-4.030762498e-05,-0.002366053834,1.6624032567327055e-08,8.38397751157746e-10,-1.7225477735934686e-11
9.0,4.420614935,-3.976933533e-05,-0.00233080005,1.6025336505378414e-08,9.53290050605972e-10,-1.9287736178161983e-11
9.0,4.486893253,-3.921705252e-05,-0.00229608466,1.5433586541877038e-08,1.0613700431321643e-09,-2.1634683479961772e-11
9.0,4.554130865,-3.865083002e-05,-0.002261899443,1.4849214361272241e-08,1.1693853380902568e-09,-2.408620518284907e-11
9.0,4.622341656,-3.807031231e-05,-0.002228235803,1.427272849346469e-08,1.2908135943711268e-09,-2.6080847097853275e-11
9.0,4.691539712,-3.747381713e-05,-0.002195084325,1.3704319748395208e-08,1.4873479212228245e-09,-2.7115061145715204e-11
9.0,4.761739321,-3.685827856e-05,-0.002162431234,1.3144898323333262e-08,1.724605591949983e-09,-2.7007696032324348e-11
9.0,4.832954979,-3.621947199e-05,-0.002130260971,1.259457248702956e-08,1.998227491486325e-09,-2.5582902808076575e-11
9.0,4.905201394,-3.555247386e-05,-0.002098559395,1.2052888596160358e-08,2.2982554755926022e-09,-2.3297723411195292e-11
9.0,4.978493484,-3.485330275e-05,-0.002067312967,1.1519935721097861e-08,2.5478940492462143e-09,-2.095488511254562e-11
9.0,5.052846383,-3.412019422e-05,-0.002036512724,1.0995187301757979e-08,2.7532455892700137e-09,-1.8831399944649188e-11
9.0,5.128275446,-3.335353561e-05,-0.002006153758,1.0478673264163119e-08,2.91859945407515e-09,-1.7155160150656056e-11
9.0,5.204796248,-3.255515437e-05,-0.001976231595,9.971274608666969e-09,3.0467863049544773e-09,-1.59461598858093e-11
9.0,5.282424591,-3.172755094e-05,-0.00194674229,9.475050270614457e-09,3.139311716580047e-09,-1.5054094388015284e-11
9.0,5.361176506,-3.087341417e-05,-0.001917682417,8.992878827956153e-09,3.196963764642669e-09,-1.4420631002562295e-11
9.0,5.441068255,-2.999525167e-05,-0.001889048594,8.526729582173221e-09,3.221761086944134e-09,-1.4004121645004567e-11
9.0,5.522116334,-2.909523577e-05,-0.001860837057,8.077069998154053e-09,3.217167862598753e-09,-1.3743190059006671e-11
9.0,5.604337482,-2.817519293e-05,-0.001833043622,7.64373588993032e-09,3.1868892775915806e-09,-1.3590732381401614e-11
9.0,5.687748675,-2.723665285e-05,-0.001805663807,7.2263758599207455e-09,3.134433055354718e-09,-1.3513609786071408e-11
9.0,5.77236714,-2.628100236e-05,-0.00177869289,6.824581561107609e-09,3.0630287780406046e-09,-1.3482033762442869e-11
9.0,5.858210349,-2.530959137e-05,-0.001752125869,6.4379358764529396e-09,2.9757281649746444e-09,-1.3466546338448301e-11
9.0,5.945296028,-2.432380588e-05,-0.001725958984,6.06602568818099e-09,2.8754444721063294e-09,-1.3446016473309393e-11
9.0,6.033642163,-2.332500894e-05,-0.001700188229,5.708426734345979e-09,2.7640571893507883e-09,-1.3411748922174567e-11
9.0,6.123266995,-2.231446821e-05,-0.001674794902,5.3646803723482515e-09,2.6431905655142224e-09,-1.3350121134734553e-11
9.0,6.214189032,-2.12936423e-05,-0.001649776662,5.034285930522654e-09,2.5220090748794287e-09,-1.326063403951204e-11
9.0,6.30642705,-2.02643468e-05,-0.001625262988,4.71523688545553e-09,2.3904914973264676e-09,-1.3108650686974819e-11
9.0,6.400000095,-1.922800187e-05,-0.001601006373,4.412579825565122e-09,2.253894884451481e-09,-1.2887229927288571e-11
11.0,1.347111464e-15,0.0953287521,1.182854708e-05,0.0008086090856236415,0.0006741451830373407,1.1178291947128739e-06
11.0,0.005204005258,0.09532763641,2.33752277e-05,0.0008086061634438351,0.0006734765215253165,2.2310936439932135e-06
11.0,0.01033966345,0.09532434875,4.562283224e-05,0.000808597545879264,0.0006738168474973607,4.423734325529507e-06
11.0,0.01540787221,0.09531897554,6.746713439e-05,0.0008085834862217125,0.0006742119774713793,6.583379191788011e-06
11.0,0.02040951739,0.09531160007,8.938121148e-05,0.0008085642102809979,0.0006737774405515064,8.714551408980598e-06
11.0,0.0253454732,0.09530230351,0.0001109728314,0.0008085399002107443,0.0006739004890529432,1.0816843324114674e-05
11.0,0.03021660239,0.09529116466,0.0001322867805,0.0008085107511555526,0.0006739109187898435,1.2890544868776032e-05
11.0,0.03502375636,0.0952782601,0.0001532984584,0.0008084769487417515,0.0006739522383426472,1.4935814335422181e-05
11.0,0.03976777532,0.09526366415,0.0001740235275,0.000808438671345695,0.0006739774154213038,1.695289731610471e-05
11.0,0.04444948847,0.09524744896,0.000194460926,0.0008083960895113014,0.0006740125486164332,1.8942016044698484e-05
11.0,0.04906971409,0.09522968453,0.0002146141119,0.0008083493701045404,0.0006740493386376315,2.0903409507872548e-05
11.0,0.05362925975,0.09521043879,0.00023448511,0.000808298672363227,0.0006740898503103617,2.2837321007425592e-05
11.0,0.05812892238,0.09518977761,0.0002540766903,0.0008082441487490488,0.0006741329101111631,2.474400179998582e-05
11.0,0.06256948846,0.09516776485,0.0002733914582,0.000808185949027583,0.0006741787588472461,2.6623708824817573e-05
11.0,0.06695173415,0.09514446243,0.0002924321394,0.0008081242150468959,0.0006742271249663125,2.8476704633421005e-05
11.0,0.07127642538,0.09511993035,0.0003112014814,0.0008080590855083599,0.0006742779137856718,3.0303256521571862e-05
11.0,0.07554431806,0.09509422675,0.0003297022798,0.0008079906935048815,0.0006743309354539744,3.210363591744327e-05
11.0,0.07975615815,0.09506740794,0.0003479373805,0.000807919168534426,0.000674386122839876,3.3878117955213125e-05
11.0,0.08391268182,0.09503952847,0.0003659096227,0.0008078446359909579,0.000674443158707908,3.562698120286627e-05
11.0,0.08801461558,0.09501064112,0.0003836219639,0.0008077672152843857,0.0006745025577236458,3.735050748906718e-05
11.0,0.09206267639,0.09498079701,0.0004010770411,0.0008076870246013753,0.0006745625374570141,3.904897041456529e-05
11.0,0.09605757177,0.0949500456,0.0004182782969,0.0008076041770384297,0.000674625559593902,4.073016854832122e-05
11.0,0.1,0.09491843468,0.0004352289645,0.0008075187818226474,0.0006746893158808905,4.23817222628584e-05
11.0,0.1037429218,0.09488726405,0.0004512971631,0.0008074343457067727,0.0006747513155564325,4.3926919816218885e-05
11.0,0.1075400176,0.09485449036,0.0004675726601,0.0008073453212343345,0.0006748177356085575,4.549692740641939e-05
11.0,0.1113920715,0.09482005873,0.000484057344,0.0008072515216783194,0.000674886036004171,4.710081377758995e-05
11.0,0.115299879,0.09478391282,0.0005007523589,0.0008071527538172387,0.000674957844126463,4.872514684739418e-05
11.0,0.119264247,0.09474599471,0.0005176589934,0.0008070488150065738,0.0006750327131247052,5.0370058897236935e-05
11.0,0.1232859942,0.09470624485,0.0005347783863,0.0008069394930215747,0.0006751108449312451,5.2035659998734375e-05
11.0,0.1273659511,0.09466460203,0.0005521116306,0.000806824568643284,0.000675192245618449,5.372205299547432e-05
11.0,0.1315049601,0.09462100338,0.0005696597213,0.0008067038123634793,0.0006752770011579291,5.5429332741107414e-05
11.0,0.135703876,0.09457538427,0.0005874235671,0.0008065769848124429,0.00067536516331532,5.715758477379473e-05
11.0,0.1399635659,0.09452767835,0.0006054039781,0.0008064438348218216,0.000675456789685054,5.890688497804232e-05
11.0,0.1442849094,0.09447781746,0.0006236016627,0.0008063041025810247,0.0006755519336039608,6.067729967406976e-05
11.0,0.1486687988,0.09442573161,0.0006420172197,0.0008061575163018167,0.0006756506457786265,6.246888510529652e-05
11.0,0.1531161394,0.09437134897,0.0006606511324,0.0008060037907428684,0.0006757529707448329,6.428168650616115e-05
11.0,0.1576278496,0.09431459581,0.0006795037613,0.0008058426305317218,0.0006758589511414391,6.611573672327173e-05
11.0,0.1622048611,0.09425539647,0.0006985753373,0.000805673724778794,0.0006759686224252032,6.79710555753827e-05
11.0,0.166848119,0.09419367333,0.0007178659537,0.0008054967502944879,0.0006760820162366538,6.984765018380913e-05
11.0,0.1715585821,0.09412934679,0.0007373755584,0.0008053113688883846,0.0006761991576330817,7.174551398408928e-05
11.0,0.1763372232,0.09406233523,0.0007571039463,0.0008051172285845953,0.0006763200660439724,7.36646260234756e-05
11.0,0.181185029,0.09399255495,0.0007770507505,0.0008049139603623899,0.0006764447522242134,7.560494911743932e-05
11.0,0.1861030006,0.09391992021,0.0007972154339,0.0008047011786932382,0.0006765732192622529,7.756642914406076e-05
11.0,0.1910921536,0.09384434312,0.0008175972796,0.0008044784821873387,0.000676705463164138,7.954899541279983e-05
11.0,0.1961535182,0.09376573366,0.0008381953819,0.0008042454488397186,0.0006768414679814801,8.155255939260749e-05
11.0,0.2012881397,0.09368399964,0.0008590086366,0.0008040016400405207,0.0006769812095534846,8.357701414704488e-05
11.0,0.2064970782,0.09359904668,0.0008800357309,0.0008037465965894002,0.0006771246513171255,8.56222318679147e-05
11.0,0.2117814095,0.09351077818,0.000901275133,0.0008034798393197439,0.0006772717467705122,8.768806338021314e-05
11.0,0.2171422247,0.09341909527,0.000922725081,0.0008032008650315295,0.000677422430932295,8.977433805110719e-05
11.0,0.222580631,0.09332389685,0.0009443835735,0.0008029091512368175,0.0006775766357098328,9.188086306370207e-05
11.0,0.2280977512,0.0932250795,0.0009662483522,0.0008026041494071871,0.0006777342536918933,9.400742195312475e-05
11.0,0.2336947247,0.09312253752,0.0009883169045,0.0008022852864662267,0.0006778952362044771,9.615377225646571e-05
11.0,0.2393727073,0.09301616286,0.001010586392,0.0008019519654196482,0.0006780593264722622,9.83196450323467e-05
11.0,0.2451328714,0.09290584515,0.001033053762,0.0008016035600069755,0.000678226548794281,0.00010050474444152504
11.0,0.2509764065,0.09279147167,0.001055715717,0.0008012394174394674,0.0006783966646044474,0.00010270874680079966
11.0,0.2569045194,0.09267292733,0.001078568467,0.0008008588551954565,0.0006785694004307216,0.00010493129947618166
11.0,0.2629184342,0.09255009467,0.001101607947,0.0008004611591028107,0.0006787447254962568,0.00010717201783518473
11.0,0.2690193927,0.09242285386,0.001124829826,0.0008000455854265294,0.0006789222711848514,0.00010943048455558507
11.0,0.2752086549,0.09229108271,0.001148229365,0.0007996113542791124,0.0006791018382906441,0.00011170624965033565
11.0,0.2814874987,0.09215465663,0.001171801463,0.000799157653734954,0.0006792831259882603,0.0001139988292453499
11.0,0.2878572208,0.09201344867,0.001195540626,0.0007986836346550017,0.000679465824229312,0.00011630770387911257
11.0,0.2943191364,0.09186732953,0.001219440958,0.0007981884103181135,0.00067964958346261,0.00011863231586542789
11.0,0.3008745801,0.09171616755,0.001243496145,0.0007976710551592812,0.0006798340248691422,0.00012097206813683188
11.0,0.3075249055,0.09155982874,0.001267699437,0.0007971306043997627,0.0006800187347820861,0.00012332632428857442
11.0,0.3142714859,0.09139817677,0.001292043629,0.0007965660500745253,0.0006802032617896307,0.00012569440745089982
11.0,0.3211157144,0.09123107306,0.001316521051,0.0007959763395597559,0.0006803871130619828,0.00012807559837364
11.0,0.3280590044,0.09105837674,0.001341123542,0.0007953603777020598,0.0006805697567570641,0.00013046913249319342
11.0,0.3351027897,0.09087994472,0.001365842442,0.0007947170206663394,0.0006807506156896055,0.00013287419889776244
11.0,0.3422485248,0.0906956317,0.001390668564,0.0007940450767341741,0.0006809290675310823,0.00013528994043074014
11.0,0.3494976853,0.09050529025,0.001415592184,0.0007933433033562182,0.0006811044408693417,0.00013771545233987785
11.0,0.3568517682,0.09030877082,0.001440603017,0.0007926104070182276,0.0006812760131559086,0.00014014978064097884
11.0,0.364312292,0.09010592183,0.001465690201,0.0007918450410024651,0.0006814430081599377,0.0001425919187130188
11.0,0.3718807975,0.0898965897,0.001490842279,0.0007910458025639118,0.0006816045930593365,0.00014504080650728279
11.0,0.3795588474,0.08968061892,0.001516047176,0.0007902112320789061,0.0006817598763853227,0.00014749533071810387
11.0,0.3873480273,0.08945785213,0.001541292185,0.000789339811471294,0.000681907905378082,0.00014995432361211312
11.0,0.3952499456,0.0892281302,0.00156656394,0.0007884299629956992,0.000682047662188804,0.00015241656118060153
11.0,0.4032662342,0.08899129229,0.001591848405,0.0007874800464995877,0.0006821780606560445,0.00015488076013125805
11.0,0.4113985483,0.08874717598,0.001617130849,0.000786488358255729,0.0006822979446442836,0.00015734557671243408
11.0,0.4196485673,0.08849561732,0.001642395828,0.0007854531295134285,0.0006824060851614345,0.000159809607670917
11.0,0.4280179948,0.08823645097,0.001667627163,0.0007843725251672034,0.0006825011775548956,0.00016227138884391848
11.0,0.4365085591,0.0879695103,0.001692807923,0.0007832446414956344,0.0006825818359919212,0.00016472939385531266
11.0,0.4451220135,0.08769462751,0.001717920405,0.000782067506361014,0.0006826465928569284,0.00016718203085096744
11.0,0.4538601367,0.08741163375,0.001742946114,0.000780839076227928,0.0006826938949236085,0.00016962764204073738
11.0,0.4627247331,0.08712035925,0.001767865742,0.000779557234924148,0.0006827221004667093,0.00017206450451438197
11.0,0.4717176332,0.08682063349,0.001792659151,0.0007782197940647713,0.0006827294773772323,0.00017449083001497943
11.0,0.4808406941,0.0865122853,0.001817305354,0.0007768244908820548,0.0006827141974448744,0.00017690476309972016
11.0,0.4900957997,0.08619514306,0.001841782494,0.0007753689868713317,0.0006826743334741031,0.00017930437890974232
11.0,0.4994848611,0.08586903486,0.001866067829,0.0007738508696514852,0.000682607860195442,0.00018168768249143293
11.0,0.5090098173,0.08553378865,0.001890137714,0.0007722676494322245,0.000682512648439346,0.0001840526109587913
11.0,0.518672635,0.08518923244,0.00191396758,0.0007706167589948115,0.0006823864624065647,0.0001863970334754789
11.0,0.5284753098,0.08483519448,0.00193753192,0.0007688955551781009,0.000682226956837679,0.00018871875008778612
11.0,0.5384198657,0.08447150347,0.001960804273,0.0007671013179058121,0.0006820316740471573,0.0001910154896031164
11.0,0.5485083564,0.08409798875,0.001983757211,0.000765231251005063,0.0006817980434243253,0.00019328491041478504
11.0,0.5587428652,0.08371448054,0.002006362318,0.0007632824815952087,0.0006815233780767673,0.00019552460299901588
11.0,0.5691255055,0.08332081015,0.002028590183,0.0007612520623915086,0.0006812048739529869,0.0001977320907393442
11.0,0.5796584212,0.08291681019,0.00205041038,0.0007591369702288148,0.0006808396032109222,0.00019990482996099087
11.0,0.5903437875,0.08250231483,0.002071791466,0.0007569341113614152,0.0006804245171331982,0.00020204020809771108
11.0,0.6011838108,0.08207716007,0.002092700962,0.0007546403193865398,0.0006799564423321653,0.00020413554592384032
11.0,0.6121807297,0.08164118395,0.002113105349,0.0007522523594207962,0.0006794320818890193,0.00020618810094016256
11.0,0.6233368149,0.08119422687,0.002132970054,0.0007497669307835366,0.0006788480142638145,0.00020819506975809226
11.0,0.6346543703,0.08073613179,0.00215225945,0.0007471806664524554,0.0006782006868534876,0.00021015358850504334
11.0,0.6461357329,0.08026674459,0.002170936845,0.0007444901414640396,0.00067748642221697,0.00021206073295413876
11.0,0.6577832735,0.07978591428,0.002188964484,0.0007416918735883883,0.0006767014173769448,0.00021391352099957105
11.0,0.6695993975,0.07929349338,0.002206303544,0.0007387823259096745,0.0006758417399200218,0.000215708918564601
11.0,0.6815865448,0.07878933814,0.002222914139,0.0007357579154869476,0.000674903312562103,0.00021744384527401406
11.0,0.6937471908,0.07827330892,0.002238755338,0.0007326150556217911,0.000673881976816779,0.00021911563924481968
11.0,0.7060838467,0.07774527041,0.002253785086,0.0007293499802564685,0.0006727734699797223,0.00022072007500109904
11.0,0.7185990599,0.07720509211,0.002267960271,0.0007259589845930615,0.0006715733335411342,0.00022225380455277662
11.0,0.7312954149,0.07665264857,0.002281236788,0.0007224385117531036,0.0006702769849298256,0.00022371522547497038
11.0,0.7441755335,0.07608781968,0.002293569523,0.0007187847485553157,0.0006688797651977301,0.00022510036071409143
11.0,0.7572420753,0.07551049111,0.002304912319,0.0007149938831658878,0.0006673769490745707,0.00022640531768341782
11.0,0.7704977387,0.07492055458,0.002315217962,0.000711062201611366,0.0006657636741441309,0.00022762712106975098
11.0,0.783945261,0.07431790827,0.002324438276,0.00070698595815806,0.000664034944021765,0.00022876243222333877
11.0,0.797587419,0.07370245718,0.00233252413,0.0007027614244070204,0.0006621856928096315,0.00022980790313499374
11.0,0.8114270298,0.07307411345,0.002339425447,0.0006983848980732512,0.0006602107681636616,0.00023076018672474764
11.0,0.8254669514,0.07243279678,0.002345091238,0.0006938527132832812,0.0006581049329042025,0.00023161594169585268
11.0,0.839710083,0.07177843479,0.002349469637,0.0006891612531365551,0.0006558628785611117,0.00023237183727533767
11.0,0.8541593657,0.0711109634,0.002352507931,0.0006843069612561001,0.0006534792325864377,0.00023302456163712618
11.0,0.8688177834,0.0704303272,0.002354152607,0.0006792863560551862,0.0006509485691713209,0.0002335708336189372
11.0,0.883688363,0.06973647988,0.002354349388,0.0006740960514662355,0.0006482654377597128,0.00023400741221581237
11.0,0.8987741753,0.06902938457,0.002353043274,0.0006687327685354715,0.0006454243611288138,0.00023433110218378994
11.0,0.9140783356,0.06830901423,0.002350178606,0.0006631933317991186,0.0006424198265859053,0.0002345387616543879
11.0,0.929604004,0.06757535211,0.002345699118,0.0006574746828963904,0.0006392463069789358,0.0002346273129580052
11.0,0.9453543867,0.06682839209,0.002339547996,0.0006515739046974436,0.0006358982846439282,0.00023459375534254728
11.0,0.9613327362,0.06606813911,0.002331667936,0.000645488238714272,0.0006323702693882745,0.00023443517988597711
11.0,0.9775423519,0.06529460957,0.002322001235,0.0006392151034171056,0.000628656765583833,0.00023414876525361245
11.0,0.9939865811,0.06450783176,0.002310490001,0.0006327521099819695,0.000624752330017961,0.00023373183108106013
11.0,1.01066882,0.06370784621,0.002297076386,0.0006260970766478425,0.0006206520356823589,0.00023318174124870746
11.0,1.027592512,0.06289470607,0.00228170063,0.0006192480551038853,0.0006163498152164885,0.00023249600043260914
11.0,1.044761154,0.06206847763,0.002264303322,0.0006122033423628122,0.000611841230238097,0.0002316724186765363
11.0,1.062178289,0.06122924072,0.002244827897,0.0006049614904445335,0.0006071213762654223,0.00023070880232712703
11.0,1.079847516,0.06037708903,0.002223216118,0.0005975213325208845,0.0006021846941486176,0.00022960310222298994
11.0,1.097772482,0.0595121305,0.002199408948,0.0005898820075037572,0.0005970272169888758,0.00022835355251922312
11.0,1.115956889,0.05863448779,0.002173348642,0.0005820429732051414,0.0005916441428140925,0.00022695853170934764
11.0,1.134404493,0.05774429865,0.002144977738,0.0005740040207405916,0.0005860313292937335,0.0002254166391256629
11.0,1.153119101,0.05684171632,0.00211423945,0.000565765297185812,0.0005801847549902061,0.00022372669194188844
11.0,1.17210458,0.0559269099,0.002081077686,0.0005573273236790902,0.0005741007107190454,0.0002218877380653924
11.0,1.19136485,0.05500006477,0.002045437246,0.0005486910131474901,0.0005677757690028615,0.00021989907023701221
11.0,1.210903887,0.05406138297,0.002007263948,0.0005398576871906282,0.0005612068364450467,0.0002177602436202466
11.0,1.230725728,0.05311108355,0.001966504787,0.0005308290963351065,0.0005543911753487684,0.0002154710893608504
11.0,1.250834464,0.05214940295,0.001923108101,0.0005216074347675863,0.0005473264259149438,0.0002130317237143803
11.0,1.271234248,0.05117659537,0.001877023756,0.000512195356127841,0.000540010633073142,0.0002104425567247969
11.0,1.291929293,0.05019293313,0.00182820332,0.0005025959912018047,0.0005324422814491339,0.00020770430651911176
11.0,1.312923873,0.04919870704,0.001776600257,0.000492812960730799,0.0005246203240015161,0.00020481801586183022
11.0,1.334222322,0.0481942267,0.001722170114,0.00048285038885468863,0.0005165442106887953,0.00020178506403439756
11.0,1.35582904,0.04717982084,0.001664870731,0.00047271291731565196,0.0005082139116291277,0.00019860717297359398
11.0,1.377748487,0.04615583764,0.001604662466,0.00046240571833632634,0.0004996299469882081,0.0001952864142740126
11.0,1.39998519,0.04512264509,0.001541508421,0.00045193450429141665,0.0004907934190547719,0.00019182522023301977
11.0,1.422543741,0.04408063126,0.001475374668,0.00044130553541003333,0.0004817060418130702,0.00018822639825279432
11.0,1.445428798,0.04303020457,0.00140623049,0.00043052562660397657,0.0004723701681018935,0.00018449313858578023
11.0,1.468645087,0.0419717941,0.00133404863,0.0004196021548944606,0.0004627888102358651,0.0001806290161013922
11.0,1.492197403,0.04090584984,0.001258805567,0.0004085430648952016,0.00045296566718969124,0.00017663799250329466
11.0,1.516090608,0.03983284297,0.001180481791,0.00039735687064086276,0.000442905154063853,0.0001725244231163722
11.0,1.540329637,0.03875326612,0.001099062078,0.00038605265361669854,0.00043261242728103024,0.0001682930662240548
11.0,1.564919496,0.03766763361,0.00101453578,0.00037464006056667524,0.0004220934071524623,0.000163949084982459
11.0,1.589865261,0.0365764816,0.0009268971211,0.00036312930147240743,0.0004113547921402014,0.00015949804200114805
11.0,1.615172084,0.03548036839,0.0008361455404,0.0003515311448019057,0.0004004040792404913,0.00015494589495297458
11.0,1.640845191,0.03437987468,0.0007422860155,0.00033985690822230236,0.0003892495860765226,0.0001502989965261771
11.0,1.666889884,0.03327560372,0.0006453294033,0.00032811844510016985,0.0003779004684155631,0.0001455640969927135
11.0,1.69331154,0.03216818156,0.0005452927824,0.0003163281306056065,0.0003663667335738441,0.00014074833761822477
11.0,1.720115616,0.03105825723,0.0004421998244,0.00030449884781121717,0.00035465924345695263,0.00013585923622985827
11.0,1.747307647,0.02994650303,0.0003360812082,0.0002926439715315221,0.0003427897243824066,0.0001309046739917633
11.0,1.774893249,0.02883361483,0.0002269750293,0.0002807773457044831,0.00033077077753821733,0.00012589288772981686
11.0,1.802878116,0.02772031237,0.000114927228,0.0002689132576828657,0.00031861588474898524,0.00012083246185041011
11.0,1.831268029,0.02660733956,-7.970935705e-09,0.00025706641299606375,0.0003063394071105785,0.00011573230807567646
11.0,1.86006885,0.02549546499,-0.0001177675649,0.0002452519074458914,0.0002939565753613048,0.00011060164693838645
11.0,1.889286525,0.02438548237,-0.0002382792256,0.00023348519677968477,0.00028148348869776033,0.00010544999357355928
11.0,1.91892709,0.02327821121,-0.0003614607385,0.0002217820674698528,0.00026893711080426286,0.00010028713209396361
11.0,1.948996664,0.02217449763,-0.0004872193774,0.0002101586006603125,0.00025633526063495573,9.512309487716548e-05
11.0,1.979501456,0.02107521536,-0.0006154512392,0.0001986311356836561,0.0002436966013671844,8.99681416554907e-05
11.0,2.010447767,0.01998126707,-0.0007460404681,0.00018721623776133398,0.0002310406175414735,8.483272655286402e-05
11.0,2.041841986,0.01889358614,-0.0008788583262,0.0001759306658899192,0.00021838760195105796,7.972746838690052e-05
11.0,2.073690596,0.017813139,-0.001013762158,0.00016479133761136938,0.00020575864788714598,7.46631292031152e-05
11.0,2.106000175,0.01674092804,-0.001150594178,0.00015381529366902705,0.00019317564160503336,6.965059647259854e-05
11.0,2.138777393,0.0156779954,-0.001289180046,0.00014301967105567946,0.00018066125559414704,6.47008555222796e-05
11.0,2.17202902,0.01462542807,-0.001429327072,0.0001324216869870099,0.0001682389401910337,5.982495736941962e-05
11.0,2.205761922,0.01358436489,-0.001570821908,0.00012203863152017201,0.0001559329384002193,5.503399625001629e-05
11.0,2.239983065,0.01255600586,-0.001713427672,0.00011188787012090116,0.00014376832608028304,5.033910278147525e-05
11.0,2.274699515,0.0115416248,-0.0018568802,0.00010198686515386108,0.00013177107402147212,4.5751449011946374e-05
11.0,2.309918441,0.01054258652,-0.002000883047,9.235323183281991e-05,0.00011996814842118105,4.128225705463407e-05
11.0,2.345647117,0.009560371222,-0.002145100637,8.300484655666451e-05,0.00010838769561510251,3.694281523437636e-05
11.0,2.381892919,0.008596609323,-0.002289148894,7.396001889136803e-05,9.705929692854823e-05,3.274454013541152e-05
11.0,2.418663334,0.007653132057,-0.002432581336,6.523776282204559e-05,8.601437098463881e-05,2.869910210804317e-05
11.0,2.455965953,0.006732046496,-0.002574868706,5.6858230726111844e-05,7.528687283074389e-05,2.481860843039799e-05
11.0,2.49380848,0.0058358506,-0.002715368619,4.884341773049428e-05,6.4914330020167e-05,2.1115915374061245e-05
11.0,2.53219873,0.004967615856,-0.00285327613,4.121831992312937e-05,5.493957048405418e-05,1.760513288071419e-05
11.0,2.571144629,0.004131290131,-0.002987542004,3.401291860695357e-05,4.54135414342708e-05,1.4302476367595237e-05
11.0,2.610654221,0.003332226968,-0.00311673173,2.7265790475565522e-05,3.640045512118094e-05,1.1227642437501607e-05
11.0,2.650735663,0.002578170613,-0.003238766546,2.1031313398540127e-05,2.798771677827096e-05,8.405672671707754e-06
11.0,2.691397234,0.001881165948,-0.003350440093,1.539406881983602e-05,2.030542409872243e-05,5.871150289928658e-06
11.0,2.732647329,0.001260794545,-0.003446578633,1.0488324804721239e-05,1.356354631843446e-05,3.6873997492742725e-06
11.0,2.774494467,0.0007462915054,-0.003519318253,6.493504465279608e-06,8.081986046204558e-06,1.9776939310178155e-06
11.0,2.816947288,0.0003681207166,-0.003560025925,3.565139750053087e-06,4.172846196666005e-06,8.658067026942249e-07
11.0,2.86001456,0.0001346752268,-0.003565490203,1.7174709374421857e-06,1.8455569899945409e-06,3.086405337497076e-07
11.0,2.903705176,1.776703716e-05,-0.003542096295,7.483562471568198e-07,7.0489416610083e-07,9.538025551151523e-08
11.0,2.948028158,-3.000138266e-05,-0.003501804783,3.256276830105749e-07,2.2942613445037762e-07,2.921569696869441e-08
11.0,2.992992659,-4.71076101e-05,-0.003454210694,1.6539632007868764e-07,4.109176577864166e-08,1.072203943771465e-08
11.0,3.038607963,-5.332979609e-05,-0.003404383688,1.0863491723378554e-07,-3.932621077493011e-08,4.476141921901744e-09
11.0,3.084883491,-5.543985715e-05,-0.003354272823,8.839099936025785e-08,-5.675730498520791e-08,7.369566693722439e-10
11.0,3.131828798,-5.499445428e-05,-0.003303878989,7.987714592593526e-08,-3.4078446198470976e-08,-1.2153478580491176e-09
11.0,3.179453579,-5.321147697e-05,-0.003253788772,7.497032040855148e-08,-1.211118605427502e-08,-1.471420512014518e-09
11.0,3.227767668,-5.161200166e-05,-0.003204815067,7.179705329668856e-08,-4.027982181073743e-09,-9.359131701670177e-10
11.0,3.276781041,-5.068882124e-05,-0.003156853559,6.961847240948867e-08,-1.026791218665297e-09,-4.2415758351717546e-10
11.0,3.326503821,-5.017759409e-05,-0.003109688389,6.791583025870515e-08,5.028317200141996e-10,-2.2526264444669855e-10
11.0,3.376946275,-4.984216034e-05,-0.003063295319,6.638320877657739e-08,1.6292452425895177e-09,-1.5864036324151352e-10
11.0,3.428118819,-4.956882563e-05,-0.003017641207,6.491174700634104e-08,2.598485826201317e-09,-1.373945437077457e-10
11.0,3.48003202,-4.931130219e-05,-0.002972702882,6.346265589715662e-08,3.485543382285443e-09,-1.3105159610254547e-10
11.0,3.532696599,-4.905393578e-05,-0.002928463391,6.202402751787815e-08,4.310787301052529e-09,-1.2824460863159746e-10
11.0,3.58612343,-4.879184988e-05,-0.002884909595,6.059282838660019e-08,5.0803889451819845e-09,-1.2602071999518247e-10
11.0,3.640323547,-4.852369335e-05,-0.002842029441,5.916868751691912e-08,5.7963250761547095e-09,-1.2365091152802234e-10
11.0,3.695308141,-4.824902794e-05,-0.002799811305,5.77518826322963e-08,6.459735549655447e-09,-1.2112999455856121e-10
11.0,3.751088567,-4.796762935e-05,-0.002758243781,5.634282347184576e-08,7.071565296606138e-09,-1.185088430711691e-10
11.0,3.807676344,-4.767932455e-05,-0.00271731568,5.494194809739433e-08,7.632756922304167e-09,-1.1585203835012915e-10
11.0,3.865083157,-4.738385883e-05,-0.00267701605,5.3549739791989477e-08,8.144276443535375e-09,-1.1325147108723242e-10
11.0,3.92332086,-4.708083179e-05,-0.002637334175,5.216669175546997e-08,8.607119682211228e-09,-1.1077934772927237e-10
11.0,3.98240148,-4.676974189e-05,-0.002598259572,5.079326651452998e-08,9.022314052564681e-09,-1.0846626730199303e-10
11.0,4.042337217,-4.645005173e-05,-0.00255978196,4.9429893166416215e-08,9.390900837054452e-09,-1.0630127939217777e-10
11.0,4.103140447,-4.612124592e-05,-0.002521891199,4.8076996512302804e-08,9.71393639739543e-09,-1.0428646754102419e-10
11.0,4.164823726,-4.578273168e-05,-0.002484577245,4.673504085670559e-08,9.992468568040026e-09,-1.024910061163452e-10
11.0,4.227399792,-4.543373415e-05,-0.002447830085,4.540455871414011e-08,1.0227518075890515e-08,-1.0100278590197028e-10
11.0,4.290881567,-4.507331784e-05,-0.00241163983,4.4086233736736373e-08,1.0420048372811035e-08,-9.986310702393399e-11
11.0,4.35528216,-4.470048001e-05,-0.002375996915,4.2781192870272043e-08,1.0570710253183478e-08,-9.902607728375371e-11
11.0,4.420614869,-4.431426092e-05,-0.002340892165,4.1491545487322575e-08,1.0679338849406255e-08,-9.841896928561834e-11
11.0,4.486893186,-4.391375672e-05,-0.002306316637,4.02193911808678e-08,1.0745951551110261e-08,-9.801603126671678e-11
11.0,4.554130797,-4.349807061e-05,-0.002272261422,3.8965336873077225e-08,1.0772080928441844e-08,-9.780655835057865e-11
11.0,4.622341587,-4.306632231e-05,-0.002238717674,3.7728959879820775e-08,1.0760224283194448e-08,-9.776060791225339e-11
11.0,4.691539642,-4.261769801e-05,-0.002205676695,3.65096228960546e-08,1.0713028985062465e-08,-9.7833562676009e-11
11.0,4.76173925,-4.215145526e-05,-0.002173129938,3.5306717517035964e-08,1.0633086657957635e-08,-9.799706567492061e-11
11.0,4.832954907,-4.166684868e-05,-0.002141069011,3.411974064255539e-08,1.052288056798945e-08,-9.825116806533774e-11
11.0,4.905201321,-4.116305665e-05,-0.002109485634,3.294829669117999e-08,1.0384789494208539e-08,-9.859619083775723e-11
11.0,4.97849341,-4.063921863e-05,-0.002078371662,3.179205863419522e-08,1.0221114677263202e-08,-9.90119993721387e-11
11.0,5.052846308,-4.009452501e-05,-0.002047719118,3.065076992301785e-08,1.0034067283130564e-08,-9.946228674982545e-11
11.0,5.128275369,-3.952823626e-05,-0.002017520174,2.9524267186590392e-08,9.825771150559062e-09,-9.992255445947398e-11
11.0,5.20479617,-3.893962584e-05,-0.001987767157,2.8412492998109457e-08,9.598259940280453e-09,-1.0038757355279935e-10
11.0,5.282424513,-3.832791995e-05,-0.001958452494,2.7315486768276925e-08,9.353488804807248e-09,-1.0085039356985877e-10
11.0,5.361176426,-3.769233283e-05,-0.001929568746,2.6233347951067118e-08,9.093359090491524e-09,-1.012882427987489e-10
11.0,5.441068173,-3.70321556e-05,-0.00190110864,2.516623496998037e-08,8.819705958573201e-09,-1.0166657702148406e-10
11.0,5.522116252,-3.634677334e-05,-0.001873065054,2.4114383150984218e-08,8.534301743071543e-09,-1.0196100078486148e-10
11.0,5.604337398,-3.563562342e-05,-0.001845431035,2.307811093347273e-08,8.238862041830457e-09,-1.0215984300562472e-10
11.0,5.68774859,-3.489815573e-05,-0.00181819978,2.2057813768670175e-08,7.935020479263478e-09,-1.0224893549362001e-10
11.0,5.772367054,-3.413386251e-05,-0.001791364508,2.105393689225015e-08,7.624295370215887e-09,-1.0220418198387635e-10
11.0,5.858210261,-3.334234692e-05,-0.001764918464,2.006697485142518e-08,7.308422855959446e-09,-1.0199955424700315e-10
11.0,5.94529594,-3.252332319e-05,-0.001738856323,1.9097478937282434e-08,6.989395238656338e-09,-1.0162348972556827e-10
11.0,6.033642073,-3.167660435e-05,-0.00171317249,1.8145987678852053e-08,6.666140234565031e-09,-1.0104566429692392e-10
11.0,6.123266903,-3.080213734e-05,-0.001687847909,1.7212913651794323e-08,6.337430957772621e-09,-1.0019675628195091e-10
11.0,6.214188939,-2.990016002e-05,-0.001662880807,1.6298455721062804e-08,6.031610002010628e-09,-9.92774904999526e-11
11.0,6.306426956,-2.897118679e-05,-0.001638391536,1.5398630733190868e-08,5.7048527297834286e-09,-9.796343206300062e-11
11.0,6.4,-2.80155617e-05,-0.001614148182,1.4528288279394445e-08,5.366369585797374e-09,-9.607991890399321e-11
13.0,1.592040789e-15,0.08052181004,8.44787108e-06,0.0005772968035282777,0.0004813209594128054,6.74286187022384e-07
13.0,0.005204005103,0.08052113664,1.669460011e-05,0.0005772953103304197,0.00048084306389815825,1.3458206026275693e-06
13.0,0.01033966345,0.08051915474,3.258437153e-05,0.0005772909254568826,0.00048108462780632353,2.6684666258154504e-06
13.0,0.01540787221,0.08051591158,4.81869085e-05,0.0005772837404786409,0.00048136455753459805,3.971273514203929e-06
13.0,0.02040951739,0.08051145977,6.384056786e-05,0.0005772738910743801,0.00048105111649232753,5.257013179768634e-06
13.0,0.0253454732,0.08050584819,7.926569138e-05,0.0005772614713985428,0.0004811348194290078,6.52547094728502e-06
13.0,0.03021660239,0.08049912424,9.449453584e-05,0.0005772465827788255,0.0004811374599016111,7.776849210424582e-06
13.0,0.03502375636,0.08049133397,0.0001095098427,0.0005772293213112209,0.0004811613870042068,9.011269222635288e-06
13.0,0.03976777532,0.08048252206,0.0001243230741,0.0005772097800847524,0.0004811730816017858,1.0228902385470535e-05
13.0,0.04444948847,0.08047273184,0.0001389337292,0.0005771880487467031,0.00048119120570960333,1.142990369208042e-05
13.0,0.04906971409,0.08046200537,0.0001533445044,0.0005771642136842203,0.0004812098789154697,1.2614436057847117e-05
13.0,0.05362925975,0.08045038342,0.0001675570493,0.0005771383586347177,0.0004812306095165933,1.3782662914763245e-05
13.0,0.05812892238,0.08043790551,0.0001815735226,0.0005771105641024582,0.0004812525969628466,1.4934750601633311e-05
13.0,0.06256948846,0.08042460998,0.0001953959444,0.0005770809079764459,0.0004812760468782545,1.607086724984935e-05
13.0,0.06695173415,0.08041053395,0.0002090264001,0.0005770494655715846,0.0004813008009409245,1.7191182851444745e-05
13.0,0.07127642538,0.08039571341,0.0002224669719,0.0005770163096333924,0.0004813268245953684,1.829586846793763e-05
13.0,0.07554431806,0.08038018323,0.0002357197582,0.0005769815104453246,0.0004813540159287054,1.938509583129701e-05
13.0,0.07975615815,0.08036397718,0.0002487868763,0.0005769451360295298,0.0004813823569635477,2.045903751022802e-05
13.0,0.08391268182,0.08034712795,0.0002616704241,0.0005769072521964221,0.00048141165470919046,2.1517867241491623e-05
13.0,0.08801461558,0.0803296672,0.0002743725674,0.000576867922637515,0.0004814422934943046,2.2561759763884167e-05
13.0,0.09206267639,0.08031162557,0.0002868952352,0.0005768272090038224,0.0004814730678326468,2.3590883500243813e-05
13.0,0.09605757177,0.08029303273,0.0002992408949,0.0005767851709096872,0.0004815057121430485,2.4609971929196157e-05
13.0,0.1,0.08027391732,0.0003114118667,0.000576741866068189,0.0004815386126567387,2.5611501649951335e-05
13.0,0.1037429218,0.08025506531,0.0003229541993,0.0005766990732153237,0.0004815705761306928,2.6548927460574e-05
13.0,0.1075400176,0.0802352407,0.0003346506245,0.0005766539820910786,0.00048160512989375864,2.7501832861262876e-05
13.0,0.1113920715,0.08021440982,0.0003465028674,0.0005766065024310626,0.0004816404847383359,2.847575773648811e-05
13.0,0.115299879,0.08019253807,0.0003585121593,0.0005765565403665724,0.000481677815373769,2.946259128662819e-05
13.0,0.119264247,0.08016958983,0.0003706798824,0.0005765039983302285,0.0004817167676855015,3.0462449624870383e-05
13.0,0.1232859942,0.08014552845,0.0003830073321,0.0005764487747428083,0.0004817574967200255,3.147543883927908e-05
13.0,0.1273659511,0.08012031622,0.0003954957971,0.0005763907638716384,0.0004818000009183734,3.2501663370300036e-05
13.0,0.1315049601,0.08009391435,0.0004081465227,0.0005763298559015611,0.0004818443416441825,3.354122438918739e-05
13.0,0.135703876,0.08006628295,0.00042096072,0.000576265936350328,0.0004818905555533141,3.459421891347649e-05
13.0,0.1399635659,0.08003738098,0.0004339395588,0.0005761988860244367,0.0004819386866765996,3.56607404472212e-05
13.0,0.1442849094,0.08000716625,0.0004470841661,0.0005761285809964469,0.0004819887757626178,3.674088014378372e-05
13.0,0.1486687988,0.07997559538,0.0004603956223,0.0005760548920775414,0.0004820408637911926,3.783472636310734e-05
13.0,0.1531161394,0.07994262378,0.0004738749578,0.0005759776847322821,0.000482094990785666,3.894236276024417e-05
13.0,0.1576278496,0.07990820562,0.0004875231492,0.0005758968189152134,0.00048215119621356796,4.0063867253447536e-05
13.0,0.1622048611,0.07987229382,0.0005013411158,0.0005758121486544194,0.00048220951824912,4.1199312741624945e-05
13.0,0.166848119,0.07983483998,0.0005153297154,0.0005757235217585858,0.00048226999343351927,4.234876846184342e-05
13.0,0.1715585821,0.0797957944,0.0005294897404,0.0005756307797691436,0.00048233265685299276,4.351229940620407e-05
13.0,0.1763372232,0.07975510604,0.0005438219135,0.0005755337574243818,0.0004823975419847714,4.468996421899654e-05
13.0,0.181185029,0.07971272246,0.000558326883,0.0005754322825716021,0.00048246468072871916,4.588181389712051e-05
13.0,0.1861030006,0.07966858987,0.0005730052182,0.0005753261755794415,0.0004825341025273305,4.7087892623507476e-05
13.0,0.1910921536,0.079622653,0.0005878574044,0.0005752152491959063,0.0004826058341701796,4.830823921836303e-05
13.0,0.1961535182,0.07957485516,0.0006028838383,0.0005750993080277896,0.00048267989937024187,4.954288659174624e-05
13.0,0.2012881397,0.07952513817,0.0006180848224,0.0005749781485172444,0.0004827563193120753,5.0791859204552045e-05
13.0,0.2064970782,0.07947344236,0.0006334605595,0.0005748515581719464,0.0004828351119935233,5.20551716495229e-05
13.0,0.2117814095,0.07941970649,0.0006490111467,0.0005747193152999588,0.0004829162915195996,5.333282955474193e-05
13.0,0.2171422247,0.0793638678,0.0006647365701,0.0005745811885414884,0.0004829998676902037,5.462483105082535e-05
13.0,0.222580631,0.07930586194,0.0006806366979,0.000574436936695433,0.00048308584524744903,5.5931166423073026e-05
13.0,0.2280977512,0.07924562293,0.0006967112752,0.0005742863076936434,0.00048317422491808937,5.725181482701848e-05
13.0,0.2336947247,0.07918308317,0.0007129599158,0.00057412903887319,0.00048326499975761823,5.8586743025331886e-05
13.0,0.2393727073,0.07911817342,0.0007293820967,0.0005739648558789394,0.00048335816960595534,5.993590625699311e-05
13.0,0.2451328714,0.07905082272,0.0007459771401,0.000573793472217839,0.0004834537035408948,6.129924956976517e-05
13.0,0.2509764065,0.07898095845,0.0007627442164,0.0005736145890493651,0.000483551567706981,6.267670799091415e-05
13.0,0.2569045194,0.07890850623,0.0007796823861,0.0005734278942984833,0.0004836517813974837,6.406820281872371e-05
13.0,0.2629184342,0.07883338994,0.0007967905161,0.0005732330623144759,0.0004837542476029652,6.54736384317342e-05
13.0,0.2690193927,0.07875553171,0.0008140672349,0.0005730297529759319,0.000483858930941766,6.689290575269489e-05
13.0,0.2752086549,0.07867485187,0.0008315110329,0.0005728176112849562,0.00048396581070249856,6.832588310935879e-05
13.0,0.2814874987,0.07859126894,0.0008491202268,0.0005725962665147432,0.0004840747774751655,6.977243444916997e-05
13.0,0.2878572208,0.07850469964,0.0008668929124,0.0005723653318558315,0.00048418577408711785,7.123240702048992e-05
13.0,0.2943191364,0.07841505883,0.0008848269771,0.0005721244033754186,0.00048429870630237903,7.27056288779128e-05
13.0,0.3008745801,0.07832225953,0.0009029200854,0.0005718730594044352,0.00048441347467639617,7.41919096549612e-05
13.0,0.3075249055,0.07822621291,0.0009211696714,0.0005716108598156477,0.00048452996372188727,7.569104303234442e-05
13.0,0.3142714859,0.07812682825,0.0009395729281,0.0005713373452052212,0.00048464804449067944,7.720280562661823e-05
13.0,0.3211157144,0.07802401294,0.0009581267976,0.0005710520360509298,0.0004847675733283726,7.872695301201832e-05
13.0,0.3280590044,0.07791767251,0.0009768279588,0.000570754431995411,0.00048488839168987503,8.026321762728821e-05
13.0,0.3351027897,0.07780771057,0.000995672817,0.0005704440109721159,0.00048501032404400736,8.18113096421634e-05
13.0,0.3422485248,0.07769402886,0.001014657492,0.0005701202281010008,0.0004851331759187933,8.337091920848268e-05
13.0,0.3494976853,0.07757652718,0.001033777808,0.0005697825149105918,0.00048525673313982325,8.494171575149191e-05
13.0,0.3568517682,0.07745510349,0.00105302928,0.0005694302786403587,0.0004853807622076268,8.652334322819947e-05
13.0,0.364312292,0.07732965382,0.001072407103,0.0005690629009333379,0.0004855050090252572,8.811541805855074e-05
13.0,0.3718807975,0.07720007233,0.001091906137,0.0005686797371263256,0.00048562919674965705,8.971752994336187e-05
13.0,0.3795588474,0.07706625131,0.001111520895,0.0005682801150352976,0.0004857530235095081,9.132924451105206e-05
13.0,0.3873480273,0.07692808121,0.001131245534,0.0005678633338840577,0.0004858761612901476,9.295010205329483e-05
13.0,0.3952499456,0.07678545059,0.001151073834,0.0005674286637141039,0.0004859982563097427,9.457961331424637e-05
13.0,0.4032662342,0.07663824625,0.001170999192,0.0005669753438757833,0.00048611892769135804,9.621725619224947e-05
13.0,0.4113985483,0.07648635314,0.001191014602,0.0005665025822230586,0.0004862377647837462,9.786247755847141e-05
13.0,0.4196485673,0.07632965447,0.001211112644,0.0005660095536676457,0.000486354324348793,9.951469543125463e-05
13.0,0.4280179948,0.07616803171,0.001231285469,0.0005654953994619395,0.00048646812958018257,0.0001011732984053743
13.0,0.4365085591,0.07600136462,0.001251524786,0.0005649592260213153,0.0004865786701414164,0.0001028376403252633
13.0,0.4451220135,0.07582953129,0.001271821843,0.0005644001037072774,0.0004866854008272232,0.00010450703765735067
13.0,0.4538601367,0.0756524082,0.001292167415,0.0005638170658436888,0.0004867877384357881,0.00010618077068256704
13.0,0.4627247331,0.07546987026,0.001312551789,0.000563209107424942,0.00048688505869022314,0.00010785808668565191
13.0,0.4717176332,0.07528179085,0.001332964747,0.0005625751839657256,0.0004869766946752464,0.0001095381988774692
13.0,0.4808406941,0.0750880419,0.001353395555,0.0005619142108698792,0.0004870619374194667,0.00011122028117591577
13.0,0.4900957997,0.07488849393,0.001373832939,0.0005612250619867021,0.0004871400342285387,0.0001129034651516552
13.0,0.4994848611,0.07468301614,0.001394265077,0.0005605065685096906,0.00048721018497998073,0.00011458684182990013
13.0,0.5090098173,0.07447147647,0.001414679579,0.0005597575180128429,0.0004872715388989603,0.0001162694649552576
13.0,0.518672635,0.07425374167,0.001435063474,0.0005589766534912697,0.00048732319300941,0.00011795035011892506
13.0,0.5284753098,0.07402967741,0.001455403192,0.0005581626722680039,0.00048736419228856507,0.00011962846944732864
13.0,0.5384198657,0.07379914833,0.001475684551,0.0005573142255428806,0.00048739352876345357,0.00012130274847049568
13.0,0.5485083564,0.07356201819,0.001495892737,0.0005564299169105575,0.00048741013691210754,0.0001229720682865361
13.0,0.5587428652,0.07331814993,0.001516012291,0.0005555083017795759,0.0004874128903767428,0.00012463526919013449
13.0,0.5691255055,0.07306740578,0.001536027093,0.0005545478864653553,0.0004874006002155633,0.00012629115016337303
13.0,0.5796584212,0.07280964739,0.001555920351,0.0005535471280145841,0.0004873720158721793,0.00012793846360016045
13.0,0.5903437875,0.07254473593,0.001575674578,0.0005525044332637823,0.00048732582367782916,0.00012957591200222685
13.0,0.6011838108,0.07227253223,0.001595271582,0.0005514181584049293,0.00048726064268451606,0.00013120215066208155
13.0,0.6121807297,0.07199289693,0.00161469245,0.000550286608471184,0.00048717502093388647,0.00013281579219907402
13.0,0.6233368149,0.07170569059,0.001633917534,0.0005491080369104367,0.0004870674338439819,0.00013441540613083492
13.0,0.6346543703,0.07141077382,0.00165292644,0.00054788064604565,0.0004869362859017253,0.00013599951353252473
13.0,0.6461357329,0.07110800748,0.001671698013,0.0005466025868551038,0.0004867799095749442,0.00013756658444163437
13.0,0.6577832735,0.07079725282,0.001690210319,0.0005452719588740737,0.00048659656085449165,0.00013911504090908248
13.0,0.6695993975,0.07047837163,0.001708440638,0.0005438868102661066,0.0004863844156456091,0.00014064326221752458
13.0,0.6815865448,0.07015122643,0.001726365453,0.0005424451387120804,0.00048614156915670147,0.00014214958491915892
13.0,0.6937471908,0.06981568063,0.001743960441,0.0005409448920917992,0.0004858660377600616,0.00014363229820082098
13.0,0.7060838467,0.06947159874,0.001761200456,0.000539383969252536,0.00048555575863325076,0.00014508964120299092
13.0,0.7185990599,0.06911884654,0.001778059523,0.0005377602211315577,0.0004852085860463986,0.00014651980714216738
13.0,0.7312954149,0.06875729131,0.001794510829,0.0005360714513638609,0.00048482228768573633,0.00014792094939200024
13.0,0.7441755335,0.06838680201,0.001810526717,0.0005343154185768189,0.00048439454510628414,0.00014929118235975714
13.0,0.7572420753,0.06800724947,0.001826078683,0.0005324898379888167,0.00048392295662780997,0.00015062857701189788
13.0,0.7704977387,0.06761850666,0.001841137366,0.0005305923834288717,0.00048340503828536415,0.0001519311590497476
13.0,0.783945261,0.06722044888,0.001855672538,0.0005286206897672378,0.00048283822212044533,0.0001531969141083326
13.0,0.797587419,0.06681295404,0.001869653111,0.0005265723547678614,0.00048221984893433205,0.0001544237943756712
13.0,0.8114270298,0.06639590281,0.001883047138,0.0005244449425952407,0.00048154715557754773,0.00015560972106797252
13.0,0.8254669514,0.06596917895,0.001895821838,0.0005222360279058809,0.0004808173246074261,0.00015675279269868316
13.0,0.839710083,0.06553266948,0.001907943517,0.0005199430476776926,0.00048002748270807946,0.00015785056029675714
13.0,0.8541593657,0.06508626502,0.001919377598,0.0005175634411083577,0.00047917464171311983,0.00015890029169942263
13.0,0.8688177834,0.06462986004,0.001930088668,0.0005150947987288878,0.0004782556970280553,0.00015990080024184315
13.0,0.883688363,0.06416335309,0.00194004052,0.0005125345530256351,0.00047726746911194235,0.00016084994652451064
13.0,0.8987741753,0.06368664705,0.001949196119,0.0005098800902002298,0.00047620676134073667,0.00016174474506989731
13.0,0.9140783356,0.06319964945,0.001957517539,0.0005071288690459221,0.0004750702950092682,0.0001625832058573175
13.0,0.929604004,0.06270227276,0.001964966058,0.0005042783286579117,0.00047385468961662347,0.00016336307426754285
13.0,0.9453543867,0.06219443469,0.001971502155,0.0005013259153687307,0.000472556510097959,0.00016408207099896958
13.0,0.9613327362,0.06167605842,0.001977085536,0.0004982690897595814,0.0004711722584350237,0.0001647379174809211
13.0,0.9775423519,0.06114707294,0.001981675144,0.0004951053337981635,0.0004696983805590179,0.00016532833352588748
13.0,0.9939865811,0.06060741335,0.001985229187,0.000491832158363379,0.0004681312732710418,0.00016585103890304927
13.0,1.01066882,0.06005702118,0.001987705157,0.0004884471103342763,0.0004664672842250149,0.00016630376197837227
13.0,1.027592512,0.05949584467,0.001989059867,0.000484947781991242,0.00046470272686396875,0.0001666842515280215
13.0,1.044761154,0.05892383912,0.001989249464,0.00048133182534096993,0.0004628338856874211,0.00016699028169402813
13.0,1.062178289,0.05834096715,0.001988229492,0.0004775969591292143,0.00046085701306378623,0.00016721965119360674
13.0,1.079847516,0.05774719903,0.001985954926,0.0004737409670176332,0.000458768348476006,0.00016737018646771157
13.0,1.097772482,0.05714251306,0.001982380191,0.0004697617054555532,0.0004565641219952302,0.00016743975262202118
13.0,1.115956889,0.05652689587,0.001977459207,0.00046565711926511327,0.0004542405401665514,0.0001674262639256172
13.0,1.134404493,0.05590034272,0.001971145482,0.0004614252541636773,0.0004517938500352722,0.00016732769667667194
13.0,1.153119101,0.05526285781,0.001963392097,0.0004570642682913987,0.000449220201980365,0.00016714207492452053
13.0,1.17210458,0.0546144547,0.001954152097,0.0004525724447150995,0.00044651602956492445,0.0001668675118755953
13.0,1.19136485,0.05395515656,0.001943378062,0.0004479481954482772,0.0004436775925341434,0.00016650216715450943
13.0,1.210903887,0.05328499654,0.00193102129,0.00044319008019561186,0.0004407010687684791,0.00016604422764917567
13.0,1.230725728,0.05260401813,0.001917033785,0.0004382968244839167,0.00043758318639546906,0.00016549212332311829
13.0,1.250834464,0.05191227548,0.001901368653,0.0004332673191160154,0.0004343203420748615,0.0001648443269345591
13.0,1.271234248,0.05120983373,0.001883978147,0.00042810063140753324,0.0004309090456595892,0.00016409931933518087
13.0,1.291929293,0.05049676924,0.001864814121,0.00042279602675756017,0.0004273461429238422,0.00016325578496128348
13.0,1.312923873,0.0497731701,0.001843828876,0.0004173529797427626,0.0004236284373062882,0.00016231252110117029
13.0,1.334222322,0.04903913635,0.001820975075,0.0004117711821717222,0.0004197528969960731,0.0001612684596567629
13.0,1.35582904,0.04829478036,0.001796205774,0.00040605055891641367,0.00041571666020974956,0.00016012267492960427
13.0,1.377748487,0.04754022709,0.00176947451,0.0004001912805552722,0.0004115170391968809,0.00015887438515463774
13.0,1.39998519,0.04677561453,0.001740735408,0.00039419377466142353,0.0004071515341923078,0.0001575229681271763
13.0,1.422543741,0.04600109396,0.001709943307,0.0003880587366783332,0.00040261784823630495,0.00015606797637027228
13.0,1.445428798,0.04521683023,0.001677053887,0.00038178714421299844,0.0003979139087581435,0.00015450914567657502
13.0,1.468645087,0.04442300214,0.001642023804,0.0003753802699126118,0.00039303789135065165,0.00015284639691510565
13.0,1.492197403,0.04361980267,0.001604810808,0.00036883969150952844,0.0003879882378757197,0.000151079839909098
13.0,1.516090608,0.04280743941,0.001565373884,0.0003621673028732798,0.00038276367207988414,0.0001492097874671008
13.0,1.540329637,0.04198613479,0.001523673406,0.0003553653235009103,0.00037736321558797675,0.00014723677070957358
13.0,1.564919496,0.04115612637,0.001479671302,0.0003484363091055612,0.0003717862090926996,0.00014516154603180027
13.0,1.589865261,0.04031766709,0.001433331214,0.00034138316266558815,0.0003660323376840346,0.00014298509567667295
13.0,1.615172084,0.03947102561,0.001384618661,0.0003342091436881436,0.00036010165126007114,0.0001407086308983679
13.0,1.640845191,0.03861648661,0.001333501202,0.0003269178747910664,0.00035399457940260874,0.00013833360407820318
13.0,1.666889884,0.03775435104,0.001279948635,0.0003195133477745809,0.00034771194784580136,0.00013586172210521542
13.0,1.69331154,0.03688493631,0.001223933195,0.0003119999299383698,0.00034125499912512566,0.00013329495170782981
13.0,1.720115616,0.03600857658,0.001165429753,0.0003043823715335695,0.0003346254172339648,0.00013063551673976506
13.0,1.747307647,0.03512562302,0.001104416013,0.0002966658102924323,0.00032782534657566775,0.0001278858990863879
13.0,1.774893249,0.03423644407,0.00104087272,0.00028885577266616133,0.0003208574051246759,0.00012504884787279652
13.0,1.802878116,0.03334142564,0.0009747838908,0.0002809581741543247,0.0003137246989310961,0.00012212738998206593
13.0,1.831268029,0.03244097131,0.0009061370624,0.000272979320174077,0.000306430840428014,0.00011912483077278022
13.0,1.86006885,0.03153550252,0.0008349235296,0.0002649259070086452,0.0002989799691748462,0.00011604474817499174
13.0,1.889286525,0.03062545881,0.0007611385831,0.00025680502007972616,0.0002913767668050523,0.00011289098861643519
13.0,1.91892709,0.02971129807,0.0006847817641,0.00024862412818074805,0.0002836264663016166,0.00010966767269218069
13.0,1.948996664,0.0287934967,0.0006058571456,0.000240391075978593,0.00027573486153257225,0.00010637920049613668
13.0,1.979501456,0.0278725498,0.0005243736282,0.00023211407716159187,0.0002677083198994397,0.00010303024705792207
13.0,2.010447767,0.02694897129,0.0004403452335,0.00022380170837589083,0.00025955379700837676,9.962575086635948e-05
13.0,2.041841986,0.02602329424,0.0003537913956,0.00021546289919495824,0.00025127884425281584,9.617090417296685e-05
13.0,2.073690596,0.0250960711,0.0002647372796,0.0002071069179264529,0.00024289161120317232,9.267115323640803e-05
13.0,2.106000175,0.02416787393,0.0001732141308,0.0001987433550725294,0.00023440084762235526,8.913219799567987e-05
13.0,2.138777393,0.02323929461,7.925964796e-05,0.00019038210893221666,0.00022581590787232455,8.55599793472496e-05
13.0,2.17202902,0.02231094519,-1.708163672e-05,0.0001820333723379795,0.00021714675526887192,8.196065780424275e-05
13.0,2.205761922,0.02138345833,-0.0001157579641,0.00017370761205620286,0.0002084039620147613,7.834060469612249e-05
13.0,2.239983065,0.0204574878,-0.0002167099251,0.00016541554529870092,0.00019959870449480353,7.470640026589073e-05
13.0,2.274699515,0.01953370894,-0.0003198699804,0.00015716811906827863,0.00019074275500716138,7.106481910611376e-05
13.0,2.309918441,0.01861281936,-0.0004251619171,0.00014897648900113195,0.00018184847714393956,6.742280968986411e-05
13.0,2.345647117,0.01769553983,-0.0005325002759,0.0001408519981893887,0.00017292882273556493,6.378747346483544e-05
13.0,2.381892919,0.01678261552,-0.0006417897182,0.0001328061551407076,0.00016399732311516782,6.016604477789062e-05
13.0,2.418663334,0.01587481756,-0.0007529242872,0.0001248506074431637,0.00015506807723940846,5.656588047329654e-05
13.0,2.455965953,0.01497294489,-0.0008657865321,0.00011699711698330482,0.00014615574262734376,5.299444896204862e-05
13.0,2.49380848,0.01407782672,-0.000980246471,0.00010925754096415849,0.0001372755314165591,4.945930927675249e-05
13.0,2.53219873,0.01319032573,-0.001096160373,0.00010164381806747473,0.00012844321049967965,4.59680859174132e-05
13.0,2.571144629,0.01231134258,-0.001213369276,9.416795725905819e-05,0.00011967510380603702,4.2528451160617515e-05
13.0,2.610654221,0.0114418217,-0.001331697111,8.68420287399125e-05,0.00011098810139311392,3.9148120213460285e-05
13.0,2.650735663,0.01058275904,-0.001450948298,7.967816569274028e-05,0.00010239968519096571,3.583484952533479e-05
13.0,2.691397234,0.009735212398,-0.001570904616,7.268858588219652e-05,9.392797194217678e-05,3.259643093272652e-05
13.0,2.732647329,0.008900315862,-0.001691320996,6.588563617864629e-05,8.559179151890062e-05,2.9440692407031243e-05
13.0,2.774494467,0.008079300103,-0.001811919933,5.9281867149228844e-05,7.741082381034052e-05,2.637551482317415e-05
13.0,2.816947288,0.007273521072,-0.001932383832,5.2890148014681915e-05,6.940576880820588e-05,2.3408887089637404e-05
13.0,2.86001456,0.006484501135,-0.002052343565,4.6723853874591625e-05,6.159862931808495e-05,2.0548992988584252e-05
13.0,2.903705176,0.005713989992,-0.002171361971,4.079717114724866e-05,5.401319266131308e-05,1.7804325565232394e-05
13.0,2.948028158,0.004964057779,-0.00228890926,3.512558163425953e-05,4.667574016301591e-05,1.5183898800579936e-05
13.0,2.992992659,0.004237241443,-0.002404323362,2.972664405009926e-05,3.9616230114812454e-05,1.2697593120787868e-05
13.0,3.038607963,0.003536784328,-0.002516745685,2.4621312690727146e-05,3.2870177352581916e-05,1.0356735695883351e-05
13.0,3.084883491,0.002867047452,-0.002625011449,1.9836288109348137e-05,2.6482050225136324e-05,8.175035417248958e-06
13.0,3.131828798,0.002234257465,-0.002727451606,1.5408565803888936e-05,2.0511631387227905e-05,6.1698974863840706e-06
13.0,3.179453579,0.001647923034,-0.0028215317,1.1394375227076034e-05,1.5046202142602146e-05,4.364950833625215e-06
13.0,3.227767668,0.00112325392,-0.002903227652,7.88210242155545e-06,1.0223280234252028e-05,2.800666161032396e-06
13.0,3.276781041,0.000683111026,-0.002966399414,4.9925352171876045e-06,6.253008067595951e-06,1.555242989514602e-06
13.0,3.326503821,0.0003526839042,-0.003003948007,2.8371047166583086e-06,3.356349712316234e-06,7.169360367728135e-07
13.0,3.376946275,0.0001418199167,-0.00301246684,1.4393052408980145e-06,1.5716989164946685e-06,2.7458230581863576e-07
13.0,3.428118819,3.116990176e-05,-0.002996252621,6.77251342055592e-07,6.571267007583572e-07,9.37965929737087e-08
13.0,3.48003202,-1.696240384e-05,-0.00296470586,3.283418462398367e-07,2.5242951366171095e-07,3.2819299312900936e-08
13.0,3.532696599,-3.571830384e-05,-0.002926006039,1.8812534025407191e-07,7.82072738559333e-08,1.4071815806605793e-08
13.0,3.58612343,-4.353157685e-05,-0.002884870868,1.3424433173563809e-07,-9.48046585164067e-09,7.987147242870435e-09
13.0,3.640323547,-4.728975003e-05,-0.002843498769,1.1332020768013881e-07,-4.5338442951175444e-08,3.593157290747468e-09
13.0,3.695308141,-4.829993103e-05,-0.002801793256,1.0445132131785029e-07,-3.126366748290208e-08,-4.1391417435723135e-10
13.0,3.751088567,-4.702805893e-05,-0.002759691281,9.840209171603627e-08,-2.4578201701022187e-09,-2.0860628531242775e-09
13.0,3.807676344,-4.501912206e-05,-0.002718243798,9.349979466851047e-08,1.20453654781875e-08,-1.8511988869606109e-09
13.0,3.865083157,-4.354238122e-05,-0.002677754597,8.979146980866686e-08,1.7480160823872677e-08,-1.0105794279037055e-09
13.0,3.92332086,-4.270733065e-05,-0.002638011605,8.697224203886104e-08,1.9672439579704912e-08,-5.11068202694238e-10
13.0,3.98240148,-4.225095465e-05,-0.002598971113,8.459986318444142e-08,2.0818576353127354e-08,-2.995990527786539e-10
13.0,4.042337217,-4.197434126e-05,-0.002560589515,8.243586209210747e-08,2.155801633424822e-08,-2.122753853865332e-10
13.0,4.103140447,-4.177184067e-05,-0.002522827425,8.037863479211628e-08,2.2099860839701746e-08,-1.770377620151637e-10
13.0,4.164823726,-4.159526896e-05,-0.002485657353,7.838344436695168e-08,2.251678143155824e-08,-1.6304150056596553e-10
13.0,4.227399792,-4.142463577e-05,-0.002449061678,7.643027749320366e-08,2.283722171668806e-08,-1.5697953444484154e-10
13.0,4.290881567,-4.125205816e-05,-0.002413027437,7.450989586181453e-08,2.307364248312979e-08,-1.538487740022747e-10
13.0,4.35528216,-4.107416265e-05,-0.002377543718,7.261748906257811e-08,2.323336363924803e-08,-1.5208333065790749e-10
13.0,4.420614869,-4.088922092e-05,-0.002342600619,7.075004819879515e-08,2.332188210992233e-08,-1.5109656847653837e-10
13.0,4.486893186,-4.069610818e-05,-0.002308188759,6.890537476638932e-08,2.334391373527733e-08,-1.506183371565773e-10
13.0,4.554130797,-4.049397362e-05,-0.002274299081,6.708167627435546e-08,2.3303760864920977e-08,-1.5048856594997527e-10
13.0,4.622341587,-4.028206582e-05,-0.002240922741,6.527740047512324e-08,2.3205429279221946e-08,-1.5065034794704582e-10
13.0,4.691539642,-4.005960242e-05,-0.002208051033,6.349117668673833e-08,2.305270478726214e-08,-1.5110812437115401e-10
13.0,4.76173925,-3.982573741e-05,-0.002175675392,6.172179925001468e-08,2.284920846988603e-08,-1.5186099510388015e-10
13.0,4.832954907,-3.9579603e-05,-0.002143787411,5.996821959416224e-08,2.2598402924420793e-08,-1.5286027305759795e-10
13.0,4.905201321,-3.932037765e-05,-0.002112378843,5.822952613915391e-08,2.230358347557283e-08,-1.5403788835056154e-10
13.0,4.97849341,-3.904725267e-05,-0.002081441566,5.650492429738628e-08,2.1967872729416587e-08,-1.5538330598996487e-10
13.0,5.052846308,-3.875934539e-05,-0.002050967544,5.4793746113735606e-08,2.1594256554929966e-08,-1.5692698718747117e-10
13.0,5.128275369,-3.845567855e-05,-0.002020948858,5.30954676255781e-08,2.118561988193792e-08,-1.5866880490600019e-10
13.0,5.20479617,-3.813524769e-05,-0.001991377734,5.140969582465527e-08,2.074474214185059e-08,-1.6055997319696245e-10
13.0,5.282424513,-3.779710738e-05,-0.001962246545,4.9736155971424966e-08,2.0274286151193543e-08,-1.625357159398668e-10
13.0,5.361176426,-3.744033191e-05,-0.001933547779,4.807469028633342e-08,1.9776789783096407e-08,-1.645725384987911e-10
13.0,5.441068173,-3.706392567e-05,-0.001905273998,4.6425260725770934e-08,1.9254699642067223e-08,-1.6668790981363796e-10
13.0,5.522116252,-3.666680079e-05,-0.001877417866,4.4787960018295995e-08,1.87104076878524e-08,-1.6888365389341808e-10
13.0,5.604337398,-3.624784652e-05,-0.001849972192,4.316301389458885e-08,1.8146258760582308e-08,-1.7110616857955404e-10
13.0,5.68774859,-3.580602478e-05,-0.001822929947,4.1550766080842576e-08,1.7564494345837014e-08,-1.7328152430335303e-10
13.0,5.772367054,-3.534033574e-05,-0.001796284107,3.995167020306612e-08,1.6967172883226335e-08,-1.7537735745059926e-10
13.0,5.858210261,-3.484972751e-05,-0.001770027602,3.836629693023036e-08,1.635674526055122e-08,-1.773974356264894e-10
13.0,5.94529594,-3.433308106e-05,-0.001744154629,3.679534671622698e-08,1.573612904946009e-08,-1.793402279315949e-10
13.0,6.033642073,-3.378927326e-05,-0.001718659001,3.523960936066135e-08,1.5103267319555784e-08,-1.8112257933831027e-10
13.0,6.123266903,-3.321726775e-05,-0.001693522179,3.36997584335409e-08,1.4455833844951367e-08,-1.825811559387863e-10
13.0,6.214188939,-3.261619379e-05,-0.001668741975,3.217573566917228e-08,1.3841520733509242e-08,-1.8410212084443133e-10
13.0,6.306426956,-3.1985112e-05,-0.001644429097,3.0661571672186076e-08,1.3185759154124943e-08,-1.8507339435023088e-10
13.0,6.4,-3.132270928e-05,-0.001620366957,2.918060275105531e-08,1.2502769815430243e-08,-1.8514688155142145e-10
