x-coordinate,y-coordinate,axial-velocity,radial-velocity,uu,vv,uv
5.0,6.123234047e-16,0.1800665507,4.326262149e-05,0.0027219238152454313,0.0022968990206633905,7.679961465800154e-06
5.0,0.005204005374,0.180057671,8.54969348e-05,0.0027218903562139544,0.0022947794864837394,1.532756579359275e-05
5.0,0.01033966345,0.1800315036,0.0001668696866,0.0027217915131778916,0.002295905769224629,3.0386581551457405e-05
5.0,0.01540787221,0.1799887534,0.0002467164693,0.002721630176477305,0.0022973162228488663,4.5209078640825324e-05
5.0,0.02040951739,0.1799300934,0.0003267274226,0.0027214085721840742,0.002296150939003307,5.9821558059328954e-05
5.0,0.0253454732,0.179856188,0.0004054634648,0.002721128351069855,0.0022967739394935908,7.421767717041887e-05
5.0,0.03021660239,0.1797676865,0.0004830692964,0.0027207912689287497,0.0022970912599336877,8.839582779199131e-05
5.0,0.03502375636,0.1796652233,0.0005594365743,0.002720398887278711,0.0022975507187609785,0.00010235392119978804
5.0,0.03976777532,0.1795494173,0.0006346062076,0.00271995265240631,0.002297999543374802,0.00011609073814375752
5.0,0.04444948847,0.1794208723,0.0007085601497,0.0027194538877215978,0.0022985164659478823,0.00012960521479738295
5.0,0.04906971409,0.1792801762,0.0007812984995,0.002718903821618472,0.0022990723561689707,0.00014289667665491035
5.0,0.05362925975,0.1791279015,0.0008528175143,0.0027183035930421627,0.0022996708278770093,0.00015596476021137868
5.0,0.05812892238,0.178964605,0.0009231175462,0.0027176542659828845,0.0023003052095672202,0.00016880943139617675
5.0,0.06256948846,0.1787908279,0.0009921996397,0.0027169568415893945,0.002300973339778029,0.0001814309371666397
5.0,0.06695173415,0.1786070957,0.001060066497,0.002716212267204857,0.00230167150352838,0.00019382977009857027
5.0,0.07127642538,0.1784139185,0.001126722044,0.0027154214520632436,0.0023023966265585897,0.00020600665096813154
5.0,0.07554431806,0.1782117912,0.001192171443,0.002714585267025625,0.0023031453549046937,0.00021796254014201682
5.0,0.07975615815,0.1780011931,0.001256421071,0.002713704554199378,0.0023039149063387005,0.00022969864240319297
5.0,0.08391268182,0.1777825888,0.001319478156,0.0027127801310058847,0.0023047015848376177,0.00024121636396364356
5.0,0.08801461558,0.1775564277,0.001381351333,0.0027118128022480424,0.0023055052407203935,0.0002525172687215962
5.0,0.09206267639,0.1773231448,0.00144204855,0.002710803365578363,0.0023063159891319246,0.00026360298026192576
5.0,0.09605757177,0.1770831605,0.001501582802,0.002709752609485011,0.0023071418218692684,0.0002745236222463882
5.0,0.1,0.1768368805,0.001559966182,0.002708661302810665,0.0023079728779378302,0.00028520053967553933
5.0,0.1037429218,0.1765944381,0.001615036735,0.0027075741761234677,0.0023087721164227622,0.00029514077874815114
5.0,0.1075400176,0.1763399626,0.00167053507,0.002706419446612441,0.002309601803532155,0.00030518915043038796
5.0,0.1113920715,0.1760730928,0.001726448539,0.002705193513903383,0.0023104511616534205,0.00031540108943447126
5.0,0.115299879,0.175793462,0.001782759941,0.002703892556808222,0.002311322923219756,0.0003256857685477147
5.0,0.119264247,0.1755006979,0.00183945021,0.002702512540361154,0.0023122154095338177,0.0003360398754237577
5.0,0.1232859942,0.1751944222,0.001896498919,0.0027010492056649973,0.002313126690784049,0.0003464597842701696
5.0,0.1273659511,0.1748742511,0.001953884289,0.002699498065719559,0.00231405481282407,0.0003569415825893799
5.0,0.1315049601,0.1745397959,0.002011583061,0.0026978543964185026,0.0023149977027904565,0.0003674810626282002
5.0,0.135703876,0.1741906623,0.002069570454,0.002696113223404021,0.002315952967019111,0.0003780737739088099
5.0,0.1399635659,0.1738264518,0.002127820136,0.002694269306334986,0.00231691790872314,0.00038871506484177977
5.0,0.1442849094,0.173446761,0.002186304182,0.0026923171298645536,0.0023178895614630987,0.00039940002538058897
5.0,0.1486687988,0.1730511823,0.002244993011,0.002690250897740297,0.0023188646835320672,0.00041012341361811776
5.0,0.1531161394,0.1726393045,0.002303855324,0.0026880645272866835,0.002319839738972506,0.00042087964831259727
5.0,0.1576278496,0.1722107128,0.002362858053,0.002685751633155959,0.0023208108486928673,0.0004316628713674673
5.0,0.1622048611,0.1717649894,0.002421966325,0.002683305507518366,0.0023217737354969984,0.0004424669983191599
5.0,0.166848119,0.1713017136,0.002481143427,0.0026807191173964587,0.0023227237655674767,0.0004532856557565146
5.0,0.1715585821,0.1708204627,0.00254035074,0.002677985099198184,0.002323655978224568,0.00046411209990382055
5.0,0.1763372232,0.170320812,0.002599547674,0.002675095751264201,0.0023245650127365677,0.00047493921265601217
5.0,0.181185029,0.1698023358,0.002658691635,0.002672043021471758,0.0023254450142049044,0.00048575957107400666
5.0,0.1861030006,0.1692646076,0.002717738025,0.0026688184888533023,0.0023262896879554865,0.0004965655062862915
5.0,0.1910921536,0.1687072008,0.002776640159,0.002665413361174141,0.0023270923882302806,0.0005073490397633691
5.0,0.1961535182,0.1681296891,0.002835349189,0.002661818472369038,0.002327845986901459,0.000518101801834078
5.0,0.2012881397,0.1675316473,0.002893814104,0.0026580242823760255,0.002328542810666346,0.000528815026075727
5.0,0.2064970782,0.166912652,0.002951981714,0.002654020864984925,0.002329174600172804,0.0005394796256249139
5.0,0.2117814095,0.1662722824,0.003009796653,0.0026497978911960494,0.0023297327840887555,0.0005500862512382489
5.0,0.2171422247,0.1656101204,0.0030672012,0.0026453446345524605,0.0023302079267435026,0.0005606252493686469
5.0,0.222580631,0.1649257519,0.003124135397,0.0026406499731842724,0.0023305905990912905,0.0005710865743852335
5.0,0.2280977512,0.1642187677,0.003180537087,0.0026357023978831095,0.0023308704661767145,0.0005814597825809096
5.0,0.2336947247,0.1634887636,0.003236341506,0.002630489999278651,0.0023310363620625946,0.0005917341150579401
5.0,0.2393727073,0.1627353423,0.003291481676,0.0026250004655248246,0.002331076981086725,0.0006018985596146192
5.0,0.2451328714,0.1619581129,0.003345888441,0.0026192210897285325,0.0023309800868694594,0.0006119418124933173
5.0,0.2509764065,0.1611566931,0.003399490127,0.002613138785988259,0.0023307332524533314,0.0006218522104451165
5.0,0.2569045194,0.1603307091,0.003452212659,0.0026067401039038896,0.0023303232011204927,0.000631617728472487
5.0,0.2629184342,0.1594797972,0.003503979636,0.002600011223709258,0.0023297359509920636,0.0006412260525922484
5.0,0.2690193927,0.1586036045,0.003554712378,0.0025929379643170373,0.002328956974679324,0.0006506646594939139
5.0,0.2752086549,0.1577017899,0.003604329857,0.0025855057999412843,0.0023279712478825572,0.0006599207881823881
5.0,0.2814874987,0.1567740248,0.003652748702,0.002577699894511273,0.002326763075936966,0.0006689813712533358
5.0,0.2878572208,0.1558199947,0.003699883296,0.0025695051240568942,0.0023253161099255153,0.0006778330420773483
5.0,0.2943191364,0.1548393999,0.003745645806,0.0025609060852966464,0.002323613394335211,0.0006864622152309113
5.0,0.3008745801,0.1538319565,0.003789946257,0.0025518871163206897,0.002321637370758956,0.0006948551903041566
5.0,0.3075249055,0.1527973977,0.003832692535,0.002542432731949748,0.002319370206281741,0.0007030017009748238
5.0,0.3142714859,0.1517354743,0.003873790195,0.002532525661186478,0.0023167935636608378,0.0007108772003912797
5.0,0.3211157144,0.1506459565,0.003913142779,0.0025221504550216314,0.002313887959120598,0.0007184739406545532
5.0,0.3280590044,0.1495286348,0.003950652283,0.0025112916570489323,0.002310633405814917,0.0007257851706842953
5.0,0.3351027897,0.1483833208,0.003986218864,0.0024999316425147185,0.0023070100437473425,0.0007327859507935776
5.0,0.3422485248,0.1472098486,0.004019740685,0.0024880543528229813,0.002302997511626172,0.0007394651916521668
5.0,0.3494976853,0.1460080755,0.004051114274,0.002475643387404004,0.0022985747492039483,0.0007458085785529907
5.0,0.3568517682,0.1447778833,0.00408023468,0.0024626824235689042,0.002293720392146951,0.0007518016507419517
5.0,0.364312292,0.1435191798,0.004106995533,0.0024491552662425243,0.002288412789472916,0.0007574300178230296
5.0,0.3718807975,0.1422318991,0.00413128921,0.002435045898606959,0.002282629970877923,0.0007626794472772253
5.0,0.3795588474,0.1409160034,0.004153006989,0.0024203385488588726,0.002276349742726271,0.0007675358730647148
5.0,0.3873480273,0.1395714833,0.004172039196,0.0024050177648300454,0.0022695497655070237,0.0007719853653793768
5.0,0.3952499456,0.1381983594,0.004188275357,0.0023890684877772824,0.0022622076112253833,0.0007760141731075283
5.0,0.4032662342,0.1367966831,0.004201604367,0.0023724761098491485,0.0022543008070967816,0.0007796088166136314
5.0,0.4113985483,0.1353665378,0.004211914688,0.0023552265379764036,0.0022458068900022207,0.0007827561802538489
5.0,0.4196485673,0.1339080396,0.004219094565,0.002337306275816791,0.002236703481433016,0.0007854435317068511
5.0,0.4280179948,0.132421338,0.004223032248,0.002318702510717009,0.002226968388693935,0.0007876585210564115
5.0,0.4365085591,0.1309066173,0.004223616199,0.002299403191669839,0.0022165797024547135,0.0007893892248760831
5.0,0.4451220135,0.1293640975,0.004220735313,0.0022793971072940316,0.002205515827671464,0.0007906242341813049
5.0,0.4538601367,0.1277940347,0.004214279206,0.0022586739573405754,0.0021937556582189914,0.0007913527349867835
5.0,0.4627247331,0.1261967221,0.004204138387,0.0022372244437852606,0.0021812784625375873,0.0007915645531173959
5.0,0.4717176332,0.1245724906,0.00419020476,0.002215040349405079,0.002168064614408681,0.0007912501667814827
5.0,0.4808406941,0.12292171,0.004172371348,0.002192114646873301,0.0021540934786971142,0.0007904007273909795
5.0,0.4900957997,0.121244789,0.004150535144,0.0021684415253964825,0.002139349385244844,0.0007890084222019193
5.0,0.4994848611,0.1195421762,0.004124592424,0.002144016545967569,0.002123811979796885,0.0007870654758718128
5.0,0.5090098173,0.1178143603,0.00409443785,0.0021188366966915693,0.002107464777734501,0.0007845657888147309
5.0,0.518672635,0.116061871,0.004059976718,0.0020929004496833053,0.002090295453421535,0.0007815045962580307
5.0,0.5284753098,0.1142852796,0.004021118004,0.002066207827888822,0.0020722863804074807,0.0007778768998481
5.0,0.5384198657,0.1124851986,0.003977768878,0.002038760486409336,0.0020534263312976353,0.0007736793918089053
5.0,0.5485083564,0.1106622823,0.003929841378,0.002010561861919276,0.00203370387889531,0.00076890989499547
5.0,0.5587428652,0.1088172276,0.003877252321,0.0019816171541127826,0.0020131089724897675,0.0007635671979322136
5.0,0.5691255055,0.1069507733,0.003819923059,0.0019519334120008652,0.0019916335131942966,0.0007576513553002565
5.0,0.5796584212,0.1050637009,0.003757779865,0.0019215195926907546,0.0019692711118370573,0.0007511636159415408
5.0,0.5903437875,0.103156834,0.003690754299,0.0018903866215955222,0.0019460172451364257,0.0007441064879042748
5.0,0.6011838108,0.1012310387,0.003618783629,0.0018585474450890783,0.0019218693468468293,0.0007364837368527568
5.0,0.6121807297,0.09928722324,0.003541811228,0.0018260170656882464,0.0018968269158416513,0.0007283004459804587
5.0,0.6233368149,0.09732633799,0.003459786984,0.0017928125634740916,0.0018708916049330112,0.0007195630784915845
5.0,0.6346543703,0.09534937479,0.003372667709,0.00175895312201939,0.0018440673025858535,0.0007102795039184372
5.0,0.6461357329,0.09335736663,0.003280417567,0.0017244600619766102,0.0018163602096616979,0.0007004589747739855
5.0,0.6577832735,0.09135138721,0.003183008499,0.00168935686194036,0.001787778916788043,0.0006901121071372497
5.0,0.6695993975,0.0893325505,0.003080420649,0.0016536691447869318,0.0017583344759659438,0.0006792509220561178
5.0,0.6815865448,0.08730200995,0.002972642777,0.0016174246526880077,0.001728040483712277,0.0006678889080734093
5.0,0.6937471908,0.08526095764,0.002859672654,0.0015806532253842835,0.0016969131062126784,0.0006560410230079642
5.0,0.7060838467,0.08321062326,0.002741517512,0.00154338679796168,0.0016649710943535782,0.0006437236268644725
5.0,0.7185990599,0.08115227332,0.002618194508,0.0015056593752256055,0.001632235841781987,0.0006309544254840202
5.0,0.7312954149,0.07908721022,0.002489731117,0.001467506963616735,0.0015987314435957055,0.0006177524887190024
5.0,0.7441755335,0.077016771,0.002356165498,0.0014289674850871466,0.0015644846981057213,0.0006041382936550431
5.0,0.7572420753,0.07494232595,0.002217546907,0.0013900807086976046,0.0015295250648321966,0.0005901336938990525
5.0,0.7704977387,0.07286527707,0.00207393614,0.0013508881956596692,0.0014938846799579177,0.0005757618173570539
5.0,0.783945261,0.07078705684,0.00192540587,0.0013114332223630664,0.0014575983687211956,0.0005610469682052827
5.0,0.797587419,0.06870912679,0.001772041001,0.0012717606602794026,0.0014207035577206049,0.0005460146162344373
5.0,0.8114270298,0.06663297582,0.001613939109,0.0012319168266719796,0.0013832402122015367,0.0005306914045832975
5.0,0.8254669514,0.06456011827,0.0014512108,0.0011919493616491768,0.0013452508329606981,0.0005151050866756705
5.0,0.839710083,0.06249209198,0.001283979987,0.0011519071225282408,0.0013067803981676547,0.0004992843904488276
5.0,0.8541593657,0.06043045652,0.00111238416,0.001111840059027312,0.0012678762288364249,0.00048325888945746425
5.0,0.8688177834,0.05837679146,0.0009365747528,0.0010717990410078107,0.0012285878580606574,0.00046705895266490406
5.0,0.883688363,0.0563326943,0.0007567174784,0.0010318356615534132,0.0011889669527076871,0.00045071571553298163
5.0,0.8987741753,0.05429977814,0.0005729925595,0.0009920020683618406,0.001149067203833038,0.00043426098521687017
5.0,0.9140783356,0.05227966948,0.0003855949712,0.0009523508070135356,0.0011089441646609589,0.00041772708118964535
5.0,0.929604004,0.0502740062,0.0001947346719,0.0009129346498485233,0.0010686550933358852,0.00040114669110678374
5.0,0.9453543867,0.04828443567,6.368383567e-07,0.0008738094709253399,0.0010282618199338638,0.0003845527448684829
5.0,0.9613327362,0.04631261275,-0.0001964578317,0.0008350434693087654,0.0009878400303302852,0.0003679784077372054
5.0,0.9775423519,0.04436019755,-0.0003962929046,0.0007967051566848824,0.0009474673236689292,0.00035145697381460403
5.0,0.9939865811,0.04242885283,-0.0005985961268,0.0007588504965037108,0.0009072103264163248,0.00033502163960891625
5.0,1.01066882,0.04052024156,-0.0008030793439,0.0007215316389284888,0.000867133375222157,0.00031870537174051616
5.0,1.027592512,0.03863602486,-0.001009438299,0.0006847997859427889,0.0008273013420166864,0.00030254079365701333
5.0,1.044761154,0.03677785983,-0.001217352439,0.000648704977587973,0.0007877794537016299,0.0002865600824647624
5.0,1.062178289,0.03494739753,-0.001426484913,0.0006132958872427062,0.000748633080140021,0.0002707948421531656
5.0,1.079847516,0.03314628091,-0.001636482499,0.0005786196244811036,0.0007099274265709725,0.0002552759644580569
5.0,1.097772482,0.03137614313,-0.001846975303,0.0005447215407990192,0.0006717272628037208,0.0002400334988263717
5.0,1.115956889,0.02963860593,-0.002057576513,0.0005116450518036608,0.0006340967407102773,0.0002250965224237733
5.0,1.134404493,0.02793527846,-0.0022678823,0.00047943147504716274,0.0005970991799481762,0.00021049301065233998
5.0,1.153119101,0.02626775639,-0.00247747164,0.0004481198649407511,0.0005607967908725908,0.0001962497254202667
5.0,1.17210458,0.02463762132,-0.002685905929,0.0004177468477594688,0.0005252504153776167,0.00018239213213927763
5.0,1.19136485,0.02304644041,-0.002892728494,0.0003883464788839568,0.0004905193494135272,0.0001689443181917837
5.0,1.210903887,0.02149576648,-0.003097464167,0.0003599501412100357,0.0004566610864100914,0.00015592888236402484
5.0,1.230725728,0.01998713911,-0.003299618345,0.0003325864691629474,0.00042373117887851844,0.00014336679017059852
5.0,1.250834464,0.01852208686,-0.003498676527,0.0003062812642450109,0.00039178304571666205,0.00013127730639232962
5.0,1.271234248,0.0171021301,-0.003694102822,0.0002810574073009238,0.0003608676974898904,0.0001196780186797044
5.0,1.291929293,0.01572878423,-0.003885338295,0.00025693480971391544,0.00033103377587048857,0.00010858479563840697
5.0,1.312923873,0.01440356435,-0.004071799855,0.0002339304233337047,0.0003023274281941848,9.801170940670319e-05
5.0,1.334222322,0.01312799182,-0.00425287774,0.00021205829016089056,0.0002747920162726021,8.797099420087419e-05
5.0,1.35582904,0.01190360305,-0.004427932038,0.00019132957481990506,0.00024846841708422535,7.847300211561636e-05
5.0,1.377748487,0.01073196016,-0.004596291263,0.00017175261820219186,0.000223394315411007,6.952638204116488e-05
5.0,1.39998519,0.009614662043,-0.004757244303,0.00015333296411995615,0.00019960562764325036,6.113804376600788e-05
5.0,1.422543741,0.008553358163,-0.004910034424,0.0001360735981308011,0.0001771350808305065,5.331318758419267e-05
5.0,1.445428798,0.00754976718,-0.005053862734,0.00011997509056695269,0.00015601275612442004,4.605533665427499e-05
5.0,1.468645087,0.006605693986,-0.005187874988,0.00010503569313869321,0.000136267065544542,3.9366504543046335e-05
5.0,1.492197403,0.00572304696,-0.005311150795,9.125156946693136e-05,0.00011792358240367611,3.3247287366882516e-05
5.0,1.516090608,0.004903852538,-0.005422702414,7.861690393836308e-05,0.00010100606231425963,2.7696830069431102e-05
5.0,1.540329637,0.004150256939,-0.005521470108,6.71239773898525e-05,8.553593193036565e-05,2.2712930167935825e-05
5.0,1.564919496,0.00346450383,-0.00560632549,5.676307789311294e-05,7.153191882316011e-05,1.8291864889447412e-05
5.0,1.589865261,0.002848862791,-0.005676089193,4.7522094275757716e-05,5.9008904284711004e-05,1.4428037596997769e-05
5.0,1.615172084,0.002305468514,-0.005729575862,3.938556398379103e-05,4.797566766477598e-05,1.1113179143140402e-05
5.0,1.640845191,0.001836011723,-0.005765687043,3.2332867981222434e-05,3.84304255423135e-05,8.334770499814953e-06
5.0,1.666889884,0.001441217551,-0.005783569815,2.6335200189664184e-05,3.035398367487222e-05,6.073399998090582e-06
5.0,1.69331154,0.001120087385,-0.005782867824,2.1351213717866554e-05,2.3697754141899902e-05,4.298582255552974e-06
5.0,1.720115616,0.0008690327972,-0.005763986947,1.73215241921803e-05,1.837470594639532e-05,2.964997682519505e-06
5.0,1.747307647,0.0006812437577,-0.005728326526,1.4163642143246339e-05,1.424666160685216e-05,2.009912901437288e-06
5.0,1.774893249,0.0005468600654,-0.005678391531,1.1769510202984714e-05,1.112813863300253e-05,1.3573183922918007e-06
5.0,1.802878116,0.0004541539852,-0.005617413081,1.0009456654791863e-05,8.80839134166667e-06,9.306553642516747e-07
5.0,1.831268029,0.0003913629753,-0.005548726881,8.744580091877457e-06,7.076584940364767e-06,6.632598128143564e-07
5.0,1.86006885,0.0003483769281,-0.005475315951,7.843163535307926e-06,5.750680256914418e-06,5.038513234832354e-07
5.0,1.889286525,0.0003175705925,-0.005399503069,7.194243853925596e-06,4.691744154094204e-06,4.172552853952477e-07
5.0,1.91892709,0.0002937729523,-0.005322896702,6.71343105092996e-06,3.8033227715611943e-06,3.8028443516576674e-07
5.0,1.948996664,0.0002737415279,-0.005246523188,6.34123129086746e-06,3.023746545129607e-06,3.778181759180112e-07
5.0,1.979501456,0.0002555498038,-0.005170999411,6.037749264367197e-06,2.3158249529526882e-06,3.9979811661469855e-07
5.0,2.010447767,0.0002380932125,-0.005096680301,5.776895994250164e-06,1.6582541753514469e-06,4.393343240385083e-07
5.0,2.041841986,0.0002207550581,-0.005023762279,5.5417638146806505e-06,1.039572998637332e-06,4.91528408301914e-07
5.0,2.073690596,0.0002032015487,-0.004952348339,5.321430425633602e-06,4.543549055882513e-07,5.526939261419814e-07
5.0,2.106000175,0.0001852627809,-0.004882486263,5.10895291489049e-06,-9.906485458288003e-08,6.198095710536493e-07
5.0,2.138777393,0.0001668660955,-0.004814190056,4.90016945902723e-06,-6.199067217036022e-07,6.901394670155689e-07
5.0,2.17202902,0.0001479991555,-0.004747451844,4.6929522615763044e-06,-1.1057158626054731e-06,7.610144212087779e-07
5.0,2.205761922,0.0001286888617,-0.004682248779,4.486698918876224e-06,-1.5528802616672632e-06,8.297472574774948e-07
5.0,2.239983065,0.0001089886526,-0.004618547126,4.281981731638134e-06,-1.9570483532634463e-06,8.936322056232309e-07
5.0,2.274699515,8.897055184e-05,-0.004556304566,4.080320021078979e-06,-2.3135382146484248e-06,9.499804556690411e-07
5.0,2.309918441,6.872038983e-05,-0.004495471513,3.883997761138567e-06,-2.6177778080590743e-06,9.961958332422168e-07
5.0,2.345647117,4.83346947e-05,-0.004435991928,3.695807523890134e-06,-2.8658190917408333e-06,1.0299318700427771e-06
5.0,2.381892919,2.791798309e-05,-0.004377804115,3.5187041134473917e-06,-3.0549244506036174e-06,1.0493087199269484e-06
5.0,2.418663334,7.580017087e-06,-0.004320841642,3.3554364989447248e-06,-3.184074924972104e-06,1.0531175252534067e-06
5.0,2.455965953,-1.256710932e-05,-0.004265034477,3.2082070746789758e-06,-3.254329003693177e-06,1.0409710503999424e-06
5.0,2.49380848,-3.241200262e-05,-0.004210310472,3.0783829714293316e-06,-3.268997509324919e-06,1.0133844736816464e-06
5.0,2.53219873,-5.184717317e-05,-0.004156597037,2.9662806123341213e-06,-3.2336252013571693e-06,9.717742623235064e-07
5.0,2.571144629,-7.077233759e-05,-0.004103822773,2.8710905060183937e-06,-3.155710367309322e-06,9.183348909531825e-07
5.0,2.610654221,-8.909736414e-05,-0.00405191902,2.7910066993134288e-06,-3.044043400737303e-06,8.557747085971637e-07
5.0,2.650735663,-0.0001067446081,-0.004000821348,2.723510275970558e-06,-2.9078005897335414e-06,7.869980259932711e-07
5.0,2.691397234,-0.0001236506019,-0.003950470998,2.6657389332941943e-06,-2.7556158091576028e-06,7.14802682248884e-07
5.0,2.732647329,-0.0001397666669,-0.003900815833,2.6148893048379175e-06,-2.594869022294597e-06,6.416234093658525e-07
5.0,2.774494467,-0.0001550578933,-0.003851810229,2.5685621447555e-06,-2.4313388571361535e-06,5.693680448683313e-07
5.0,2.816947288,-0.000169500612,-0.003803413896,2.5249488529486603e-06,-2.269182398068619e-06,4.993733482144364e-07
5.0,2.86001456,-0.0001830795276,-0.003755590554,2.4827025173683912e-06,-2.111181174115086e-06,4.325674903166469e-07
5.0,2.903705176,-0.0001957858919,-0.003708307436,2.440793936617506e-06,-1.9592379935178402e-06,3.6957970291368405e-07
5.0,2.948028158,-0.0002076173951,-0.003661535035,2.3983671437953687e-06,-1.8148177548141179e-06,3.108257494121585e-07
5.0,2.992992659,-0.0002185784846,-0.003615247801,2.354580267738025e-06,-1.679079962981621e-06,2.566332374444122e-07
5.0,3.038607963,-0.0002286805349,-0.003569424972,2.3087248976210874e-06,-1.5528850679092197e-06,2.0718899791874244e-07
5.0,3.084883491,-0.0002379416452,-0.003524050065,2.260352796242418e-06,-1.4366655876815976e-06,1.6250982890861272e-07
5.0,3.131828798,-0.0002463853556,-0.003479110248,2.2093020460285283e-06,-1.3303040682375493e-06,1.224638918026433e-07
5.0,3.179453579,-0.0002540385528,-0.003434595356,2.155697680659768e-06,-1.2332564525933488e-06,8.679159886490154e-08
5.0,3.227767668,-0.000260928967,-0.003390496365,2.0998702694604616e-06,-1.1447394741151559e-06,5.516127118157552e-08
5.0,3.276781041,-0.0002670834621,-0.003346804395,2.04222672661725e-06,-1.0638668902504893e-06,2.72269977869571e-08
5.0,3.326503821,-0.0002725271623,-0.003303510246,1.9831826059741724e-06,-9.897907571499673e-07,2.65973246164048e-09
5.0,3.376946275,-0.0002772829145,-0.003260603863,1.9231239296246933e-06,-9.217698124270956e-07,-1.883648683003038e-08
5.0,3.428118819,-0.0002813713829,-0.003218074312,1.8623700541511837e-06,-8.591550760527454e-07,-3.751912383049189e-08
5.0,3.48003202,-0.0002848114038,-0.003175910043,1.8011814934542853e-06,-8.013982525432726e-07,-5.3614849406294436e-08
5.0,3.532696599,-0.0002876201441,-0.003134098842,1.7397735174125275e-06,-7.480451013335949e-07,-6.732566549020035e-08
5.0,3.58612343,-0.0002898134324,-0.003092627993,1.6783132190380765e-06,-6.986975431324119e-07,-7.883237146921138e-08
5.0,3.640323547,-0.0002914061044,-0.003051484528,1.616934807842077e-06,-6.530083809289684e-07,-8.830144840357209e-08
5.0,3.695308141,-0.0002924120888,-0.00301065521,1.5557518194104627e-06,-6.106762899697994e-07,-9.588898023295705e-08
5.0,3.751088567,-0.0002928445686,-0.002970126609,1.4948558402845954e-06,-5.714240427037447e-07,-1.0174141301982275e-07
5.0,3.807676344,-0.0002927161507,-0.002929885257,1.4343248244763523e-06,-5.349989155272828e-07,-1.0599810088866278e-07
5.0,3.865083157,-0.0002920388681,-0.002889917587,1.3742280013162103e-06,-5.011688663500168e-07,-1.0879419636253441e-07
5.0,3.92332086,-0.0002908242092,-0.002850210005,1.3146289166758107e-06,-4.6972407075506655e-07,-1.1026602811077257e-07
5.0,3.98240148,-0.0002890832512,-0.002810748712,1.255579130512466e-06,-4.404613179713789e-07,-1.1050707422250727e-07
5.0,4.042337217,-0.0002868270619,-0.002771520078,1.1971267814132636e-06,-4.131864108726747e-07,-1.096385329472811e-07
5.0,4.103140447,-0.000284065738,-0.002732510333,1.1393135244526385e-06,-3.877337009445931e-07,-1.0782385802925477e-07
5.0,4.164823726,-0.0002808085115,-0.002693705407,1.082189247727813e-06,-3.6393627126839487e-07,-1.0514912007522302e-07
5.0,4.227399792,-0.0002770649397,-0.002655091332,1.0257971235886102e-06,-3.416353763157608e-07,-1.0169495806651234e-07
5.0,4.290881567,-0.0002728442224,-0.002616653879,9.701654925739728e-07,-3.2068817845786054e-07,-9.757618144815887e-08
5.0,4.35528216,-0.0002681549106,-0.002578378696,9.153322901787869e-07,-3.009552983290652e-07,-9.289410773851478e-08
5.0,4.420614869,-0.0002630051242,-0.002540251268,8.61332279681117e-07,-2.823077632930985e-07,-8.774196473023254e-08
5.0,4.486893186,-0.0002574025814,-0.002502256862,8.081994520549476e-07,-2.646257412056026e-07,-8.2209858807952e-08
5.0,4.554130797,-0.0002513545768,-0.002464380488,7.559674602110594e-07,-2.4779659561805974e-07,-7.63848297308877e-08
5.0,4.622341587,-0.0002448680383,-0.002426606918,7.046695643072355e-07,-2.3171453872139101e-07,-7.03498105815849e-08
5.0,4.691539642,-0.0002379496271,-0.002388920697,6.543391287333893e-07,-2.1628080628176169e-07,-6.418418553806038e-08
5.0,4.76173925,-0.0002306058441,-0.002351306197,6.050104673961858e-07,-2.0140269332724453e-07,-5.7964470791789193e-08
5.0,4.832954907,-0.0002228431876,-0.002313747761,5.567197571868839e-07,-1.8699330905325195e-07,-5.1764475982659415e-08
5.0,4.905201321,-0.0002146683945,-0.002276229912,5.09506314441498e-07,-1.72972447077837e-07,-4.5655294295231774e-08
5.0,4.97849341,-0.0002060888041,-0.002238737672,4.634138567500444e-07,-1.5926666343512494e-07,-3.970553843766787e-08
5.0,5.052846308,-0.0001971129359,-0.00220125712,4.1849257667851946e-07,-1.4580900213575184e-07,-3.3981550035788963e-08
5.0,5.128275369,-0.0001877513915,-0.002163776337,3.748019200656033e-07,-1.3254009835742147e-07,-2.8547147203937818e-08
5.0,5.20479617,-0.000178018296,-0.002126286879,3.324143465194831e-07,-1.1941017153872997e-07,-2.3463540305582068e-08
5.0,5.282424513,-0.0001679335262,-0.002088786165,2.9142151080604266e-07,-1.0638187040226006e-07,-1.878956280034721e-08
5.0,5.361176426,-0.0001575261594,-0.002051281309,2.519428593924849e-07,-9.343546973844676e-08,-1.4581031685182876e-08
5.0,5.441068173,-0.0001468399163,-0.002013795233,2.1413794604090007e-07,-8.057779020743824e-08,-1.0889165141536309e-08
5.0,5.522116252,-0.0001359415493,-0.001976376246,1.7822514389498964e-07,-6.785651625670126e-08,-7.758001285678135e-09
5.0,5.604337398,-0.0001249332007,-0.001939112544,1.445077998535788e-07,-5.5382881924997756e-08,-5.219616891939648e-09
5.0,5.68774859,-0.0001139690609,-0.001902152403,1.1340637233051737e-07,-4.336412535962075e-08,-3.2858797817445277e-09
5.0,5.772367054,-0.0001032733898,-0.001865727463,8.548456902339719e-08,-3.2140038895752695e-08,-1.935978285636447e-09
5.0,5.858210261,-9.31488939e-05,-0.001830167246,6.14290184039459e-08,-2.219065347746176e-08,-1.1026649252804094e-09
5.0,5.94529594,-8.395281286e-05,-0.001795879724,4.190597561892279e-08,-1.4049883058479958e-08,-6.656114612283028e-10
5.0,6.033642073,-7.601960933e-05,-0.001763268457,2.7260241774455122e-08,-8.077171336472855e-09,-4.722959349977481e-10
5.0,6.123266903,-6.954457558e-05,-0.001732598103,1.7219083784400416e-08,-4.250452423624856e-09,-3.850735790240788e-10
5.0,6.214188939,-6.450395018e-05,-0.001703862319,1.090321636521177e-08,-2.0455931637694263e-09,-3.267682249989867e-10
5.0,6.306426956,-6.067250641e-05,-0.001676963356,7.1851856979301715e-09,-9.387815798047394e-10,-2.757417556206221e-10
5.0,6.4,-5.774519399e-05,-0.001651391681,5.119630985091958e-09,-4.238893661745289e-10,-2.355376646699849e-10
7.0,8.5725275379999995e-16,0.132844461,2.349615455e-05,0.0014616321095175617,0.0012331473897104223,3.0739370595938364e-06
7.0,0.005204005258,0.1328408699,4.643471604e-05,0.001461622889533646,0.0012320037400646185,6.1351803605995655e-06
7.0,0.01033966345,0.1328302883,9.063458105e-05,0.0014615956793715167,0.0012325907932559783,1.2163948383385911e-05
7.0,0.01540787221,0.1328129961,0.000134021012,0.0014615512755015766,0.001233308600389464,1.8100256869997755e-05
7.0,0.02040951739,0.1327892638,0.0001775225831,0.001461490353143118,0.0012326248136058588,2.3955786919489894e-05
7.0,0.0253454732,0.1327593557,0.0002203635058,0.0014614134163229947,0.0012328916225796604,2.9728947013546772e-05
7.0,0.03021660239,0.1327235293,0.0002626276635,0.0014613210138108613,0.0012329819386171746,3.541992601617827e-05
7.0,0.03502375636,0.1326820351,0.0003042619509,0.0014612136482000065,0.0012331365060563484,4.1028646262483965e-05
7.0,0.03976777532,0.132635117,0.0003452936733,0.0014610917981162865,0.0012332744578840333,4.655529916734324e-05
7.0,0.04444948847,0.1325830122,0.0003857175828,0.0014609559115664004,0.0012334391761787725,5.2000070754009283e-05
7.0,0.04906971409,0.1325259512,0.0004255377156,0.001460806412991962,0.0012336160312604921,5.7363231135822585e-05
7.0,0.05362925975,0.1324641581,0.0004647555697,0.0014606437054759263,0.0012338079093378981,6.264510562501892e-05
7.0,0.05812892238,0.1323978502,0.0005033744159,0.0014604681716596745,0.0012340122039254488,6.784608732429776e-05
7.0,0.06256948846,0.1323272388,0.0005413974784,0.0014602801768262273,0.0012342287157668579,7.296662764363625e-05
7.0,0.06695173415,0.1322525288,0.0005788284815,0.0014600800710812703,0.0012344563962157235,7.800722492992068e-05
7.0,0.07127642538,0.1321739187,0.0006156714406,0.0014598681879157628,0.001234694504696908,8.296841640694093e-05
7.0,0.07554431806,0.1320916012,0.0006519306987,0.001459644848969382,0.001234942141603696,8.785078091601842e-05
7.0,0.07975615815,0.132005763,0.000687610924,0.001459410365156066,0.001235198656991059,9.265494687746487e-05
7.0,0.08391268182,0.1319165847,0.0007227169604,0.0014591650367523205,0.0012354629607492543,9.738158807191957e-05
7.0,0.08801461558,0.1318242415,0.0007572540885,0.0014589091546694164,0.001235735599531881,0.00010203140842055946
7.0,0.09206267639,0.1317289027,0.0007912270432,0.0014586430022284216,0.001236012648745244,0.00010660510091322819
7.0,0.09605757177,0.1316307321,0.0008246426334,0.0014583668539656302,0.0012362983046561393,0.00011112351812493216
7.0,0.1,0.1315298881,0.0008575072629,0.0014580809762662196,0.001236587972494508,0.00011555359797570729
7.0,0.1037429218,0.1314305186,0.0008885990392,0.0014577970920412523,0.0012368692445070277,0.00011969001429253134
7.0,0.1075400176,0.1313261135,0.0009200278196,0.0014574964908751421,0.001237165145343333,0.0001238842125067275
7.0,0.1113920715,0.131216509,0.0009517927095,0.0014571783560444686,0.0012374711513520485,0.0001281601065336066
7.0,0.115299879,0.1311015381,0.000983890892,0.0014568418230761623,0.001237789574801845,0.00013248096612207677
7.0,0.119264247,0.1309810293,0.00101631938,0.0014564859809195598,0.0012381195782353045,0.00013684639843432962
7.0,0.1232859942,0.1308548078,0.001049074763,0.0014561098716969437,0.001238461210688561,0.00014125593457575857
7.0,0.1273659511,0.1307226943,0.001082153164,0.0014557124897695353,0.0012388146245923448,0.00014570904763399538
7.0,0.1315049601,0.1305845059,0.001115550116,0.0014552927725189062,0.0012391798976557084,0.00015020513890798184
7.0,0.135703876,0.1304400556,0.001149260676,0.00145484960050129,0.0012395567426180646,0.00015474353918824455
7.0,0.1399635659,0.1302891524,0.001183279474,0.001454381794516766,0.001239944827319654,0.00015932352691822317
7.0,0.1442849094,0.1301316015,0.001217600639,0.0014538881143879654,0.0012403439695317614,0.00016394432663780693
7.0,0.1486687988,0.1299672039,0.001252217689,0.001453367254870452,0.0012407540474648705,0.00016860508308389223
7.0,0.1531161394,0.1297957568,0.001287123505,0.0014528178406273467,0.0012411747884767546,0.00017330484752169507
7.0,0.1576278496,0.1296170534,0.00132231038,0.0014522384222976034,0.0012416056799790848,0.0001780425884601192
7.0,0.1622048611,0.1294308831,0.00135777006,0.0014516274747151119,0.001242046091583822,0.00018281720723497727
7.0,0.166848119,0.1292370314,0.001393493691,0.0014509833973024395,0.0012424955067853064,0.0001876275333243624
7.0,0.1715585821,0.1290352799,0.001429471683,0.0014503045061525473,0.0012429535373043163,0.0001924723012085222
7.0,0.1763372232,0.1288254066,0.001465693628,0.0014495890327133327,0.0012434196451922227,0.0001973501395163152
7.0,0.181185029,0.1286071857,0.001502148384,0.001448835112999696,0.001243892966783423,0.00020225958161448272
7.0,0.1861030006,0.1283803878,0.001538824126,0.0014480407901189749,0.0012443724996151243,0.0002071990821388169
7.0,0.1910921536,0.12814478,0.00157570829,0.0014472040081100453,0.0012448573007141296,0.0002121670110878732
7.0,0.1961535182,0.1279001259,0.001612787465,0.0014463226117163552,0.001245346426888951,0.0002171616220844144
7.0,0.2012881397,0.1276461857,0.001650047346,0.0014453943367771852,0.0012458387884395857,0.00022218103537207252
7.0,0.2064970782,0.1273827167,0.001687472748,0.0014444168087834079,0.0012463331298382552,0.00022722325525375794
7.0,0.2117814095,0.1271094727,0.001725047589,0.0014433875375032725,0.0012468280405517824,0.00023228619975335812
7.0,0.2171422247,0.1268262049,0.001762754882,0.0014423039150874854,0.0012473219848467966,0.00023736769495391027
7.0,0.222580631,0.1265326616,0.001800576689,0.0014411632104614062,0.0012478133594249461,0.00024246543495417172
7.0,0.2280977512,0.1262285884,0.001838494051,0.0014399625633535655,0.0012483004828085,0.0002475769640891705
7.0,0.2336947247,0.1259137285,0.001876486947,0.001438698981280742,0.001248781455255323,0.00025269969408650203
7.0,0.2393727073,0.125587823,0.001914534332,0.0014373693350051698,0.0012492542311850598,0.0002578309296943108
7.0,0.2451328714,0.125250611,0.001952614053,0.0014359703565146515,0.0012497164342960706,0.0002629678669028162
7.0,0.2509764065,0.1249018295,0.001990702941,0.001434498633974437,0.0012501659010509963,0.0002681075612014197
7.0,0.2569045194,0.1245412142,0.002028776737,0.0014329506055982388,0.0012506000155996359,0.00027324690970377774
7.0,0.2629184342,0.1241684995,0.002066809803,0.001431322558254463,0.0012510159528343503,0.0002783826631398009
7.0,0.2690193927,0.1237834189,0.002104775381,0.0014296106204551061,0.0012514110211646872,0.00028351144900116135
7.0,0.2752086549,0.1233857049,0.002142645557,0.0014278107663847743,0.0012517820168187965,0.00028862977445201363
7.0,0.2814874987,0.1229750899,0.002180391103,0.0014259188069988933,0.0012521256750943986,0.0002937339981932322
7.0,0.2878572208,0.1225513058,0.002217981578,0.0014239303868053745,0.0012524384092307145,0.0002988203116732141
7.0,0.2943191364,0.1221140853,0.002255385268,0.0014218409828677429,0.0012527165142368435,0.0003038847518561725
7.0,0.3008745801,0.1216631613,0.002292569117,0.0014196459008040938,0.001252956112229437,0.0003089232273756489
7.0,0.3075249055,0.121198268,0.002329498694,0.0014173402794323974,0.0012531530813716897,0.00031393152026930777
7.0,0.3142714859,0.1207191406,0.002366138205,0.0014149190821611903,0.0012533030176851128,0.00031890525862253086
7.0,0.3211157144,0.1202255166,0.002402450497,0.0014123771011840015,0.0012534012606342634,0.00032383990114969184
7.0,0.3280590044,0.1197171353,0.00243839705,0.0014097089513205726,0.0012534429150026938,0.0003287307526647662
7.0,0.3351027897,0.119193739,0.002473937947,0.0014069090740717626,0.0012534228643976343,0.00033357299171557524
7.0,0.3422485248,0.118655073,0.002509031845,0.0014039717419900616,0.0012533357568518676,0.00033836167419589336
7.0,0.3494976853,0.1181008862,0.002543635961,0.0014008910554741752,0.0012531759761062273,0.000343091708673778
7.0,0.3568517682,0.1175309316,0.002577706074,0.0013976609463497004,0.0012529376341720577,0.0003477578409408234
7.0,0.364312292,0.1169449669,0.002611196524,0.0013942751804003695,0.0012526145859568369,0.00035235467025261955
7.0,0.3718807975,0.1163427551,0.002644060203,0.0013907273624793905,0.0012522004241966051,0.0003568766813261205
7.0,0.3795588474,0.1157240647,0.002676248565,0.0013870109411784361,0.0012516884591227228,0.00036131825391803526
7.0,0.3873480273,0.1150886705,0.00270771164,0.0013831192151624932,0.0012510717301153424,0.00036567364339221684
7.0,0.3952499456,0.1144363541,0.00273839804,0.0013790453420535892,0.0012503430243969971,0.0003699369643075229
7.0,0.4032662342,0.1137669046,0.00276825496,0.001374782341192954,0.0012494948667200023,0.00037410220457020037
7.0,0.4113985483,0.113080119,0.002797228193,0.0013703231052698646,0.001248519535548174,0.0003781632602055658
7.0,0.4196485673,0.1123758032,0.002825262134,0.0013656604141430442,0.0012474090298392154,0.00038211395335125114
7.0,0.4280179948,0.111653772,0.002852299836,0.0013607869568198162,0.0012461551278604953,0.00038594841237708923
7.0,0.4365085591,0.1109138502,0.002878282958,0.001355695372607865,0.0012447494007122926,0.00038966044092275247
7.0,0.4451220135,0.110155873,0.002903151843,0.0013503778117768446,0.0012431830861653807,0.0003932404063833856
7.0,0.4538601367,0.1093796871,0.00292684564,0.0013448270679729914,0.00124144709887256,0.0003966851205067295
7.0,0.4627247331,0.1085851507,0.002949302396,0.00133903572079546,0.0012395322098940394,0.0003999896389188647
7.0,0.4717176332,0.1077721345,0.002970458925,0.0013329957102551466,0.001237429203124213,0.00040314380165923407
7.0,0.4808406941,0.1069405224,0.002990250736,0.0013266995544861865,0.001235128566315457,0.00040614231022742753
7.0,0.4900957997,0.1060902121,0.003008612344,0.0013201396195751348,0.0012326204235953444,0.00040897854653552035
7.0,0.4994848611,0.1052211157,0.00302547734,0.0013133083025948266,0.0012298948062686977,0.0004116458963856817
7.0,0.5090098173,0.1043331605,0.003040778383,0.0013061980597632683,0.001226941671565007,0.00041413777807489387
7.0,0.518672635,0.1034262895,0.003054447242,0.0012988014294162413,0.001223750858357779,0.00041644764275305355
7.0,0.5284753098,0.1025004621,0.003066414889,0.0012911110554315124,0.0012203120725656788,0.00041856898366564093
7.0,0.5384198657,0.1015556551,0.003076611614,0.0012831197177958602,0.0012166149248024113,0.0004204953588880943
7.0,0.5485083564,0.1005918629,0.003084967124,0.001274820357645306,0.0012126489743636982,0.0004222204209931554
7.0,0.5587428652,0.09960909815,0.003091410637,0.0012662061083629401,0.0012084037688053543,0.00042373793654492255
7.0,0.5691255055,0.09860739289,0.003095870971,0.001257270329059734,0.00120386886137659,0.00042504179704194
7.0,0.5796584212,0.09758679866,0.003098276667,0.0012480066347361765,0.001199033827300221,0.00042612603395380687
7.0,0.5903437875,0.09654738734,0.003098556116,0.00123840892881941,0.0011938883062955763,0.00042698484393702556
7.0,0.6011838108,0.09548925174,0.003096637687,0.001228471436356747,0.001188422046817649,0.00042761261660902855
7.0,0.6121807297,0.09441250618,0.003092449847,0.0012181887399603018,0.00118262491171262,0.00042800395858315257
7.0,0.6233368149,0.09331728702,0.003085921342,0.0012075558156764026,0.001176486976045449,0.0004281537053542296
7.0,0.6346543703,0.09220375328,0.003076981267,0.001196568070342038,0.0011699984315132609,0.0004280569503839033
7.0,0.6461357329,0.0910720871,0.003065559414,0.001185221373624565,0.0011631500324072272,0.0004277090537537456
7.0,0.6577832735,0.08992249435,0.003051585971,0.0011735121028900854,0.0011559317615213642,0.0004271057059953886
7.0,0.6695993975,0.08875520504,0.003034993765,0.0011614371560946363,0.0011483367515611926,0.0004262429747355295
7.0,0.6815865448,0.08757047368,0.003015713597,0.0011489940335685021,0.0011403537964111536,0.0004251169902324912
7.0,0.6937471908,0.08636857976,0.002993676006,0.0011361808412047364,0.0011319762433595212,0.00042372465660134745
7.0,0.7060838467,0.08514982856,0.002968819895,0.0011229963145940633,0.0011231977882639225,0.0004220631960786452
7.0,0.7185990599,0.0839145511,0.002941082989,0.0011094398891097073,0.0011140086589819498,0.00042012992218635065
7.0,0.7312954149,0.08266310436,0.002910401967,0.0010955117093281687,0.001104404543113166,0.00041792294839286163
7.0,0.7441755335,0.08139587181,0.002876717788,0.001081212686695728,0.0010943785185636463,0.00041544072295075145
7.0,0.7572420753,0.08011326371,0.002839973265,0.0010665445062443416,0.001083925653330174,0.00041268217386836143
7.0,0.7704977387,0.07881571724,0.002800113918,0.0010515096749053683,0.0010730413541389016,0.00040964674829601326
7.0,0.783945261,0.07750369676,0.00275708791,0.0010361115429503862,0.0010617219116886923,0.0004063344260015581
7.0,0.797587419,0.0761776939,0.0027108464,0.0010203543346239228,0.0010499643578343121,0.00040274574269814705
7.0,0.8114270298,0.07483822766,0.002661343764,0.0010042431698112796,0.0010377665777725157,0.0003988817996944359
7.0,0.8254669514,0.07348584448,0.002608537874,0.0009877840891481856,0.001025127343121756,0.0003947442812233264
7.0,0.839710083,0.07212111821,0.00255239034,0.0009709840759004546,0.0010120463745715103,0.00039033547003423664
7.0,0.8541593657,0.07074465012,0.002492866752,0.0009538510702318331,0.0009985243710929814,0.0003856582626419686
7.0,0.8688177834,0.06935706877,0.002429936956,0.0009363939851504986,0.00098456304905309,0.00038071618229100696
7.0,0.883688363,0.06795902988,0.00236357531,0.0009186227178100876,0.0009701651868009847,0.0003755133887822602
7.0,0.8987741753,0.06655121611,0.002293760952,0.00090054815262948,0.000955334656571146,0.0003700546894344451
7.0,0.9140783356,0.06513433681,0.002220478068,0.0008821821706233372,0.0009400764516419205,0.00036434554821502526
7.0,0.929604004,0.06370912768,0.002143716188,0.0008635376459875651,0.0009243967174528642,0.00035839208962139247
7.0,0.9453543867,0.06227635039,0.002063470447,0.0008446284425179389,0.0009083027891475228,0.00035220109214842356
7.0,0.9613327362,0.06083679222,0.001979741857,0.0008254694034963864,0.0008918032067582291,0.00034577998124776907
7.0,0.9775423519,0.05939126549,0.001892537587,0.0008060763373069319,0.000874907733954391,0.0003391368379647179
7.0,0.9939865811,0.05794060706,0.00180187123,0.0007864660034417959,0.0008576273889012751,0.00033228040729304614
7.0,1.01066882,0.05648567765,0.001707763046,0.0007666560875852995,0.0008399744422778337,0.00032522008415565996
7.0,1.027592512,0.05502736113,0.001610240255,0.0007466651740186041,0.0008219623985972846,0.00031796588451774715
7.0,1.044761154,0.05356656386,0.001509337352,0.0007265127127183445,0.0008036060157295902,0.0003105284258749713
7.0,1.062178289,0.05210421385,0.001405096336,0.0007062189828500225,0.0007849213364256311,0.00030291892117320835
7.0,1.079847516,0.05064125994,0.001297566903,0.0006858050520977944,0.0007659256553011725,0.00029514916844092254
7.0,1.097772482,0.04917867078,0.001186806736,0.0006652927293080913,0.0007466374652002565,0.00028723152337907916
7.0,1.115956889,0.04771743389,0.00107288181,0.0006447045145303049,0.0007270764592015765,0.0002791788676821215
7.0,1.134404493,0.0462585546,0.000955866604,0.0006240635374136785,0.000707263538861514,0.0002710045763058366
7.0,1.153119101,0.04480305495,0.0008358442594,0.000603393497209545,0.0006872207732170879,0.0002627224828667588
7.0,1.17210458,0.04335197256,0.000712906803,0.0005827186014866337,0.0006669713180321866,0.0002543468438864517
7.0,1.19136485,0.04190635945,0.0005871554421,0.0005620634985175059,0.0006465393686552393,0.0002458923050682004
7.0,1.210903887,0.04046728076,0.0004587007869,0.0005414532026733626,0.000625950152935193,0.00023737386375203252
7.0,1.230725728,0.03903581351,0.0003276629667,0.0005209130140816255,0.0006052298809519966,0.00022880682074610348
7.0,1.250834464,0.03761304526,0.0001941717968,0.0005004684384370192,0.0005844056469841118,0.0002202067288707319
7.0,1.271234248,0.03620007281,5.836701709e-05,0.0004801453046890708,0.0005635055501014836,0.00021158933186515478
7.0,1.291929293,0.03479800107,-7.960151104e-05,0.0004599741524606541,0.0005425631123771766,0.00020297052005729583
7.0,1.312923873,0.03340794176,-0.0002195736674,0.0004399894366201405,0.0005216165080851431,0.00019436631104645158
7.0,1.334222322,0.03203101193,-0.0003613789239,0.0004202210930367817,0.0005007001217966385,0.0001857927720804128
7.0,1.35582904,0.03066833233,-0.0005048362094,0.00040069496804666545,0.00047984498084674643,0.0001772659418724122
7.0,1.377748487,0.02932102597,-0.0006497538204,0.0003814365815924249,0.0004590825243621988,0.0001688017838144029
7.0,1.39998519,0.02799021677,-0.0007959293003,0.00036247103477773593,0.000438444490857505,0.00016041612657676066
7.0,1.422543741,0.02667702819,-0.0009431493045,0.000343822916583496,0.00041796281869165697,0.00015212460927269172
7.0,1.445428798,0.02538258195,-0.001091189502,0.00032551621168098397,0.00039766954293096886,0.00014394262095042862
7.0,1.468645087,0.02410799679,-0.001239814454,0.0003075742063434639,0.0003775966734305504,0.0001358852357195296
7.0,1.492197403,0.02285438737,-0.001388777451,0.0002900193961900128,0.00035777608627130485,0.0001279671526317784
7.0,1.516090608,0.02162286329,-0.001537820381,0.0002728733983288131,0.00033823942432549233,0.00012020263984352594
7.0,1.540329637,0.02041452823,-0.001686673606,0.00025615687136124233,0.0003190179771435329,0.0001126054807869155
7.0,1.564919496,0.01923047923,-0.001835055734,0.0002398894387179145,0.0003001425535361296,0.00010518891844014608
7.0,1.589865261,0.01807180632,-0.001982673319,0.0002240896141964659,0.0002816433826999045,9.796559910640326e-05
7.0,1.615172084,0.01693959228,-0.002129220571,0.00020877473249459924,0.00026355000703518237,9.09475262765633e-05
7.0,1.640845191,0.01583491284,-0.002274378943,0.00019396088690504465,0.0002458911973451121,8.414601626189105e-05
7.0,1.666889884,0.01475883718,-0.002417816827,0.0001796628823979167,0.00022869486570186974,7.757164722859925e-05
7.0,1.69331154,0.01371242898,-0.002559188976,0.00016589418995057722,0.00021198791650718272,7.123423576226293e-05
7.0,1.720115616,0.01269674792,-0.002698135457,0.000152666911778362,0.0001957961850768497,6.514279996002808e-05
7.0,1.747307647,0.01171285192,-0.002834280857,0.0001399917572438191,0.00018014442345533037,5.930552614613868e-05
7.0,1.774893249,0.0107618001,-0.002967233313,0.00012787802760282386,0.00016505618380670175,5.372976233075553e-05
7.0,1.802878116,0.009844656644,-0.003096582856,0.00011633361470653277,0.00015055384300325945,4.8421986253595105e-05
7.0,1.831268029,0.008962495823,-0.00322190042,0.0001053650193239174,0.00013665835103883437,4.338782906148416e-05
7.0,1.86006885,0.008116407912,-0.003342734089,9.497735441877385e-05,0.0001233896354469534,3.8632063757477635e-05
7.0,1.889286525,0.007307506429,-0.003458605773,8.517441185083388e-05,0.00011076622886545904,3.415859779218033e-05
7.0,1.91892709,0.006536937956,-0.003569012048,7.595871072853716e-05,9.880530599516555e-05,2.997049207100532e-05
7.0,1.948996664,0.005805892011,-0.003673418463,6.733153084312145e-05,8.75230741214945e-05,2.6070035706540077e-05
7.0,1.979501456,0.005115612222,-0.003771253138,5.9293017709490365e-05,7.693443406280776e-05,2.2458752753057333e-05
7.0,2.010447767,0.004467408836,-0.003861904098,5.184225979418468e-05,6.705325272086971e-05,1.9137407637177157e-05
7.0,2.041841986,0.003862669314,-0.00394471465,4.497736085023667e-05,5.7892360875049896e-05,1.6106079315797234e-05
7.0,2.073690596,0.003302864435,-0.004018979754,3.869549862513448e-05,4.946353826679929e-05,1.3364162247193746e-05
7.0,2.106000175,0.00278954299,-0.004083945573,3.2992922196194204e-05,4.177740612639788e-05,1.0910349401240832e-05
7.0,2.138777393,0.002324303071,-0.004138815884,2.786483713385108e-05,3.484307475820601e-05,8.742528376660096e-06
7.0,2.17202902,0.001908719156,-0.004182771662,2.3305089053573138e-05,2.8667355241005844e-05,6.857531673031941e-06
7.0,2.205761922,0.001544192521,-0.004215014208,1.9305510283770614e-05,2.325321925476902e-05,5.2506016645265685e-06
7.0,2.239983065,0.001231682914,-0.004234845573,1.585477177200427e-05,1.8597093208570472e-05,3.914416697561774e-06
7.0,2.274699515,0.0009712855906,-0.004241799656,1.2936582344778984e-05,1.468455628642235e-05,2.8374382445257355e-06
7.0,2.309918441,0.0007616738534,-0.004235821192,1.0527282361838486e-05,1.148439584587065e-05,2.001746342196916e-06
7.0,2.345647117,0.0005995503292,-0.004217446118,8.593007059799686e-06,8.94373344710419e-06,1.3813901180522913e-06
7.0,2.381892919,0.000479408977,-0.004187920517,7.087617339576071e-06,6.983971399341769e-06,9.416464327339549e-07
7.0,2.418663334,0.0003939115245,-0.004149160302,5.952472426895883e-06,5.505807732690061e-06,6.433366793402662e-07
7.0,2.455965953,0.0003348762693,-0.004103436136,5.119897150896187e-06,4.401786995280213e-06,4.490757495431507e-07
7.0,2.49380848,0.0002945285036,-0.004052967427,4.520308442754211e-06,3.5695327983067704e-06,3.2720298496088867e-07
7.0,2.53219873,0.0002664564512,-0.003999651517,4.090137170569243e-06,2.924037089787621e-06,2.542607224097399e-07
7.0,2.571144629,0.0002459579314,-0.003944922797,3.7774724539286875e-06,2.402146206616365e-06,2.1428543537251554e-07
7.0,2.610654221,0.0002298902163,-0.003889758838,3.5435807366518798e-06,1.9607666785699752e-06,1.9667871477894283e-07
7.0,2.650735663,0.0002162857118,-0.003834782162,3.3613897583628626e-06,1.572528612444404e-06,1.9449249265438026e-07
7.0,2.691397234,0.0002039637443,-0.003780369841,3.2127069248903984e-06,1.2208055465922181e-06,2.0309668433928948e-07
7.0,2.732647329,0.0001922323099,-0.00372674329,3.085511795809489e-06,8.958393865913166e-07,2.1936541769778694e-07
7.0,2.774494467,0.0001806907778,-0.00367402943,2.971877858937419e-06,5.920537404923283e-07,2.411320754017042e-07
7.0,2.816947288,0.0001691093612,-0.003622299034,2.866555647576591e-06,3.0639240025823166e-07,2.668331216868785e-07
7.0,2.86001456,0.0001573586848,-0.003571589346,2.7660636429084396e-06,3.733461917222123e-08,2.952672004462946e-07
7.0,2.903705176,0.0001453694754,-0.003521917141,2.6681190358923975e-06,-2.1566110488369195e-07,3.254375193594376e-07
7.0,2.948028158,0.0001331097207,-0.003473286206,2.5712832437449677e-06,-4.524793104271905e-07,3.564463680915946e-07
7.0,2.992992659,0.0001205717584,-0.00342569157,2.474745972455995e-06,-6.725355679295198e-07,3.874256578249967e-07
7.0,3.038607963,0.000107764846,-0.003379121783,2.378195927773184e-06,-8.748920682326955e-07,4.174959774456524e-07
7.0,3.084883491,9.471080874e-05,-0.003333560192,2.281739544428258e-06,-1.0583508073737697e-06,4.457486039302118e-07
7.0,3.131828798,8.144146742e-05,-0.003288985544,2.185837380059483e-06,-1.2215513777605649e-06,4.7124986118026646e-07
7.0,3.179453579,6.799705476e-05,-0.003245372307,2.091240887385193e-06,-1.3630822820637515e-06,4.930608042602614e-07
7.0,3.227767668,5.442516538e-05,-0.003202690977,1.9989292393431427e-06,-1.481597669869646e-06,5.102705378887786e-07
7.0,3.276781041,4.077977583e-05,-0.003160908331,1.9100371196221305e-06,-1.5759552139674504e-06,5.220489229770743e-07
7.0,3.326503821,2.712018466e-05,-0.003119987784,1.8257617352660117e-06,-1.6453893246336427e-06,5.277137995244082e-07
7.0,3.376946275,1.350986126e-05,-0.00307988971,1.7472448655331564e-06,-1.6896900976706985e-06,5.268044990297628e-07
7.0,3.428118819,1.513723809e-08,-0.003040571946,1.6754423935518577e-06,-1.709354806575497e-06,5.191442029425788e-07
7.0,3.48003202,-1.329628091e-05,-0.003001990568,1.6110083404972618e-06,-1.705678994975534e-06,5.048799202054523e-07
7.0,3.532696599,-2.63571412e-05,-0.002964100733,1.5542064477954906e-06,-1.6807744870039408e-06,4.844979486904262e-07
7.0,3.58612343,-3.910273577e-05,-0.002926857693,1.5048622302387381e-06,-1.637496725370866e-06,4.588002001617066e-07
7.0,3.640323547,-5.147299166e-05,-0.002890217839,1.4623737687391257e-06,-1.5792627471044272e-06,4.2883500269112287e-07
7.0,3.695308141,-6.341435085e-05,-0.002854139685,1.4257918053873806e-06,-1.5097747826256784e-06,3.957911260781117e-07
7.0,3.751088567,-7.48811878e-05,-0.002818584729,1.3939613709866125e-06,-1.432687979984154e-06,3.6087367950769273e-07
7.0,3.807676344,-8.583655581e-05,-0.002783517917,1.365686820193213e-06,-1.3512947402484552e-06,3.251884651219719e-07
7.0,3.865083157,-9.62520658e-05,-0.002748907706,1.339879046845337e-06,-1.2682996931193184e-06,2.8965700167422964e-07
7.0,3.92332086,-0.0001061069033,-0.00271472569,1.3156551975324855e-06,-1.1857233173254776e-06,2.5496989532080156e-07
7.0,3.98240148,-0.0001153863033,-0.002680946141,1.2923253126746084e-06,-1.1049636945932738e-06,2.216320874944958e-07
7.0,4.042337217,-0.0001240801385,-0.00264754562,1.2693771482393836e-06,-1.0270068057133465e-06,1.899761484992001e-07
7.0,4.103140447,-0.0001321824828,-0.00261450269,1.246382811494197e-06,-9.526165867330602e-07,1.6023291755107928e-07
7.0,4.164823726,-0.000139691904,-0.002581798458,1.2229016950406937e-06,-8.824206568660948e-07,1.3261078426802325e-07
7.0,4.227399792,-0.0001466120069,-0.002549417181,1.198539006075228e-06,-8.169247003996676e-07,1.0725085053352617e-07
7.0,4.290881567,-0.0001529516843,-0.002517346277,1.1730038699361518e-06,-7.564352105678754e-07,8.421526201861127e-08
7.0,4.35528216,-0.000158724387,-0.002485576016,1.1461544653395417e-06,-7.009905352086592e-07,6.348165682472743e-08
7.0,4.420614869,-0.0001639466202,-0.002454098758,1.1180058321528409e-06,-6.503845290877033e-07,4.4951111587293334e-08
7.0,4.486893186,-0.0001686361885,-0.002422908001,1.0886928369906047e-06,-6.042460272034663e-07,2.8475468331590392e-08
7.0,4.554130797,-0.0001728107441,-0.00239199757,1.0584152091079077e-06,-5.62132385500185e-07,1.3887495340331991e-08
7.0,4.622341587,-0.0001764868365,-0.002361361035,1.027389668606536e-06,-5.23602408767529e-07,1.0224876242219265e-09
7.0,4.691539642,-0.0001796794874,-0.002330991414,9.958187505806024e-07,-4.882552718233407e-07,-1.0269443618829933e-08
7.0,4.76173925,-0.0001824021603,-0.002300881089,9.638765392035582e-07,-4.5574379624381333e-07,-2.0119866539022844e-08
7.0,4.832954907,-0.0001846669095,-0.002271021844,9.317064657030314e-07,-4.2577390647420336e-07,-2.8643593565447175e-08
7.0,4.905201321,-0.0001864845981,-0.002241404955,8.994245514417199e-07,-3.980968277668101e-07,-3.5941515651964614e-08
7.0,4.97849341,-0.0001878651252,-0.002212021299,8.671240888359798e-07,-3.724997886466109e-07,-4.2103980823924424e-08
7.0,5.052846308,-0.0001888176177,-0.002182861455,8.3488052064029e-07,-3.4879762919755426e-07,-4.7213720467129166e-08
7.0,5.128275369,-0.0001893505883,-0.00215391579,8.027555474419155e-07,-3.2682594643913553e-07,-5.13472661567001e-08
7.0,5.20479617,-0.0001894720791,-0.002125174542,7.708002292438493e-07,-3.064373470101053e-07,-5.4576169318077954e-08
7.0,5.282424513,-0.0001891897655,-0.00209662784,7.390579695872048e-07,-2.8749712879427874e-07,-5.696870001600592e-08
7.0,5.361176426,-0.0001885110152,-0.002068265775,7.075673425261198e-07,-2.6988075454130965e-07,-5.859242528179456e-08
7.0,5.441068173,-0.000187442897,-0.002040078407,6.763558493683399e-07,-2.534736101270419e-07,-5.951028869362033e-08
7.0,5.522116252,-0.0001859924441,-0.002012055784,6.454608040079778e-07,-2.3816500783304453e-07,-5.97702149118866e-08
7.0,5.604337398,-0.0001841666467,-0.001984188056,6.149065821631623e-07,-2.2385877357653916e-07,-5.944093952011881e-08
7.0,5.68774859,-0.0001819717289,-0.001956465121,5.847177426290347e-07,-2.104609452396771e-07,-5.859903790568622e-08
7.0,5.772367054,-0.000179413846,-0.00192887711,5.549204261175328e-07,-1.9788586169372475e-07,-5.728478118354414e-08
7.0,5.858210261,-0.0001764994774,-0.001901413913,5.255284021860878e-07,-1.860343861866579e-07,-5.554482982176995e-08
7.0,5.94529594,-0.0001732347896,-0.001874066271,4.965655627450864e-07,-1.7487158525118948e-07,-5.344016687624743e-08
7.0,6.033642073,-0.0001696257626,-0.001846822638,4.680506304769962e-07,-1.6422855518963086e-07,-5.1021116423703113e-08
7.0,6.123266903,-0.0001656783511,-0.001819677284,4.4000151136111444e-07,-1.5430514073387094e-07,-4.834041912076667e-08
7.0,6.214188939,-0.0001613982684,-0.001792608649,4.124353516579125e-07,-1.4447226593077717e-07,-4.542705728112409e-08
7.0,6.306426956,-0.0001567914453,-0.001765642294,3.8536976888387366e-07,-1.3528031709097644e-07,-4.2402151744357675e-08
7.0,6.4,-0.0001518526636,-0.001738739525,3.590173108239362e-07,-1.2672015443075934e-07,-3.921824573628746e-08
9.0,1.102182113e-15,0.1052646246,1.475415954e-05,0.0009118666989853684,0.0007691106631869174,1.5284303504190586e-06
9.0,0.005204005335,0.10526283,2.915801161e-05,0.0009118631909065441,0.0007683953109691858,3.0505560731897073e-06
9.0,0.0103396636,0.105257542,5.691371775e-05,0.0009118528394249111,0.0007687568717801522,6.048360356961735e-06
9.0,0.01540787243,0.1052489,8.416291557e-05,0.0009118359549077203,0.0007691931630803427,9.000661328025427e-06
9.0,0.02040951769,0.1052370385,0.000111491643,0.0009118128031093096,0.000768748652240624,1.191353676257947e-05
9.0,0.02534547358,0.1052220886,0.0001384145147,0.000911783585491342,0.0007688945186086375,1.4786394337892505e-05
9.0,0.03021660284,0.1052041778,0.000164985709,0.0009117485237708218,0.0007689263261629596,1.7619511777424928e-05
9.0,0.03502375688,0.1051834298,0.0001911734917,0.0009117078244743834,0.0007689944273545408,2.041302102001785e-05
9.0,0.03976777591,0.1051599653,0.0002169964697,0.000911661685139921,0.0007690486020231933,2.3167168022513848e-05
9.0,0.04444948913,0.105133901,0.0002424526448,0.0009116102932041818,0.000769116224145485,2.5882182431211502e-05
9.0,0.04906971482,0.1051053505,0.000267545705,0.0009115538275233295,0.0007691883874999163,2.855832250586828e-05
9.0,0.05362926055,0.1050744241,0.0002922776175,0.0009114924594406763,0.0007692671246107073,3.1195860708924816e-05
9.0,0.05812892325,0.1050412288,0.0003166513402,0.0009114263522256464,0.0007693510346327132,3.379508762572876e-05
9.0,0.0625694894,0.1050058681,0.0003406696886,0.000911355664467489,0.0007694402161698239,3.63563086377781e-05
9.0,0.06695173514,0.1049684429,0.000364335685,0.0009112805466689612,0.0007695342333280011,3.8879841314750144e-05
9.0,0.07127642644,0.1049290505,0.0003876524322,0.0009112011449754809,0.0007696328413464145,4.136601500440047e-05
9.0,0.07554431918,0.1048877854,0.0004106231431,0.0009111175988913855,0.0007697356930111208,4.3815171679750534e-05
9.0,0.07975615934,0.1048447393,0.0004332511427,0.0009110300429596702,0.0007698425832006198,4.6227664882057014e-05
9.0,0.08391268308,0.1048000009,0.0004555397866,0.0009109386084661188,0.0007699530424994602,4.860385846125538e-05
9.0,0.0880146169,0.1047536559,0.0004774926212,0.0009108434229753603,0.0007700675222932642,5.0944122324939924e-05
9.0,0.09206267776,0.1047057874,0.0004991128189,0.0009107446085787665,0.000770183904704956,5.324881831408511e-05
9.0,0.09605757321,0.104656476,0.0005204046617,0.0009106422837026233,0.0007703048017049866,5.5528510522594286e-05
9.0,0.1000000015,0.1046057993,0.0005413721634,0.0009105365627263179,0.0007704276231558172,5.7766395772712856e-05
9.0,0.1037429233,0.1045558413,0.0005612343949,0.000910431783698052,0.0007705473098593,5.985857356326762e-05
9.0,0.1075400192,0.1045033279,0.0005813386791,0.0009103210507009979,0.0007706741374541278,6.198283439334316e-05
9.0,0.1113920731,0.1044481731,0.0006016863471,0.0009102040921986997,0.0007708053531444178,6.415150835505907e-05
9.0,0.1152998807,0.1043902888,0.0006222777097,0.0009100806229505543,0.0007709426586495363,6.634627007695768e-05
9.0,0.1192642488,0.1043295844,0.000643113126,0.0009099503451980322,0.0007710856811873187,6.856716016561362e-05
9.0,0.123285996,0.1042659672,0.000664192719,0.0009098129458538576,0.0007712346243651767,7.081419335463942e-05
9.0,0.127365953,0.1041993417,0.0006855164807,0.0009096680954863544,0.0007713895261789387,7.308736111460527e-05
9.0,0.1315049621,0.1041296103,0.0007070842092,0.0009095154486956819,0.0007715504927925663,7.538663304001678e-05
9.0,0.1357038781,0.1040566729,0.0007288955222,0.0009093546416332051,0.0007717175783966434,7.77119628717579e-05
9.0,0.139963568,0.1039804266,0.0007509498454,0.0009091852909783195,0.0007718908319498945,8.006328740717938e-05
9.0,0.1442849115,0.1039007662,0.0007732464034,0.0009090069975922682,0.0007720702967101571,8.244052517648825e-05
9.0,0.148668801,0.103817584,0.0007957842053,0.0009088193398112689,0.0007722560145129194,8.484356735664287e-05
9.0,0.1531161417,0.1037307693,0.0008185620285,0.0009086218758103044,0.000772448022713852,8.727227681735874e-05
9.0,0.157627852,0.1036402092,0.0008415784071,0.0009084141367271128,0.0007726463381416803,8.972649353985029e-05
9.0,0.1622048635,0.1035457878,0.0008648316229,0.0009081956344732316,0.0007728509586475947,9.220603480059752e-05
9.0,0.1668481215,0.1034473868,0.000888319696,0.0009079658554139874,0.0007730618625431696,9.471069525247868e-05
9.0,0.1715585846,0.103344885,0.0009120403708,0.0009077242592551295,0.0007732790180505734,9.724023560781615e-05
9.0,0.1763372258,0.1032381584,0.0009359911002,0.0009074702788710778,0.0007735023685189619,9.979438067706252e-05
9.0,0.1811850317,0.1031270804,0.000960169041,0.0009072033148340994,0.0007737318245813924,0.00010237282697231497
9.0,0.1861030034,0.1030115217,0.0009845710366,0.0009069227402806053,0.000773967303474142,0.00010497524260419561
9.0,0.1910921564,0.1028913501,0.001009193585,0.0009066278976013191,0.000774208718898229,0.000107601265303286
9.0,0.1961535212,0.1027664306,0.001034032825,0.000906318094817295,0.000774455924092026,0.00011025049004065908
9.0,0.2012881427,0.1026366255,0.00105908455,0.0009059926040860249,0.0007747087172468561,0.00011292246976395751
9.0,0.2064970813,0.1025017943,0.001084344184,0.0009056506612743988,0.0007749669040455877,0.00011561672335782118
9.0,0.2117814126,0.1023617937,0.001109806746,0.0009052914619418423,0.0007752302850474916,0.00011833273289053226
9.0,0.217142228,0.1022164777,0.001135466832,0.0009049141669771445,0.0007754985930589699,0.00012106994075056282
9.0,0.2225806343,0.1020656974,0.001161318629,0.0009045178925610763,0.00077577150361009,0.00012382773948302708
9.0,0.2280977546,0.1019093014,0.001187355881,0.0009041017106875235,0.0007760486956052613,0.0001266054727786444
9.0,0.2336947282,0.1017471353,0.001213571856,0.0009036646464492239,0.0007763298236632961,0.00012940244242239533
9.0,0.2393727108,0.1015790423,0.001239959332,0.0009032056779194576,0.0007766144589154896,0.00013221790459411547
9.0,0.245132875,0.1014048628,0.001266510606,0.0009027237363831087,0.0007769021152825863,0.00013505106662583546
9.0,0.2509764103,0.1012244346,0.001293217465,0.0009022177009450039,0.0007771922740149813,0.00013790107789409477
9.0,0.2569045233,0.1010375931,0.001320071154,0.0009016863943861387,0.0007774844373095439,0.00014076703126378936
9.0,0.2629184381,0.100844171,0.001347062313,0.0009011285839051716,0.0007777778918017291,0.00014364796975472441
9.0,0.2690193968,0.1006439986,0.001374181074,0.0009005429769920244,0.0007780721002978704,0.00014654288164694056
9.0,0.275208659,0.1004369041,0.001401417027,0.0008999282258844629,0.0007783662727667843,0.0001494506965769419
9.0,0.2814875029,0.100222713,0.001428758985,0.0008992829188756797,0.0007786595272646216,0.00015237027886034183
9.0,0.2878572251,0.1000012488,0.001456195189,0.0008986055780363517,0.0007789511305967227,0.00015530042777755647
9.0,0.2943191408,0.09977233309,0.001483713302,0.0008978946562452534,0.0007792400568361214,0.00015823988485432112
9.0,0.3008745846,0.09953578512,0.001511300249,0.0008971485372941066,0.0007795253651569162,0.0001611873282045974
9.0,0.3075249101,0.09929142241,0.001538942264,0.000896365538214097,0.0007798059669798231,0.0001641413688133453
9.0,0.3142714906,0.09903906069,0.001566624862,0.0008955439011752926,0.0007800807054297722,0.00016710054345929584
9.0,0.3211157192,0.09877851405,0.00159433282,0.0008946817894284098,0.0007803483339360903,0.00017006331677305654
9.0,0.3280590093,0.09850959508,0.001622050165,0.0008937772883408071,0.0007806075111531148,0.0001730280876114174
9.0,0.3351027947,0.09823211501,0.001649760158,0.0008928284021144238,0.0007808568008904211,0.00017599318393354994
9.0,0.3422485299,0.09794588389,0.001677445271,0.0008918330556352878,0.0007810946864255628,0.00017895685949918046
9.0,0.3494976905,0.09765071071,0.001705087152,0.0008907890918481616,0.0007813195680941448,0.0001819172873214315
9.0,0.3568517735,0.09734640368,0.001732666602,0.000889694263768162,0.0007815297401847885,0.00018487256206229895
9.0,0.3643122975,0.09703277033,0.001760163566,0.0008885462325072761,0.0007817233786811597,0.00018782070575634567
9.0,0.371880803,0.09670961776,0.001787557114,0.0008873425751004165,0.0007818985464053575,0.00019075966347630496
9.0,0.379558853,0.09637675283,0.001814825437,0.0008860807767935161,0.0007820531761862646,0.0001936873010084501
9.0,0.387348033,0.09603398241,0.001841945836,0.0008847582324927705,0.0007821850896891088,0.00019660139954090955
9.0,0.3952499515,0.09568111362,0.001868894689,0.0008833722422883332,0.0007822920113584348,0.00019949965877611063
9.0,0.4032662402,0.09531795406,0.001895647426,0.0008819200071289087,0.0007823715499346878,0.00020237970254405766
9.0,0.4113985544,0.09494431209,0.001922178508,0.000880398635527718,0.0007824211782411017,0.00020523907408859742
9.0,0.4196485735,0.09455999707,0.001948461431,0.0008788051442794232,0.0007824382166439082,0.00020807523517002305
9.0,0.4280180012,0.09416481972,0.001974468729,0.0008771364535859498,0.0007824198460684788,0.00021088556377326167
9.0,0.4365085656,0.09375859232,0.002000171956,0.0008753893863544464,0.0007823631288086012,0.00021366735777459745
9.0,0.4451220201,0.09334112912,0.002025541663,0.0008735606678603376,0.0007822650020230399,0.00021641783898788313
9.0,0.4538601435,0.09291224658,0.00205054738,0.0008716469307300746,0.0007821222572805791,0.00021913415027776398
9.0,0.46272474,0.09247176373,0.002075157624,0.000869644717298924,0.0007819315283602076,0.00022181335717694466
9.0,0.4717176402,0.09201950255,0.002099339901,0.0008675504791836055,0.0007816893136304831,0.0002244524465346589
9.0,0.4808407013,0.09155528826,0.002123060685,0.0008653605753453383,0.0007813919756939556,0.0002270483306191964
9.0,0.490095807,0.09107894976,0.002146285422,0.0008630712767625216,0.0007810357166824019,0.0002295978536437384
9.0,0.4994848686,0.09059031994,0.002168978547,0.0008606787708973234,0.000780616580619541,0.00023209779030942168
9.0,0.5090098249,0.0900892361,0.002191103486,0.0008581791678303252,0.0007801304774009474,0.0002345448468426108
9.0,0.5186726428,0.08957554036,0.002212622644,0.0008555685026579469,0.0007795731902081025,0.00023693566172874327
9.0,0.5284753176,0.08904908003,0.0022334974,0.0008528427357014242,0.0007789403581393368,0.00023926681346490305
9.0,0.5384198737,0.08850970807,0.00225368813,0.0008499977579370326,0.00077822744662962,0.00024153482860104738
9.0,0.5485083646,0.08795728349,0.002273154257,0.0008470294021519973,0.0007774297594829018,0.00024373627281219432
9.0,0.5587428735,0.08739167177,0.002291854253,0.0008439335283087488,0.0007765425315292834,0.0002458677921282556
9.0,0.5691255139,0.08681274529,0.002309745567,0.0008407056890455521,0.0007755608624687148,0.00024792485937241465
9.0,0.5796584298,0.08622038387,0.002326784737,0.0008373416192644039,0.0007744796789754596,0.0002499037971546485
9.0,0.5903437963,0.08561447516,0.002342927391,0.0008338371452932481,0.0007732937774308686,0.00025180240939319325
9.0,0.6011838198,0.0849949151,0.00235812833,0.0008301877765241406,0.0007719978083207604,0.0002536163848590667
9.0,0.6121807388,0.08436160836,0.00237234153,0.0008263891651320827,0.00077058638742872,0.00025534130625079054
9.0,0.6233368242,0.08371446882,0.002385520087,0.0008224369409005617,0.0007690540105185627,0.0002569738106976548
9.0,0.6346543798,0.0830534201,0.002397616367,0.0008183267400569033,0.0007673950387248286,0.0002585101422781416
9.0,0.6461357425,0.08237839598,0.002408581991,0.0008140542216180207,0.0007656037768754483,0.0002599465509226779
9.0,0.6577832833,0.08168934087,0.002418367902,0.0008096150790652279,0.000763674432937643,0.000261279296948814
9.0,0.6695994075,0.08098621031,0.002426924429,0.0008050050582847956,0.0007616011448091759,0.00026250465930797057
9.0,0.681586555,0.08026897147,0.002434201336,0.0008002199675630888,0.0007593780087504599,0.0002636189445822238
9.0,0.6937472012,0.07953760356,0.002440147862,0.0007952556943637986,0.0007569990948573667,0.00026461849680318116
9.0,0.7060838572,0.07879209838,0.002444712782,0.0007901082142949581,0.0007544584267874972,0.0002654997092938123
9.0,0.7185990706,0.07803246074,0.002447844505,0.0007847736172114988,0.0007517500058564635,0.0002662590367568984
9.0,0.7312954258,0.07725870893,0.002449491153,0.0007792481199257414,0.0007488678385441068,0.00026689300480268845
9.0,0.7441755445,0.07647087519,0.00244960062,0.0007735280857213619,0.0007458059711337315,0.00026739821597343853
9.0,0.7572420866,0.07566900618,0.002448120637,0.0007676100405565819,0.0007425584906799436,0.0002677713627433692
9.0,0.7704977502,0.07485316339,0.002444998878,0.0007614906891281694,0.0007391195125499182,0.0002680092453790495
9.0,0.7839452727,0.07402342361,0.002440183085,0.0007551669359180227,0.0007354832399281033,0.000268108784228518
9.0,0.7975874309,0.07317987933,0.002433621122,0.0007486359101247954,0.0007316439564925738,0.0002680670240156891
9.0,0.8114270419,0.07232263918,0.002425261141,0.0007418949801176996,0.0007275961696466018,0.0002678811535931331
9.0,0.8254669637,0.0714518283,0.002415051511,0.0007349417749772194,0.0007233341672489484,0.00026754849755822855
9.0,0.8397100955,0.0705675888,0.002402941782,0.000727774203013113,0.000718853209234306,0.0002670666156161369
9.0,0.8541593784,0.06967007998,0.002388881314,0.0007203904676328004,0.0007141477179645819,0.0002664331385444674
9.0,0.8688177964,0.06875947882,0.002372818468,0.0007127890969566281,0.0007092126752055165,0.00026564588714138646
9.0,0.8836883762,0.06783598041,0.002354705008,0.0007049689739171638,0.0007040442063429808,0.00026470310224728483
9.0,0.8987741887,0.06689979811,0.002334494531,0.0006969293339211355,0.000698637222870244,0.0002636030417882938
9.0,0.9140783492,0.06595116386,0.0023121397,0.0006886697886939074,0.0006929877924996038,0.0002623441808123711
9.0,0.9296040179,0.06499032844,0.002287594565,0.0006801903582737057,0.0006870922760652193,0.0002609253562541041
9.0,0.9453544008,0.06401756182,0.002260814976,0.0006714914833799256,0.000680947120453833,0.0002593456054539085
9.0,0.9613327505,0.06303315333,0.002231758292,0.0006625740437648803,0.000674549287860654,0.00025760424638883705
9.0,0.9775423664,0.0620374119,0.002200383624,0.0006534393764912803,0.0006678960749444735,0.0002557008681963981
9.0,0.9939865959,0.06103066624,0.002166651993,0.0006440892919906507,0.0006609852094244123,0.00025363536494733813
9.0,1.010668835,0.06001326497,0.00213052649,0.0006345260914024303,0.0006538148809154163,0.0002514079459487593
9.0,1.027592528,0.05898557668,0.002091972412,0.000624752581741208,0.0006463837531778021,0.00024901913309856267
9.0,1.044761169,0.05794799012,0.002050957466,0.0006147720886209516,0.0006386909732487676,0.0002464697645495375
9.0,1.062178305,0.0569009142,0.002007451968,0.000604588468089586,0.0006307362136912909,0.00024376101628756103
9.0,1.079847532,0.05584477805,0.001961429005,0.0005942061179965899,0.0006225197008477641,0.00024089441652076809
9.0,1.097772499,0.05478003095,0.001912864635,0.0005836299874676228,0.0006140422222464348,0.0002378718463843707
9.0,1.115956906,0.05370714233,0.001861738098,0.0005728655845104107,0.0006053051539233815,0.00023469554347994664
9.0,1.13440451,0.05262660163,0.001808031995,0.0005619189814416333,0.0005963105041948937,0.00023136811294951682
9.0,1.153119119,0.05153891822,0.001751732448,0.0005507968182006829,0.0005870609267219826,0.0002278925335642271
9.0,1.172104598,0.05044462119,0.001692829302,0.0005395063038958881,0.0005775597091357366,0.00022427215125034807
9.0,1.191364868,0.04934425919,0.001631316379,0.0005280552159721581,0.0005678107870771181,0.00022051068158296519
9.0,1.210903906,0.04823840016,0.001567191704,0.0005164518975027867,0.0005578187910418475,0.0002166122248221535
9.0,1.230725746,0.04712763102,0.001500457646,0.0005047052521002254,0.000547589074700189,0.00021258126683522602
9.0,1.250834482,0.04601255732,0.001431121086,0.000492824735636938,0.0005371276986064416,0.00020842266272558528
9.0,1.271234267,0.04489380287,0.001359193648,0.00048082034543025246,0.0005264414192388116,0.0002041416282407448
9.0,1.291929312,0.04377200935,0.001284691936,0.0004687026071653538,0.0005155377088411735,0.00019974374679352408
9.0,1.312923892,0.0426478358,0.001207637729,0.00045648255969591496,0.0005044247703269493,0.0001952349702467834
9.0,1.334222342,0.04152195809,0.00112805816,0.0004441717366084246,0.0004931115374671935,0.00019062160170894786
9.0,1.35582906,0.04039506837,0.001045985899,0.0004317821444263476,0.0004816076697681783,0.00018591028012370203
9.0,1.377748507,0.03926787447,0.0009614593386,0.0004193262379265703,0.00046992353851381597,0.00018110797222377405
9.0,1.399985211,0.03814109923,0.0008745228024,0.0004068168951886439,0.0004580702161115758,0.00017622196245158642
9.0,1.422543762,0.03701547981,0.0007852267374,0.00039426738799028477,0.0004460594723664347,0.00017125983668032614
9.0,1.44542882,0.03589176696,0.0006936278751,0.0003816913492709142,0.0004339037627111053,0.00016622946283732415
9.0,1.468645109,0.03477072425,0.0005997893991,0.00036910273682177195,0.00042161619942915877,0.0001611389732914576
9.0,1.492197425,0.0336531272,0.0005037811327,0.0003565157964771862,0.00040921053331651456,0.00015599674555458916
9.0,1.516090631,0.03253976249,0.000405679678,0.0003439450240884676,0.0003967011370027058,0.00015081137898132873
9.0,1.54032966,0.03143142703,0.0003055685556,0.00033140512473541867,0.0003841029614994725,0.00014559166970817215
9.0,1.564919519,0.03032892714,0.0002035383991,0.0003189109660456724,0.00037143149522590865,0.00014034658658295798
9.0,1.589865284,0.02923307755,9.968712222e-05,0.000306477529874477,0.0003587027426795639,0.00013508524541692177
9.0,1.615172108,0.0281447005,-5.879966964e-06,0.0002941210198147,0.0003459343432442155,0.00012981687359129746
9.0,1.640845215,0.02706462491,-0.0001130500553,0.00028186085976430515,0.00033314757215552505,0.00012455079279251308
9.0,1.666889908,0.02599368536,-0.000221702686,0.0002697163303145365,0.00032036397350861573,0.00011929639190996451
9.0,1.693311565,0.02493272104,-0.0003317095956,0.0002577035984668605,0.00030760239066261627,0.0001140630788201737
9.0,1.720115642,0.02388257455,-0.0004429346158,0.0002458378563562916,0.00029488112833190027,0.00010886025370424882
9.0,1.747307673,0.02284409093,-0.0005552336469,0.0002341341117687249,0.00028221874532612096,0.00010369727845141612
9.0,1.774893275,0.02181811658,-0.0006684545866,0.00022260713516315169,0.00026963397272644965,9.858343809241551e-05
9.0,1.802878143,0.02080549835,-0.0007824371571,0.00021127140575817407,0.00025714563980350604,9.352790406316053e-05
9.0,1.831268056,0.0198070826,-0.000897012734,0.0002001410555654281,0.0002447726318743578,8.85397031731091e-05
9.0,1.860068877,0.01882371433,-0.001012004298,0.0001892298137700795,0.00023253384574608617,8.362768616522142e-05
9.0,1.889286554,0.0178562363,-0.001127226406,0.0001785509537027945,0.0002204481136716102,7.880049325079873e-05
9.0,1.918927118,0.01690548828,-0.001242485062,0.00016811724451302882,0.00020853411963383162,7.406651567045826e-05
9.0,1.948996693,0.01597230648,-0.001357577499,0.00015794090383153793,0.0001968103323093329,6.943386130931084e-05
9.0,1.979501486,0.01505752306,-0.001472291982,0.00014803355121002722,0.00018529496161258035,6.491032567225444e-05
9.0,2.010447797,0.01416196581,-0.001586407692,0.0001384061651999534,0.00017400589511794415,6.050336559002072e-05
9.0,2.041842016,0.01328645797,-0.001699694483,0.000129069042725743,0.0001629606316739357,5.6220067305885854e-05
9.0,2.073690627,0.0124318184,-0.001811912633,0.00012003176556583244,0.00015217621876053235,5.206711444872116e-05
9.0,2.106000206,0.01159886195,-0.001922812398,0.00011130316953471429,0.00014166918178817837,4.80507708169495e-05
9.0,2.138777425,0.01078840025,-0.00203213348,0.00010289131959939689,0.0001314555019892899,4.4176856965586105e-05
9.0,2.172029053,0.01000124288,-0.002139604643,9.480349128558789e-05,0.00012155057325680654,4.0450727993738555e-05
9.0,2.205761955,0.009238199063,-0.002244942985,8.704615578246858e-05,0.00011196912974028615,3.687726152555391e-05
9.0,2.239983098,0.008500079922,-0.002347852933,7.962497245240008e-05,0.00010272524110093986,3.3460841756507055e-05
9.0,2.274699549,0.0077877015,-0.002448025436,7.254479280218103e-05,9.383225117587198e-05,3.0205358007244336e-05
9.0,2.309918476,0.007101888482,-0.002545136312,6.580966213807338e-05,8.530285324847837e-05,2.711420985263937e-05
9.0,2.345647152,0.006443478699,-0.002638843945,5.942284544084301e-05,7.714901796581287e-05,2.4190291794635608e-05
9.0,2.381892955,0.005813329413,-0.002728788778,5.3386858095714785e-05,6.938192041305712e-05,2.14359888478097e-05
9.0,2.41866337,0.005212324291,-0.002814590985,4.7703480805950054e-05,6.20121328536522e-05,1.8853227125971436e-05
9.0,2.455965989,0.004641381203,-0.00289584586,4.237381459098505e-05,5.504955648298512e-05,1.6443480869330898e-05
9.0,2.493808517,0.004101461708,-0.00297212131,3.739833649417856e-05,4.850346931170799e-05,1.4207777208145738e-05
9.0,2.532198767,0.003593580838,-0.003042954935,3.277694616256559e-05,4.2382614398550226e-05,1.2146739810549526e-05
9.0,2.571144667,0.00311881627,-0.003107849881,2.8509020422133647e-05,3.669518380781185e-05,1.026061263526351e-05
9.0,2.61065426,0.002678314513,-0.003166271678,2.459345385782745e-05,3.144886877247577e-05,8.549279883884543e-06
9.0,2.650735703,0.002273289433,-0.003217647229,2.102866872736846e-05,2.66508236903933e-05,7.012266506666276e-06
9.0,2.691397274,0.001905004481,-0.003261368523,1.7812556739987643e-05,2.230749235685769e-05,5.648697147446946e-06
9.0,2.73264737,0.00157472368,-0.003296805381,1.4942301208078326e-05,1.8424177303430176e-05,4.45716830718852e-06
9.0,2.774494508,0.001283607923,-0.003323334475,1.2414003452737367e-05,1.5004206338124574e-05,3.435454743532261e-06
9.0,2.81694733,0.001032525193,-0.003340395819,1.0222014392607094e-05,1.2047362071925967e-05,2.579938547329671e-06
9.0,2.860014603,0.0008217455973,-0.003347585185,8.357870514121185e-06,9.547495157844145e-06,1.8846484796364016e-06
9.0,2.903705219,0.0006505256419,-0.003344790845,6.808825999747599e-06,7.4886156160600695e-06,1.3398744802004686e-06
9.0,2.948028202,0.0005166740176,-0.003332327479,5.556103098778337e-06,5.84223481097258e-06,9.309788583278158e-07
9.0,2.992992703,0.0004162986511,-0.003311037828,4.573419904549892e-06,4.56369734581687e-06,6.378771177695931e-07
9.0,3.038608008,0.0003439957397,-0.003282313744,3.8265135486375635e-06,3.594549304317808e-06,4.368615548297623e-07
9.0,3.084883537,0.0002935337382,-0.003247866866,3.2747887671976102e-06,2.86980585820343e-06,3.0446226712121945e-07
9.0,3.131828845,0.0002587981633,-0.003209417095,2.8754101092569175e-06,2.3254488752483117e-06,2.2042172126565815e-07
9.0,3.179453626,0.000234595809,-0.003168480092,2.5882920637345647e-06,1.9069474533766546e-06,1.6923058925345463e-07
9.0,3.227767716,0.0002170213456,-0.003126226146,2.3799579740550727e-06,1.5727864202492294e-06,1.401241648108801e-07
9.0,3.27678109,0.0002034117463,-0.003083467847,2.225009516920148e-06,1.29408024563151e-06,1.2588666785631013e-07
9.0,3.326503871,0.0001920754661,-0.003040729176,2.10548718603169e-06,1.0521345682766192e-06,1.2175005502907309e-07
9.0,3.376946325,0.0001819869084,-0.002998330886,2.009247823081857e-06,8.353910723706509e-07,1.2454763621924525e-07
9.0,3.42811887,0.0001725404137,-0.002956462658,1.9282494727419012e-06,6.368917401442718e-07,1.3216014639662518e-07
9.0,3.480032072,0.0001633825772,-0.002915233875,1.8571862991251334e-06,4.5249486653361987e-07,1.4315342290592062e-07
9.0,3.532696651,0.0001543080369,-0.00287470603,1.7925331221392303e-06,2.797492494877676e-07,1.5653642248231182e-07
9.0,3.586123483,0.0001451978725,-0.00283491236,1.7319232473342172e-06,1.1722925778562566e-07,1.715978750102449e-07
9.0,3.640323601,0.000135984127,-0.00279586935,1.6737570991614666e-06,-3.5848193413497506e-08,1.877954434095499e-07
9.0,3.695308196,0.0001266296821,-0.002757583294,1.6169614182446188e-06,-1.7984213020847736e-07,2.0468089005541467e-07
9.0,3.751088623,0.000117116883,-0.002720053971,1.5608403572111087e-06,-3.1480629503585237e-07,2.2185024714655056e-07
9.0,3.807676401,0.0001074410401,-0.002683276695,1.5049812980541113e-06,-4.405568357786777e-07,2.3891241512194764e-07
9.0,3.865083215,9.760668895e-05,-0.002647243471,1.449197712144398e-06,-5.567095073415112e-07,2.5546802472237773e-07
9.0,3.923320919,8.762547112e-05,-0.002611943604,1.3934953098307554e-06,-6.627121069429824e-07,2.710960287585838e-07
9.0,3.98240154,7.751501028e-05,-0.002577363957,1.3380512718968106e-06,-7.578842314495437e-07,2.853487255418956e-07
9.0,4.042337277,6.729832622e-05,-0.002543488994,1.2831963362762267e-06,-8.414614687257449e-07,2.977556177064114e-07
9.0,4.103140508,5.700344935e-05,-0.002510300739,1.229390083073196e-06,-9.126560616618926e-07,3.0783936655259044e-07
9.0,4.164823788,4.666307126e-05,-0.00247777878,1.177191046117937e-06,-9.707262295467935e-07,3.1513936182614375e-07
9.0,4.227399855,3.631414887e-05,-0.002445900281,1.1272174397740795e-06,-1.0150659785362918e-06,3.1924331589055694e-07
9.0,4.290881631,2.59974153e-05,-0.002414640068,1.0800964060030204e-06,-1.0453098316779014e-06,3.1982551153987465e-07
9.0,4.355282225,1.575673209e-05,-0.00238397081,1.0364038499811492e-06,-1.0614297854901408e-06,3.1668494590508895e-07
9.0,4.420614935,5.638204377e-06,-0.002353863328,9.96595509299741e-07,-1.0638234886610223e-06,3.097813653861633e-07
9.0,4.486893253,-4.310957934e-06,-0.002324287089,9.60945256598828e-07,-1.0533622557786523e-06,2.9925811407741313e-07
9.0,4.554130865,-1.404382327e-05,-0.002295210782,9.295005653920405e-07,-1.0313896208150124e-06,2.8544671294761265e-07
9.0,4.622341656,-2.351528709e-05,-0.00226660305,9.020659703256804e-07,-9.996589050041312e-07,2.688476647672104e-07
9.0,4.691539712,-3.268363396e-05,-0.002238433281,8.782250269528469e-07,-9.602021515898128e-07,2.5008373128698446e-07
9.0,4.761739321,-4.151192592e-05,-0.002210672348,8.573966597696337e-07,-9.151553687244042e-07,2.298358289651982e-07
9.0,4.832954979,-4.996896908e-05,-0.002183293218,8.389206583792777e-07,-8.665593105874049e-07,2.0877091328514664e-07
9.0,4.905201394,-5.802964553e-05,-0.00215627127,8.221515146876288e-07,-8.161859601230284e-07,1.874776094078767e-07
9.0,4.978493484,-6.56745502e-05,-0.002129584259,8.065330108448459e-07,-7.654351351748098e-07,1.664267819127887e-07
9.0,5.052846383,-7.28891207e-05,-0.002103212036,7.916201786363396e-07,-7.153208656509274e-07,1.4597249854587918e-07
9.0,5.128275446,-7.966261486e-05,-0.002077136242,7.770710334109997e-07,-6.6656125681997e-07,1.2636830669489297e-07
9.0,5.204796248,-8.598760771e-05,-0.002051340015,7.626123165527464e-07,-6.197080377739154e-07,1.0779348454886214e-07
9.0,5.282424591,-9.18601609e-05,-0.002025808099,7.479712931167334e-07,-5.752218565519551e-07,9.040315309861543e-08
9.0,5.361176506,-9.728027212e-05,-0.002000527413,7.328839425956056e-07,-5.334863944877642e-07,7.432292051873829e-08
9.0,5.441068255,-0.0001022522334,-0.001975487341,7.171443624439303e-07,-4.94773108139869e-07,5.962366457631622e-08
9.0,5.522116334,-0.0001067842996,-0.001950679613,7.006314207670375e-07,-4.5918678702813993e-07,4.632149504395754e-08
9.0,5.604337482,-0.0001108876092,-0.001926097827,6.833259375232612e-07,-4.266594166966836e-07,3.437704358204956e-08
9.0,5.687748675,-0.0001145747943,-0.001901736677,6.652937433142065e-07,-3.9698826765884094e-07,2.3711335746458115e-08
9.0,5.77236714,-0.0001178586917,-0.001877591337,6.466521419088697e-07,-3.6991075785699067e-07,1.4225611679204024e-08
9.0,5.858210349,-0.0001207514479,-0.001853656678,6.275362082606103e-07,-3.451275959240849e-07,5.818943735100227e-09
9.0,5.945296028,-0.0001232640949,-0.001829927649,6.080758282635272e-07,-3.2241095865502765e-07,-1.6025249036315527e-09
9.0,6.033642163,-0.0001254064343,-0.0018063975,5.883844866718597e-07,-3.0143906657496165e-07,-8.120649756355247e-09
9.0,6.123266995,-0.0001271871567,-0.001783061892,5.68555605218662e-07,-2.8229834291617556e-07,-1.3808458174099773e-08
9.0,6.214189032,-0.0001286139658,-0.001759907815,5.486638736728522e-07,-2.641795416646827e-07,-1.8713307179926552e-08
9.0,6.30642705,-0.000129693924,-0.001736949482,5.287692803608352e-07,-2.47690256175676e-07,-2.281001441591781e-08
9.0,6.400000095,-0.0001304289749,-0.001714169259,5.090152185174072e-07,-2.326709483936688e-07,-2.6229407597361794e-08
11.0,1.347111464e-15,0.08716127524,1.012399728e-05,0.0006231602433283416,0.0005254763528460213,8.678830818467252e-07
11.0,0.005204005258,0.08716025337,2.000827994e-05,0.0006231586208630581,0.0005249864216725326,1.7321373394924486e-06
11.0,0.01033966345,0.08715724234,3.905459613e-05,0.0006231538320944232,0.0005252321854159848,3.4342587144372725e-06
11.0,0.01540787221,0.08715232156,5.775464549e-05,0.0006231460219048111,0.0005255259839652935,5.110635366798378e-06
11.0,0.02040951739,0.08714556733,7.651228454e-05,0.000623135317107011,0.0005252149253819545,6.7648484678811825e-06
11.0,0.0253454732,0.08713705404,9.499458103e-05,0.0006231218134163205,0.0005253070013652303,8.396607103132058e-06
11.0,0.03021660239,0.0871268539,0.000113239397,0.0006231056169399154,0.0005253193220149593,1.0006126064111604e-05
11.0,0.03502375636,0.08711503709,0.0001312255398,0.0006230868269445786,0.0005253549982247168,1.1593530098086472e-05
11.0,0.03976777532,0.08710167172,0.0001489663318,0.0006230655391194508,0.0005253797419563425,1.3159005226301162e-05
11.0,0.04444948847,0.08708682391,0.0001664608723,0.0006230418449095051,0.0005254123995171061,1.4702721653944118e-05
11.0,0.04906971409,0.08707055782,0.0001837121201,0.0006230158321194569,0.000525446936492329,1.6224862420832688e-05
11.0,0.05362925975,0.0870529357,0.000200721809,0.0006229875852328513,0.0005254848219990645,1.7725614999006193e-05
11.0,0.05812892238,0.08703401793,0.0002174923073,0.0006229571853610339,0.0005255251747621035,1.920517355593269e-05
11.0,0.06256948846,0.08701386305,0.0002340258453,0.0006229247104700942,0.0005255681350426483,2.066373524299138e-05
11.0,0.06695173415,0.08699252781,0.0002503247555,0.0006228902356298018,0.0005256134787636545,2.2101500629283956e-05
11.0,0.07127642538,0.08697006721,0.0002663913895,0.0006228538332821695,0.0005256611084408407,2.3518675707409348e-05
11.0,0.07554431806,0.08694653455,0.0002822281402,0.0006228155733168151,0.0005257108550563282,2.491547165818124e-05
11.0,0.07975615815,0.08692198144,0.0002978374463,0.0006227755231004514,0.0005257626399342483,2.6292103651716626e-05
11.0,0.08391268182,0.08689645788,0.0003132217396,0.0006227337480117776,0.0005258162125442764,2.764878640343555e-05
11.0,0.08801461558,0.08687001227,0.0003283835487,0.0006226903111597763,0.0005258719415043714,2.8985735126270605e-05
11.0,0.09206267639,0.08684269146,0.000343325121,0.0006226452735477331,0.000525928498652592,3.0303162232805512e-05
11.0,0.09605757177,0.08681454079,0.0003580494068,0.0006225986941976652,0.0005259876236583225,3.160713077204896e-05
11.0,0.1,0.08678560408,0.0003725591825,0.0006225506304412815,0.0005260476087744314,3.288796356833523e-05
11.0,0.1037429218,0.08675707125,0.0003863135701,0.0006225030553278384,0.0005261060619477282,3.408611758345881e-05
11.0,0.1075400176,0.08672707196,0.0004002454263,0.0006224528403258003,0.0005261684047434398,3.530350027744297e-05
11.0,0.1113920715,0.08669555593,0.0004143563415,0.0006223998718320719,0.0005262328908086873,3.654732038637368e-05
11.0,0.115299879,0.08666247151,0.000428647264,0.000622344030960161,0.0005263006632595842,3.7807166445660056e-05
11.0,0.119264247,0.08662776557,0.0004431193065,0.0006222851933786672,0.0005263713286539003,3.9083133042702084e-05
11.0,0.1232859942,0.08659138353,0.0004577734734,0.0006222232289991059,0.0005264450551412039,4.03752988148688e-05
11.0,0.1273659511,0.08655326927,0.0004726107143,0.0006221580016754465,0.0005265219312840395,4.1683733089922765e-05
11.0,0.1315049601,0.08651336516,0.000487631868,0.0006220893686034979,0.0005266020814957944,4.3008505002675486e-05
11.0,0.135703876,0.08647161198,0.0005028376958,0.0006220171801225409,0.0005266855399276121,4.434968273301442e-05
11.0,0.1399635659,0.08642794889,0.0005182288931,0.0006219412797028837,0.0005267723312335722,4.570732944967494e-05
11.0,0.1442849094,0.08638231342,0.0005338060783,0.0006218615034103665,0.0005268625160859829,4.708149302288427e-05
11.0,0.1486687988,0.08633464145,0.000549569766,0.000621777679011733,0.000526956191322355,4.847220739330005e-05
11.0,0.1531161394,0.08628486716,0.0005655203544,0.0006216896261201941,0.000527053433855396,4.9879503796264886e-05
11.0,0.1576278496,0.08623292298,0.0005816581398,0.0006215971552021862,0.0005271542594134931,5.1303410840271064e-05
11.0,0.1622048611,0.0861787396,0.0005979833336,0.0006215000679818681,0.0005272586625056196,5.274394978206298e-05
11.0,0.166848119,0.08612224592,0.0006144960453,0.0006213981566416454,0.000527366700127262,5.420112194879757e-05
11.0,0.1715585821,0.08606336902,0.0006311962356,0.0006212912033064595,0.0005274784811303624,5.5674911615338856e-05
11.0,0.1763372232,0.08600203416,0.0006480837054,0.0006211789790640037,0.0005275940674452376,5.716529964941033e-05
11.0,0.181185029,0.08593816469,0.0006651581233,0.000621061243800624,0.0005277134454638825,5.8672262372796486e-05
11.0,0.1861030006,0.0858716821,0.0006824190397,0.0006209377457185973,0.0005278366007972577,6.019576552969777e-05
11.0,0.1910921536,0.08580250592,0.0006998658574,0.000620808220661848,0.0005279635681182497,6.173575161401924e-05
11.0,0.1961535182,0.08573055375,0.0007174978022,0.0006206723913662537,0.0005280943829025306,6.329214202596962e-05
11.0,0.2012881397,0.08565574123,0.0007353139268,0.0006205299666842085,0.0005282290419563166,6.486485054295336e-05
11.0,0.2064970782,0.08557798198,0.0007533131119,0.0006203806413875872,0.0005283675335072596,6.645378275186045e-05
11.0,0.2117814095,0.08549718763,0.0007714940498,0.0006202240951806656,0.0005285098482239259,6.805883134532653e-05
11.0,0.2171422247,0.08541326775,0.0007898552354,0.0006200599923811864,0.0005286559587423653,6.967986317448298e-05
11.0,0.222580631,0.08532612986,0.0008083949628,0.0006198879802286875,0.0005288058211780047,7.13167198448111e-05
11.0,0.2280977512,0.08523567942,0.0008271113121,0.0006197076885273166,0.0005289593981117963,7.296923042314863e-05
11.0,0.2336947247,0.08514181982,0.0008460021276,0.0006195187288558147,0.0005291166462919816,7.463721180820663e-05
11.0,0.2393727073,0.08504445231,0.0008650650147,0.0006193206941140084,0.0005292774820441645,7.632046513000125e-05
11.0,0.2451328714,0.08494347607,0.0008842973454,0.0006191131574348839,0.0005294417965881066,7.801876229073695e-05
11.0,0.2509764065,0.08483878814,0.0009036962411,0.0006188956706814006,0.0005296094901537052,7.973184397363253e-05
11.0,0.2569045194,0.08473028345,0.0009232585461,0.0006186677636744281,0.0005297804580593064,8.145943326060371e-05
11.0,0.2629184342,0.08461785482,0.0009429808175,0.0006184289433013164,0.0005299545656810745,8.320123752712905e-05
11.0,0.2690193927,0.08450139293,0.000962859319,0.000618178692976979,0.000530131673748149,8.495694459556945e-05
11.0,0.2752086549,0.08438078634,0.0009828899963,0.0006179164713668548,0.0005303115167127619,8.672620830709042e-05
11.0,0.2814874987,0.08425592149,0.001003068528,0.0006176417108207196,0.0005304940158448113,8.850864623448831e-05
11.0,0.2878572208,0.08412668273,0.001023390274,0.0006173538161465522,0.0005306788931191591,9.030385312911564e-05
11.0,0.2943191364,0.08399295234,0.00104385017,0.0006170521639403377,0.0005308658230201604,9.211140295647721e-05
11.0,0.3008745801,0.08385461049,0.001064442829,0.0006167361015839737,0.0005310546560051387,9.393084518081824e-05
11.0,0.3075249055,0.08371153531,0.001085162521,0.0006164049458374681,0.0005312450266341017,9.576169059582565e-05
11.0,0.3142714859,0.0835636029,0.001106003112,0.000616057981226282,0.0005314366294462538,9.760340879191268e-05
11.0,0.3211157144,0.0834106874,0.00112695807,0.0006156944586258621,0.0005316290968222678,9.945544185911814e-05
11.0,0.3280590044,0.08325266096,0.001148020453,0.0006153135946382123,0.0005318220254661864,0.0001013172055781513
11.0,0.3351027897,0.08308939382,0.001169182905,0.0006149145700235773,0.0005320149672452767,0.0001031880854024838
11.0,0.3422485248,0.08292075434,0.001190437639,0.0006144965288328868,0.0005322074594481999,0.00010506742191427639
11.0,0.3494976853,0.08274660906,0.0012117764,0.0006140585760691944,0.0005323990192427407,0.00010695450977110125
11.0,0.3568517682,0.08256682277,0.001233190448,0.0006135997763174075,0.0005325891099141269,0.00010884861206940591
11.0,0.364312292,0.08238125854,0.001254670559,0.0006131191529274632,0.0005327771352330407,0.00011074896085446158
11.0,0.3718807975,0.08218977782,0.001276207018,0.0006126156870612391,0.0005329624496545318,0.0001126547513602836
11.0,0.3795588474,0.08199224047,0.001297789601,0.0006120883161148032,0.0005331443715890082,0.00011456512852510062
11.0,0.3873480273,0.08178850489,0.001319407549,0.0006115359318031712,0.0005333221784419967,0.00011647918702308511
11.0,0.3952499456,0.08157842809,0.001341049556,0.0006109573782934044,0.0005334950943045358,0.00011839598501623249
11.0,0.4032662342,0.08136186581,0.001362703751,0.0006103514518614721,0.0005336622869374793,0.00012031454377793993
11.0,0.4113985483,0.08113867255,0.001384357685,0.0006097168996816005,0.0005338228642313095,0.00012223384236278786
11.0,0.4196485673,0.08090870174,0.001405998322,0.0006090524185233255,0.0005339758864417957,0.00012415280612473135
11.0,0.4280179948,0.08067180586,0.001427612007,0.0006083566526444499,0.000534120354784567,0.00012607030708438282
11.0,0.4365085591,0.08042783653,0.001449184464,0.0006076281930278079,0.0005342551907246844,0.00012798517564399322
11.0,0.4451220135,0.0801766447,0.001470700794,0.0006068655762665468,0.0005343792500359883,0.00012989619963943194
11.0,0.4538601367,0.0799180807,0.001492145449,0.0006060672841733142,0.00053449133580619,0.00013180212063985554
11.0,0.4627247331,0.07965199448,0.001513502209,0.0006052317419920868,0.0005345901930128801,0.0001337016243669537
11.0,0.4717176332,0.07937823571,0.001534754161,0.000604357317757787,0.0005346744889099466,0.00013559334040784475
11.0,0.4808406941,0.07909665399,0.001555883701,0.0006034423206327261,0.0005347428035766642,0.00013747585324289953
11.0,0.4900957997,0.07880709901,0.001576872525,0.0006024850014471194,0.0005347936379228774,0.0001393477019502168
11.0,0.4994848611,0.07850942069,0.001597701624,0.0006014835520920168,0.0005348254133818127,0.00014120737718989907
11.0,0.5090098173,0.07820346944,0.001618351267,0.0006004361049860554,0.0005348364859049025,0.000143053313074331
11.0,0.518672635,0.07788909633,0.001638800971,0.0005993407321351342,0.0005348251407725794,0.0001448838857718085
11.0,0.5284753098,0.0775661533,0.001659029495,0.000598195444984618,0.0005347895693191188,0.0001466974254112061
11.0,0.5384198657,0.07723449341,0.001679014837,0.000596998194927751,0.000534727866331957,0.0001484922167008407
11.0,0.5485083564,0.07689397101,0.001698734244,0.0005957468741237656,0.0005346380356488649,0.00015026649685945836
11.0,0.5587428652,0.07654444203,0.001718164194,0.0005944393156216519,0.0005345180049160024,0.0001520184476265973
11.0,0.5691255055,0.0761857642,0.001737280379,0.0005930732937834113,0.0005343656204336969,0.00015374619549182473
11.0,0.5796584212,0.07581779733,0.0017560577,0.000591646524785879,0.0005341786312895586,0.0001554478227032138
11.0,0.5903437875,0.07544040356,0.001774470272,0.0005901566683201475,0.0005339546901553254,0.0001571213694844605
11.0,0.6011838108,0.07505344764,0.001792491425,0.0005886013295264465,0.0005336913535168774,0.00015876483226895396
11.0,0.6121807297,0.07465679716,0.001810093706,0.0005869780609372349,0.0005333860941104046,0.0001603761578300029
11.0,0.6233368149,0.07425032293,0.001827248864,0.00058528436373542,0.0005330362985789154,0.00016195324425444523
11.0,0.6346543703,0.07383389923,0.001843927858,0.0005835176899421704,0.0005326392563212229,0.00016349395187187303
11.0,0.6461357329,0.07340740411,0.001860100863,0.000581675445577605,0.0005321921627909839,0.00016499610630350974
11.0,0.6577832735,0.07297071971,0.001875737284,0.0005797549944405629,0.0005316921186872155,0.00016645749772865761
11.0,0.6695993975,0.07252373256,0.001890805766,0.0005777536613835626,0.0005311361246064286,0.00016787587804133184
11.0,0.6815865448,0.07206633396,0.001905274213,0.0005756687683722797,0.0005305211283843992,0.00016924926941654103
11.0,0.6937471908,0.07159842025,0.001919109731,0.0005734975068721004,0.0005298440054568725,0.00017057477212616262
11.0,0.7060838467,0.07111989319,0.001932278685,0.000571237078529781,0.0005291015036871839,0.00017184968067292353
11.0,0.7185990599,0.07063066036,0.001944746761,0.0005688848188211375,0.000528290275150866,0.00017307289528476183
11.0,0.7312954149,0.07013063536,0.001956478983,0.0005664378897118532,0.0005274069113337527,0.00017424178329014168
11.0,0.7441755335,0.06961973828,0.0019674397,0.0005638934171237022,0.000526447972489988,0.00017535327992649502
11.0,0.7572420753,0.06909789604,0.001977592561,0.000561248610879433,0.0005254099346726471,0.00017640530382910993
11.0,0.7704977387,0.06856504273,0.001986900617,0.0005585006553351288,0.0005242891875397078,0.0001773954481713633
11.0,0.783945261,0.06802112,0.001995326326,0.0005556467461035542,0.00052308207163893,0.0001783213052144203
11.0,0.797587419,0.06746607737,0.002002831602,0.0005526840971833909,0.0005217848747214782,0.00017918046969735466
11.0,0.8114270298,0.06689987268,0.002009377832,0.0005496099495526855,0.0005203938466732788,0.00017997054160815817
11.0,0.8254669514,0.06632247242,0.002014925921,0.0005464215793966363,0.0005189051978984912,0.00018068913619746104
11.0,0.839710083,0.0657338521,0.002019436333,0.0005431163076279732,0.0005173151024827912,0.0001813338916121518
11.0,0.8541593657,0.06513399661,0.002022869151,0.0005396915096677865,0.0005156197068058639,0.00018190247381559953
11.0,0.8688177834,0.06452290063,0.002025184123,0.0005361446254194965,0.0005138151564874825,0.00018239257965087553
11.0,0.883688363,0.06390056892,0.002026340694,0.000532473169391436,0.0005118975968778266,0.00018280194242951614
11.0,0.8987741753,0.06326701679,0.00202629808,0.0005286747408974858,0.0005098631630963033,0.000183128343604633
11.0,0.9140783356,0.06262227036,0.002025015344,0.0005247470361102578,0.0005077080079815248,0.00018336961939724686
11.0,0.929604004,0.06196636699,0.002022451446,0.0005206878599576404,0.0005054283268025475,0.00018352366624404097
11.0,0.9453543867,0.06129935557,0.002018565291,0.0005164951375580982,0.0005030203632939764,0.00018358844791394765
11.0,0.9613327362,0.0606212969,0.002013315803,0.0005121669260026513,0.0005004803939110321,0.0001835620034448086
11.0,0.9775423519,0.05993226403,0.002006662048,0.0005077014255647183,0.0004978047574931465,0.0001834424610648978
11.0,0.9939865811,0.05923234257,0.001998563304,0.0005030969934844913,0.0004949898510905712,0.00018322803156285543
11.0,1.01066882,0.05852163104,0.001988979248,0.0004983521585645885,0.0004920321997263572,0.0001829170471273847
11.0,1.027592512,0.05780024112,0.001977870109,0.0004934656294552166,0.0004889286953685082,0.00018250791000935676
11.0,1.044761154,0.05706829798,0.001965195295,0.00048843631472748,0.00048567545903638266,0.00018199911499791236
11.0,1.062178289,0.05632594059,0.001950915075,0.00048326333325064284,0.0004822699510959062,0.00018138941026780596
11.0,1.079847516,0.05557332202,0.001934992382,0.0004779460192551829,0.0004787092916023035,0.00018067758984775592
11.0,1.097772482,0.05481060964,0.001917389781,0.0004724839404156811,0.00047499007714710555,0.0001798625396918842
11.0,1.115956889,0.05403798534,0.001898069922,0.00046687691439532294,0.0004711102322777007,0.0001789433774274901
11.0,1.134404493,0.0532556458,0.001876997025,0.0004611250210801376,0.0004670671751718705,0.00017791934295322687
11.0,1.153119101,0.05246380274,0.001854136292,0.00045522860968724065,0.00046285879160460036,0.00017678984773252296
11.0,1.17210458,0.05166268307,0.001829454186,0.0004491883119531182,0.000458483113274067,0.0001755544835765612
11.0,1.19136485,0.05085252903,0.001802918562,0.0004430050538886415,0.00045393843608806066,0.00017421302455521303
11.0,1.210903887,0.0500335984,0.00177449877,0.00043668006709323776,0.00044922336008741264,0.00017276542894325913
11.0,1.230725728,0.04920616461,0.001744165706,0.00043021490015853376,0.0004443367869112342,0.00017121184577774027
11.0,1.250834464,0.04837051687,0.001711891984,0.00042361142703031547,0.0004392778887710456,0.00016955263199979742
11.0,1.271234248,0.04752696021,0.001677652137,0.00041687185513290435,0.0004340461519803024,0.00016778836069810624
11.0,1.291929293,0.04667581559,0.001641422733,0.0004099987332386277,0.0004286414215172381,0.0001659198205628106
11.0,1.312923873,0.04581741987,0.001603182473,0.00040299495878481836,0.0004230639005866357,0.00016394801782713153
11.0,1.334222322,0.04495212588,0.001562912365,0.00039586378384531167,0.0004173141445570962,0.00016187418343082866
11.0,1.35582904,0.04408030238,0.001520595899,0.0003886088203274242,0.00041139308747930583,0.00015969978125260882
11.0,1.377748487,0.04320233398,0.001476219189,0.0003812340434997002,0.00040530206965358375,0.00015742651216736552
11.0,1.39998519,0.04231862112,0.001429771106,0.0003737437946446435,0.0003990428394536248,0.00015505631543609013
11.0,1.422543741,0.04142957988,0.001381243448,0.00036614278209947515,0.00039261756425884494,0.00015259137007666047
11.0,1.445428798,0.0405356419,0.001330631091,0.00035843608058135724,0.0003860288421874216,0.00015003409608640924
11.0,1.468645087,0.03963725418,0.001277932159,0.0003506291298365768,0.0003792797081241962,0.00014738715657623363
11.0,1.492197403,0.03873487887,0.001223148185,0.0003427277313707262,0.0003723736499393827,0.00014465345863702686
11.0,1.516090608,0.03782899302,0.001166284252,0.00033473804401630254,0.00036531461699670833,0.0001418361515564169
11.0,1.540329637,0.03692008831,0.001107349147,0.00032666657749982154,0.0003581070179598713,0.0001389386240104641
11.0,1.564919496,0.03600867075,0.001046355541,0.0003185201836820332,0.00035075571820410395,0.00013596450033424653
11.0,1.589865261,0.03509526028,0.0009833201658,0.0003103060474474899,0.0003432660509306112,0.00013291763786305928
11.0,1.615172084,0.03418039047,0.000918263949,0.00030203167518894015,0.00033564382936505005,0.0001298021229473254
11.0,1.640845191,0.033264608,0.0008512121408,0.00029370488159174507,0.0003278953365976306,0.00012662226415814242
11.0,1.666889884,0.03234847228,0.0007821944804,0.00028533377463352077,0.000320027310869829,0.00012338258296478406
11.0,1.69331154,0.03143255491,0.0007112453755,0.00027692673850984934,0.0003120469422702122,0.0001200878055591294
11.0,1.720115616,0.0305174392,0.0006384040562,0.0002684924157092087,0.0003039618807154432,0.00011674285549427533
11.0,1.747307647,0.02960371958,0.0005637146687,0.00026003968713623067,0.0002957802317489974,0.00011335284353195992
11.0,1.774893249,0.028692001,0.0004872263973,0.0002515776498076931,0.00028751052327545995,0.0001099230542862002
11.0,1.802878116,0.02778289835,0.0004089936611,0.0002431155937372134,0.00027916168523756666,0.00010645893191712337
11.0,1.831268029,0.02687703576,0.0003290762736,0.0002346629769195487,0.0002707430526750918,0.0001029660673088569
11.0,1.86006885,0.025975046,0.0002475395276,0.00022622939960644764,0.00026226435965571624,9.945018460603494e-05
11.0,1.889286525,0.0250775697,0.0001644542685,0.00021782457636404536,0.0002537357081697546,9.591712568395471e-05
11.0,1.91892709,0.02418525473,7.989703341e-05,0.00020945830776414776,0.00024516752691299194,9.23728304050002e-05
11.0,1.948996664,0.02329875541,-6.049756283e-06,0.00020114116466415983,0.00023657126382441073,8.882331503865445e-05
11.0,1.979501456,0.02241873194,-9.329767956e-05,0.00019288589755357184,0.0002279608277185089,8.527466454726952e-05
11.0,2.010447767,0.0215458496,-0.0001817522941,0.00018470515492337267,0.000219350313718267,8.173301379093511e-05
11.0,2.041841986,0.02068077789,-0.0002713130697,0.00017660949342624018,0.00021075198781002528,7.820451613551909e-05
11.0,2.073690596,0.01982418963,-0.0003618732148,0.00016860890566706586,0.00020217780809307794,7.469532481244142e-05
11.0,2.106000175,0.01897676024,-0.0004533195433,0.00016071327706316155,0.0001936399062410851,7.121157337597069e-05
11.0,2.138777393,0.01813916691,-0.0005455324807,0.00015293235109143128,0.00018515056355472516,6.775935388932962e-05
11.0,2.17202902,0.01731208791,-0.000638386039,0.00014527569393756225,0.00017672214903397465,6.434469488834034e-05
11.0,2.205761922,0.01649620178,-0.0007317476502,0.00013775266029320346,0.00016836706828193566,6.097353989852975e-05
11.0,2.239983065,0.01569218671,-0.0008254780271,0.00013037235993880214,0.00016009774504465132,5.765172582639604e-05
11.0,2.274699515,0.01490071987,-0.0009194311537,0.00012314362567290285,0.00015192659145622466,5.4384958113563144e-05
11.0,2.309918441,0.01412247688,-0.001013454236,0.00011607498020177244,0.0001438659480088856,5.1178789770119796e-05
11.0,2.345647117,0.01335813129,-0.001107387511,0.00010917460387252446,0.00013592803265219755,4.803860293693501e-05
11.0,2.381892919,0.01260835424,-0.001201064054,0.00010245030540482781,0.0001281249160703213,4.496958898697288e-05
11.0,2.418663334,0.01187381418,-0.001294309677,9.590949546511068e-05,0.0001204684894885288,4.197672565117266e-05
11.0,2.455965953,0.01115517677,-0.001386942777,8.955916381428656e-05,0.00011297042075487078,3.906475545107629e-05
11.0,2.49380848,0.01045310505,-0.001478774124,8.340585681837789e-05,0.00010564211100492054,3.62381741645656e-05
11.0,2.53219873,0.009768259694,-0.001569606532,7.745565628478422e-05,9.849465876652833e-05,3.350121812344108e-05
11.0,2.571144629,0.009101299588,-0.001659234492,7.171416235806955e-05,9.153883255224559e-05,3.0857843425158713e-05
11.0,2.610654221,0.008452882751,-0.00174744374,6.618648078682517e-05,8.478503930546934e-05,2.831171269950469e-05
11.0,2.650735663,0.007823667637,-0.001834010675,6.087721481214108e-05,7.824329798530902e-05,2.5866189155163578e-05
11.0,2.691397234,0.007214314849,-0.001918701712,5.5790460260465245e-05,7.192323675409576e-05,2.352432730527179e-05
11.0,2.732647329,0.006625489396,-0.002001272725,5.0929804874869085e-05,6.583403915606208e-05,2.128887140902407e-05
11.0,2.774494467,0.006057863485,-0.002081467506,4.629832717357409e-05,5.998448596009408e-05,1.91622520683855e-05
11.0,2.816947288,0.00551211996,-0.002159016045,4.1898610761348395e-05,5.438288723151202e-05,1.714658319287935e-05
11.0,2.86001456,0.004988956918,-0.00223363438,3.7732759498181235e-05,4.903711602911169e-05,1.5243659486028293e-05
11.0,2.903705176,0.004489092837,-0.002305022583,3.3802405022471846e-05,4.395466768792996e-05,1.3454979122407191e-05
11.0,2.948028158,0.00401327236,-0.002372861378,3.0108733995018872e-05,3.9142575329264846e-05,1.1781754640063598e-05
11.0,2.992992659,0.003562273258,-0.002436810103,2.66525154803189e-05,3.460749219095239e-05,1.0224912218640826e-05
11.0,3.038607963,0.003136913743,-0.002496504132,2.3434125222910833e-05,3.0355716905916972e-05,8.785114742848159e-06
11.0,3.084883491,0.002738059474,-0.002551551744,2.0453571814424833e-05,2.639319538214629e-05,7.462776472240144e-06
11.0,3.131828798,0.002366628815,-0.002601531446,1.7710514350988635e-05,2.2725535367709193e-05,6.258072728276688e-06
11.0,3.179453579,0.002023593423,-0.002645990378,1.5204263120340246e-05,1.9357978048084027e-05,5.170938293048398e-06
11.0,3.227767668,0.001709968816,-0.002684445446,1.2933745180568606e-05,1.6295300243027223e-05,4.2010396745382045e-06
11.0,3.276781041,0.001426785699,-0.002716389983,1.0897407750169716e-05,1.3541581698434263e-05,3.3476978098247582e-06
11.0,3.326503821,0.001175026996,-0.002741310721,9.093015647671478e-06,1.1099749630762187e-05,2.6097235377821095e-06
11.0,3.376946275,0.0009555089189,-0.00275872256,7.517287450352532e-06,8.970732516644676e-06,1.9851032184688512e-06
11.0,3.428118819,0.0007686818302,-0.002768229038,6.165306192891638e-06,7.15210880542495e-06,1.4704686794061224e-06
11.0,3.48003202,0.0006143394772,-0.00276961619,5.02967841890313e-06,5.635934638672371e-06,1.0602971754425782e-06
11.0,3.532696599,0.000491273564,-0.002762962584,4.099471829990878e-06,4.406619980925092e-06,7.460834465229613e-07
11.0,3.58612343,0.0003969873392,-0.002748741691,3.3591637299399474e-06,3.438734907058433e-06,5.158018374249676e-07
11.0,3.640323547,0.0003276656448,-0.002727877239,2.7880314248954183e-06,2.696773586249099e-06,3.54347837850983e-07
11.0,3.695308141,0.0002785325283,-0.002701651585,2.360557907287737e-06,2.1385682934637893e-06,2.457452146515822e-07
11.0,3.751088567,0.0002445241057,-0.002671482753,2.0484208749325166e-06,1.7204036209442423e-06,1.7545203434348503e-07
11.0,3.807676344,0.0002210190935,-0.002638704977,1.8236136002253194e-06,1.4025652945809007e-06,1.3169925281568326e-07
11.0,3.865083157,0.0002043214994,-0.002604418447,1.6614551960877545e-06,1.1532315034760806e-06,1.0599121357703332e-07
11.0,3.92332086,0.0001917831284,-0.002569429304,1.542372720191951e-06,9.49313295948743e-07,9.253129523778927e-08
11.0,3.98240148,0.0001816629423,-0.00253427596,1.4520830161582307e-06,7.753415054700207e-07,8.741515241050413e-08
11.0,4.042337217,0.000172884086,-0.002499295555,1.38075735069699e-06,6.215521576821678e-07,8.80176168765799e-08
11.0,4.103140447,0.0001648065316,-0.002464689443,1.321853674150314e-06,4.81994305378309e-07,9.255727698879599e-08
11.0,4.164823726,0.0001570584673,-0.002430573809,1.2710719399283163e-06,3.531061464594759e-07,9.982189499583409e-08
11.0,4.227399792,0.000149426632,-0.002397013437,1.225581995823759e-06,2.3276408765909135e-07,1.0897660371555375e-07
11.0,4.290881567,0.0001417899985,-0.00236404274,1.1835059004853838e-06,1.1970542629466358e-07,1.1943250274234238e-07
11.0,4.35528216,0.0001340811921,-0.002331678279,1.14358665978147e-06,1.3191773808972422e-08,1.3075650502283862e-07
11.0,4.420614869,0.0001262644429,-0.002299926063,1.104981456283865e-06,-8.717954045558206e-08,1.4260990944256576e-07
11.0,4.486893186,0.0001183230721,-0.002268785701,1.0671334120215657e-06,-1.815810341742763e-07,1.5470717596214608e-07
11.0,4.554130797,0.0001102523902,-0.002238252753,1.0296923743388677e-06,-2.7001025338062843e-07,1.6678797873055427e-07
11.0,4.622341587,0.0001020556943,-0.002208320063,9.924661523430503e-07,-3.5232061870126603e-07,1.785976200680695e-07
11.0,4.691539642,9.37420371e-05,-0.002178978486,9.553900973259094e-07,-4.2824345419363984e-07,1.8987505131981105e-07
11.0,4.76173925,8.532496145e-05,-0.002150217263,9.185087155292531e-07,-4.974028752686145e-07,2.0034593848852985e-07
11.0,4.832954907,7.682181268e-05,-0.002122024162,8.819634965216378e-07,-5.593377901651352e-07,2.0972057707497547e-07
11.0,4.905201321,6.825339174e-05,-0.00209438549,8.459812779329238e-07,-6.135283808854607e-07,2.1769706180082717e-07
11.0,4.97849341,5.964375722e-05,-0.002067286068,8.10860821665953e-07,-6.594334333685176e-07,2.239702157519045e-07
11.0,5.052846308,5.102009197e-05,-0.002040709194,7.769539251903055e-07,-6.965453243673539e-07,2.282487018240321e-07
11.0,5.128275369,4.241246872e-05,-0.002014636626,7.446406289893939e-07,-7.244489098717361e-07,2.3027626603081308e-07
11.0,5.20479617,3.385352057e-05,-0.001989048596,7.142980816742008e-07,-7.42893751337323e-07,2.2985615639158984e-07
11.0,5.282424513,2.53780034e-05,-0.001963923889,6.862617627445099e-07,-7.518625946930087e-07,2.2687760829580557e-07
11.0,5.361176426,1.702214832e-05,-0.00193924005,6.607849260440352e-07,-7.51628436289663e-07,2.2133822518468912e-07
11.0,5.441068173,8.822847046e-06,-0.001914973692,6.3800109409658e-07,-7.427944895282501e-07,2.1335929666690553e-07
11.0,5.522116252,8.165984856e-07,-0.001891100923,6.178984728687311e-07,-7.262862741865835e-07,2.0318715345816674e-07
11.0,5.604337398,-6.961682378e-06,-0.001867597897,6.003139798519645e-07,-7.033076005115174e-07,1.9117734423038314e-07
11.0,5.68774859,-1.447983914e-05,-0.001844441363,5.849499761869632e-07,-6.752441573535364e-07,1.7776283987259863e-07
11.0,5.772367054,-2.170952455e-05,-0.001821609289,5.714159827040591e-07,-6.435461300259681e-07,1.634083251280667e-07
11.0,5.858210261,-2.862685793e-05,-0.001799081109,5.592859899992071e-07,-6.095643435946629e-07,1.4856064547036376e-07
11.0,5.94529594,-3.521256761e-05,-0.001776838389,5.481564567788717e-07,-5.745062264398259e-07,1.3360751803983367e-07
11.0,6.033642073,-4.145161415e-05,-0.001754863541,5.376887002382535e-07,-5.391980703305333e-07,1.1885525219082616e-07
11.0,6.123266903,-4.733251426e-05,-0.001733142529,5.276157819646562e-07,-5.046040589393629e-07,1.0453235804947543e-07
11.0,6.214188939,-5.284669885e-05,-0.001711656505,5.17720025462469e-07,-4.705067533976085e-07,9.081801743970433e-08
11.0,6.306426956,-5.798837864e-05,-0.001690409535,5.078203168046505e-07,-4.3814586848334033e-07,7.810618204143582e-08
11.0,6.4,-6.275373674e-05,-0.001669385482,4.977842398322599e-07,-4.077293617382484e-07,6.630154081959279e-08
13.0,1.592040789e-15,0.07436273265,7.369306407e-06,0.00045269553610888995,0.0003817089517956653,5.391166706603161e-07
13.0,0.005204005103,0.07436209677,1.456585534e-05,0.00045269468489237275,0.00038135174946581486,1.0758936589709727e-06
13.0,0.01033966345,0.07436022549,2.843210997e-05,0.00045269218781432066,0.0003815289194950356,2.132987516816566e-06
13.0,0.01540787221,0.07435716382,4.20469564e-05,0.00045268809055700084,0.0003817395502440823,3.1740587935929817e-06
13.0,0.02040951739,0.07435296143,5.570579473e-05,0.00045268247544520603,0.000381509927349402,4.201437089910352e-06
13.0,0.0253454732,0.07434766453,6.916528399e-05,0.000452675393585813,0.00038157390554285854,5.2149496692109115e-06
13.0,0.03021660239,0.07434131793,8.24534815e-05,0.0004526669018458547,0.00038157868490054154,6.214750045006143e-06
13.0,0.03502375636,0.07433396515,9.555525771e-05,0.0004526570534299464,0.00038159976390254077,7.200934682053735e-06
13.0,0.03976777532,0.07432564844,0.0001084805583,0.0004526458999731006,0.0003816122553722099,8.173636548836525e-06
13.0,0.04444948847,0.07431640878,0.0001212289471,0.00045263349091301215,0.00038162989637902567,9.132977434119567e-06
13.0,0.04906971409,0.07430628591,0.0001338027684,0.0004526198737370377,0.00038164833839705127,1.007908409583413e-05
13.0,0.05362925975,0.0742953184,0.0001462034565,0.0004526050942968377,0.00038166868072107575,1.1012083614708152e-05
13.0,0.05812892238,0.07428354362,0.0001584328854,0.0004525891967519714,0.00038169031834469816,1.1932106452477511e-05
13.0,0.06256948846,0.07427099782,0.0001704928105,0.0004525722238362298,0.0003817133821521663,1.2839285772349881e-05
13.0,0.06695173415,0.07425771611,0.0001823850458,0.00045255421650809973,0.0003817377380086109,1.3733757079108432e-05
13.0,0.07127642538,0.07424373254,0.0001941114031,0.0004525352143704417,0.0003817633441558281,1.4615654877594268e-05
13.0,0.07554431806,0.07422908008,0.0002056737091,0.00045251525561669514,0.00038179010991309394,1.548511302555687e-05
13.0,0.07975615815,0.07421379065,0.0002170738074,0.00045249437731605043,0.0003818180076909683,1.6342267769708256e-05
13.0,0.08391268182,0.0741978952,0.0002283135246,0.00045247261537543815,0.0003818468785586139,1.7187258127043255e-05
13.0,0.08801461558,0.07418142366,0.0002393947476,0.0004524500043216791,0.00038187700538618274,1.8020225137415506e-05
13.0,0.09206267639,0.07416440501,0.0002503191512,0.00045242657772251373,0.000381907457451978,1.8841301999893437e-05
13.0,0.09605757177,0.0741468673,0.0002610889013,0.0004524023678204902,0.00038193949982557446,1.965427311413963e-05
13.0,0.1,0.07412883765,0.0002717060166,0.00045237740604506585,0.00038197198994465744,2.0453053035674264e-05
13.0,0.1037429218,0.07411105748,0.0002817744937,0.00045235271751313614,0.00038200364821462136,2.1200470212967586e-05
13.0,0.1075400176,0.07409236115,0.0002919771473,0.00045232667974701943,0.0003820375775250628,2.1960200176137242e-05
13.0,0.1113920715,0.07407271688,0.0003023154647,0.0004522992368674565,0.00038207254196195287,2.273684651099855e-05
13.0,0.115299879,0.07405209197,0.0003127904858,0.0004522703305637124,0.00038210940361149963,2.3523934917007406e-05
13.0,0.119264247,0.07403045276,0.0003234034012,0.0004522399002432624,0.0003821478907620015,2.4321541544755457e-05
13.0,0.1232859942,0.0740077646,0.0003341553171,0.0004522078827442734,0.000382188143847951,2.5129747215729703e-05
13.0,0.1273659511,0.07398399188,0.0003450473352,0.00045217421197796563,0.00038223017083010137,2.594863402324256e-05
13.0,0.1315049601,0.07395909794,0.0003560805169,0.0004521388186108857,0.0003822740340224079,2.6778276099708123e-05
13.0,0.135703876,0.0739330451,0.000367255891,0.0004521016301491475,0.0003823197776787805,2.76187398949559e-05
13.0,0.1399635659,0.0739057946,0.0003785744475,0.000452062571220762,0.0003823674492750578,2.847009313287964e-05
13.0,0.1442849094,0.07387730662,0.0003900371379,0.00045202156304812607,0.0003824170896170622,2.933240611236143e-05
13.0,0.1486687988,0.07384754018,0.0004016448742,0.00045197852334304714,0.00038246873660133436,3.020574983920936e-05
13.0,0.1531161394,0.07381645319,0.0004133985253,0.0004519333655078511,0.00038252243330322945,3.1090185365155824e-05
13.0,0.1576278496,0.07378400239,0.00042529891,0.00045188599910283114,0.0003825782311464386,3.198576372663729e-05
13.0,0.1622048611,0.07375014335,0.0004373467908,0.0004518363296336826,0.0003826361785660967,3.289253626239831e-05
13.0,0.166848119,0.07371483041,0.0004495428744,0.0004517842587870523,0.0003826963145106304,3.381055624338186e-05
13.0,0.1715585821,0.07367801668,0.0004618878112,0.00045172968325306935,0.00038275867278700213,3.4739876933783e-05
13.0,0.1763372232,0.073639654,0.0004743821916,0.0004516724945420511,0.0003828232902087771,3.568053975212237e-05
13.0,0.181185029,0.07359969293,0.0004870265391,0.0004516125790225168,0.00038289020588300806,3.6632573730582646e-05
13.0,0.1861030006,0.07355808272,0.0004998213054,0.00045154981818343483,0.00038295946190892847,3.759600698170794e-05
13.0,0.1910921536,0.0735147713,0.0005127668626,0.0004514840882819678,0.0003830310998236631,3.857086868763594e-05
13.0,0.1961535182,0.07346970522,0.0005258635018,0.00045141525924316495,0.00038310514671668065,3.9557186902316216e-05
13.0,0.2012881397,0.07342282964,0.0005391114352,0.0004513431946323531,0.0003831816235899251,4.0554975428514624e-05
13.0,0.2064970782,0.07337408834,0.0005525107874,0.0004512677513009118,0.0003832605616220272,4.156423349409927e-05
13.0,0.2117814095,0.07332342364,0.0005660615843,0.0004511887797309249,0.0003833419943028082,4.2584958142135196e-05
13.0,0.2171422247,0.07327077645,0.0005797637493,0.00045110612371712823,0.00038342594068818637,4.361714583873006e-05
13.0,0.222580631,0.07321608616,0.0005936171051,0.0004510196193005925,0.0003835124098313486,4.4660790168114536e-05
13.0,0.2280977512,0.07315929067,0.0006076213667,0.0004509290941127142,0.00038360141790684706,4.571586858606386e-05
13.0,0.2336947247,0.07310032637,0.0006217761277,0.0004508343673221498,0.000383692982112991,4.6782341662344704e-05
13.0,0.2393727073,0.07303912811,0.0006360808565,0.00045073525003583336,0.0003837871089875172,4.786016535659059e-05
13.0,0.2451328714,0.07297562918,0.000650534893,0.0004506315447969692,0.00038388379659553683,4.894929286746979e-05
13.0,0.2509764065,0.07290976129,0.0006651374434,0.0004505230442329279,0.00038398303168181045,5.0049673166017356e-05
13.0,0.2569045194,0.07284145453,0.0006798875779,0.00045040953040698366,0.00038408479599210624,5.11612370912539e-05
13.0,0.2629184342,0.07277063738,0.0006947842178,0.0004502907747455003,0.0003841890726250846,5.2283895500406644e-05
13.0,0.2690193927,0.07269723672,0.0007098261224,0.00045016653837822693,0.00038429586844936845,5.3417551828439504e-05
13.0,0.2752086549,0.07262117775,0.0007250118599,0.00045003657140314606,0.0003844051497192024,5.4562104176677806e-05
13.0,0.2814874987,0.07254238403,0.0007403398429,0.00044990061163852795,0.0003845168195706285,5.5717444791904136e-05
13.0,0.2878572208,0.07246077742,0.0007558083643,0.00044975838356614415,0.0003846308739901681,5.688344542304004e-05
13.0,0.2943191364,0.0723762781,0.000771415491,0.00044960959836121606,0.0003847472303984242,5.805995409872411e-05
13.0,0.3008745801,0.07228880458,0.0007871590516,0.0004494539540738051,0.00038486581334077344,5.9246809165809296e-05
13.0,0.3075249055,0.07219827365,0.0008030366935,0.00044929113507377274,0.0003849865977831374,6.0443840700562094e-05
13.0,0.3142714859,0.07210460042,0.0008190458563,0.00044912081013985587,0.00038510945327550775,6.165086992730831e-05
13.0,0.3211157144,0.07200769823,0.0008351837611,0.00044894263168429593,0.0003852342690653655,6.286769438870986e-05
13.0,0.3280590044,0.07190747875,0.0008514474011,0.00044875623564242514,0.0003853609277190261,6.409408500574538e-05
13.0,0.3351027897,0.07180385195,0.0008678335235,0.0004485612412959925,0.0003854893064140944,6.532979934583296e-05
13.0,0.3422485248,0.07169672608,0.000884338619,0.00044835725093152575,0.0003856192592586186,6.657458442142334e-05
13.0,0.3494976853,0.07158600769,0.0009009589215,0.0004481438477006461,0.000385750611705616,6.78281759034246e-05
13.0,0.3568517682,0.07147160162,0.0009176904015,0.0004479205945214734,0.00038588318348855427,6.909028191836579e-05
13.0,0.364312292,0.07135341105,0.000934528738,0.0004476870340978109,0.00038601679674827053,7.036057947473267e-05
13.0,0.3718807975,0.07123133748,0.0009514693015,0.00044744268874216003,0.00038615124697554467,7.163872868427092e-05
13.0,0.3795588474,0.0711052808,0.0009685071592,0.0004471870597988014,0.00038628628112118043,7.292437638486026e-05
13.0,0.3873480273,0.07097513924,0.0009856370852,0.0004469196254196722,0.0003864216146136325,7.421715475334806e-05
13.0,0.3952499456,0.07084080943,0.001002853541,0.0004466398391529599,0.00038655696963098746,7.551666522569454e-05
13.0,0.4032662342,0.07070218644,0.001020150633,0.00044634713004615244,0.0003866920682652909,7.682247459721242e-05
13.0,0.4113985483,0.0705591638,0.001037522103,0.000446040902801233,0.00038682659599867646,7.813412930541579e-05
13.0,0.4196485673,0.07041163356,0.001054961325,0.00044572053633124724,0.0003869601887119101,7.945115839383059e-05
13.0,0.4280179948,0.07025948629,0.001072461318,0.000445385382042309,0.0003870924450204936,8.077307209137624e-05
13.0,0.4365085591,0.07010261113,0.001090014726,0.000445034762470345,0.0003872229501892305,8.209934639877344e-05
13.0,0.4451220135,0.06994089589,0.001107613794,0.0004446679708316975,0.00038735127511907723,8.342942026321918e-05
13.0,0.4538601367,0.06977422706,0.001125250342,0.0004442842712909913,0.0003874769560994226,8.476270887522394e-05
13.0,0.4627247331,0.06960248989,0.00114291577,0.00044388289804700833,0.000387599485746558,8.609860626578188e-05
13.0,0.4717176332,0.06942556847,0.001160601045,0.00044346305284740685,0.0003877183171127729,8.7436483387696e-05
13.0,0.4808406941,0.06924334573,0.001178296693,0.0004430239041142108,0.00038783287686265747,8.877567405911499e-05
13.0,0.4900957997,0.0690557036,0.001195992777,0.00044256458637921303,0.0003879425563174587,9.011547210401384e-05
13.0,0.4994848611,0.06886252306,0.001213678884,0.0004420842005850177,0.0003880467012253786,9.145514401340443e-05
13.0,0.5090098173,0.06866368424,0.001231344126,0.00044158181341454663,0.00038814461527761736,9.279393124255535e-05
13.0,0.518672635,0.06845906651,0.00124897712,0.00044105645475281635,0.00038823555840669796,9.413105015626801e-05
13.0,0.5284753098,0.06824854854,0.001266565983,0.00044050711695657325,0.00038831875521101863,9.546567804644485e-05
13.0,0.5384198657,0.06803200844,0.0012840983,0.00043993275421280834,0.0003883933924799641,9.679694878816628e-05
13.0,0.5485083564,0.06780932393,0.001301561121,0.00043933228355922814,0.00038845860571787034,9.81239654532295e-05
13.0,0.5587428652,0.06758037237,0.00131894095,0.00043870458400811026,0.00038851346979577265,9.944580369523158e-05
13.0,0.5691255055,0.06734503094,0.001336223755,0.0004380484945330639,0.0003885570011374209,0.00010076151248363396
13.0,0.5796584212,0.06710317673,0.001353394952,0.00043736281311762115,0.0003885881808458423,0.00010207010044550114
13.0,0.5903437875,0.06685468692,0.001370439372,0.0004366462969078436,0.0003886059533859822,0.00010337053133149931
13.0,0.6011838108,0.06659943893,0.001387341245,0.00043589766349681064,0.00038860920290542184,0.00010466173601217152
13.0,0.6121807297,0.06633731057,0.00140408421,0.0004351155903247978,0.0003885967403294657,0.00010594261646786129
13.0,0.6233368149,0.06606818018,0.00142065132,0.00043429871319851864,0.0003885673100041176,0.00010721204750748703
13.0,0.6346543703,0.06579192681,0.001437025036,0.0004334456255517871,0.0003885196165704171,0.00010846886397326596
13.0,0.6461357329,0.06550843038,0.001453187191,0.0004325548798572582,0.00038845232387124505,0.00010971185604799671
13.0,0.6577832735,0.06521757193,0.001469118972,0.0004316249883918483,0.0003883640283273576,0.00011093978102102543
13.0,0.6695993975,0.06491923375,0.00148480094,0.0004306544243187807,0.00038825324677399997,0.0001121513678462892
13.0,0.6815865448,0.0646132996,0.001500213042,0.00042964162015907614,0.0003881184243977593,0.0001133453192290913
13.0,0.6937471908,0.06429965488,0.001515334602,0.0004285849683703989,0.0003879579641599913,0.00011452030075739452
13.0,0.7060838467,0.06397818688,0.001530144291,0.0004274828226818117,0.00038777022303453394,0.00011567493644696196
13.0,0.7185990599,0.06364878501,0.00154462012,0.00042633350054575663,0.00038755348475018726,0.00011680782034427899
13.0,0.7312954149,0.06331134102,0.001558739457,0.00042513528478244805,0.00038730595421890485,0.00011791752042757513
13.0,0.7441755335,0.06296574919,0.001572479046,0.0004238864230561609,0.00038702576992745056,0.00011900258140841174
13.0,0.7572420753,0.06261190661,0.001585815001,0.00042258512932726684,0.00038671102321164634,0.0001200615165675194
13.0,0.7704977387,0.0622497134,0.001598722785,0.00042122958630408304,0.00038635974789751716,0.00012109280514307707
13.0,0.783945261,0.061879073,0.001611177226,0.0004198179490059014,0.0003859699053308163,0.0001220949021958957
13.0,0.797587419,0.06149989241,0.001623152537,0.0004183483472453463,0.0003855393851271761,0.00012306624401242302
13.0,0.8114270298,0.06111208243,0.001634622327,0.0004168189166055299,0.00038506604386027586,0.00012400562957585955
13.0,0.8254669514,0.06071555794,0.001645559552,0.00041522764825546136,0.00038454769145583525,0.00012491037667872442
13.0,0.839710083,0.0603102382,0.001655936568,0.0004135726611616245,0.0003839820291652542,0.00012577941919640251
13.0,0.8541593657,0.05989604712,0.001665725213,0.00041185209494397156,0.000383366709712529,0.0001266120196297668
13.0,0.8688177834,0.05947291352,0.001674896747,0.0004100638984114262,0.00038269937318544334,0.00012740548614821712
13.0,0.883688363,0.05904077146,0.001683421858,0.00040820611996816175,0.00038197759735361864,0.0001281583691331852
13.0,0.8987741753,0.05859956045,0.001691270712,0.0004062768061118302,0.00038119890171034167,0.00012886906320516464
13.0,0.9140783356,0.0581492258,0.001698412971,0.00040427399553330236,0.0003803607755752393,0.00012953589082790354
13.0,0.929604004,0.05768971892,0.001704817794,0.000402195736392188,0.000379460673052182,0.00013015717261349226
13.0,0.9453543867,0.05722099765,0.001710453879,0.0004000400912695618,0.00037849599795436787,0.00013073123545544567
13.0,0.9613327362,0.05674302647,0.001715289514,0.0003978051413667482,0.0003774641117670183,0.00013125641987603092
13.0,0.9775423519,0.05625577687,0.001719292619,0.0003954889918424344,0.0003763623625541342,0.00013173107531068597
13.0,0.9939865811,0.05575922759,0.00172243074,0.0003930897793510352,0.0003751880931840297,0.00013215355656764248
13.0,1.01066882,0.055253365,0.001724671078,0.00039060567945203677,0.0003739386358072484,0.0001325222344350786
13.0,1.027592512,0.0547381834,0.001725980526,0.0003880349137854771,0.0003726113008953751,0.0001328355058228933
13.0,1.044761154,0.05421368526,0.001726325757,0.0003853757552222742,0.00037120336929514575,0.00013309180300137555
13.0,1.062178289,0.0536798815,0.001725673295,0.00038262653451569153,0.0003697121403983554,0.00013328958887875712
13.0,1.079847516,0.05313679188,0.001723989504,0.00037978564957178427,0.00036813495700258617,0.00013342735506426354
13.0,1.097772482,0.05258444521,0.001721240612,0.00037685157401392606,0.0003664691750916534,0.000133503632696107
13.0,1.115956889,0.05202287971,0.001717392802,0.00037382286553964896,0.00036471216043800625,0.0001335170022500444
13.0,1.134404493,0.05145214326,0.001712412294,0.0003706981725434491,0.0003628612995774121,0.00013346610285307767
13.0,1.153119101,0.05087229364,0.001706265427,0.00036747624164739235,0.00036091405284345855,0.00013334963197199546
13.0,1.17210458,0.05028339884,0.001698918652,0.000364155928667019,0.00035886788964665503,0.00013316633910548083
13.0,1.19136485,0.04968553737,0.001690338802,0.0003607362062169724,0.00035672046067549486,0.00013291506217306406
13.0,1.210903887,0.04907879844,0.001680492936,0.0003572161727752836,0.0003544694690171067,0.00013259466231712683
13.0,1.230725728,0.04846328223,0.001669347487,0.00035359506477406985,0.0003521123313829652,0.00013220411474454462
13.0,1.250834464,0.04783910016,0.001656870044,0.0003498722619862429,0.0003496471871710936,0.00013174254659238145
13.0,1.271234248,0.04720637513,0.001643029957,0.00034604729285599406,0.00034707193502371965,0.0001312090760672703
13.0,1.291929293,0.04656524172,0.001627796034,0.0003421198468354562,0.0003443844203129858,0.00013060293570189946
13.0,1.312923873,0.04591584638,0.001611137405,0.0003380897878458371,0.0003415830389415188,0.00012992349697372362
13.0,1.334222322,0.04525834764,0.001593024455,0.00033395715769572753,0.00033866597979765353,0.00012917022000415184
13.0,1.35582904,0.0445929163,0.001573428371,0.0003297221840630957,0.0003356317470682178,0.00012834268698088254
13.0,1.377748487,0.04391973559,0.001552321336,0.00032538529010789574,0.0003324789655949067,0.0001274405932023515
13.0,1.39998519,0.04323900131,0.001529676586,0.0003209471029822609,0.00032920644512343444,0.0001264637587350981
13.0,1.422543741,0.04255092202,0.001505468536,0.00031640846124182534,0.0003258131750110592,0.00012541213465293188
13.0,1.445428798,0.04185571912,0.00147967289,0.00031177042091595514,0.00032229833907080295,0.00012428581100893402
13.0,1.468645087,0.04115362694,0.001452266761,0.00030703426206446976,0.000318661330994731,0.00012308501916919994
13.0,1.492197403,0.04044489283,0.001423228777,0.0003022014957245949,0.00031490177198378975,0.00012181013195196872
13.0,1.516090608,0.03972977724,0.001392539175,0.00029727386982871635,0.0003110195204675399,0.00012046166986053307
13.0,1.540329637,0.03900855376,0.001360179914,0.000292253374489022,0.00030701467496399554,0.00011904030705793759
13.0,1.564919496,0.03828150915,0.001326134819,0.0002871422450774773,0.0003028875753276829,0.00011754687762830959
13.0,1.589865261,0.03754894331,0.001290389731,0.000281942966081872,0.0002986388257816953,0.00011598237635816126
13.0,1.615172084,0.03681116926,0.001252932606,0.0002766582742432494,0.0002942693138936135,0.000114347958268665
13.0,1.640845191,0.0360685131,0.001213753619,0.0002712911614518539,0.00028978021500401227,0.0001126449423450095
13.0,1.666889884,0.03532131396,0.00117284529,0.0002658448752962516,0.0002851729904261723,0.00011087481494113084
13.0,1.69331154,0.03456992387,0.001130202637,0.00026032291862874285,0.00028044938932298184,0.00010903923275819421
13.0,1.720115616,0.03381470766,0.001085823332,0.00025472904902275876,0.0002756114692652775,0.00010714002264522082
13.0,1.747307647,0.03305604275,0.001039707798,0.0002490672772276088,0.0002706616104574811,0.00010517917883127015
13.0,1.774893249,0.03229431904,0.0009918593214,0.00024334186467040158,0.0002656025112228941,0.00010315886336499068
13.0,1.802878116,0.03152993866,0.0009422841932,0.00023755731952297888,0.00026043718396329477,0.00010108140644689521
13.0,1.831268029,0.03076331579,0.0008909918699,0.00023171839085202333,0.0002551689594646487,9.8949305223967e-05
13.0,1.86006885,0.0299948763,0.0008379951111,0.00022583006267400097,0.0002498014999673515,9.676522103625883e-05
13.0,1.889286525,0.02922505754,0.00078331008,0.00021989754695158644,0.0002443388039380493,9.453197480010687e-05
13.0,1.91892709,0.02845430796,0.0007269564556,0.00021392627502841554,0.00023878519670478545,9.225254340716493e-05
13.0,1.948996664,0.02768308682,0.0006689575774,0.0002079218876438512,0.00023314532251275758,8.993005515694061e-05
13.0,1.979501456,0.02691186375,0.0006093405924,0.0002018902237829237,0.00022742414841776673,8.756778471742214e-05
13.0,2.010447767,0.02614111839,0.0005481365598,0.0001958373089342457,0.00022162696882472346,8.516914717324073e-05
13.0,2.041841986,0.02537133991,0.0004853805446,0.000189769341667381,0.00021575939098233,8.2737690920608e-05
13.0,2.073690596,0.0246030266,0.000421111767,0.00018369267896397763,0.00020982731745258348,8.027708915996923e-05
13.0,2.106000175,0.02383668534,0.0003553737503,0.0001776138210779355,0.00020383695013836452,7.779113146236644e-05
13.0,2.138777393,0.02307283111,0.0002882143924,0.00017153939463863545,0.0001977947903988418,7.528371535729989e-05
13.0,2.17202902,0.02231198648,0.0002196860372,0.00016547613539359495,0.0001917076149477242,7.27588365070042e-05
13.0,2.205761922,0.02155468103,0.0001498456166,0.00015943086877788677,0.00018558245292963767,7.022057714131036e-05
13.0,2.239983065,0.02080145083,7.875478292e-05,0.00015341049054822526,0.0001794265833021792,6.767309425708035e-05
13.0,2.274699515,0.02005283784,6.479971749e-06,0.00014742231647597002,0.0001732478952062986,6.512060573912737e-05
13.0,2.309918441,0.0193093894,-6.690752673e-05,0.00014147507688964508,0.00016705587326405804,6.256738295042772e-05
13.0,2.345647117,0.01857165767,-0.0001413314132,0.00013557784373638288,0.00016086052329422078,6.001773997171414e-05
13.0,2.381892919,0.01784019893,-0.0002167102715,0.0001297383702391001,0.00015467073073819221,5.747601320826209e-05
13.0,2.418663334,0.0171155729,-0.0002929575636,0.00012396376119962736,0.0001484949352702274,5.494654642787884e-05
13.0,2.455965953,0.01639834208,-0.0003699815692,0.0001182610637997985,0.00014234170743750285,5.243367743825549e-05
13.0,2.49380848,0.01568907118,-0.0004476852725,0.00011263724364686108,0.00013621972384336348,4.994172403821307e-05
13.0,2.53219873,0.01498832644,-0.0005259662924,0.00010709916085758112,0.0001301377496504888,4.7474970244561126e-05
13.0,2.571144629,0.01429667508,-0.0006047168306,0.00010165354476538094,0.0001241046075800073,4.503765132585152e-05
13.0,2.610654221,0.01361468473,-0.0006838235663,9.630697093321707e-05,0.00011812914464010502,4.2633936042782974e-05
13.0,2.650735663,0.01294292285,-0.000763167538,9.106583743637907e-05,0.00011222021160891562,4.026791167245819e-05
13.0,2.691397234,0.01228195632,-0.0008426241042,8.593634273708672e-05,0.00010638664278656075,3.794357042115547e-05
13.0,2.732647329,0.01163235094,-0.0009220628929,8.09244633737657e-05,0.00010063721771117573,3.5664794654236195e-05
13.0,2.774494467,0.01099467111,-0.001001347646,7.60359320632159e-05,9.498062586820794e-05,3.3435341435871154e-05
13.0,2.816947288,0.01036947956,-0.001080336055,7.127621752139648e-05,8.942544697636155e-05,3.125882775352361e-05
13.0,2.86001456,0.009757337152,-0.001158879652,6.665050570451674e-05,8.398012763226103e-05,2.913871783598925e-05
13.0,2.903705176,0.009158802878,-0.001236823651,6.21636824418984e-05,7.865294421422827e-05,2.7078311948149784e-05
13.0,2.948028158,0.008574433929,-0.001314006653,5.7820317280313566e-05,7.345197462862513e-05,2.5080733212098902e-05
13.0,2.992992659,0.008004786001,-0.00139026037,5.3624649068175306e-05,6.838508453553109e-05,2.314891526985198e-05
13.0,3.038607963,0.007450413808,-0.001465409373,4.958057310039834e-05,6.345990295134536e-05,2.1285593732259914e-05
13.0,3.084883491,0.006911871826,-0.001539270673,4.569163043645673e-05,5.868378523310815e-05,1.949329855585712e-05
13.0,3.131828798,0.006389715348,-0.001611653112,4.1960999665713054e-05,5.406381232028309e-05,1.777434350014643e-05
13.0,3.179453579,0.005884501919,-0.001682356981,3.839149250961701e-05,4.960674002742436e-05,1.6130823478823582e-05
13.0,3.227767668,0.00539679311,-0.001751172985,3.498554718204805e-05,4.531905189323073e-05,1.4564611182373057e-05
13.0,3.276781041,0.00492715669,-0.001817880914,3.17452309574418e-05,4.1206886621186034e-05,1.307735090216145e-05
13.0,3.326503821,0.004476169687,-0.001882249532,2.8672243818344698e-05,3.7276016117842724e-05,1.1670455002279706e-05
13.0,3.376946275,0.004044421782,-0.001944035124,2.5767917104611382e-05,3.3531928272273354e-05,1.0345114056874775e-05
13.0,3.428118819,0.003632519171,-0.002002979061,2.303322530881682e-05,2.9979751689713918e-05,9.10229798223917e-06
13.0,3.48003202,0.003241089369,-0.002058806345,2.046879785274339e-05,2.6624282628992273e-05,7.942753614339689e-06
13.0,3.532696599,0.002870786397,-0.00211122366,1.807492993669673e-05,2.3470002976714277e-05,6.8670165755886466e-06
13.0,3.58612343,0.0025222961,-0.002159917009,1.5851597100133776e-05,2.05210760218695e-05,5.875416772802055e-06
13.0,3.640323547,0.002196340887,-0.00220454946,1.3798467626858649e-05,1.7781351706576448e-05,4.9680825709722354e-06
13.0,3.695308141,0.001893682386,-0.002244759293,1.1914909430417674e-05,1.5254355270861978e-05,4.144940290374923e-06
13.0,3.751088567,0.001615119207,-0.002280159485,1.0199984153385417e-05,1.2943249213796292e-05,3.4057031776301597e-06
13.0,3.807676344,0.001361474783,-0.002310340122,8.652415970283544e-06,1.0850735424676506e-05,2.7498384665396183e-06
13.0,3.865083157,0.001133566698,-0.002334876464,7.270514465355547e-06,8.978849656138797e-06,2.176496738395998e-06
13.0,3.92332086,0.0009321438755,-0.002353347036,6.052019915343926e-06,7.328578607388212e-06,1.6843730778475757e-06
13.0,3.98240148,0.0007577732264,-0.002365368156,4.9938334361106285e-06,5.899199210495111e-06,1.2714644327033145e-06
13.0,4.042337217,0.0006106569946,-0.00237065158,4.091586341966549e-06,4.687226170834784e-06,9.346783598628195e-07
13.0,4.103140447,0.0004903786453,-0.00236908695,3.3390493046869084e-06,3.6849323140909165e-06,6.692984740183266e-07
13.0,4.164823726,0.0003956216686,-0.002360837564,2.7274077904096438e-06,2.8789380113207443e-06,4.685286808338215e-07
13.0,4.227399792,0.0003239773514,-0.002346413019,2.2446253110142358e-06,2.2490374782205604e-06,3.231764412697297e-07
13.0,4.290881567,0.000271999859,-0.002326690564,1.875167583317569e-06,1.76852318263002e-06,2.224404573747811e-07
13.0,4.35528216,0.0002355770969,-0.002302812082,1.6005451399910757e-06,1.4072709661137328e-06,1.554965003221492e-07
13.0,4.420614869,0.0002105315427,-0.002275970827,1.4009047464280435e-06,1.1352574143236333e-06,1.1274906378623712e-07
13.0,4.486893186,0.0001931962489,-0.002247247002,1.2572111159874352e-06,9.260852853039444e-07,8.671769155956933e-08
13.0,4.554130797,0.0001807340136,-0.002217505281,1.1531640707588601e-06,7.593329235064228e-07,7.211803380855997e-08
13.0,4.622341587,0.0001711698001,-0.002187357439,1.0761214227543292e-06,6.204551470884216e-07,6.533550128012663e-08
13.0,4.691539642,0.0001632354581,-0.002157202905,1.017006870557329e-06,4.999292634738866e-07,6.392985899139926e-08
13.0,4.76173925,0.0001561625116,-0.002127285831,9.696369934573091e-07,3.918194427449887e-07,6.623839863673745e-08
13.0,4.832954907,0.0001495027297,-0.002097748693,9.299147718269808e-07,2.925613022912551e-07,7.112090089454599e-08
13.0,4.905201321,0.0001430010493,-0.002068671271,8.951499820687483e-07,2.0005355141015163e-07,7.778988602948186e-08
13.0,4.97849341,0.0001365151207,-0.002040096153,8.635717330498782e-07,1.1307563770413357e-07,8.569270828936548e-08
13.0,5.052846308,0.0001299675182,-0.002012044204,8.340070483110423e-07,3.093437412265933e-08,9.442836318542652e-08
13.0,5.128275369,0.0001233183107,-0.001984523619,8.056763860560786e-07,-4.6738732227418724e-08,1.0369038257794071e-07
13.0,5.20479617,0.0001165495427,-0.001957535114,7.780658792960178e-07,-1.2009870856673693e-07,1.1322828422070714e-07
13.0,5.282424513,0.0001096565027,-0.001931074908,7.508481901317542e-07,-1.8914696401187405e-07,1.2282126669985734e-07
13.0,5.361176426,0.0001026428143,-0.001905136404,7.238334430281469e-07,-2.537645328165187e-07,1.3226053270255442e-07
13.0,5.441068173,9.551767551e-05,-0.0018797111,6.969388402173988e-07,-3.137323097105565e-07,1.4133751798938574e-07
13.0,5.522116252,8.829432527e-05,-0.001854789053,6.701697205699096e-07,-3.6874563598978194e-07,1.4983708406474056e-07
13.0,5.604337398,8.098918794e-05,-0.001830359121,6.436070840014891e-07,-4.1842834965591766e-07,1.5753520502427688e-07
13.0,5.68774859,7.362137986e-05,-0.001806409045,6.173980586937957e-07,-4.6234817971085246e-07,1.6420043339574516e-07
13.0,5.772367054,6.621242378e-05,-0.001782925539,5.917456930236655e-07,-5.000505223581797e-07,1.6959969092962305e-07
13.0,5.858210261,5.878603557e-05,-0.001759894135,5.668958142162889e-07,-5.310741408202143e-07,1.7350898446573799e-07
13.0,5.94529594,5.136790026e-05,-0.001737299557,5.431208164365598e-07,-5.550543033009268e-07,1.7572851029244182e-07
13.0,6.033642073,4.398537812e-05,-0.001715124592,5.206986968268941e-07,-5.716530340371723e-07,1.7610236599491238e-07
13.0,6.123266903,3.666703663e-05,-0.001693352561,4.998878742447071e-07,-5.809772414369379e-07,1.745381032933348e-07
13.0,6.214188939,2.944206529e-05,-0.001671961743,4.808992550555186e-07,-5.823828689190491e-07,1.7103574022862092e-07
13.0,6.306426956,2.233943778e-05,-0.00165094982,4.638699365436237e-07,-5.772123633951574e-07,1.6589575434740093e-07
13.0,6.4,1.538891917e-05,-0.001630293629,4.488536120575793e-07,-5.659080099511417e-07,1.5902264770081714e-07
